    225401  10  7835.6 603756      9999 20191128   33699.6   55299.6  400917.6  33.8967352  -92.1011295    583110.36   3751069.88    357875.50   1210778.75  190.10  191.67  144.66  138.51   45.83  49231.174    -89.022  146.34    0.12    1.13   -3.35   93.62 -108.00  -50.00  120.00 -109.57  -49.49 -108.40    0.48  -49.85    1.26    5.14   -4.05   93.91    4.336857    3.857955    3.479947    3.117594    2.653504    2.155565    1.653919    1.187005    0.803004    0.486568    0.258802    0.126992    0.050533    0.014995    0.003559    8.332362    7.280147    6.473992    5.704195    4.743619    3.740566    2.764694    1.898845    1.224227    0.700151    0.349097    0.160920    0.060043    0.015368    0.003555     0.000     2.615     4.300    32.442     3.989     4.000     3.867     3.830   1.00074    6.137192    5.693444    5.333245    4.963539    4.468834    3.905494    3.275015    2.627127    1.989265    1.395917    0.890750    0.512479    0.261799    0.121198    0.039692    9.603126    8.870419    8.269578    7.649073    6.823480    5.885394    4.844527    3.795401    2.789701    1.888186    1.156430    0.636799    0.311490    0.138855    0.043866     0.000     2.370     2.997    14.692     3.696     3.684     3.637     3.567   0.99689
    225401  10  7839.4 603756      9999 20191128   33703.4   55303.4  400921.4  33.8966213  -92.0989228    583314.50   3751059.03    358078.45   1210774.35  179.40  180.97  132.03  127.77   47.77  49228.932    -91.199  133.70    0.76   -1.89   -2.73   92.66 -108.00  -50.00  120.00 -111.40  -45.27 -111.65   -2.12  -42.34   -1.82   -1.77   -1.76   91.55    5.135125    4.584126    4.148156    3.716275    3.170075    2.579810    1.981907    1.431775    0.976617    0.596940    0.327061    0.158162    0.061334    0.020824    0.003469    8.735877    7.677404    6.882699    6.086981    5.093861    4.046392    3.014708    2.101708    1.374578    0.798534    0.411071    0.186998    0.069064    0.022017    0.003696     0.000     2.307     4.228    29.781     3.973     3.977     3.834     3.828   0.91866    6.408750    5.960418    5.577411    5.198192    4.681683    4.085842    3.415250    2.723659    2.047820    1.421013    0.893407    0.502901    0.253214    0.116331    0.038549    9.203293    8.535561    7.946737    7.374463    6.589521    5.689654    4.685955    3.663504    2.690122    1.813731    1.102784    0.597555    0.288145    0.128168    0.040298     0.000     1.882     3.299    17.297     3.779     3.749     3.651     3.626   1.17367
    225401  10  7843.4 603756      9999 20191128   33707.4   55307.4  400925.4  33.8965601  -92.0965832    583530.90   3751054.15    358293.37   1210776.33  177.28  178.85  131.31  126.75   46.37  49226.951    -93.147  132.98    2.74    1.16   -4.20   91.59 -108.00  -50.00  120.00 -109.28  -50.63 -107.89   -5.57  -50.59    0.20   -2.39   -3.45   88.61    6.091508    5.416570    4.880065    4.372806    3.720441    3.026822    2.318231    1.669240    1.131196    0.680888    0.353501    0.162731    0.067312    0.025140    0.009397    8.068489    7.081475    6.340851    5.615520    4.708157    3.762897    2.817698    1.978672    1.300083    0.754220    0.374042    0.164486    0.064859    0.023289    0.009523     0.000     2.596     4.183    31.203     3.984     4.005     3.869     3.829   0.96249    6.982638    6.487651    6.099242    5.680977    5.124907    4.475898    3.741690    2.989777    2.248634    1.550091    0.954780    0.517580    0.248097    0.109526    0.031560    9.071243    8.392044    7.858665    7.283233    6.522010    5.639042    4.655280    3.660856    2.702725    1.819700    1.090027    0.572631    0.265395    0.113523    0.031122     0.000     2.768     3.049    15.201     3.749     3.715     3.635     3.603   1.03147
    225401  10  7847.4 603756      9999 20191128   33711.4   55311.4  400929.4  33.8965349  -92.0942817    583743.73   3751053.23    358504.62   1210782.20  177.70  179.27  125.05  126.95   53.05  49225.184    -94.901  126.73    2.35    4.43   -2.16   91.66 -108.00  -50.00  120.00 -107.47  -52.57 -106.29   -5.49  -53.50    1.61   -0.43   -6.09   88.61    6.187988    5.510655    4.916749    4.382338    3.694210    2.976284    2.264506    1.620458    1.095338    0.660629    0.351987    0.168974    0.072986    0.027593    0.009585    7.328079    6.497142    5.758654    5.092960    4.256184    3.387277    2.536885    1.784434    1.181567    0.695656    0.362014    0.167991    0.070061    0.026523    0.009928   475.950     2.513     4.121    33.136     4.114     4.151     4.003     3.976   1.02214    7.714222    7.131368    6.687117    6.198757    5.564860    4.830108    4.018064    3.185279    2.370220    1.609764    0.975497    0.525086    0.251280    0.111392    0.034988    9.106645    8.386839    7.849477    7.251216    6.476183    5.586326    4.610560    3.617511    2.660039    1.780255    1.063103    0.563801    0.265495    0.114962    0.034431     0.000     2.390     2.612    13.957     3.739     3.703     3.639     3.619   0.94709
    225401  10  7851.4 603756      9999 20191128   33715.4   55315.4  400933.4  33.8964522  -92.0919985    583954.91   3751045.92    358714.45   1210781.58  175.83  177.41  128.43  128.71   47.80  49223.415    -96.624  130.11    1.87    0.07   -1.38   92.43 -108.00  -50.00  120.00 -110.02  -51.67 -107.86   -0.06  -51.39    0.98    6.86   -5.19   92.44    6.462916    5.709694    5.140088    4.562258    3.855952    3.101313    2.343010    1.662176    1.108208    0.671365    0.360499    0.178584    0.079526    0.035670    0.012966    8.558596    7.493137    6.681070    5.872966    4.899400    3.872354    2.857689    1.975378    1.279515    0.750118    0.386661    0.185354    0.080838    0.034985    0.013434     0.000     2.195     4.058    31.227     3.987     4.003     3.866     3.826   0.96324    7.441391    6.904147    6.488863    6.034051    5.435120    4.736874    3.947441    3.139783    2.354946    1.627485    1.008976    0.554872    0.266632    0.120019    0.034811    9.467026    8.738488    8.198107    7.588083    6.793170    5.869364    4.837260    3.794518    2.800730    1.898952    1.153051    0.619329    0.289777    0.128122    0.036279     0.000     2.164     2.479    14.023     3.726     3.712     3.647     3.582   0.95156
    225401  10  7855.4 603756      9999 20191128   33719.4   55319.4  400937.4  33.8963619  -92.0896902    584168.44   3751037.79    358926.63   1210780.21  175.32  176.89  128.14  127.51   47.57  49221.633    -98.355  129.82    2.04    0.78   -2.15   92.27 -108.00  -50.00  120.00 -107.46  -52.61 -107.52   -1.28  -50.84    0.65   -0.16   -3.23   91.54    6.717980    5.907119    5.318309    4.737707    3.999402    3.217700    2.424184    1.720339    1.157222    0.703026    0.379045    0.188019    0.084117    0.033190    0.010321    8.719993    7.607263    6.792723    6.007253    5.013997    3.977153    2.939937    2.042552    1.341582    0.790274    0.409079    0.191965    0.079857    0.028193    0.008288     0.000     2.659     3.976    33.464     4.034     4.042     3.901     3.880   1.03223    7.821103    7.257008    6.789959    6.303301    5.657830    4.909722    4.068175    3.214252    2.400634    1.653022    1.021821    0.560439    0.270517    0.115171    0.031849    9.636174    8.914707    8.324139    7.706694    6.882996    5.933123    4.871985    3.803969    2.800311    1.894484    1.148313    0.616611    0.292691    0.121525    0.032419     0.000     2.406     2.898    13.811     3.736     3.696     3.621     3.572   0.93715
    225401  10  7859.4 603756      9999 20191128   33723.4   55323.4  400941.4  33.8962938  -92.0873833    584381.82   3751032.14    359138.58   1210781.33  174.54  176.11  128.02  127.76   46.92  49220.157    -99.793  129.69    3.71    0.26   -3.77   91.64 -108.00  -50.00  120.00 -109.38  -50.37 -107.81   -3.51  -51.19    0.39   -1.22   -2.80   89.74    7.106091    6.165792    5.601785    4.982380    4.226212    3.393584    2.571369    1.842213    1.261912    0.779219    0.423204    0.204788    0.090414    0.035261    0.011157    9.329035    8.012144    7.205506    6.354236    5.308754    4.184325    3.096520    2.157716    1.433063    0.850987    0.441649    0.201810    0.081779    0.028050    0.008787   154.873     2.318     3.909    30.393     4.007     4.053     3.906     3.890   0.93752    7.665614    7.117385    6.689972    6.236702    5.620935    4.902945    4.088750    3.263121    2.469881    1.722993    1.078389    0.595514    0.287310    0.125879    0.032619    9.970026    9.197708    8.618297    7.994486    7.154337    6.180290    5.087070    4.000297    2.977561    2.036854    1.246811    0.672660    0.316979    0.135676    0.034290     0.000     2.315     2.806    15.865     3.768     3.763     3.655     3.631   1.07660
    225401  10  7863.4 603756      9999 20191128   33727.4   55327.4  400945.4  33.8962611  -92.0851180    584591.30   3751030.38    359346.54   1210786.24  178.70  180.28  131.27  128.13   47.83  49218.878   -101.054  132.95    3.59    3.21   -3.06   91.61 -108.00  -50.00  120.00 -106.51  -54.06 -105.40   -6.62  -55.32    2.05   -1.83   -4.99   87.93    6.738382    5.880928    5.306729    4.727869    4.009711    3.248687    2.475796    1.790483    1.225718    0.770187    0.429253    0.215860    0.093000    0.030348    0.007615    8.882085    7.688343    6.870045    6.069486    5.075361    4.045867    3.020510    2.130937    1.417226    0.864186    0.464679    0.223912    0.091576    0.027909    0.007710     0.000     2.202     3.845    33.381     4.015     4.036     3.909     3.840   1.02967    8.084208    7.453302    6.990595    6.498963    5.850690    5.090225    4.236813    3.381005    2.567045    1.804169    1.139062    0.634525    0.311485    0.134254    0.038113   10.275616    9.450741    8.835357    8.189359    7.334488    6.338122    5.225281    4.119834    3.083050    2.129037    1.317383    0.717021    0.343611    0.145026    0.040294     0.000     1.690     2.762    13.695     3.717     3.699     3.609     3.594   0.92935
    225401  10  7867.4 603756      9999 20191128   33731.4   55331.4  400949.4  33.8961934  -92.0828881    584797.56   3751024.70    359551.42   1210787.11  184.04  185.62  132.14  127.94   52.30  49217.669   -102.226  133.82    3.42    2.08   -3.95   92.06 -108.00  -50.00  120.00 -105.94  -55.23 -105.23   -2.85  -55.59    1.94    3.24   -5.84   90.52    6.411102    5.532239    4.962001    4.431363    3.773668    3.072180    2.360068    1.722772    1.197207    0.766776    0.437121    0.223725    0.095905    0.031246    0.007628    8.736107    7.427804    6.611160    5.840614    4.905451    3.928864    2.949541    2.098687    1.415273    0.873422    0.475098    0.230840    0.094639    0.027769    0.007900   164.998     2.153     3.812    33.910     4.088     4.077     3.966     3.912   1.04599    7.760988    7.128063    6.667375    6.207123    5.599343    4.894573    4.100309    3.294473    2.525347    1.800678    1.158577    0.661086    0.328256    0.141099    0.040584    9.888998    9.043691    8.447133    7.838960    7.041319    6.115130    5.077522    4.032457    3.049209    2.138693    1.349418    0.752156    0.363500    0.151930    0.041878     0.000     1.892     2.592    13.025     3.707     3.701     3.593     3.544   0.88384
    225401  10  7871.4 603756      9999 20191128   33735.4   55335.4  400953.4  33.8961188  -92.0806787    585001.93   3751018.26    359754.45   1210787.15  186.76  188.33  123.41  131.81   63.75  49216.521   -103.332  125.08    3.96    0.25   -0.68   92.46 -108.00  -50.00  120.00 -108.67  -52.39 -106.59   -4.15  -53.62    0.92   -0.27   -4.73   90.16    6.002545    5.237152    4.701001    4.229188    3.638069    3.001509    2.338326    1.736257    1.230896    0.804613    0.464053    0.238556    0.102256    0.035570    0.007330    8.834116    7.609237    6.763312    6.022667    5.095095    4.124236    3.133782    2.256407    1.549674    0.974774    0.534946    0.259964    0.103626    0.033198    0.007238     0.000     2.577     3.778    31.281     3.980     4.015     3.875     3.836   0.96488    7.242433    6.619792    6.198532    5.780081    5.239472    4.608720    3.894001    3.163401    2.460420    1.788871    1.177907    0.682338    0.338924    0.146742    0.039585   10.128354    9.212607    8.598135    7.980194    7.182685    6.261181    5.225761    4.177507    3.188030    2.265362    1.452129    0.814760    0.390651    0.164443    0.042789     0.000     2.370     2.668    14.645     3.726     3.709     3.636     3.610   0.99382
    225401  10  7875.4 603756      9999 20191128   33739.4   55339.4  400957.4  33.8960404  -92.0784790    585205.40   3751011.39    359956.60   1210786.72  187.98  189.56  135.98  129.88   52.41  49215.325   -104.484  137.66    3.00    1.22   -2.28   92.50 -108.00  -50.00  120.00 -106.85  -54.76 -105.50   -2.61  -55.41    1.17    3.87   -5.23   91.08    6.093193    5.351491    4.818101    4.333225    3.727566    3.075951    2.392798    1.768102    1.248477    0.811630    0.468839    0.239222    0.102644    0.034864    0.007646    9.321044    8.107144    7.219835    6.428587    5.441069    4.401959    3.336847    2.387495    1.629018    1.015498    0.558539    0.269207    0.110040    0.034089    0.008099     0.000     2.645     3.746    33.672     4.030     4.017     3.904     3.867   1.03864    7.308634    6.741898    6.322017    5.905815    5.361335    4.729977    4.007318    3.265565    2.547436    1.863640    1.237281    0.723406    0.366367    0.160197    0.045460   10.078969    9.257887    8.661718    8.061568    7.273763    6.367252    5.332229    4.278079    3.276310    2.342476    1.513458    0.858307    0.420807    0.178709    0.049164     0.000     2.435     2.529    12.796     3.706     3.686     3.594     3.551   0.86830
    225401  10  7879.4 603756      9999 20191128   33743.4   55343.4  400961.4  33.8959516  -92.0762625    585410.44   3751003.38    360160.35   1210785.20  188.03  189.61  127.30  131.58   61.14  49214.303   -105.454  128.98    2.26    0.03   -2.47   92.46 -108.00  -50.00  120.00 -107.42  -53.19 -106.61   -2.25  -53.26    0.82   -0.69   -3.44   91.19    5.999113    5.336270    4.850474    4.383333    3.800489    3.154464    2.472049    1.829267    1.289293    0.835712    0.485922    0.250374    0.108883    0.037705    0.009023    8.034631    7.108054    6.414653    5.754103    4.938343    4.042293    3.111509    2.254118    1.548306    0.973700    0.545801    0.269583    0.111159    0.036450    0.008913     0.000     2.102     3.728    33.423     3.997     4.017     3.879     3.843   1.03094    7.419862    6.867676    6.465266    6.048071    5.511262    4.875017    4.140408    3.376714    2.633573    1.926479    1.284363    0.759545    0.389518    0.172429    0.050397    9.382268    8.656505    8.140696    7.592613    6.890707    6.058764    5.102920    4.115180    3.165421    2.277283    1.489139    0.861787    0.432465    0.186639    0.053347     0.000     2.086     2.543    13.530     3.717     3.706     3.599     3.582   0.91814
    225401  10  7883.4 603756      9999 20191128   33747.4   55347.4  400965.4  33.8958803  -92.0740351    585616.46   3750997.33    360365.02   1210785.69  187.51  189.09  130.00  128.94   57.92  49213.392   -106.326  131.67    2.35    0.98   -2.71   92.39 -108.00  -50.00  120.00 -107.15  -53.35 -106.49   -4.02  -53.07   -0.14    0.32   -4.43   90.19    6.348276    5.707053    5.222650    4.745890    4.134666    3.452347    2.713602    2.004582    1.407596    0.906297    0.520252    0.266069    0.115282    0.039664    0.009614    8.704468    7.765741    7.058813    6.375225    5.491116    4.522283    3.489557    2.515518    1.723494    1.076903    0.596420    0.292632    0.119541    0.039109    0.009371     0.000     2.287     3.698    33.767     4.011     4.023     3.899     3.858   1.04155    7.438769    6.933405    6.569598    6.173595    5.652526    5.023200    4.284912    3.502840    2.734683    2.005988    1.343693    0.802069    0.416256    0.188000    0.057296    9.462870    8.815060    8.334347    7.815507    7.125426    6.296864    5.327632    4.306598    3.313995    2.388206    1.567609    0.914409    0.464018    0.204774    0.061325     0.000     1.540     2.498    13.347     3.706     3.671     3.560     3.554   0.90573
    225401  10  7887.4 603756      9999 20191128   33751.4   55351.4  400969.4  33.8958026  -92.0718028    585822.94   3750990.58    360570.16   1210785.49  187.55  189.13  128.89  129.67   59.06  49212.413   -107.261  130.57    1.99    2.31   -2.82   92.75 -108.00  -50.00  120.00 -107.71  -51.90 -106.81   -3.83  -52.59    0.55    0.93   -5.60   90.63    6.244365    5.680239    5.194894    4.724556    4.122969    3.447521    2.716546    2.017846    1.422319    0.926433    0.540571    0.282869    0.124235    0.044209    0.011095    8.583679    7.763364    7.050156    6.371407    5.494426    4.530627    3.503514    2.543095    1.748156    1.106509    0.623490    0.314611    0.130778    0.043945    0.010854   188.170     2.226     3.691    33.376     4.088     4.095     3.989     3.901   1.02948    7.629954    7.158095    6.767633    6.378792    5.843170    5.196693    4.431461    3.621737    2.822513    2.064172    1.378088    0.819240    0.424841    0.189396    0.059038    9.771891    9.133440    8.628313    8.108926    7.393829    6.537343    5.526215    4.463909    3.430247    2.465211    1.612176    0.935706    0.472913    0.204809    0.061731     0.000     1.536     2.035    14.038     3.741     3.720     3.618     3.581   0.95264
    225401  10  7891.4 603756      9999 20191128   33755.4   55355.4  400973.4  33.8956991  -92.0695604    586030.39   3750980.98    360776.35   1210782.44  185.10  186.67  132.53  132.27   52.97  49211.527   -108.087  134.20    1.61   -0.13   -1.97   92.86 -108.00  -50.00  120.00 -108.11  -51.40 -107.66   -1.01  -51.04    0.43    3.22   -4.37   92.31    6.396375    5.803209    5.330704    4.854421    4.242868    3.554287    2.799702    2.081050    1.460293    0.943970    0.544706    0.278402    0.116683    0.039913    0.009055    8.918447    8.070626    7.350803    6.648253    5.746710    4.745169    3.665890    2.658967    1.820000    1.139568    0.635598    0.311181    0.124891    0.040467    0.009289   141.775     1.957     3.653    32.961     4.026     4.030     3.917     3.910   1.01668    7.697105    7.206591    6.848841    6.452819    5.922185    5.281269    4.521108    3.701303    2.890364    2.118126    1.418117    0.846408    0.443176    0.199875    0.063195    9.955028    9.305113    8.818684    8.291342    7.577028    6.714798    5.696520    4.606869    3.537853    2.542615    1.663015    0.969706    0.496450    0.218788    0.068556     0.000     2.038     2.324    14.404     3.748     3.727     3.622     3.597   0.97746
    225401  10  7895.4 603756      9999 20191128   33759.4   55359.4  400977.4  33.8956105  -92.0673038    586239.14   3750973.05    360983.78   1210781.12  183.60  185.18  131.77  131.58   52.23  49210.579   -108.985  133.45    3.51   -0.65   -1.19   92.16 -108.00  -50.00  120.00 -108.21  -52.48 -106.92   -2.31  -52.77   -0.32   -1.00   -3.07   90.85    7.077244    6.445341    5.919991    5.391939    4.712725    3.944495    3.105214    2.285739    1.594895    1.017628    0.579834    0.290146    0.125259    0.039467    0.010728    9.485350    8.571864    7.808247    7.055211    6.100228    5.023484    3.876559    2.782896    1.888885    1.167119    0.641555    0.307171    0.125944    0.037335    0.010958     0.000     2.340     3.684    31.920     4.018     4.035     3.892     3.875   0.98458    7.691120    7.261517    6.891712    6.518369    5.997751    5.362831    4.596263    3.764398    2.932918    2.143154    1.432974    0.855416    0.447228    0.206728    0.068656    9.939286    9.356688    8.855260    8.351136    7.647932    6.790623    5.760428    4.658479    3.570268    2.559454    1.673064    0.974881    0.496177    0.222923    0.071555     0.000     2.121     2.547    14.488     3.735     3.710     3.608     3.580   0.98322
    225401  10  7899.4 603756      9999 20191128   33763.4   55363.4  400981.4  33.8955587  -92.0650688    586445.85   3750969.18    361189.05   1210783.82  186.44  188.02  128.83  131.57   58.01  49209.722   -109.814  130.51    2.34    2.28   -2.86   91.73 -108.00  -50.00  120.00 -106.36  -54.87 -104.91   -3.70  -56.33    1.15   -1.33   -3.61   89.65    6.402295    5.763676    5.263101    4.781449    4.158357    3.467554    2.716290    2.008658    1.413601    0.923385    0.546043    0.291443    0.133004    0.049832    0.014044    7.096096    6.352921    5.778679    5.225985    4.519815    3.743596    2.904847    2.126398    1.477753    0.951193    0.551855    0.287005    0.128910    0.046934    0.014040    78.991     2.396     3.676    34.488     4.052     4.049     3.922     3.891   1.06379    7.960132    7.459950    7.050416    6.627803    6.067608    5.389367    4.591179    3.739508    2.903460    2.120470    1.420063    0.847503    0.441094    0.202402    0.063526    8.866613    8.299524    7.829419    7.349989    6.710822    5.940670    5.039350    4.085374    3.154962    2.291270    1.525074    0.903445    0.465711    0.211868    0.065607     0.000     2.130     2.510    12.417     3.702     3.673     3.595     3.575   0.84263
    225401  10  7903.4 603756      9999 20191128   33767.4   55367.4  400985.4  33.8955078  -92.0628183    586654.00   3750965.44    361395.74   1210786.70  182.32  183.90  121.05  126.07   61.67  49208.989   -110.518  122.72    1.87    1.71   -2.26   92.03 -108.00  -50.00  120.00 -108.90  -50.24 -108.38   -1.53  -49.90    0.86    6.43   -5.50   91.25    6.090547    5.477584    4.984432    4.525623    3.942049    3.298664    2.604851    1.940400    1.379608    0.909617    0.535824    0.280398    0.123411    0.048507    0.012067    6.781349    6.086012    5.502837    4.982368    4.316613    3.585494    2.802604    2.063888    1.448230    0.937899    0.540031    0.275584    0.119348    0.045442    0.012262     0.000     2.203     3.723    32.249     4.000     4.009     3.861     3.833   0.99470    7.670502    7.162322    6.770509    6.367368    5.828787    5.188812    4.433344    3.631115    2.842672    2.100536    1.427001    0.866613    0.460795    0.212999    0.069917    8.651325    8.064976    7.613513    7.149225    6.527966    5.793157    4.929610    4.020825    3.129235    2.296142    1.547217    0.928562    0.486562    0.223301    0.072301     0.000     1.859     2.834    14.895     3.722     3.706     3.597     3.592   1.01085
    225401  10  7907.4 603756      9999 20191128   33771.4   55371.4  400989.4  33.8954170  -92.0605287    586865.80   3750957.31    361606.20   1210785.27  181.63  183.20  118.48  119.10   63.55  49208.335   -111.120  120.16    1.67    0.14   -1.63   92.47 -108.00  -50.00  120.00 -108.36  -51.22 -107.59   -0.96  -51.59    0.59    1.52   -3.53   91.95    6.903016    6.198221    5.693405    5.188071    4.536075    3.807199    3.009434    2.240361    1.580265    1.025693    0.596459    0.300500    0.129446    0.047344    0.011044    7.970244    7.138162    6.521108    5.922164    5.147575    4.287824    3.353634    2.465196    1.713993    1.093465    0.622996    0.306004    0.126491    0.044550    0.010642     0.000     1.922     3.752    32.812     4.043     4.029     3.900     3.857   1.01208    7.891408    7.415902    7.009227    6.613793    6.076888    5.430923    4.660259    3.830694    3.000510    2.208013    1.485117    0.890557    0.463633    0.209015    0.066474    9.346710    8.769207    8.273583    7.791292    7.135472    6.348406    5.413801    4.414787    3.422241    2.485862    1.646453    0.969674    0.495349    0.218676    0.067590     0.000     1.785     2.891    14.420     3.741     3.719     3.618     3.584   0.97862
    225401  10  7911.4 603756      9999 20191128   33775.4   55375.4  400993.4  33.8953360  -92.0582024    587080.98   3750950.29    361819.99   1210785.08  182.09  183.67  128.24  128.15   54.26  49207.818   -111.591  129.91    2.52    1.86   -2.68   92.24 -108.00  -50.00  120.00 -107.73  -52.39 -106.83   -1.02  -52.81    0.87    2.18   -3.81   91.67    7.432123    6.705190    6.163498    5.626380    4.925491    4.155624    3.301854    2.469839    1.742081    1.128367    0.650810    0.329509    0.143051    0.052980    0.012540    9.171051    8.229353    7.531200    6.835037    5.938211    4.956396    3.886324    2.856280    1.979541    1.252966    0.703456    0.345004    0.142882    0.050220    0.012196     0.000     2.121     3.791    32.952     4.007     4.030     3.874     3.855   1.01639    8.336883    7.805129    7.423938    7.014703    6.469925    5.803587    5.001236    4.122067    3.230762    2.366822    1.578882    0.935197    0.483381    0.214733    0.064786   10.095679    9.427587    8.949652    8.438485    7.760222    6.923558    5.929999    4.844896    3.754511    2.712358    1.778667    1.035582    0.526523    0.229741    0.068351     0.000     1.949     3.028    14.141     3.714     3.706     3.620     3.587   0.95967
    225401  10  7915.4 603756      9999 20191128   33779.4   55379.4  400997.4  33.8952632  -92.0558723    587296.52   3750944.19    362034.09   1210785.83  183.68  185.26  115.13  124.61   68.95  49207.294   -112.073  116.81    3.14   -0.74   -3.64   91.79 -108.00  -50.00  120.00 -108.69  -51.18 -107.06   -2.92  -52.78    1.02    0.74   -3.11   90.25    7.847910    7.157816    6.508694    5.962050    5.223322    4.410406    3.510978    2.632970    1.855191    1.198964    0.698495    0.337888    0.154424    0.059767    0.018252    9.568658    8.642539    7.829849    7.129581    6.198217    5.173733    4.060447    2.990923    2.061136    1.292295    0.727447    0.339819    0.147936    0.053393    0.016222   744.654     1.821     3.805    31.719     4.170     4.176     4.090     4.221   0.97836    8.480824    7.946789    7.581780    7.162270    6.618942    5.949572    5.142801    4.253267    3.340269    2.446673    1.628118    0.967898    0.503696    0.229707    0.073800   10.338543    9.635798    9.180515    8.644672    7.963198    7.119973    6.110209    5.004371    3.885129    2.804933    1.833756    1.069952    0.545943    0.245167    0.077925     0.000     1.979     3.088    15.002     3.768     3.751     3.672     3.656   1.01810
    225401  10  7919.4 603756      9999 20191128   33783.4   55383.4  401001.4  33.8952203  -92.0535548    587510.85   3750941.41    362246.89   1210789.87  184.01  185.58  124.73  123.11   59.68  49206.926   -112.417  126.40    2.36    2.57   -2.45   91.92 -108.00  -50.00  120.00 -107.22  -52.62 -106.53   -6.25  -52.81    1.19   -1.77   -4.70   88.45    8.275074    7.414298    6.763988    6.159803    5.379742    4.516320    3.580161    2.661536    1.868670    1.196072    0.679242    0.337959    0.144409    0.051211    0.011905    9.826927    8.746814    7.943899    7.198017    6.247297    5.192656    4.066398    2.975387    2.051363    1.283517    0.706989    0.338627    0.137656    0.045648    0.010836     0.000     2.104     3.865    33.504     4.015     4.033     3.895     3.866   1.03341    8.966671    8.431947    8.005444    7.569735    6.981353    6.269635    5.405636    4.457274    3.487823    2.540432    1.675024    0.980692    0.502916    0.225880    0.071665   10.453110    9.821206    9.307122    8.786910    8.085366    7.234431    6.203042    5.077790    3.937722    2.835102    1.843123    1.063059    0.536478    0.237616    0.074437     0.000     2.146     2.937    13.910     3.752     3.728     3.624     3.589   0.94402
    225401  10  7923.4 603756      9999 20191128   33787.4   55387.4  401005.4  33.8951383  -92.0512348    587725.46   3750934.30    362460.11   1210789.56  182.86  184.43  121.74  119.29   61.52  49206.459   -112.837  123.41    3.20    2.56   -3.27   92.69 -108.00  -50.00  120.00 -108.29  -51.43 -107.32   -1.90  -52.04    0.75    3.67   -5.36   91.68    8.594411    7.680256    7.028802    6.395408    5.593457    4.702383    3.727918    2.772396    1.932192    1.222787    0.681811    0.331139    0.138382    0.047157    0.010542    9.691286    8.617737    7.848516    7.111738    6.184012    5.149687    4.036743    2.955348    2.021890    1.248629    0.673063    0.313457    0.124402    0.039704    0.009425     0.000     1.951     3.915    31.888     4.003     4.025     3.899     3.868   0.98355    9.123511    8.548868    8.126126    7.683703    7.090750    6.374566    5.509182    4.553110    3.564307    2.590360    1.700328    0.991067    0.506662    0.227055    0.071510   10.509340    9.814459    9.309284    8.788565    8.083998    7.244900    6.226291    5.109869    3.971293    2.855897    1.851819    1.065286    0.534925    0.237598    0.073207     0.000     2.005     3.182    14.987     3.760     3.737     3.650     3.608   1.01711
    225401  10  7927.4 603756      9999 20191128   33791.4   55391.4  401009.4  33.8950332  -92.0489398    587937.76   3750924.60    362671.12   1210786.58  186.21  187.79  124.02  121.64   62.59  49205.960   -113.276  125.70    3.46    1.68   -2.91   93.12 -108.00  -50.00  120.00 -107.69  -51.67 -106.78   -1.19  -53.15    2.27    4.09   -4.72   92.50    8.591699    7.654478    7.019751    6.378561    5.587767    4.712330    3.755712    2.805529    1.968618    1.256001    0.712137    0.354131    0.149160    0.051190    0.010227    9.796307    8.681922    7.926347    7.168726    6.246121    5.219754    4.116653    3.034078    2.096564    1.313278    0.727804    0.352004    0.143202    0.047343    0.010556     0.000     2.003     3.842    32.327     4.016     4.024     3.879     3.855   0.99709    9.213404    8.634225    8.199500    7.755828    7.159276    6.442049    5.573371    4.605781    3.596590    2.602812    1.700387    0.986284    0.501823    0.215954    0.059341   10.761058   10.049888    9.520731    8.984718    8.267990    7.415408    6.378928    5.233883    4.055456    2.904361    1.875300    1.074323    0.538529    0.228555    0.061404     0.000     1.965     3.165    15.052     3.759     3.743     3.628     3.609   1.02156
    225401  10  7931.4 603756      9999 20191128   33795.4   55395.4  401013.4  33.8949241  -92.0466783    588147.00   3750914.45    362879.10   1210783.03  187.82  189.40  124.99  118.76   63.23  49205.570   -113.603  126.66    2.28   -0.84   -3.46   92.72 -108.00  -50.00  120.00 -107.32  -52.95 -106.39   -2.66  -53.51    0.85    0.34   -3.39   91.30    8.209548    7.344702    6.730210    6.146669    5.405203    4.594349    3.703741    2.812293    2.010307    1.325558    0.789067    0.419095    0.196221    0.076286    0.020210    9.513897    8.477225    7.726490    7.029897    6.144302    5.178214    4.131982    3.097436    2.181517    1.412617    0.824282    0.429012    0.197557    0.074412    0.020206     0.000     1.712     3.907    33.524     4.021     4.033     3.913     3.853   1.03400    9.029543    8.451004    8.033538    7.604859    7.038788    6.356938    5.533085    4.614345    3.647805    2.689167    1.804201    1.074413    0.553209    0.245055    0.067810   10.353194    9.670527    9.182557    8.676723    8.014864    7.216060    6.253295    5.185051    4.071654    2.977169    1.979502    1.167196    0.593876    0.260953    0.071693     0.000     2.073     2.952    13.675     3.733     3.713     3.617     3.598   0.92811
    225401  10  7935.4 603756      9999 20191128   33799.4   55399.4  401017.4  33.8948493  -92.0444230    588355.61   3750908.08    363086.34   1210783.29  187.69  189.27  116.02  115.29   72.07  49205.226   -113.904  117.69    2.33    0.17   -3.58   92.16 -108.00  -50.00  120.00 -107.71  -51.80 -106.85   -5.13  -52.48    1.42   -0.97   -4.44   89.39    8.736306    7.793364    7.108913    6.465739    5.669732    4.795636    3.846346    2.911910    2.081722    1.367459    0.813363    0.435179    0.207621    0.084642    0.026016    7.788800    6.950607    6.335172    5.755435    5.044826    4.265406    3.418574    2.585434    1.848731    1.212144    0.717883    0.382252    0.181360    0.072555    0.022538     0.000     1.865     3.980    33.211     4.036     4.036     3.911     3.881   1.02435    9.257856    8.668703    8.215090    7.771822    7.183407    6.487245    5.653493    4.724298    3.753252    2.793281    1.908326    1.170432    0.625536    0.287071    0.089344    9.152097    8.553579    8.087206    7.633893    7.043429    6.349303    5.520155    4.609177    3.660958    2.727400    1.865991    1.149122    0.616922    0.285339    0.089840     0.000     2.039     2.829    14.299     3.736     3.705     3.602     3.575   0.97042
    225401  10  7939.4 603756      9999 20191128   33803.4   55403.4  401021.4  33.8947939  -92.0421642    588564.53   3750903.89    363293.82   1210785.74  185.92  187.49  110.26  113.70   76.06  49204.966   -114.132  111.93    1.43    1.69   -2.91   92.04 -108.00  -50.00  120.00 -108.75  -50.94 -107.96   -5.79  -50.57    0.06   -0.89   -5.75   88.91    9.527142    8.487158    7.756883    7.044072    6.171130    5.220603    4.192506    3.179769    2.272476    1.494575    0.884382    0.466046    0.215771    0.083484    0.022227    7.872128    7.035098    6.431980    5.842466    5.125902    4.344875    3.498263    2.661307    1.914439    1.264495    0.751982    0.397818    0.185227    0.071186    0.019992     0.000     2.077     4.108    32.389     4.015     4.032     3.880     3.856   0.99899    9.320113    8.738139    8.320261    7.871582    7.292888    6.596686    5.766860    4.843116    3.869981    2.898942    1.994232    1.235022    0.668344    0.312142    0.102459    8.926865    8.321844    7.915287    7.467785    6.901605    6.226445    5.431584    4.557742    3.643304    2.734765    1.887502    1.175225    0.640145    0.300362    0.098892     0.000     2.102     2.887    14.540     3.753     3.719     3.614     3.596   0.98684
    225401  10  7943.4 603756      9999 20191128   33807.4   55407.4  401025.4  33.8947175  -92.0398768    588776.12   3750897.39    363504.01   1210785.96  181.69  183.27  116.02  107.03   66.07  49204.798   -114.257  117.70    3.61    2.93   -2.61   93.37 -108.00  -50.00  120.00 -109.14  -50.97 -108.10   -4.31  -50.31   -1.31    3.33   -7.15   91.07   10.050203    8.958888    8.226943    7.476226    6.569330    5.582350    4.507965    3.448275    2.502800    1.675647    1.011415    0.540752    0.248043    0.094781    0.025070    9.165942    8.147809    7.483548    6.788460    5.952821    5.046667    4.064061    3.096765    2.240643    1.492478    0.892974    0.472804    0.214569    0.079969    0.021521     0.000     2.571     4.301    30.994     4.014     4.031     3.902     3.844   0.95596    9.406693    8.848871    8.425718    7.989357    7.415878    6.722377    5.892770    4.963995    3.984299    3.002720    2.075316    1.286726    0.694277    0.321560    0.099775    9.586225    9.003172    8.545788    8.088662    7.488321    6.772293    5.925461    4.974366    3.991414    3.008967    2.083341    1.294322    0.698571    0.325618    0.101297     0.000     1.861     3.389    15.130     3.750     3.724     3.645     3.601   1.02686
    225401  10  7947.4 603756      9999 20191128   33811.4   55411.4  401029.4  33.8945852  -92.0375946    588987.28   3750884.70    363713.99   1210779.93  184.40  185.97  100.91  103.69   83.88  49204.747   -114.231  102.59    3.93    9.42   -4.39   96.58 -108.00  -50.00  120.00 -104.85  -54.97 -104.12   -3.50  -57.12    1.12    4.04   -7.47   94.58   10.943489    9.634312    8.754074    7.904746    6.862604    5.751360    4.585682    3.463889    2.481677    1.648895    0.988722    0.523136    0.237033    0.089514    0.023103    9.241866    8.139215    7.397209    6.684984    5.800687    4.865987    3.885295    2.940183    2.112014    1.407799    0.847004    0.447981    0.202250    0.075855    0.020297    53.384     2.419     4.412    34.899     4.079     4.076     3.925     3.891   1.07641   10.158002    9.535036    9.068907    8.567046    7.908375    7.126050    6.195421    5.181292    4.139386    3.111400    2.150874    1.335083    0.725889    0.339674    0.112291    9.942263    9.289399    8.819840    8.308292    7.644999    6.870015    5.957142    4.973200    3.971429    2.988507    2.070482    1.291899    0.707760    0.332700    0.111349     0.000     2.083     4.036    12.090     3.708     3.688     3.573     3.552   0.82052
    225401  10  7951.4 603756      9999 20191128   33815.4   55415.4  401033.4  33.8942891  -92.0353451    589195.59   3750853.82    363921.74   1210755.48  191.39  192.96  123.42  113.03   68.36  49204.517   -114.289  125.10    2.75    8.94   -1.39  101.64 -108.00  -50.00  120.00 -104.67  -54.34 -103.81    1.38  -57.67    3.56    9.54   -7.07  102.36    9.118521    8.025063    7.276631    6.554393    5.678827    4.746292    3.776073    2.851084    2.047064    1.363825    0.828552    0.446204    0.203999    0.078214    0.021201    9.114272    8.028777    7.274348    6.552855    5.663940    4.724318    3.748154    2.816575    2.012283    1.331467    0.801975    0.426719    0.191467    0.071499    0.019731   117.165     2.455     4.300    35.543     4.111     4.084     3.939     3.940   1.09625   10.312521    9.553129    9.023585    8.478135    7.773395    6.961661    6.022938    5.020419    4.008587    3.023339    2.105330    1.322034    0.727660    0.345323    0.117459   10.800789    9.981805    9.419885    8.842636    8.103157    7.251578    6.261150    5.209670    4.156452    3.127547    2.172552    1.362140    0.748526    0.353742    0.119595     0.000     2.134     4.273    12.024     3.743     3.716     3.650     3.600   0.81607
    225401  10  7955.4 603756      9999 20191128   33819.4   55419.4  401037.4  33.8938087  -92.0331318    589400.75   3750802.48    364127.03   1210710.32  189.98  191.55  122.01  119.43   68.36  49203.914   -114.613  123.69    3.73    6.27   -1.99  106.30 -108.00  -50.00  120.00 -108.97  -49.13 -108.83    3.01  -49.25    1.61   11.81   -6.05  107.82    8.115357    7.192335    6.560462    5.964302    5.211533    4.410139    3.550614    2.716941    1.986158    1.349814    0.831030    0.453505    0.209555    0.082017    0.021957    8.787550    7.736058    7.032586    6.372271    5.527022    4.643205    3.703102    2.800340    2.020864    1.348996    0.812155    0.431286    0.192474    0.071170    0.019528    62.892     2.512     4.434    30.469     4.024     4.011     3.871     3.866   0.93975    8.747868    8.161992    7.733790    7.301247    6.733557    6.069525    5.297020    4.460383    3.603700    2.754367    1.949488    1.246496    0.699169    0.338249    0.119397    9.920888    9.229132    8.722543    8.216787    7.550140    6.782574    5.885251    4.925661    3.955672    3.002212    2.106844    1.335627    0.742216    0.356101    0.124931     0.000     1.772     4.316    16.131     3.761     3.755     3.681     3.602   1.09481
    225401  10  7959.4 603756      9999 20191128   33823.4   55423.4  401041.4  33.8931959  -92.0309862    589599.79   3750736.40    364326.72   1210650.12  193.34  194.91  117.21  123.30   76.52  49202.908   -115.263  118.89    4.07    2.63   -5.04  109.11 -108.00  -50.00  120.00 -106.82  -54.18 -105.37   -1.08  -55.68    1.04    4.52   -4.24  108.55    8.133213    7.216958    6.599816    5.986304    5.241725    4.442582    3.581146    2.749499    2.009383    1.363856    0.836979    0.452377    0.208945    0.074703    0.021142    8.055121    7.112726    6.495658    5.865916    5.115673    4.313193    3.451356    2.626517    1.903196    1.278286    0.772932    0.410541    0.184169    0.063529    0.018375     0.000     2.159     4.681    32.939     4.015     3.993     3.887     3.850   1.01594    8.551019    8.004882    7.573902    7.156727    6.610219    5.962626    5.211718    4.399241    3.566284    2.737935    1.945046    1.250368    0.705747    0.345599    0.123019    9.328534    8.682793    8.197952    7.721532    7.110314    6.379757    5.549352    4.657619    3.755912    2.864412    2.020235    1.289661    0.723163    0.351493    0.124139     0.000     1.768     4.069    13.707     3.746     3.729     3.625     3.588   0.93030
    225401  10  7963.4 603756      9999 20191128   33827.4   55427.4  401045.4  33.8925697  -92.0288831    589794.92   3750668.80    364522.58   1210588.28  192.93  194.50  127.42  126.75   65.91  49201.960   -115.847  129.10    2.90    5.77   -4.82  110.90 -108.00  -50.00  120.00 -105.87  -54.56 -105.34   -8.33  -54.52    1.46   -1.56   -5.97  106.26    7.765331    6.863307    6.270112    5.686746    4.971159    4.197151    3.384916    2.603707    1.906033    1.296227    0.801167    0.437620    0.198861    0.073780    0.019756    9.431344    8.273560    7.531891    6.796164    5.896407    4.933369    3.931159    2.979397    2.144427    1.427209    0.858759    0.453024    0.196923    0.068898    0.018347     0.000     2.375     4.853    34.474     4.027     4.003     3.880     3.858   1.06327    8.969771    8.342804    7.888721    7.419781    6.818863    6.122474    5.317197    4.459440    3.588869    2.734055    1.929832    1.231474    0.693280    0.337325    0.121004   10.466962    9.719340    9.183504    8.629805    7.920351    7.088804    6.136584    5.120565    4.093453    3.091930    2.158277    1.359457    0.753676    0.361593    0.128007     0.000     2.203     4.222    12.911     3.707     3.700     3.611     3.559   0.87629
    225401  10  7967.4 603756      9999 20191128   33831.4   55431.4  401049.4  33.8918637  -92.0268004    589988.24   3750592.33    364716.94   1210517.44  192.77  194.34  126.20  124.37   66.97  49200.947   -116.450  127.87    2.92    3.30   -3.46  112.95 -108.00  -50.00  120.00 -107.20  -53.88 -106.16   -4.38  -53.93    0.07    6.71   -8.12  110.62    7.807250    6.920094    6.321952    5.735905    5.020671    4.253092    3.431689    2.638356    1.937010    1.324719    0.817889    0.441146    0.204245    0.078152    0.020233    9.172054    8.072010    7.346599    6.631461    5.759567    4.833490    3.855894    2.922234    2.109545    1.412431    0.852428    0.448956    0.203370    0.074456    0.020093    35.472     1.985     5.025    33.241     4.068     4.033     3.922     3.921   1.02525    8.497990    7.945560    7.518437    7.092715    6.533968    5.885518    5.135980    4.329826    3.508005    2.693238    1.914091    1.230230    0.695333    0.343302    0.125371    9.923106    9.253589    8.739853    8.230375    7.561090    6.782420    5.887995    4.932444    3.966576    3.016891    2.119697    1.344341    0.746632    0.363733    0.130300     0.000     1.930     4.469    13.261     3.702     3.685     3.596     3.585   0.90004
    225401  10  7971.4 603756      9999 20191128   33835.4   55435.4  401053.4  33.8910948  -92.0247282    590180.68   3750508.89    364910.64   1210439.56  193.13  194.70  117.95  113.26   75.58  49199.933   -117.017  119.62    2.62    1.32   -4.39  114.22 -108.00  -50.00  120.00 -106.54  -54.10 -106.23   -2.58  -53.67    0.63    2.59   -5.79  112.76    8.073195    7.135656    6.521929    5.898732    5.148104    4.346171    3.499100    2.683797    1.952241    1.319795    0.817502    0.448533    0.204349    0.075442    0.021350    8.597370    7.559843    6.893981    6.214600    5.397440    4.527333    3.618560    2.747634    1.980396    1.322816    0.806291    0.432201    0.190805    0.067518    0.019134   115.757     2.105     5.176    33.960     4.057     4.022     3.915     3.918   1.04741    8.723386    8.130938    7.682931    7.238059    6.653820    5.982107    5.204575    4.375087    3.529028    2.695651    1.912006    1.231142    0.697915    0.343747    0.126118    9.562420    8.888604    8.382442    7.888047    7.235812    6.483636    5.617638    4.699170    3.770462    2.862381    2.015607    1.288878    0.725668    0.354694    0.129350     0.000     1.957     4.906    13.219     3.721     3.706     3.583     3.573   0.89727
    225401  10  7975.4 603756      9999 20191128   33839.4   55439.4  401057.4  33.8902947  -92.0226594    590372.82   3750421.99    365104.18   1210358.17  193.78  195.35  122.75  121.50   71.42  49199.062   -117.424  124.43    3.52   -1.34   -5.19  113.82 -108.00  -50.00  120.00 -107.44  -52.89 -106.50   -3.58  -53.44    0.70    0.11   -3.74  111.85    8.176351    7.180563    6.524581    5.901237    5.140104    4.339843    3.499685    2.694363    1.978235    1.352254    0.836992    0.461671    0.221560    0.084455    0.025055    8.936391    7.792474    7.053446    6.352691    5.494096    4.604742    3.677885    2.797023    2.028439    1.364321    0.827675    0.446205    0.207645    0.076125    0.022153     0.000     1.950     5.359    32.638     4.027     3.986     3.896     3.857   1.00664    8.666319    8.024088    7.602708    7.147106    6.571753    5.905224    5.137043    4.321093    3.488272    2.666749    1.889528    1.212949    0.685693    0.339166    0.122570    9.875910    9.102105    8.597984    8.058020    7.384620    6.597263    5.707979    4.766498    3.818822    2.891934    2.026213    1.287445    0.720803    0.352103    0.126104     0.000     2.016     5.274    14.273     3.755     3.725     3.608     3.601   0.96878
    225401  10  7979.4 603756      9999 20191128   33843.4   55443.4  401061.4  33.8895532  -92.0205711    590566.71   3750341.62    365299.23   1210283.42  199.93  201.50  126.90  124.08   73.43  49199.457   -116.597  128.58    3.01   -4.93   -2.65  110.58 -108.00  -50.00  120.00 -104.82  -56.45 -103.33   -6.23  -58.64    1.34   -5.40   -3.24  107.02    8.104380    7.079945    6.386249    5.775667    5.026477    4.234339    3.406186    2.616127    1.907609    1.291992    0.793108    0.436982    0.210744    0.082497    0.024161    9.004535    7.821135    7.027309    6.338841    5.481942    4.588506    3.660775    2.784876    2.007123    1.340494    0.808464    0.436343    0.204563    0.077465    0.022174     0.000     2.321     5.558    35.353     4.033     4.010     3.905     3.859   1.09036    8.886783    8.183641    7.714812    7.239120    6.637544    5.947182    5.161930    4.330067    3.488079    2.655574    1.874913    1.204997    0.686460    0.342080    0.123255   10.062848    9.234631    8.694675    8.142681    7.445801    6.646023    5.738210    4.785178    3.826356    2.885866    2.015558    1.282222    0.725285    0.356980    0.126995     0.000     2.084     5.675    11.413     3.695     3.680     3.577     3.556   0.77468
    225401  10  7983.4 603756      9999 20191128   33847.4   55447.4  401065.4  33.8889475  -92.0184370    590764.70   3750276.33    365497.86   1210224.00  201.34  202.92  127.65  126.89   74.09  49198.311   -117.391  129.32    2.26  -15.44   -4.33  103.18 -108.00  -50.00  120.00 -107.60  -47.50 -106.54   -2.11  -53.41    1.86   -5.18    0.46  102.15    7.317898    6.368574    5.824090    5.284610    4.623588    3.915932    3.163239    2.435835    1.779759    1.200714    0.725220    0.383455    0.170212    0.063223    0.015126    9.879034    8.554746    7.783603    7.025083    6.096667    5.097714    4.047771    3.052019    2.181170    1.430850    0.831796    0.419069    0.176634    0.060781    0.013709     0.000     2.132     5.541    32.281     4.010     3.982     3.867     3.855   0.99563    8.324668    7.612670    7.166718    6.732493    6.188787    5.576917    4.883442    4.132997    3.347571    2.558713    1.807783    1.154148    0.645773    0.309650    0.103294   10.484681    9.567599    8.982790    8.426957    7.727864    6.937815    6.045939    5.082929    4.078629    3.079381    2.139280    1.332869    0.728489    0.339950    0.109863     0.000     1.918     6.081    14.272     3.753     3.716     3.613     3.587   0.96869
    225401  10  7987.4 603756      9999 20191128   33851.4   55451.4  401069.4  33.8886817  -92.0162220    590969.80   3750248.83    365702.31   1210202.85  196.09  197.66  124.14  125.07   72.35  49192.926   -122.621  125.81    2.02  -12.14   -6.77   93.69 -108.00  -50.00  120.00 -109.63  -46.28 -108.46  -12.02  -48.25   -0.78  -18.18    1.86   87.39    7.375981    6.500245    5.931485    5.409154    4.761441    4.074808    3.337542    2.620555    1.954478    1.352398    0.845450    0.468753    0.220575    0.090042    0.022643    9.832645    8.580833    7.771408    7.044219    6.142535    5.185601    4.180040    3.220667    2.347150    1.581906    0.953891    0.511747    0.235177    0.090798    0.022236     0.000     2.352     6.500    30.366     4.093     4.018     3.891     3.853   0.93652    7.689200    7.113374    6.718263    6.328184    5.831943    5.254074    4.594583    3.877257    3.134820    2.391021    1.688152    1.086050    0.628986    0.306549    0.109580    9.747172    8.990444    8.470400    7.958432    7.306489    6.551331    5.689371    4.761824    3.808543    2.865802    1.989906    1.259781    0.714571    0.342824    0.120170     0.000     2.040     6.011    15.681     3.846     3.787     3.714     3.638   1.06437
    225401  10  7991.4 603756      9999 20191128   33855.4   55455.4  401073.4  33.8887624  -92.0139759    591177.42   3750259.76    365908.00   1210220.50  196.47  198.05  128.97  129.08   67.91  49193.725   -121.869  130.64    2.99    0.42   -3.60   87.03 -108.00  -50.00  120.00 -107.10  -55.78 -103.95  -17.94  -54.95   -0.11  -14.08   -5.99   77.10    7.679311    6.793697    6.157267    5.582582    4.860066    4.094715    3.290831    2.511585    1.813588    1.204670    0.724531    0.385965    0.186592    0.070178    0.018436    9.536144    8.361590    7.545940    6.795746    5.859002    4.877557    3.862830    2.893352    2.044415    1.318375    0.766610    0.389997    0.179900    0.062045    0.016484     0.000     2.170     5.472    33.502     4.021     4.026     3.902     3.858   1.03327    7.825716    7.261214    6.866430    6.470665    5.964358    5.378131    4.701862    3.969839    3.206918    2.444159    1.726212    1.118436    0.644202    0.313781    0.112117    9.642908    8.920559    8.413100    7.901205    7.243317    6.490917    5.623864    4.698539    3.741677    2.803393    1.939639    1.230138    0.690242    0.328233    0.113589     0.000     2.307     5.982    12.080     3.729     3.708     3.671     3.559   0.81998
    225401  10  7995.4 603756      9999 20191128   33859.4   55459.4  401077.4  33.8889203  -92.0117245    591385.45   3750279.27    366113.81   1210246.80  199.25  200.82  132.16  133.51   67.49  49194.365   -121.321  133.83    2.36    1.83   -3.09   85.23 -108.00  -50.00  120.00 -106.05  -56.08 -105.67   -1.39  -54.54    1.28    5.87   -7.36   84.52    6.570381    5.815455    5.288155    4.786950    4.183023    3.534603    2.838187    2.172458    1.568389    1.048707    0.635914    0.340054    0.158423    0.058932    0.017048    8.646783    7.595149    6.857807    6.173202    5.337307    4.457262    3.527799    2.650716    1.875338    1.223683    0.720517    0.373173    0.167307    0.059753    0.017192     0.000     2.525     5.313    34.624     4.059     4.064     3.948     3.880   1.06788    8.142247    7.527602    7.089603    6.653501    6.095285    5.461601    4.736688    3.960873    3.167811    2.385945    1.664275    1.058668    0.596922    0.293794    0.105040   10.021819    9.253565    8.704615    8.157660    7.448092    6.648240    5.732342    4.759393    3.765064    2.799866    1.922758    1.202059    0.665714    0.321308    0.113439     0.000     2.308     5.586    11.776     3.665     3.658     3.567     3.543   0.79932
    225401  10  7999.4 603756      9999 20191128   33863.4   55463.4  401081.4  33.8890781  -92.0094572    591594.95   3750298.79    366321.08   1210273.15  199.46  201.04  125.64  127.20   74.22  49194.840   -120.937  127.32    2.60   -5.02   -1.22   83.86 -108.00  -50.00  120.00 -108.31  -53.53 -106.33    7.09  -52.95    0.33    7.23   -1.89   87.80    6.273424    5.550851    5.031047    4.572807    3.999747    3.385828    2.738888    2.106467    1.533245    1.039323    0.636513    0.340803    0.175319    0.071999    0.024547    8.758896    7.663401    6.897786    6.219661    5.369176    4.478616    3.555254    2.673945    1.900085    1.253518    0.743127    0.376801    0.188128    0.073818    0.024152   113.885     2.410     5.045    32.478     4.029     4.022     3.902     3.871   1.00166    7.280307    6.744101    6.366132    5.992285    5.514700    4.965970    4.332551    3.650767    2.945443    2.243891    1.588279    1.027842    0.585470    0.289418    0.105292    9.532535    8.788558    8.266605    7.754678    7.093519    6.347323    5.487334    4.573934    3.635242    2.720146    1.885556    1.192468    0.660853    0.317299    0.111913     0.000     2.233     5.357    13.289     3.721     3.710     3.632     3.569   0.90208
    225401  10  8003.4 603756      9999 20191128   33867.4   55467.4  401085.4  33.8893114  -92.0071969    591803.71   3750326.68    366527.35   1210307.92  199.57  201.15  137.42  134.59   62.55  49195.176   -120.736  139.10    2.10   -2.11   -3.96   82.15 -108.00  -50.00  120.00 -107.43  -52.76 -106.79   -4.43  -52.59    0.39   -7.77   -0.18   79.69    5.907171    5.257699    4.767400    4.338285    3.801266    3.227099    2.616945    2.024530    1.488980    1.021928    0.638215    0.352225    0.173242    0.070900    0.021336    9.087867    7.993010    7.171305    6.478734    5.595083    4.674975    3.713019    2.802579    2.005407    1.330794    0.798139    0.420575    0.195169    0.075021    0.020889     0.000     2.142     4.818    33.552     4.015     4.042     3.893     3.845   1.03479    7.350725    6.782352    6.396450    6.001760    5.505219    4.934908    4.287758    3.597395    2.890875    2.193057    1.545084    0.993133    0.564155    0.277227    0.099797   10.045706    9.243756    8.700012    8.135192    7.423932    6.611198    5.692579    4.716574    3.732030    2.777732    1.911578    1.198209    0.660709    0.315344    0.109617     0.000     2.314     5.244    13.650     3.720     3.701     3.631     3.592   0.92655
    225401  10  8007.4 603756      9999 20191128   33871.4   55471.4  401089.4  33.8896269  -92.0049458    592011.54   3750363.68    366732.39   1210351.83  198.37  199.95  134.24  129.05   64.54  49195.656   -120.440  135.91    2.18    3.88   -1.24   81.25 -108.00  -50.00  120.00 -108.89  -51.58 -107.45   -8.09  -51.11    0.02   -4.05   -5.48   76.78    5.812284    5.128806    4.657239    4.239422    3.717351    3.158879    2.562641    1.987057    1.468717    1.011386    0.641113    0.354136    0.169795    0.067795    0.019228    8.174406    7.124079    6.410438    5.779598    5.004362    4.187874    3.333198    2.523913    1.819026    1.213141    0.740810    0.392017    0.178236    0.067366    0.018324     0.000     2.637     4.628    32.043     4.013     4.030     3.909     3.834   0.98825    6.887353    6.408015    6.041731    5.691155    5.237802    4.718364    4.124473    3.490113    2.837969    2.187102    1.565456    1.030246    0.596589    0.304016    0.112885    9.015788    8.367833    7.855613    7.374736    6.753917    6.040794    5.232610    4.378318    3.512366    2.664239    1.869370    1.203200    0.680945    0.339926    0.123920     0.000     2.292     5.165    14.278     3.735     3.714     3.614     3.561   0.96920
    225401  10  8011.4 603756      9999 20191128   33875.4   55475.4  401093.4  33.8898946  -92.0026792    592220.85   3750395.38    366939.09   1210390.46  199.03  200.60  134.28  131.00   65.15  49196.201   -120.049  135.95    3.31    0.28   -1.41   81.70 -108.00  -50.00  120.00 -109.18  -52.09 -107.26    1.52  -51.97    1.10    8.32   -6.04   82.62    5.738925    5.011629    4.548844    4.118634    3.602312    3.051313    2.474329    1.921977    1.420967    0.982266    0.617239    0.343522    0.170541    0.069185    0.021267    8.601705    7.402695    6.646469    5.958327    5.131132    4.271301    3.388456    2.565794    1.844157    1.232823    0.742087    0.393858    0.185934    0.071397    0.020859     0.000     2.247     4.723    31.463     3.993     4.013     3.917     3.860   0.97035    6.916805    6.381789    5.996230    5.638066    5.171411    4.646305    4.052412    3.421294    2.777475    2.141692    1.538500    1.015643    0.596806    0.308415    0.119865    9.514028    8.751125    8.188576    7.667052    6.991096    6.231495    5.380430    4.483569    3.583816    2.711693    1.905699    1.226325    0.700241    0.351295    0.131962     0.000     2.224     5.170    14.275     3.728     3.719     3.667     3.579   0.96896
    225401  10  8015.4 603756      9999 20191128   33879.4   55479.4  401097.4  33.8901711  -92.0004228    592429.20   3750428.07    367144.79   1210430.04  200.65  202.23  138.67  138.51   62.39  49196.987   -119.424  140.34    0.47   -0.16   -0.48   81.31 -108.00  -50.00  120.00 -108.40  -51.56 -107.35   -0.15  -51.92    0.48   -1.92   -2.59   81.15    5.261970    4.576143    4.168167    3.778672    3.314914    2.822582    2.301528    1.798671    1.335704    0.930164    0.587728    0.331469    0.164379    0.068273    0.020561    8.803796    7.542699    6.812100    6.106746    5.276835    4.415041    3.521283    2.679410    1.929858    1.297502    0.787282    0.423646    0.199537    0.078168    0.021225     0.000     2.332     4.887    33.556     4.002     4.024     3.893     3.848   1.03490    6.873049    6.304924    5.928964    5.563949    5.103366    4.583413    4.000791    3.383664    2.753277    2.127752    1.538710    1.025490    0.608525    0.318152    0.125631    9.830066    8.984568    8.426967    7.878136    7.185716    6.404174    5.532023    4.613470    3.688879    2.790106    1.966263    1.271458    0.730074    0.368185    0.139771     0.000     2.160     5.042    13.605     3.723     3.696     3.604     3.568   0.92354
    225401  10  8019.4 603756      9999 20191128   33883.4   55483.4  401101.4  33.8904688  -91.9981223    592641.62   3750463.16    367354.44   1210472.17  194.09  195.67  136.08  134.07   58.41  49197.773   -118.810  137.76    0.31   -1.66   -2.06   81.05 -108.00  -50.00  120.00 -109.84  -49.44 -109.62   -1.02  -47.02   -1.65    0.61   -3.35   80.53    5.393277    4.767670    4.335463    3.961474    3.490247    2.983807    2.446518    1.919011    1.438771    1.005225    0.649604    0.375999    0.187065    0.080649    0.024013    8.995860    7.861277    7.074250    6.401583    5.560162    4.675595    3.751986    2.871155    2.091166    1.413610    0.878917    0.485251    0.229432    0.093302    0.025578     0.000     2.383     4.918    32.173     4.019     4.031     3.911     3.854   0.99223    6.811856    6.250283    5.891111    5.537285    5.093459    4.585796    4.011882    3.400287    2.773287    2.147404    1.556949    1.037291    0.616535    0.319699    0.123606    9.599219    8.773303    8.243441    7.719530    7.061932    6.309991    5.465652    4.570058    3.666663    2.781680    1.967949    1.274548    0.732430    0.367026    0.135720     0.000     2.157     4.844    14.729     3.736     3.719     3.614     3.592   0.99984
    225401  10  8023.4 603756      9999 20191128   33887.4   55487.4  401105.4  33.8908077  -91.9957710    592858.67   3750502.86    367568.55   1210519.11  191.99  193.56  133.21  132.30   59.18  49198.516   -118.264  134.88    2.33    7.41    0.23   81.89 -108.00  -50.00  120.00 -109.24  -50.63 -107.70   -2.85  -50.94   -0.63   -0.18   -5.46   80.19    6.112403    5.384106    4.891027    4.444231    3.905699    3.328111    2.716046    2.123576    1.586126    1.104885    0.702367    0.406788    0.212312    0.084900    0.027068    9.291905    8.078351    7.261210    6.530130    5.655105    4.735711    3.782556    2.881583    2.092108    1.408201    0.860967    0.478689    0.240541    0.089645    0.027023   200.450     1.992     4.793    31.727     4.033     4.046     3.978     3.885   0.97848    6.838514    6.300284    5.946208    5.597446    5.155120    4.651432    4.081416    3.470263    2.839329    2.207531    1.606109    1.073484    0.637466    0.332120    0.128824    9.532283    8.737678    8.214627    7.694731    7.042072    6.302110    5.469745    4.587481    3.690914    2.811599    1.996438    1.298546    0.747097    0.377305    0.141376     0.000     2.333     4.484    14.584     3.720     3.706     3.612     3.572   0.98999
    225401  10  8027.4 603756      9999 20191128   33891.4   55491.4  401109.4  33.8910320  -91.9934020    593077.49   3750529.87    367784.83   1210553.30  192.94  194.51  135.57  131.62   57.77  49199.056   -117.854  137.24    1.52    1.78   -1.52   83.25 -108.00  -50.00  120.00 -108.54  -51.53 -107.47    5.70  -51.53    2.03    8.92   -4.29   86.33    5.550971    4.861720    4.399276    3.998091    3.499600    2.974134    2.419378    1.883752    1.399954    0.980591    0.629225    0.366134    0.195362    0.084852    0.028628    8.359681    7.231990    6.488023    5.838996    5.041307    4.217209    3.363229    2.558464    1.853088    1.259264    0.780960    0.437353    0.224252    0.093754    0.030223    27.660     2.316     4.591    32.698     4.039     4.043     3.910     3.862   1.00842    7.210601    6.591551    6.196278    5.815729    5.334726    4.791872    4.181180    3.535356    2.876414    2.227403    1.614984    1.078684    0.643036    0.333252    0.129944    9.829902    8.950383    8.384031    7.842987    7.156507    6.382495    5.518028    4.608949    3.693781    2.810034    1.994917    1.301714    0.755262    0.380746    0.143738     0.000     1.927     3.886    14.148     3.734     3.727     3.648     3.600   0.96045
    225401  10  8031.4 603756      9999 20191128   33895.4   55495.4  401113.4  33.8912546  -91.9910337    593296.25   3750556.71    368001.05   1210587.33  192.01  193.58  133.67  130.88   58.73  49199.538   -117.500  135.35    2.53    0.74   -1.73   82.71 -108.00  -50.00  120.00 -110.24  -47.33 -109.56    2.59  -47.61    0.41   -0.87   -0.51   83.98    5.338611    4.698107    4.250672    3.869621    3.396581    2.896624    2.370839    1.865369    1.404434    0.991526    0.646440    0.387885    0.212831    0.100830    0.037113    7.679639    6.666561    5.974036    5.386661    4.664014    3.916640    3.141554    2.414637    1.772675    1.214372    0.766399    0.442850    0.234767    0.106231    0.037270     0.000     2.010     4.452    30.204     3.968     3.999     3.853     3.831   0.93149    6.692026    6.144547    5.781706    5.432310    4.998940    4.502324    3.941970    3.349362    2.742998    2.139830    1.568544    1.062719    0.643913    0.342277    0.138737    8.991165    8.221828    7.702132    7.203307    6.592485    5.890977    5.108487    4.287776    3.460722    2.653268    1.904326    1.260996    0.744611    0.385770    0.152119     0.000     1.380     3.711    16.918     3.769     3.754     3.658     3.621   1.14845
    225401  10  8035.4 603756      9999 20191128   33899.4   55499.4  401117.4  33.8915182  -91.9886886    593512.82   3750588.06    368214.95   1210625.84  192.36  193.93  129.49  134.10   63.26  49200.279   -116.912  131.17    1.80   -4.54   -3.59   80.78 -108.00  -50.00  120.00 -108.92  -50.42 -107.34   -1.50  -51.96    0.67   -2.42   -1.26   80.03    5.449721    4.798004    4.320380    3.928343    3.443429    2.929517    2.392739    1.871720    1.400460    0.979183    0.629736    0.365259    0.195409    0.085827    0.028582    7.250645    6.317254    5.636375    5.087496    4.414220    3.707397    2.979363    2.288296    1.673952    1.141590    0.713422    0.398477    0.205635    0.085703    0.026866     0.000     1.957     4.308    32.262     4.033     4.025     3.896     3.863   0.99497    6.877986    6.322953    5.933404    5.572729    5.112112    4.597425    4.015130    3.402214    2.777082    2.156664    1.571708    1.058909    0.638437    0.338109    0.134153    8.729174    7.992651    7.473454    6.990523    6.382967    5.703752    4.941949    4.145614    3.343671    2.559381    1.832853    1.211374    0.712667    0.368051    0.141736     0.000     1.700     3.258    14.813     3.731     3.705     3.610     3.594   1.00557
    225401  10  8039.4 603756      9999 20191128   33903.4   55503.4  401121.4  33.8918968  -91.9863778    593726.08   3750632.15    368425.15   1210677.06  189.52  191.09  134.00  130.05   55.92  49201.173   -116.237  135.67    0.81    1.48   -0.91   79.16 -108.00  -50.00  120.00 -108.89  -49.30 -108.52   -6.39  -48.99    1.12   -5.18   -4.30   75.68    5.343344    4.684543    4.248488    3.865743    3.396531    2.886826    2.351495    1.831816    1.360701    0.951362    0.607218    0.348840    0.176196    0.075022    0.023249    8.016240    6.932610    6.251673    5.625702    4.887802    4.090791    3.268235    2.489389    1.802226    1.222529    0.752326    0.414686    0.201687    0.082099    0.024224     0.000     2.159     4.226    32.695     4.029     4.048     3.943     3.864   1.00832    7.047227    6.494979    6.100622    5.727016    5.248256    4.714381    4.111763    3.474239    2.826271    2.182064    1.576497    1.050856    0.625616    0.324523    0.126064    9.382130    8.622116    8.083639    7.560579    6.897344    6.156412    5.323727    4.445965    3.565931    2.705026    1.912455    1.243331    0.719009    0.361994    0.135410     0.000     1.598     2.438    15.164     3.737     3.723     3.641     3.582   1.02936
    225401  10  8043.4 603756      9999 20191128   33907.4   55507.4  401125.4  33.8922782  -91.9840364    593942.17   3750676.58    368638.15   1210728.73  187.07  188.65  132.60  128.51   54.87  49202.030   -115.601  134.27    2.06    2.09   -1.29   79.64 -108.00  -50.00  120.00 -109.51  -49.17 -108.63   -2.13  -49.27   -0.30    2.83   -5.32   78.53    5.803234    5.155116    4.689839    4.277239    3.757054    3.197250    2.599130    2.021773    1.490124    1.021098    0.634403    0.352526    0.174606    0.075967    0.022024    8.643729    7.596255    6.840859    6.183171    5.353189    4.479809    3.564895    2.700442    1.932276    1.280074    0.762488    0.402375    0.189642    0.077155    0.020597    27.496     1.925     4.168    31.403     3.985     4.024     3.890     3.865   0.96848    6.906804    6.406048    6.039940    5.684103    5.227577    4.705578    4.109438    3.470151    2.811898    2.157820    1.541725    1.008442    0.583116    0.293512    0.104506    9.369065    8.670453    8.138168    7.633973    6.981195    6.236817    5.392874    4.494332    3.582166    2.693555    1.877062    1.193675    0.668276    0.325130    0.111242     0.000     1.748     2.749    15.551     3.750     3.713     3.619     3.591   1.05564
    225401  10  8047.4 603756      9999 20191128   33911.4   55511.4  401129.4  33.8926311  -91.9816811    594159.58   3750717.86    368852.55   1210777.26  191.05  192.63  138.10  133.20   53.35  49202.771   -115.064  139.78    2.97   10.21   -1.33   83.23 -108.00  -50.00  120.00 -107.24  -49.70 -106.64   -1.86  -53.06    1.80    5.16   -6.87   82.15    5.541196    4.928749    4.480932    4.071171    3.563608    3.020316    2.444694    1.884668    1.376359    0.936002    0.574512    0.312553    0.150806    0.057599    0.016447    9.259046    8.125391    7.301066    6.560208    5.650566    4.693704    3.702945    2.767671    1.949358    1.271487    0.738569    0.379469    0.170868    0.060266    0.015929     0.000     2.265     4.169    32.787     4.002     4.035     3.914     3.834   1.01116    6.972166    6.477081    6.088456    5.727969    5.253181    4.717730    4.100917    3.439684    2.762609    2.091773    1.467941    0.938772    0.530421    0.259233    0.088505   10.150745    9.414104    8.815282    8.265787    7.534324    6.715489    5.773292    4.770872    3.760411    2.779863    1.894936    1.173244    0.639048    0.301014    0.098704     0.000     1.685     2.902    14.577     3.751     3.718     3.617     3.601   0.98960
    225401  10  8051.4 603756      9999 20191128   33915.4   55515.4  401133.4  33.8927719  -91.9793171    594378.03   3750735.65    369068.76   1210802.16  194.48  196.06  141.25  137.50   53.62  49202.777   -115.138  142.93    2.94   11.32    0.74   89.08 -108.00  -50.00  120.00 -108.67  -47.89 -108.17    5.05  -50.09    2.81   14.83   -7.36   91.69    4.683821    4.177755    3.820679    3.483350    3.062711    2.613821    2.122462    1.643983    1.201683    0.811125    0.496045    0.268062    0.124821    0.047147    0.013081    8.761650    7.703322    6.950632    6.252898    5.392057    4.494796    3.538266    2.638887    1.843715    1.180138    0.675960    0.339348    0.146744    0.050021    0.013039     0.000     2.209     4.171    31.118     3.975     4.001     3.878     3.840   0.95968    6.314925    5.849545    5.527203    5.189452    4.770507    4.288181    3.733468    3.134440    2.515425    1.905487    1.338670    0.856328    0.485195    0.240076    0.084391    9.926073    9.169443    8.620787    8.061459    7.357310    6.554751    5.632212    4.644363    3.642880    2.679751    1.818430    1.118127    0.607642    0.288337    0.097402     0.000     2.187     2.978    15.656     3.728     3.727     3.663     3.594   1.06281
    225401  10  8055.4 603756      9999 20191128   33919.4   55519.4  401137.4  33.8926593  -91.9769630    594595.83   3750725.32    369285.24   1210798.73  194.50  196.07  140.45  135.48   54.45  49202.780   -115.069  142.12    1.23    4.57   -2.36   93.88 -108.00  -50.00  120.00 -108.72  -51.50 -107.91    8.13  -49.86    0.81   11.25   -3.00   98.21    4.760313    4.290923    3.888535    3.562141    3.134508    2.671917    2.171497    1.671264    1.213604    0.815711    0.495487    0.265925    0.127759    0.045967    0.013639    8.535023    7.560292    6.775749    6.135594    5.304029    4.428652    3.501042    2.605713    1.819375    1.167976    0.673821    0.342497    0.154331    0.052317    0.014188     0.000     2.241     4.167    32.718     3.992     4.004     3.877     3.847   1.00900    6.089867    5.663941    5.358246    5.043102    4.645533    4.187479    3.661135    3.083194    2.482316    1.885008    1.328891    0.854790    0.489006    0.247450    0.093768    9.287598    8.607699    8.108172    7.586761    6.939713    6.192273    5.341885    4.414746    3.472225    2.560639    1.742692    1.078123    0.593923    0.288716    0.105420     0.000     1.464     3.164    13.776     3.707     3.700     3.663     3.575   0.93524
    225401  10  8059.4 603756      9999 20191128   33923.4   55523.4  401141.4  33.8924744  -91.9746036    594814.21   3750707.00    369502.57   1210787.26  190.09  191.66  135.95  132.70   54.53  49202.582   -115.159  137.63    1.91    1.11   -2.00   95.34 -108.00  -50.00  120.00 -108.97  -50.06 -108.43    0.37  -49.61   -0.34    2.05   -2.24   95.48    5.555843    5.004304    4.529830    4.141555    3.641768    3.101247    2.509189    1.919073    1.382344    0.918431    0.555345    0.294307    0.134353    0.049980    0.013631    9.453516    8.402552    7.523423    6.799581    5.889272    4.909103    3.869792    2.865701    1.986769    1.261414    0.723110    0.361557    0.157511    0.054687    0.014440    49.447     2.358     4.172    32.143     4.007     4.001     3.869     3.873   0.99128    6.831464    6.337340    5.980495    5.624983    5.168421    4.646739    4.039099    3.368197    2.674347    1.996242    1.378745    0.870364    0.491985    0.246934    0.092399    9.937040    9.186777    8.641022    8.096990    7.391136    6.594727    5.665753    4.648561    3.613992    2.628954    1.760318    1.074761    0.585388    0.283537    0.101761     0.000     1.504     3.110    15.064     3.754     3.732     3.631     3.589   1.02264
    225401  10  8063.4 603756      9999 20191128   33927.4   55527.4  401145.4  33.8922750  -91.9722407    595032.93   3750687.07    369720.29   1210774.19  192.64  194.21  137.81  133.41   55.22  49202.536   -115.088  139.49    2.09   -1.71   -2.21   94.65 -108.00  -50.00  120.00 -107.74  -51.40 -107.00   -1.81  -52.33    1.82   -2.12   -2.76   93.61    5.532428    4.936271    4.502786    4.089080    3.587617    3.045764    2.460918    1.882662    1.354540    0.905002    0.552597    0.300084    0.149572    0.061352    0.019816    8.987317    7.928933    7.140260    6.426137    5.547736    4.621793    3.646516    2.709666    1.887680    1.212404    0.710119    0.368566    0.174024    0.067866    0.020289     0.000     2.347     4.196    33.219     4.020     4.003     3.871     3.858   1.02446    7.156884    6.609139    6.240990    5.856667    5.374285    4.818642    4.176953    3.473455    2.747171    2.039177    1.403540    0.886902    0.502178    0.248244    0.090600   10.183787    9.376559    8.829634    8.256941    7.533659    6.707189    5.754507    4.716014    3.661206    2.654393    1.775877    1.087773    0.595586    0.284681    0.100074     0.000     2.263     3.000    14.479     3.711     3.687     3.594     3.569   0.98296
    225401  10  8067.4 603756      9999 20191128   33931.4   55531.4  401149.4  33.8921404  -91.9699000    595249.52   3750674.31    369935.65   1210768.27  190.99  192.56  131.11  129.62   60.26  49202.765   -114.779  132.79    2.12   -3.16   -4.14   92.50 -108.00  -50.00  120.00 -110.88  -46.87 -109.49   -2.09  -47.76    1.17    1.80   -3.33   91.52    5.526272    4.849232    4.410110    4.000734    3.501363    2.972975    2.407741    1.854177    1.341556    0.904907    0.561273    0.314433    0.155507    0.063278    0.019890    8.305212    7.158435    6.452899    5.784318    4.990168    4.164699    3.301216    2.477141    1.739541    1.133356    0.674808    0.360954    0.169585    0.063763    0.019230   251.216     2.324     4.232    29.886     4.076     4.040     3.928     3.887   0.92166    6.915098    6.395110    6.011943    5.652346    5.187350    4.661082    4.055004    3.396487    2.711400    2.040227    1.432271    0.923539    0.530646    0.267455    0.098901    9.580667    8.807637    8.237078    7.710125    7.023617    6.261055    5.384658    4.444924    3.484277    2.565683    1.756208    1.103299    0.615924    0.301453    0.108404     0.000     2.377     3.320    16.820     3.776     3.750     3.656     3.624   1.14190
    225401  10  8071.4 603756      9999 20191128   33935.4   55535.4  401153.4  33.8921163  -91.9675712    595464.89   3750673.80    370149.41   1210774.65  187.11  188.68  125.72  120.34   61.76  49202.673   -114.856  127.40    0.29    1.10   -2.49   90.87 -108.00  -50.00  120.00 -108.55  -51.27 -107.82   -8.70  -49.58   -0.95   -8.74   -4.06   86.10    6.640125    5.690657    5.135774    4.624763    4.024797    3.392502    2.731561    2.085826    1.500650    1.005962    0.613330    0.331324    0.160821    0.061032    0.018777    8.362562    7.098534    6.388593    5.715731    4.938283    4.126870    3.284525    2.473816    1.754465    1.156480    0.691411    0.363553    0.170304    0.063219    0.018313     0.000     2.273     4.274    33.705     4.018     4.025     3.886     3.856   1.03944    7.404396    6.802750    6.373493    5.970774    5.464549    4.898651    4.253400    3.558060    2.840641    2.136313    1.497347    0.966838    0.553249    0.278480    0.104294    8.849936    8.095810    7.573011    7.064324    6.442732    5.745389    4.955731    4.110511    3.248814    2.413252    1.668825    1.061386    0.598824    0.296227    0.109268     0.000     2.293     3.003    13.516     3.721     3.721     3.662     3.582   0.91759
    225401  10  8075.4 603756      9999 20191128   33939.4   55539.4  401157.4  33.8920996  -91.9652093    595683.32   3750674.15    370366.17   1210781.98  179.59  181.16  117.27  113.35   62.68  49202.714   -114.803  118.94    1.33    3.74   -3.50   91.12 -108.00  -50.00  120.00 -108.32  -50.11 -109.29   -0.80  -46.80   -0.69    6.64   -6.03   90.72    7.438075    6.476159    5.824414    5.257950    4.573378    3.846173    3.084982    2.345476    1.680324    1.117925    0.671063    0.352751    0.155076    0.053986    0.013505    8.352653    7.224249    6.489584    5.824853    5.038037    4.208158    3.344763    2.513889    1.777727    1.164895    0.684836    0.351699    0.151050    0.051696    0.013365     0.000     2.523     4.324    32.809     4.025     4.041     3.905     3.886   1.01181    8.217801    7.538363    7.069038    6.624925    6.058085    5.420298    4.687955    3.900093    3.089252    2.296596    1.578206    0.987303    0.546511    0.263869    0.093467    9.231195    8.435510    7.898685    7.386654    6.729742    5.999391    5.161830    4.270543    3.357652    2.473801    1.681476    1.039401    0.567840    0.271135    0.094405     0.000     2.207     3.162    14.986     3.747     3.720     3.633     3.602   1.01741
    225401  10  8079.4 603756      9999 20191128   33943.4   55543.4  401161.4  33.8920460  -91.9628624    595900.39   3750670.39    370581.71   1210785.15  186.61  188.18  125.54  122.45   61.41  49202.779   -114.707  127.21    4.09    2.32   -2.48   91.84 -108.00  -50.00  120.00 -108.76  -51.73 -105.59    1.71  -55.65    2.00    4.43   -3.90   92.78    7.453145    6.509241    5.909762    5.320275    4.618059    3.873355    3.085680    2.321650    1.637757    1.065405    0.617476    0.312311    0.146799    0.055131    0.014269    8.115421    7.046012    6.357431    5.686397    4.895516    4.063965    3.193124    2.364093    1.637890    1.044121    0.590836    0.291141    0.133966    0.049192    0.014299     0.000     2.221     4.368    31.229     3.998     4.002     3.857     3.842   0.96306    7.853262    7.266738    6.851214    6.443465    5.919578    5.318996    4.621477    3.861184    3.072947    2.296500    1.582486    0.984586    0.535539    0.258224    0.084505    9.815161    9.013021    8.461771    7.912582    7.218754    6.426860    5.521183    4.549531    3.561536    2.611149    1.761678    1.073141    0.571682    0.269465    0.085938     0.000     2.331     3.562    14.833     3.744     3.724     3.661     3.613   1.00700
    225401  10  8083.4 603756      9999 20191128   33947.4   55547.4  401165.4  33.8919747  -91.9605852    596111.05   3750664.62    370790.96   1210786.08  191.78  193.35  134.65  132.51   57.43  49202.668   -114.774  136.33    1.93    5.24   -2.54   92.96 -108.00  -50.00  120.00 -107.42  -52.40 -106.34   -3.47  -54.04    3.05   -1.48   -4.43   90.92    5.993460    5.240978    4.760440    4.294587    3.734108    3.139746    2.505218    1.894844    1.340338    0.883752    0.525012    0.270831    0.146078    0.050362    0.017903    8.483345    7.325096    6.611672    5.910282    5.083183    4.215445    3.306379    2.449076    1.693337    1.086060    0.624265    0.313229    0.159866    0.052443    0.017813   171.994     1.983     4.405    33.528     4.042     4.051     3.934     3.973   1.03397    7.897069    7.264298    6.827720    6.384531    5.828552    5.199089    4.478772    3.703052    2.915825    2.151356    1.460662    0.899051    0.491509    0.233140    0.077649   10.403941    9.567685    8.966876    8.365727    7.605082    6.745070    5.762696    4.709693    3.652848    2.644957    1.753725    1.052404    0.558275    0.257891    0.083958     0.000     1.534     3.602    13.809     3.716     3.702     3.597     3.566   0.93749
    225401  10  8087.4 603756      9999 20191128   33951.4   55551.4  401169.4  33.8918499  -91.9583089    596321.67   3750652.91    371000.37   1210781.03  192.08  193.66  134.32  134.24   58.03  49202.251   -115.117  135.99    2.49    0.65   -2.54   93.38 -108.00  -50.00  120.00 -110.04  -48.63 -108.97   -0.73  -48.80    0.85    6.54   -5.31   93.06    5.600324    4.958364    4.492615    4.089315    3.579698    3.038754    2.462751    1.897301    1.381392    0.936035    0.578646    0.321799    0.156603    0.061189    0.018325    8.721102    7.625605    6.818478    6.155736    5.304867    4.423608    3.508438    2.632644    1.862292    1.221206    0.727076    0.386674    0.180124    0.066792    0.018962   124.352     1.783     4.473    30.759     4.032     4.009     3.866     3.830   0.94858    6.898209    6.366514    5.989629    5.628513    5.162444    4.637590    4.032802    3.376055    2.695793    2.025492    1.407214    0.884219    0.489662    0.235644    0.077387    9.702356    8.912834    8.348801    7.810651    7.112733    6.340421    5.451223    4.496317    3.526413    2.591162    1.754193    1.070797    0.573957    0.267733    0.084782     0.000     1.735     3.749    16.003     3.772     3.748     3.651     3.596   1.08650
    225401  10  8091.4 603756      9999 20191128   33955.4   55555.4  401173.4  33.8917356  -91.9560312    596532.43   3750642.37    371209.87   1210777.15  190.60  192.18  129.70  127.74   61.13  49202.378   -114.922  131.37    1.93    0.99   -3.66   93.10 -108.00  -50.00  120.00 -108.55  -51.02 -108.00   -3.50  -50.64   -0.13   -1.65   -3.43   91.18    6.204887    5.397581    4.890265    4.431738    3.876199    3.290792    2.673748    2.066821    1.519456    1.036482    0.639626    0.345576    0.157451    0.053559    0.017380    8.509636    7.308649    6.566970    5.898542    5.102907    4.274444    3.414821    2.585553    1.855512    1.228469    0.728588    0.371735    0.156879    0.046335    0.016407     0.000     2.394     4.545    32.379     3.996     3.998     3.850     3.852   0.99851    7.194047    6.617826    6.220997    5.842252    5.359452    4.817190    4.197834    3.531389    2.844951    2.163224    1.527441    0.980698    0.552753    0.272832    0.095370    9.277581    8.485592    7.955050    7.444130    6.793545    6.067243    5.242714    4.363463    3.470094    2.596827    1.798002    1.128369    0.620324    0.298460    0.102433     0.000     1.901     3.598    14.722     3.749     3.721     3.627     3.599   0.99951
    225401  10  8095.4 603756      9999 20191128   33959.4   55559.4  401177.4  33.8916470  -91.9537405    596744.35   3750634.70    371420.44   1210776.22  190.33  191.90  123.55  123.05   66.95  49208.261   -108.987  125.23    2.16    0.62   -3.08   92.55 -108.00  -50.00  120.00 -106.89  -52.78 -106.56   -3.96  -52.80    0.97   -1.16   -4.03   90.40    6.984565    5.964015    5.367104    4.845477    4.219836    3.563854    2.879776    2.219185    1.620484    1.103999    0.674544    0.356853    0.156275    0.045553    0.019267    8.193238    6.969789    6.261056    5.622445    4.869761    4.079471    3.259874    2.475644    1.778092    1.183582    0.701396    0.358367    0.151811    0.042230    0.017098     0.000     1.893     4.760    33.947     4.047     4.034     3.891     3.886   1.04687    7.833847    7.038985    6.565139    6.112094    5.575816    4.997885    4.350183    3.658151    2.949235    2.246407    1.586154    1.013020    0.561963    0.263367    0.090752    8.985904    8.035270    7.478100    6.939675    6.315217    5.643704    4.893881    4.094539    3.281192    2.482050    1.736977    1.095176    0.597362    0.276660    0.092894     0.000     1.633     3.630    13.787     3.721     3.700     3.605     3.589   0.93603
    225401  10  8099.4 603756      9999 20191128   33963.4   55563.4  401181.4  33.8915737  -91.9514575    596955.54   3750628.73    371630.22   1210776.96  190.17  191.75  123.85  118.96   66.44  49205.613   -111.591  125.52    3.62    3.85   -2.29   92.94 -108.00  -50.00  120.00 -108.41  -51.09 -107.20   -2.81  -52.42    0.91    1.78   -5.13   91.37    7.016643    5.857035    5.210261    4.649497    4.008690    3.359845    2.697380    2.067429    1.501097    1.017302    0.625892    0.341631    0.163417    0.059461    0.018236    8.392583    6.940414    6.140828    5.438688    4.646079    3.852882    3.049370    2.298833    1.634010    1.079055    0.642199    0.337296    0.156033    0.054062    0.016768     0.000     2.202     5.019    31.745     4.000     4.002     3.866     3.852   0.97897    8.018318    7.276263    6.747258    6.289502    5.726832    5.115380    4.434939    3.720559    2.991094    2.268929    1.591733    1.013674    0.568153    0.280516    0.097910    9.659627    8.706462    8.044055    7.481556    6.773173    6.018452    5.179075    4.310059    3.428705    2.571520    1.780861    1.119413    0.619250    0.301543    0.103951     0.000     1.919     4.672    15.187     3.766     3.738     3.659     3.621   1.03113
    225401  10  8103.4 603756      9999 20191128   33967.4   55567.4  401185.4  33.8914588  -91.9491991    597164.52   3750618.13    371837.95   1210772.97  193.46  195.03  129.07  126.94   64.44  49205.340   -111.794  130.74    1.95    2.27   -2.20   93.72 -108.00  -50.00  120.00 -106.53  -54.02 -105.63   -0.51  -54.97    1.90    2.79   -4.55   93.40    6.560967    5.506581    4.875300    4.338800    3.729694    3.119452    2.500124    1.914039    1.385848    0.930879    0.560316    0.302592    0.144250    0.051182    0.014942    8.114210    6.763531    5.950000    5.261518    4.484367    3.713626    2.936928    2.217067    1.579360    1.040561    0.610510    0.320799    0.147365    0.049704    0.014483     0.000     2.253     5.085    34.562     4.028     4.033     3.894     3.873   1.06582    8.121050    7.258063    6.742168    6.240712    5.654864    5.023437    4.333700    3.615149    2.890962    2.178677    1.519392    0.963856    0.541384    0.264306    0.092434    9.750326    8.674071    8.038290    7.412558    6.689257    5.910632    5.067220    4.191950    3.318816    2.470852    1.699236    1.060476    0.586113    0.280817    0.096776     0.000     2.058     4.862    12.779     3.694     3.675     3.577     3.565   0.86760
    225401  10  8107.4 603756      9999 20191128   33971.4   55571.4  401189.4  33.8913212  -91.9469316    597374.34   3750605.01    372046.62   1210766.47  193.31  194.88  124.47  122.49   68.82  49204.456   -112.597  126.15    1.33    1.43   -3.75   93.93 -108.00  -50.00  120.00 -108.46  -50.63 -108.16   -0.64  -50.54    1.20    2.39   -3.61   93.57    6.723938    5.736748    5.040743    4.459244    3.796238    3.143009    2.503220    1.909570    1.392129    0.931821    0.559608    0.285248    0.104013    0.041021    0.007667    8.386169    7.124124    6.208153    5.444376    4.587647    3.753336    2.948507    2.216488    1.590885    1.046664    0.616456    0.306685    0.107011    0.042245    0.007645   613.192     2.512     5.303    32.698     4.168     4.155     4.005     4.005   1.00835    7.981517    7.195130    6.700018    6.194230    5.605497    4.968178    4.278881    3.575230    2.865948    2.167398    1.515857    0.961094    0.536569    0.259996    0.090637    9.661166    8.680171    8.050455    7.412274    6.670060    5.871686    5.017142    4.154638    3.295800    2.460443    1.695237    1.057035    0.580048    0.275193    0.093432     0.000     1.959     5.264    14.762     3.759     3.738     3.647     3.594   1.00225
    225401  10  8111.4 603756      9999 20191128   33975.4   55575.4  401193.4  33.8911953  -91.9446338    597586.97   3750593.24    372258.02   1210761.42  190.89  192.47  126.65  123.68   64.15  49202.767   -114.211  128.33    2.02    1.36   -2.25   93.82 -108.00  -50.00  120.00 -109.30  -50.67 -108.33   -3.77  -50.19   -0.81   -1.57   -3.50   91.72    7.723654    6.709562    5.962190    5.292115    4.511354    3.729088    2.970806    2.278352    1.673410    1.146541    0.712830    0.412420    0.182035    0.071539    0.020436    9.001486    7.787879    6.878049    6.070631    5.131198    4.198175    3.301835    2.495465    1.807702    1.218220    0.742337    0.422171    0.180121    0.068628    0.019742     0.000     2.064     5.529    31.517     4.008     4.005     3.865     3.837   0.97193    7.973393    7.309012    6.824242    6.332037    5.734366    5.083052    4.381495    3.668985    2.959468    2.259168    1.593904    1.038615    0.564034    0.267926    0.090117    9.450007    8.631704    8.035364    7.430322    6.691479    5.895411    5.040175    4.184963    3.340847    2.520934    1.752448    1.127711    0.595568    0.275301    0.089830     0.000     2.141     5.710    14.927     3.726     3.721     3.603     3.601   1.01349
    225401  10  8115.4 603756      9999 20191128   33979.4   55579.4  401197.4  33.8910704  -91.9423264    597800.48   3750581.58    372470.29   1210756.52  189.89  191.46  121.48  119.07   68.24  49209.503   -107.401  123.16    3.23    1.95   -2.74   93.56 -108.00  -50.00  120.00 -108.32  -51.39 -107.51   -2.42  -51.59    0.16    1.85   -4.30   92.24    8.270284    7.199891    6.468713    5.782705    4.947955    4.093943    3.237902    2.469842    1.810613    1.247449    0.792064    0.457966    0.217384    0.091347    0.026361    9.308349    8.093493    7.251085    6.474131    5.508701    4.521198    3.526740    2.645930    1.902475    1.278995    0.792351    0.446241    0.198349    0.082717    0.022228   289.851     2.380     6.173    31.935     4.081     4.050     3.943     3.886   0.98480    8.348516    7.669301    7.141377    6.621365    5.969277    5.252491    4.506178    3.756453    3.036602    2.332124    1.640696    1.021399    0.568958    0.255476    0.080001    9.591159    8.790010    8.153983    7.538648    6.767312    5.919764    5.046397    4.180822    3.361622    2.570569    1.790122    1.101868    0.615751    0.272891    0.085014     0.000     2.203     6.253    15.009     3.801     3.752     3.627     3.603   1.01907
    225401  10  8119.4 603756      9999 20191128   33983.4   55583.4  401201.4  33.8909512  -91.9400431    598011.76   3750570.54    372680.33   1210752.16  193.67  195.25  126.49  124.15   66.95  49209.072   -107.760  128.16    2.85    0.09   -2.03   93.13 -108.00  -50.00  120.00 -107.61  -52.69 -106.23   -2.46  -54.12    1.49   -2.33   -2.86   91.72    8.190231    7.151797    6.404483    5.691917    4.824657    3.935982    3.066178    2.312885    1.689412    1.174178    0.751886    0.428672    0.218378    0.092680    0.027058    9.625999    8.324088    7.433154    6.558941    5.502842    4.436383    3.404662    2.523939    1.812008    1.234186    0.773523    0.430711    0.214031    0.086296    0.024770     0.000     2.659     5.447    32.837     4.013     4.028     3.866     3.846   1.01261    8.769343    8.113880    7.632326    7.118114    6.459304    5.700106    4.874621    4.039542    3.237519    2.464172    1.729599    1.091458    0.623113    0.303682    0.101572   10.413792    9.586339    8.985358    8.350539    7.538536    6.604664    5.602128    4.605879    3.659719    2.756143    1.916031    1.200862    0.673010    0.325120    0.107931     0.000     2.610     6.001    14.145     3.763     3.732     3.623     3.604   0.96041
    225401  10  8123.4 603756      9999 20191128   33987.4   55587.4  401205.4  33.8908603  -91.9377706    598222.01   3750562.62    372889.24   1210750.93  194.45  196.03  124.69  126.27   69.48  49208.304   -108.474  126.37    2.82    1.09   -3.11   92.57 -108.00  -50.00  120.00 -107.50  -52.28 -107.11   -2.39  -52.15    1.16    0.97   -3.47   91.31    7.472913    6.536615    5.880133    5.246631    4.481499    3.689392    2.911538    2.215409    1.628495    1.133110    0.722966    0.414429    0.207928    0.085722    0.025609    9.041985    7.870436    7.035897    6.244051    5.279139    4.297684    3.346125    2.505524    1.810788    1.234055    0.766315    0.423847    0.204083    0.081003    0.023026     0.000     2.392     5.337    33.205     4.029     4.030     3.878     3.867   1.02394    8.805746    8.133586    7.621212    7.086413    6.402433    5.626602    4.783735    3.952012    3.164841    2.413762    1.719071    1.124369    0.660482    0.336028    0.126855   10.330835    9.527380    8.917924    8.278160    7.462899    6.533893    5.526265    4.539213    3.606821    2.726017    1.919686    1.242158    0.723229    0.362884    0.136250     0.000     2.460     5.398    14.184     3.728     3.699     3.598     3.597   0.96303
    225401  10  8127.4 603756      9999 20191128   33991.4   55591.4  401209.4  33.8907922  -91.9355034    598431.73   3750557.24    373097.55   1210752.23  195.05  196.63  123.93  123.43   70.78  49208.518   -108.218  125.60    1.75    5.17   -2.51   92.93 -108.00  -50.00  120.00 -107.33  -52.83 -106.54   -3.95  -53.27    0.71   -1.41   -4.64   90.68    8.229781    7.168462    6.463071    5.744827    4.878910    3.985128    3.107200    2.334445    1.690886    1.153320    0.713348    0.388405    0.189422    0.078485    0.021394    9.323630    8.085229    7.255658    6.421125    5.409081    4.377750    3.374864    2.502150    1.789571    1.202969    0.730613    0.388827    0.186610    0.074373    0.020473     0.000     1.909     5.155    33.674     4.035     4.030     3.889     3.867   1.03841    8.758462    8.108887    7.619131    7.100223    6.429667    5.662395    4.824014    3.993217    3.203970    2.448318    1.747003    1.142921    0.666687    0.341747    0.130153    9.974887    9.221731    8.640456    8.034361    7.248845    6.350464    5.375776    4.419889    3.518302    2.664659    1.881633    1.217586    0.700802    0.355793    0.133623     0.000     1.887     4.917    13.519     3.733     3.706     3.605     3.583   0.91794
    225401  10  8131.4 603756      9999 20191128   33995.4   55595.4  401213.4  33.8906701  -91.9332342    598641.71   3750545.88    373306.31   1210747.50  193.90  195.47  117.18  115.56   76.32  49209.087   -107.576  118.85    2.86   -0.69   -1.69   93.49 -108.00  -50.00  120.00 -107.27  -54.21 -106.26    1.41  -53.53    1.05    5.84   -4.46   94.29    9.439742    8.199725    7.333298    6.501321    5.482692    4.429456    3.401355    2.515154    1.798160    1.211246    0.745672    0.407055    0.194770    0.071960    0.020800    9.011929    7.808610    6.967489    6.160796    5.179810    4.167939    3.183579    2.342367    1.668760    1.117425    0.683564    0.369421    0.174991    0.062562    0.019092   167.910     2.116     4.941    33.286     4.100     4.098     3.953     3.917   1.02647    9.376537    8.704340    8.195193    7.642259    6.909207    6.062656    5.130729    4.211228    3.347518    2.535429    1.790833    1.159133    0.671802    0.342337    0.132326    9.709626    8.999697    8.451454    7.859805    7.090408    6.194872    5.220289    4.271200    3.384323    2.557135    1.802014    1.164435    0.673553    0.342447    0.131925     0.000     2.215     4.520    13.129     3.717     3.709     3.636     3.583   0.89147
    225401  10  8135.4 603756      9999 20191128   33999.4   55599.4  401217.4  33.8905496  -91.9309713    598851.10   3750534.70    373514.48   1210742.95  197.74  199.32  119.03  119.44   78.27  49209.469   -107.122  120.70    4.48   -0.61   -3.79   93.32 -108.00  -50.00  120.00 -106.76  -54.70 -105.79   -0.94  -55.05    1.02   -0.34   -2.95   92.74    9.731981    8.512675    7.615118    6.730864    5.645552    4.517196    3.425492    2.513809    1.789817    1.206884    0.745426    0.407682    0.196479    0.072227    0.020388    9.531053    8.304947    7.410895    6.530673    5.442830    4.323153    3.247633    2.359912    1.660794    1.106729    0.671739    0.360896    0.170538    0.059760    0.018226     0.000     2.032     4.860    32.581     4.026     4.013     3.882     3.883   1.00472    9.357370    8.696483    8.188515    7.636675    6.903865    6.044475    5.098011    4.168432    3.312315    2.516184    1.784011    1.158305    0.668353    0.339021    0.127115   10.062795    9.319003    8.752850    8.137442    7.329313    6.385727    5.358037    4.363296    3.453505    2.613257    1.845632    1.193493    0.683602    0.345452    0.128226     0.000     2.257     4.145    13.815     3.728     3.692     3.615     3.561   0.93806
    225401  10  8139.4 603756      9999 20191128   34003.4   55603.4  401221.4  33.8904520  -91.9287519    599056.46   3750526.02    373718.55   1210740.78  207.94  209.52  131.47  127.66   75.98  49209.965   -106.567  133.15    5.32   -1.05   -2.63   92.55 -108.00  -50.00  120.00 -105.31  -56.01 -103.62   -4.49  -58.65    3.17   -1.04   -4.20   90.05    7.867635    6.939372    6.248530    5.549682    4.720890    3.838453    2.964305    2.202853    1.579064    1.074288    0.664670    0.367838    0.177195    0.066014    0.019381    9.920862    8.662160    7.753482    6.827503    5.740298    4.598943    3.485543    2.530744    1.769193    1.166413    0.693227    0.365240    0.165508    0.056419    0.016858     0.000     1.923     4.820    33.539     4.026     4.026     3.896     3.879   1.03423    8.983018    8.272622    7.795581    7.241624    6.519387    5.691764    4.788546    3.915318    3.113248    2.371507    1.689818    1.101898    0.635579    0.318389    0.112841   11.298865   10.401822    9.766170    9.052821    8.117380    7.043662    5.881260    4.760394    3.736509    2.804224    1.963374    1.254697    0.708365    0.346254    0.119731     0.000     2.206     3.767    13.384     3.738     3.715     3.621     3.581   0.90875
    225401  10  8143.4 603756      9999 20191128   34007.4   55607.4  401225.4  33.8903884  -91.9265990    599255.61   3750521.04    373916.36   1210742.15  216.21  217.79  139.63  134.44   76.06  49210.805   -105.688  141.31    2.08    1.44   -4.19   92.10 -108.00  -50.00  120.00 -106.04  -54.92 -104.51   -6.75  -56.91    2.86   -1.67   -5.02   88.38    5.891512    5.236216    4.701405    4.200503    3.577820    2.926739    2.278224    1.709682    1.240650    0.858190    0.542766    0.302378    0.148979    0.061445    0.017560    9.286045    8.131269    7.232336    6.383423    5.341234    4.274974    3.237134    2.356235    1.657364    1.105998    0.670762    0.355403    0.165417    0.062735    0.016799    41.023     2.469     4.842    34.652     4.035     4.038     3.908     3.887   1.06855    7.852479    7.254585    6.810158    6.337893    5.726981    5.026821    4.265216    3.519116    2.821951    2.163515    1.550457    1.014836    0.588988    0.295982    0.106128   10.752397    9.923808    9.299275    8.631926    7.759668    6.763047    5.680158    4.623607    3.652793    2.750092    1.926893    1.230187    0.693815    0.338726    0.117887     0.000     2.196     3.977    12.539     3.677     3.656     3.578     3.550   0.85137
    225401  10  8147.4 603756      9999 20191128   34011.4   55611.4  401229.4  33.8903307  -91.9244382    599455.49   3750516.73    374114.86   1210744.20  211.75  213.33  129.39  132.92   81.82  49211.638   -104.819  131.06    2.36    1.86   -2.99   92.26 -108.00  -50.00  120.00 -109.68  -48.86 -109.01   -3.87  -48.61   -0.09    3.85   -6.11   90.21    5.665695    5.055968    4.526977    4.046079    3.450903    2.828263    2.218080    1.680752    1.237535    0.865031    0.550537    0.312408    0.156372    0.062149    0.018116    8.963142    7.897290    6.979886    6.156209    5.153852    4.125564    3.148351    2.315869    1.653241    1.116478    0.681274    0.367475    0.174338    0.064989    0.017955    20.423     1.984     4.909    30.936     4.003     4.007     3.858     3.836   0.95397    7.125840    6.603308    6.182133    5.760439    5.198919    4.564017    3.877154    3.207876    2.583498    1.993395    1.440148    0.952453    0.561679    0.287484    0.108009   10.008751    9.240650    8.618676    7.993796    7.158325    6.225440    5.222592    4.256235    3.369487    2.549159    1.798950    1.158567    0.663444    0.329811    0.120524     0.000     1.761     4.288    16.017     3.765     3.736     3.638     3.609   1.08760
    225401  10  8151.4 603756      9999 20191128   34015.4   55615.4  401233.4  33.8902437  -91.9222509    599657.85   3750509.20    374315.93   1210743.10  211.37  212.94  133.81  128.17   77.00  49212.644   -103.761  135.48    2.58    0.06   -2.74   92.37 -108.00  -50.00  120.00 -107.61  -53.20 -106.16   -2.02  -54.20    0.56    2.30   -4.14   91.26    6.116984    5.346028    4.793525    4.248210    3.597256    2.924758    2.272134    1.713531    1.253022    0.863959    0.545135    0.303893    0.153984    0.060673    0.018141    8.533677    7.363379    6.541453    5.731027    4.782066    3.818219    2.905941    2.142830    1.527359    1.023096    0.623936    0.334280    0.162769    0.061132    0.017895     0.000     2.233     5.044    33.198     4.018     4.005     3.876     3.851   1.02371    7.230740    6.659622    6.225847    5.774897    5.192240    4.544079    3.854694    3.186420    2.565532    1.977180    1.425554    0.940485    0.550436    0.281655    0.103761    9.461574    8.677723    8.087066    7.463801    6.669179    5.785759    4.855568    3.959423    3.142955    2.380838    1.681024    1.083530    0.618089    0.307847    0.110044     0.000     1.736     4.635    13.544     3.709     3.694     3.600     3.569   0.91970
    225401  10  8155.4 603756      9999 20191128   34019.4   55619.4  401237.4  33.8901702  -91.9200552    599860.99   3750503.18    374517.72   1210743.55  209.72  211.29  135.01  129.20   74.13  49213.490   -102.869  136.68    2.05    0.14   -4.07   91.78 -108.00  -50.00  120.00 -107.60  -52.15 -106.63   -5.18  -52.90    0.97   -1.82   -3.74   88.96    5.671862    4.967662    4.431852    3.930493    3.332960    2.729774    2.144358    1.634497    1.201129    0.835222    0.522886    0.292262    0.144998    0.056625    0.016522    8.212044    7.074671    6.260632    5.487632    4.586328    3.692820    2.841009    2.121039    1.520391    1.028768    0.622603    0.334645    0.157236    0.058834    0.016130     0.000     2.198     5.227    33.544     4.013     4.018     3.880     3.866   1.03437    7.408949    6.766160    6.314015    5.842598    5.240427    4.577531    3.880068    3.202901    2.571639    1.968377    1.408211    0.917844    0.531427    0.267160    0.098434    9.698036    8.828290    8.219596    7.575618    6.758505    5.861403    4.924032    4.017474    3.183707    2.397820    1.681905    1.072248    0.605140    0.296500    0.106691     0.000     1.881     5.017    13.920     3.734     3.718     3.600     3.590   0.94517
    225401  10  8159.4 603756      9999 20191128   34023.4   55623.4  401241.4  33.8901293  -91.9178255    600067.22   3750500.82    374722.47   1210747.77  208.39  209.97  138.45  135.56   69.35  49213.729   -102.604  140.13    0.81    0.17   -2.17   91.03 -108.00  -50.00  120.00 -107.30  -52.79 -106.90   -5.40  -52.05    0.60    0.10   -5.07   88.13    5.456499    4.706265    4.200052    3.732271    3.176885    2.627375    2.094339    1.613561    1.194974    0.837481    0.532636    0.300710    0.152191    0.061857    0.018448    8.624200    7.327831    6.461757    5.674205    4.754600    3.865204    3.019431    2.270336    1.640158    1.115623    0.685413    0.372189    0.180651    0.069984    0.019326   287.072     2.206     5.458    34.432     4.093     4.106     3.960     3.936   1.06175    7.144316    6.503042    6.049692    5.589497    5.021637    4.410450    3.766188    3.139750    2.540276    1.956819    1.403341    0.916408    0.528219    0.264424    0.098114    9.794003    8.885691    8.239635    7.577107    6.767936    5.895439    4.983152    4.097425    3.263853    2.466058    1.727563    1.098263    0.613531    0.297093    0.106094     0.000     2.070     5.451    13.063     3.689     3.676     3.589     3.557   0.88700
    225401  10  8163.4 603756      9999 20191128   34027.4   55627.4  401245.4  33.8901076  -91.9155491    600277.75   3750500.63    374931.41   1210754.32  203.80  205.38  132.61  132.08   70.60  49212.134   -104.184  134.28    1.31    1.92   -1.55   90.73 -108.00  -50.00  120.00 -110.00  -49.82 -109.22   -3.16  -48.25   -1.06   -0.10   -4.15   89.02    5.787812    5.008936    4.484270    3.983855    3.413074    2.839642    2.272465    1.760258    1.310355    0.912415    0.574924    0.318769    0.149635    0.056592    0.015134    8.831462    7.554237    6.692891    5.867421    4.947690    4.037097    3.156172    2.381137    1.724138    1.160357    0.704778    0.372495    0.165331    0.058885    0.014746     0.000     2.317     5.647    31.464     4.001     3.989     3.862     3.829   0.97023    6.770761    6.178375    5.774057    5.359377    4.849444    4.293332    3.703005    3.112853    2.534110    1.960419    1.415148    0.927293    0.518772    0.256128    0.085140    9.224730    8.370370    7.791473    7.193265    6.469169    5.678572    4.845553    4.020243    3.224346    2.448892    1.729401    1.105421    0.595838    0.284460    0.089824     0.000     2.460     5.911    14.905     3.727     3.708     3.628     3.560   1.01213
    225401  10  8167.4 603756      9999 20191128   34031.4   55631.4  401249.4  33.8900824  -91.9132302    600492.21   3750500.10    375144.26   1210760.67  200.40  201.98  126.59  125.25   73.21  49216.934    -99.367  128.27    2.17    0.32   -0.65   90.66 -108.00  -50.00  120.00 -108.69  -51.29 -107.61   -0.37  -51.16   -0.33    1.90   -3.69   90.44    6.980846    6.097539    5.454496    4.849440    4.138937    3.417664    2.701128    2.061778    1.513141    1.045963    0.644844    0.341271    0.171201    0.051914    0.018248    9.008504    7.817286    6.953175    6.143739    5.182892    4.221644    3.282085    2.455184    1.764436    1.190237    0.716287    0.374646    0.185661    0.056318    0.020148   745.029     2.676     6.429    32.374     4.083     4.116     4.033     3.937   0.99830    7.683767    7.059623    6.596968    6.120816    5.519773    4.860222    4.154263    3.465420    2.800350    2.135254    1.548543    1.007120    0.546844    0.282178    0.087683    9.407871    8.624359    8.045591    7.444736    6.684415    5.851053    4.964119    4.108100    3.285714    2.471347    1.754294    1.117770    0.599358    0.300386    0.092892     0.000     2.415     6.418    14.448     3.764     3.748     3.644     3.624   0.98112
    225401  10  8171.4 603756      9999 20191128   34035.4   55635.4  401253.4  33.8900633  -91.9108829    600709.30   3750500.28    375359.68   1210767.80  199.22  200.79  123.26  122.99   75.36  49220.165    -96.123  124.93    2.24    1.10   -2.01   91.07 -108.00  -50.00  120.00 -107.32  -52.88 -106.84   -1.13  -52.80    0.40    0.45   -2.99   90.44    8.584535    7.504519    6.763261    6.025819    5.116859    4.153964    3.214904    2.400857    1.739220    1.177905    0.730566    0.395939    0.170562    0.073184    0.012610    9.654336    8.405188    7.529774    6.684766    5.634700    4.541375    3.481779    2.565730    1.832302    1.220516    0.744604    0.395564    0.160643    0.067790    0.011458     0.000     2.022     6.575    33.541     4.021     4.038     3.894     3.872   1.03426    8.960115    8.264565    7.766695    7.221731    6.504614    5.695348    4.824881    3.958576    3.149719    2.382940    1.646418    1.029624    0.557903    0.275139    0.081661   10.154298    9.347993    8.750975    8.119580    7.304822    6.368580    5.364260    4.379102    3.459791    2.606161    1.790166    1.106216    0.589360    0.290691    0.083067     0.000     1.943     6.205    13.669     3.739     3.703     3.605     3.592   0.92821
    225401  10  8175.4 603756      9999 20191128   34039.4   55639.4  401257.4  33.8900225  -91.9085216    600927.71   3750498.07    375576.50   1210772.57  201.41  202.99  118.93  117.47   81.88  49219.190    -97.071  120.60    2.99    7.11   -1.83   92.47 -108.00  -50.00  120.00 -107.30  -52.50 -106.33   -1.21  -53.79    1.60    2.07   -3.96   91.68    9.033734    7.905005    7.117304    6.347703    5.394907    4.401118    3.398680    2.511853    1.788825    1.203358    0.732897    0.396934    0.186209    0.070238    0.018128    9.082391    7.916225    7.118254    6.332014    5.354042    4.343515    3.331622    2.441066    1.724255    1.151224    0.695144    0.372023    0.171670    0.063220    0.017375     0.000     2.470     5.090    33.120     4.024     4.026     3.901     3.869   1.02127    9.355212    8.673374    8.179356    7.638638    6.929062    6.088885    5.150478    4.221137    3.342040    2.518956    1.760764    1.111763    0.618089    0.304286    0.105271   10.021885    9.257657    8.715007    8.115103    7.349759    6.430380    5.416132    4.418394    3.485871    2.614435    1.819565    1.146023    0.635653    0.309364    0.107041     0.000     2.085     5.844    14.071     3.724     3.715     3.601     3.577   0.95548
    225401  10  8179.4 603756      9999 20191128   34043.4   55643.4  401261.4  33.8898885  -91.9061748    601144.88   3750485.53    375792.44   1210766.89  204.82  206.39  114.98  114.26   89.24  49220.335    -95.845  116.65    4.25    1.37   -3.51   94.02 -108.00  -50.00  120.00 -107.79  -51.50 -107.29    2.01  -51.73    2.07    6.53   -3.53   95.13    8.713329    7.630656    6.908099    6.177100    5.270413    4.309743    3.324410    2.452957    1.750985    1.194627    0.752611    0.429614    0.214702    0.090082    0.026492    8.447407    7.359787    6.643999    5.919364    5.027363    4.086834    3.127850    2.289523    1.618994    1.093271    0.679056    0.380430    0.185446    0.075238    0.021907     0.000     2.195     5.452    31.732     4.018     4.015     3.889     3.856   0.97848    9.103600    8.470359    7.983374    7.477318    6.799296    5.989343    5.068869    4.139141    3.271406    2.472382    1.747914    1.127194    0.641990    0.313017    0.108555    9.732398    9.037198    8.489343    7.926160    7.181749    6.294916    5.293534    4.298466    3.377549    2.539294    1.787981    1.152136    0.657759    0.320954    0.112575     0.000     2.037     5.088    15.463     3.792     3.780     3.661     3.626   1.05004
    225401  10  8183.4 603756      9999 20191128   34047.4   55647.4  401265.4  33.8897398  -91.9038862    601356.69   3750471.30    376003.10   1210759.35  215.87  217.45  126.70  123.87   88.58  49219.746    -96.345  128.37    3.46    2.54   -3.66   94.99 -108.00  -50.00  120.00 -105.23  -56.30 -103.59   -2.96  -58.75    2.80    1.30   -4.11   93.33    8.257262    7.228015    6.530308    5.862471    5.031165    4.131369    3.187410    2.340274    1.649488    1.113944    0.695710    0.393026    0.203116    0.087342    0.027581    8.064041    7.056825    6.356007    5.692728    4.867876    3.979377    3.049040    2.222229    1.553198    1.038951    0.641517    0.358496    0.184366    0.077414    0.024138    70.052     2.343     5.427    34.176     4.078     4.070     3.930     3.890   1.05385    8.951854    8.261538    7.787723    7.284205    6.629882    5.853051    4.960319    4.056469    3.216338    2.451045    1.764557    1.167086    0.683739    0.353337    0.130558    9.873849    9.058710    8.504561    7.925985    7.185107    6.303465    5.303030    4.303383    3.385488    2.557848    1.824699    1.200261    0.704903    0.362480    0.135871     0.000     1.969     5.473    12.585     3.688     3.677     3.594     3.554   0.85461
    225401  10  8187.4 603756      9999 20191128   34051.4   55651.4  401269.4  33.8895659  -91.9016663    601562.17   3750454.20    376207.59   1210748.71  218.91  220.48  114.14  112.41  104.17  49224.667    -91.320  115.81    4.91    3.90   -3.43   96.54 -108.00  -50.00  120.00 -107.40  -51.69 -105.81   -6.80  -54.43    2.74   -0.29   -5.89   92.78    8.270886    7.170947    6.470590    5.786155    4.949760    4.058228    3.125845    2.282170    1.597423    1.065254    0.664303    0.382122    0.186751    0.079289    0.025021    8.610464    7.423727    6.668297    5.930473    5.043512    4.105178    3.133858    2.263657    1.561769    1.025055    0.628389    0.352584    0.162234    0.067498    0.020643     0.000     2.312     5.547    31.926     4.007     4.001     3.860     3.848   0.98445    8.673066    8.065656    7.593450    7.120849    6.493177    5.740721    4.868975    3.983190    3.158050    2.406847    1.712843    1.152800    0.738983    0.372299    0.150244    9.455076    8.770822    8.224115    7.689627    6.990953    6.152824    5.189193    4.227947    3.346023    2.544887    1.803074    1.209827    0.773543    0.384623    0.153337     0.000     2.113     6.005    15.360     3.769     3.750     3.654     3.604   1.04306
    225401  10  8191.4 603756      9999 20191128   34055.4   55655.4  401273.4  33.8893305  -91.8994979    601762.98   3750430.24    376407.65   1210731.02  223.37  224.95  126.76  126.94   96.02  49223.914    -91.934  128.43    2.74    5.91   -3.09   98.25 -108.00  -50.00  120.00 -106.76  -53.08 -105.86   -2.45  -54.80    2.41    5.59   -7.12   96.86    8.417720    7.350370    6.618808    5.911070    5.053048    4.145654    3.202707    2.343642    1.630818    1.080870    0.666548    0.378903    0.192195    0.089897    0.028595    9.761456    8.459360    7.571804    6.719163    5.690163    4.611515    3.507215    2.518641    1.720036    1.122574    0.681859    0.382076    0.190089    0.086036    0.026338     0.000     1.733     5.766    33.528     4.057     4.039     3.908     3.885   1.03384    8.942210    8.302450    7.809586    7.304965    6.640440    5.857222    4.955339    4.014832    3.126105    2.324668    1.636089    1.066419    0.618957    0.325488    0.116423   10.603486    9.803880    9.194359    8.569250    7.751467    6.791414    5.694500    4.568866    3.516210    2.583282    1.792452    1.151091    0.656966    0.339468    0.119111     0.000     1.604     6.120    13.898     3.732     3.714     3.616     3.602   0.94377
    225401  10  8195.4 603756      9999 20191128   34059.4   55659.4  401277.4  33.8890193  -91.8973359    601963.28   3750397.88    376607.49   1210704.85  221.87  223.44  121.13  120.10  100.14  49221.356    -94.308  122.80    3.36   -5.86   -2.54   97.64 -108.00  -50.00  120.00 -108.98  -51.83 -107.21    1.06  -52.31    0.65    3.97   -3.75   98.32    7.899452    6.922593    6.282822    5.641394    4.864936    4.025355    3.131413    2.302968    1.610713    1.081534    0.681310    0.401328    0.219720    0.105288    0.037822    8.607362    7.505588    6.784592    6.057662    5.192434    4.261922    3.280850    2.381716    1.638572    1.080542    0.666640    0.383617    0.205900    0.095708    0.033144     0.000     2.333     5.684    31.388     3.991     3.986     3.851     3.860   0.96785    8.530660    7.871303    7.444118    6.973069    6.359279    5.629337    4.779720    3.891255    3.049540    2.291919    1.632782    1.080893    0.644858    0.342204    0.123809    9.647856    8.876092    8.368963    7.813390    7.102074    6.253093    5.273544    4.260936    3.313019    2.466890    1.740977    1.142406    0.674890    0.354781    0.125061     0.000     1.799     5.876    14.365     3.756     3.732     3.627     3.591   0.97551
    225401  10  8199.4 603756      9999 20191128   34063.4   55663.4  401281.4  33.8888213  -91.8951415    602166.44   3750378.11    376809.76   1210691.44  224.17  225.75  110.53  110.19  113.04  49216.900    -98.646  112.21    2.93   -0.12   -3.77   95.53 -108.00  -50.00  120.00 -105.16  -56.91 -104.50   -9.85  -55.54    0.72  -10.96   -2.24   89.96    9.205720    8.023097    7.228713    6.458830    5.521993    4.534104    3.503534    2.550790    1.763155    1.164686    0.738870    0.435570    0.238697    0.123881    0.042477    7.807301    6.813494    6.135635    5.489010    4.695573    3.859659    2.987595    2.181013    1.510692    0.998225    0.636778    0.374946    0.203056    0.105853    0.035139     0.000     2.293     5.991    35.167     4.064     4.044     3.908     3.897   1.08437    8.818338    8.191116    7.733194    7.254026    6.620855    5.865850    4.979185    4.040153    3.138444    2.333676    1.661984    1.103213    0.662487    0.370243    0.118686    8.303151    7.703599    7.272856    6.817051    6.221522    5.509791    4.685003    3.810306    2.967594    2.213623    1.590628    1.065421    0.644591    0.367566    0.118417     0.000     2.216     6.179    11.474     3.675     3.680     3.616     3.543   0.77921
    225401  10  8203.4 603756      9999 20191128   34067.4   55667.4  401285.4  33.8886894  -91.8929228    602371.77   3750365.69    377013.94   1210685.51  225.00  226.57  116.22  116.09  108.17  49225.055    -90.411  117.90    2.58   -0.23   -2.56   93.81 -108.00  -50.00  120.00 -107.42  -52.62 -106.28   -5.42  -53.86    1.34    0.30   -5.90   90.90    9.135755    8.034737    7.229352    6.464863    5.529213    4.548767    3.532341    2.598296    1.815033    1.194133    0.816211    0.487852    0.258773    0.138858    0.043643    8.244705    7.240318    6.525988    5.823555    4.981214    4.093424    3.177429    2.336954    1.646799    1.099624    0.735899    0.433188    0.226763    0.115487    0.034096    99.468     1.907     6.063    33.193     4.048     4.047     3.916     3.844   1.02351    9.605672    8.866420    8.338894    7.771276    7.047379    6.201668    5.237258    4.232056    3.229658    2.226483    1.636227    1.196338    0.691034    0.418019    0.157428    9.706790    8.923700    8.369345    7.766264    7.022671    6.157000    5.176646    4.170902    3.185484    2.245190    1.637012    1.174269    0.700525    0.407880    0.154799     0.000     1.682     6.689    14.056     3.760     3.725     3.619     3.610   0.95455
    225401  10  8207.4 603756      9999 20191128   34071.4   55671.4  401289.4  33.8885720  -91.8906875    602578.61   3750354.90    377219.57   1210681.27  223.38  224.96  123.58  118.40   99.21  49224.091    -91.304  125.25    2.98   -0.96   -3.07   93.16 -108.00  -50.00  120.00 -108.26  -52.07 -107.30    1.96  -52.00    1.11    6.14   -3.80   94.28    8.566591    7.434404    6.716186    5.979977    5.095435    4.181604    3.236669    2.380294    1.682556    1.138047    0.722900    0.423450    0.232317    0.100876    0.036238    9.314267    8.032345    7.213943    6.391493    5.399644    4.386659    3.352007    2.427394    1.691427    1.126255    0.703694    0.406054    0.211850    0.088446    0.029151     0.000     2.179     5.995    31.991     4.006     4.013     3.885     3.859   0.98643    9.011592    8.334555    7.842890    7.341346    6.675829    5.899311    5.000187    4.064155    3.155359    2.347940    1.664176    1.103865    0.684621    0.360980    0.134279   10.311513    9.482557    8.898596    8.292511    7.510439    6.596795    5.557209    4.484687    3.452413    2.542553    1.786679    1.174353    0.717630    0.373322    0.138170     0.000     2.046     6.577    14.636     3.762     3.752     3.644     3.613   0.99392
    225401  10  8211.4 603756      9999 20191128   34075.4   55675.4  401293.4  33.8884859  -91.8884547    602785.19   3750347.58    377424.82   1210680.53  227.19  228.77  129.98  123.26   96.61  49222.789    -92.553  131.66    3.92    0.45   -3.12   92.48 -108.00  -50.00  120.00 -107.01  -54.52 -105.06   -2.31  -56.45    1.27   -0.30   -2.51   91.17    7.432875    6.510467    5.865533    5.250856    4.505940    3.713738    2.892209    2.140551    1.510646    1.027777    0.656290    0.382650    0.201840    0.092697    0.030903    9.195965    8.007394    7.146315    6.350379    5.382538    4.373842    3.348275    2.428157    1.679086    1.112475    0.686518    0.384499    0.194614    0.083977    0.026049     0.000     2.412     5.824    32.938     4.032     4.019     3.885     3.866   1.01565    8.279698    7.662375    7.192226    6.721310    6.099648    5.382699    4.566435    3.727242    2.944442    2.226871    1.591733    1.063934    0.639287    0.336482    0.129234   10.211468    9.421591    8.830146    8.230761    7.439879    6.528037    5.493893    4.443280    3.468239    2.592445    1.829076    1.204090    0.709826    0.368471    0.139810     0.000     2.288     5.964    13.427     3.729     3.699     3.591     3.563   0.91182
    225401  10  8215.4 603756      9999 20191128   34079.4   55679.4  401297.4  33.8884158  -91.8862445    602989.67   3750342.02    377627.92   1210681.48  229.07  230.65  128.36  131.74  100.12  49223.344    -91.954  130.03    3.27   -1.33   -2.42   91.49 -108.00  -50.00  120.00 -106.63  -53.12 -106.04   -4.20  -54.32    2.00   -1.67   -3.99   89.16    6.127651    5.391891    4.844449    4.361229    3.748325    3.107518    2.447691    1.839693    1.331748    0.926413    0.591908    0.349742    0.183179    0.081842    0.026805    8.732039    7.614293    6.787961    6.059459    5.134086    4.188531    3.228877    2.363232    1.663812    1.121306    0.688260    0.388849    0.191463    0.079026    0.023785     0.000     1.760     5.591    33.409     4.009     4.007     3.884     3.850   1.03017    8.069846    7.418928    6.958396    6.480795    5.880097    5.181926    4.394852    3.598032    2.849558    2.169715    1.565669    1.052324    0.640022    0.344644    0.140629   10.533853    9.673169    9.051047    8.412858    7.602073    6.662024    5.602502    4.536205    3.545935    2.657569    1.883286    1.240177    0.736714    0.387999    0.154179     0.000     2.044     5.472    14.199     3.740     3.708     3.609     3.597   0.96429
    225401  10  8219.4 603756      9999 20191128   34083.4   55683.4  401301.4  33.8883827  -91.8840324    603194.28   3750340.58    377831.02   1210686.59  234.61  236.18  138.33  135.76   95.67  49224.309    -90.966  140.01    3.85   -3.38   -1.94   89.99 -108.00  -50.00  120.00 -106.68  -54.61 -104.69   -2.40  -56.73    1.66   -0.67   -3.14   88.68    6.107754    5.413378    4.942450    4.466860    3.877819    3.237570    2.562418    1.924820    1.383567    0.943639    0.592738    0.342407    0.176635    0.077151    0.025594    9.735075    8.527895    7.702727    6.884562    5.880983    4.808742    3.703699    2.692852    1.866942    1.222871    0.733372    0.403887    0.198598    0.082391    0.025942     0.000     2.188     5.349    33.397     4.008     4.017     3.891     3.861   1.02978    7.346843    6.808201    6.430926    6.026536    5.505943    4.893027    4.188183    3.462353    2.765160    2.119993    1.540549    1.040413    0.634114    0.342575    0.137294   10.474720    9.678750    9.127506    8.522340    7.743311    6.825749    5.773104    4.696239    3.676438    2.752637    1.946460    1.276384    0.754761    0.394373    0.152705     0.000     2.152     5.121    13.208     3.707     3.685     3.578     3.540   0.89700
    225401  10  8223.4 603756      9999 20191128   34087.4   55687.4  401305.4  33.8884257  -91.8818432    603396.67   3750347.55    378031.64   1210700.10  235.58  237.15  136.14  134.28   98.84  49225.514    -89.784  137.81    0.26    2.71   -2.99   88.81 -108.00  -50.00  120.00 -107.35  -52.09 -107.25   -5.09  -51.79    1.81   -3.20   -3.80   85.99    5.954293    5.337545    4.880250    4.420174    3.840153    3.217967    2.555800    1.928347    1.388153    0.946588    0.605200    0.353125    0.183899    0.086898    0.028656    9.080947    8.107361    7.335874    6.597252    5.661890    4.676282    3.642169    2.685075    1.882413    1.244215    0.767382    0.431326    0.216154    0.098171    0.030838     0.000     2.152     5.218    34.434     4.028     4.031     3.918     3.874   1.06176    7.642118    7.095824    6.664666    6.238394    5.677540    5.025466    4.281649    3.515681    2.788227    2.122168    1.531741    1.030668    0.626994    0.334649    0.133727   10.115782    9.375715    8.801977    8.214335    7.441191    6.549310    5.529485    4.484993    3.504275    2.621312    1.855134    1.221277    0.723431    0.375282    0.144536     0.000     1.751     4.814    13.410     3.732     3.696     3.575     3.571   0.91069
    225401  10  8227.4 603756      9999 20191128   34091.4   55691.4  401309.4  33.8884744  -91.8796071    603603.39   3750355.20    378236.54   1210714.43  226.97  228.55  117.68  115.30  108.69  49226.653    -88.669  119.36    1.50    2.68   -0.75   88.80 -108.00  -50.00  120.00 -110.63  -47.06 -109.64   -3.47  -47.26   -1.03    0.59   -5.23   86.89    7.069015    6.257330    5.698485    5.110179    4.416230    3.670674    2.901030    2.185677    1.581187    1.092198    0.699853    0.416555    0.222754    0.104791    0.036064    7.476524    6.594880    5.959971    5.327498    4.568805    3.768093    2.947142    2.198781    1.574883    1.079043    0.685507    0.404364    0.214281    0.099253    0.033711     0.000     1.891     5.151    30.414     3.991     4.001     3.876     3.822   0.93780    7.783637    7.251847    6.840090    6.424512    5.871134    5.221850    4.472038    3.689570    2.933368    2.232858    1.607476    1.073786    0.648180    0.342648    0.132226    8.643233    8.011784    7.528234    7.045660    6.405657    5.664294    4.818168    3.950044    3.120870    2.360576    1.688487    1.120767    0.670341    0.352821    0.134671     0.000     1.587     5.056    16.552     3.777     3.767     3.643     3.629   1.12410
    225401  10  8231.4 603756      9999 20191128   34095.4   55695.4  401313.4  33.8884995  -91.8773354    603813.44   3750360.27    378444.83   1210726.27  223.88  225.45  108.33  107.03  114.95  49226.826    -88.508  110.00    1.92    0.00   -2.19   88.83 -108.00  -50.00  120.00 -107.30  -53.55 -106.43    1.41  -53.25    0.49    3.98   -3.77   89.60    8.323796    7.295927    6.607113    5.891669    5.040860    4.146151    3.223806    2.384838    1.692455    1.148608    0.726868    0.425342    0.225022    0.104075    0.035828    6.305773    5.533635    5.028284    4.494900    3.862536    3.194585    2.501325    1.868063    1.338204    0.917537    0.586882    0.346289    0.182896    0.084427    0.028269     0.000     2.332     5.171    33.758     4.032     4.041     3.919     3.880   1.04090    8.750528    8.147911    7.651641    7.158944    6.496303    5.732722    4.867182    3.981874    3.141094    2.374173    1.701359    1.133178    0.683553    0.361747    0.140142    7.846238    7.280669    6.849652    6.410994    5.813010    5.125043    4.365403    3.582347    2.837565    2.157125    1.556878    1.047765    0.640342    0.344182    0.135962     0.000     1.895     5.678    13.128     3.728     3.703     3.634     3.578   0.89156
    225401  10  8235.4 603756      9999 20191128   34099.4   55699.4  401317.4  33.8885446  -91.8750684    604023.03   3750367.57    378652.58   1210740.34  222.18  223.75  114.62  114.08  106.96  49228.114    -87.243  116.29    2.57   -0.15   -2.16   88.42 -108.00  -50.00  120.00 -107.84  -52.39 -106.96   -1.14  -52.66    0.06    0.10   -2.31   87.77    9.092765    7.976127    7.215621    6.437457    5.493713    4.497195    3.477731    2.552449    1.790516    1.191779    0.741940    0.430757    0.224700    0.097728    0.033367    8.137492    7.140970    6.457483    5.756396    4.911210    4.015104    3.102620    2.275377    1.598315    1.064722    0.662630    0.380657    0.197347    0.085067    0.027948     0.000     2.242     4.979    32.575     4.040     4.035     3.909     3.885   1.00443    9.398118    8.697949    8.158964    7.599959    6.898613    6.086949    5.144612    4.188286    3.284995    2.436508    1.734133    1.195064    0.706291    0.384982    0.154503    9.450304    8.725764    8.173000    7.597697    6.880568    6.050655    5.097708    4.140922    3.240027    2.402219    1.707975    1.176748    0.699786    0.381667    0.154537     0.000     2.233     5.484    14.336     3.783     3.730     3.658     3.614   0.97365
    225401  10  8239.4 603756      9999 20191128   34103.4   55703.4  401321.4  33.8886082  -91.8728278    604230.14   3750376.88    378857.82   1210756.36  227.26  228.84  117.89  123.48  108.77  49228.470    -86.920  119.56    6.57    1.49   -2.15   88.38 -108.00  -50.00  120.00 -107.09  -54.28 -103.52   -4.91  -58.73    1.56   -0.54   -4.67   85.60    8.769473    7.741252    6.987443    6.244731    5.337141    4.374298    3.387412    2.492975    1.755584    1.178393    0.738818    0.428136    0.224444    0.102782    0.032677    9.510384    8.371266    7.506184    6.670871    5.652241    4.584713    3.501471    2.533986    1.751949    1.151040    0.703855    0.396461    0.201911    0.088259    0.026329   451.714     1.675     4.809    32.041     4.094     4.108     4.023     3.944   0.98796    8.774767    8.132246    7.659318    7.170158    6.517124    5.755825    4.882844    3.981533    3.129212    2.358149    1.685652    1.125704    0.678021    0.360047    0.135828   10.363030    9.549827    8.961558    8.350238    7.553001    6.621938    5.572325    4.502808    3.506733    2.616891    1.850585    1.221716    0.725535    0.379514    0.139900     0.000     2.177     4.827    14.187     3.756     3.733     3.618     3.605   0.96354
    225401  10  8243.4 603756      9999 20191128   34107.4   55707.4  401325.4  33.8886559  -91.8706657    604430.03   3750384.37    379055.93   1210770.31  236.48  238.06  130.49  126.30  105.40  49228.866    -86.549  132.16    3.22    4.85   -2.22   89.59 -108.00  -50.00  120.00 -104.49  -56.16 -103.65   -4.72  -58.03    3.87    2.98   -6.83   86.93    5.720942    5.041983    4.540167    4.083602    3.504314    2.896953    2.273592    1.700894    1.220610    0.838918    0.532896    0.311185    0.163133    0.068672    0.022223    7.169597    6.277728    5.615914    5.012618    4.261699    3.481954    2.691646    1.981715    1.394464    0.937541    0.579475    0.327002    0.164794    0.065493    0.020719    26.530     2.624     4.390    35.654     4.056     4.055     3.934     3.898   1.09935    8.072877    7.450529    6.991565    6.504041    5.881219    5.173500    4.377709    3.570679    2.814741    2.130589    1.531368    1.026470    0.623920    0.328323    0.123680    9.534012    8.793879    8.242020    7.660046    6.913816    6.063380    5.110080    4.141633    3.240247    2.430860    1.729528    1.145434    0.686882    0.356260    0.131765     0.000     2.031     4.370    11.950     3.676     3.661     3.572     3.534   0.81160
    225401  10  8247.4 603756      9999 20191128   34111.4   55711.4  401329.4  33.8886338  -91.8685026    604630.09   3750384.13    379254.48   1210776.48  237.65  239.23  134.53  129.81  102.52  49228.736    -86.662  136.21    3.14    2.40   -2.51   91.42 -108.00  -50.00  120.00 -108.17  -51.40 -106.84   -0.96  -52.86    1.13    5.49   -5.92   90.94    5.477320    4.854261    4.371878    3.921035    3.370815    2.785316    2.188475    1.639278    1.178873    0.816099    0.528948    0.315404    0.164769    0.071867    0.023591    8.170283    7.136780    6.361937    5.637665    4.769442    3.863013    2.959269    2.155941    1.503247    1.008979    0.628852    0.360100    0.179502    0.074126    0.022793     0.000     1.709     4.220    32.270     3.986     4.005     3.876     3.833   0.99498    6.973859    6.469394    6.067947    5.658178    5.128243    4.520791    3.841756    3.153995    2.509421    1.923993    1.404854    0.957086    0.591688    0.319685    0.126361    9.460719    8.747417    8.182305    7.593334    6.838844    5.972317    5.015379    4.055538    3.173046    2.388172    1.707892    1.136897    0.684386    0.359854    0.137402     0.000     1.748     4.186    14.750     3.732     3.710     3.613     3.580   1.00176
    225401  10  8251.4 603756      9999 20191128   34115.4   55715.4  401333.4  33.8885600  -91.8663130    604832.66   3750378.18    379455.71   1210776.98  238.26  239.83  132.03  131.23  105.63  49228.545    -86.807  133.71    2.21    4.85   -1.12   93.59 -108.00  -50.00  120.00 -106.13  -54.20 -106.22   -0.86  -53.59    0.52    2.25   -5.07   93.00    5.460064    4.823791    4.332556    3.872793    3.300362    2.704548    2.110544    1.585830    1.161888    0.823828    0.547791    0.336777    0.185964    0.088423    0.030781    7.518420    6.579656    5.854508    5.182992    4.358709    3.511729    2.681512    1.971523    1.410645    0.975095    0.629829    0.374554    0.198783    0.090231    0.029452     0.000     1.972     4.431    34.477     4.026     4.009     3.886     3.884   1.06303    7.009509    6.459726    6.042947    5.613371    5.059935    4.430080    3.738884    3.052268    2.422113    1.855953    1.357724    0.927984    0.574009    0.310024    0.125525    8.914501    8.195276    7.646126    7.079272    6.346275    5.515655    4.608724    3.717922    2.912132    2.199619    1.584352    1.063370    0.645460    0.340514    0.134850     0.000     1.367     4.159    12.942     3.707     3.689     3.589     3.560   0.87901
    225401  10  8255.4 603756      9999 20191128   34119.4   55719.4  401337.4  33.8883960  -91.8640846    605038.93   3750362.26    379660.93   1210767.57  237.33  238.90  126.74  124.15  109.98  49228.304    -86.949  128.42    2.93   -0.56   -1.48   94.63 -108.00  -50.00  120.00 -107.65  -54.11 -106.41    1.96  -53.61    0.70    4.90   -4.18   95.70    5.896138    5.128617    4.621367    4.118357    3.509724    2.874830    2.244548    1.674892    1.212776    0.840203    0.547497    0.325379    0.169669    0.073708    0.023954    7.450369    6.406001    5.729251    5.057679    4.265319    3.447115    2.645879    1.938493    1.374679    0.931118    0.589444    0.339850    0.169291    0.069944    0.021869    29.140     2.345     4.643    32.807     4.038     4.029     3.893     3.878   1.01154    6.915102    6.347943    5.933779    5.511680    4.968622    4.352788    3.674624    3.010316    2.401630    1.854574    1.365815    0.936516    0.577726    0.314430    0.129431    8.580363    7.846387    7.305917    6.758739    6.061115    5.273097    4.414234    3.573382    2.815586    2.144190    1.555189    1.048280    0.635080    0.338397    0.135851     0.000     2.431     4.195    13.274     3.715     3.691     3.615     3.559   0.90152
    225401  10  8259.4 603756      9999 20191128   34123.4   55723.4  401341.4  33.8882329  -91.8618467    605246.08   3750346.47    379867.03   1210758.30  238.92  240.49  132.20  129.86  106.12  49227.275    -87.879  133.87    3.82   -4.04   -3.30   93.89 -108.00  -50.00  120.00 -107.52  -53.22 -105.47   -0.58  -55.62    1.66   -0.34   -2.19   93.59    6.004565    5.289944    4.738061    4.233932    3.617086    2.981881    2.345226    1.760774    1.272468    0.876971    0.563938    0.331883    0.170874    0.075084    0.023791    7.536407    6.633043    5.897600    5.242060    4.432037    3.602329    2.781578    2.044818    1.439710    0.966071    0.601551    0.342156    0.169918    0.070517    0.021930     0.000     2.085     4.841    32.689     3.990     4.009     3.869     3.845   1.00790    7.303946    6.657815    6.205578    5.758289    5.199510    4.575220    3.881913    3.186326    2.534340    1.943639    1.416500    0.962943    0.586391    0.314695    0.126460    9.058885    8.239384    7.651941    7.074549    6.357987    5.558165    4.677679    3.800692    2.988840    2.262885    1.626555    1.087299    0.649025    0.341599    0.133902     0.000     2.118     4.253    13.994     3.726     3.707     3.593     3.567   0.95045
    225401  10  8263.4 603756      9999 20191128   34127.4   55727.4  401345.4  33.8881436  -91.8596138    605452.68   3750338.86    380072.30   1210757.27  240.72  242.30  121.63  120.69  118.49  49229.591    -85.508  123.30    3.13   -1.35   -2.44   92.24 -108.00  -50.00  120.00 -107.05  -52.69 -105.89   -5.56  -54.38    1.92   -4.36   -3.53   89.15    5.660863    4.989436    4.547278    4.070416    3.514986    2.916105    2.300117    1.736384    1.256165    0.864484    0.555949    0.331465    0.168824    0.074957    0.023616    6.143748    5.365505    4.877088    4.347634    3.730507    3.072629    2.402336    1.794328    1.282111    0.868918    0.550934    0.323412    0.160676    0.069168    0.021712     0.000     2.172     5.147    33.376     4.012     4.001     3.889     3.858   1.02909    7.274159    6.744078    6.324858    5.906780    5.357974    4.726664    4.017398    3.294104    2.614938    1.997019    1.448263    0.976926    0.598530    0.322222    0.133134    8.070130    7.477731    7.000395    6.527104    5.906090    5.194744    4.398763    3.588817    2.833387    2.150373    1.548674    1.036951    0.630290    0.336403    0.137671     0.000     2.114     4.781    14.165     3.732     3.719     3.619     3.606   0.96207
    225401  10  8267.4 603756      9999 20191128   34131.4   55731.4  401349.4  33.8880958  -91.8573800    605659.32   3750335.85    380277.46   1210760.86  243.33  244.91  125.63  124.63  117.10  49225.143    -89.924  127.31    2.79    0.04   -3.62   91.23 -108.00  -50.00  120.00 -106.73  -53.22 -106.53   -5.31  -52.98    1.26   -1.29   -5.17   88.36    5.396460    4.800459    4.339373    3.906809    3.377926    2.804874    2.222702    1.677273    1.213840    0.839334    0.541689    0.323995    0.172498    0.079047    0.027187    5.788017    5.118911    4.620686    4.148114    3.569234    2.946129    2.317335    1.733370    1.242459    0.848215    0.538382    0.317207    0.165634    0.074123    0.024979     0.000     2.081     5.513    33.512     4.028     4.030     3.897     3.871   1.03327    7.138849    6.563831    6.156964    5.729956    5.189188    4.571906    3.884215    3.186260    2.535531    1.936337    1.410758    0.960434    0.593282    0.318329    0.130675    8.002982    7.329866    6.863730    6.372424    5.753962    5.049088    4.270728    3.482139    2.754618    2.086412    1.509398    1.020908    0.628405    0.334510    0.136390     0.000     2.412     5.534    14.005     3.718     3.693     3.602     3.585   0.95122
    225401  10  8271.4 603756      9999 20191128   34135.4   55735.4  401353.4  33.8880741  -91.8551523    605865.35   3750335.74    380481.94   1210767.36  246.37  247.95  124.72  122.87  121.05  49222.522    -92.529  126.40    4.36    3.26   -2.60   91.33 -108.00  -50.00  120.00 -107.98  -51.56 -106.31   -4.30  -54.09    1.56    1.64   -6.22   88.97    4.889123    4.272481    3.871489    3.502171    3.041743    2.551071    2.037077    1.557075    1.144934    0.797749    0.521501    0.317851    0.171938    0.078034    0.027374    5.725771    4.928089    4.449291    3.986186    3.430880    2.840423    2.234033    1.677095    1.207009    0.823483    0.524088    0.310315    0.161934    0.069603    0.023484     0.000     1.974     5.637    31.559     3.992     4.004     3.868     3.850   0.97304    6.211562    5.856288    5.485886    5.165372    4.706084    4.180635    3.581725    2.966443    2.378060    1.831539    1.340931    0.917463    0.566330    0.306598    0.123332    7.534977    7.039113    6.570460    6.161893    5.583155    4.928770    4.191084    3.436608    2.725779    2.074893    1.500496    1.012599    0.615478    0.328142    0.129715     0.000     1.796     5.709    15.378     3.734     3.707     3.623     3.573   1.04447
    225401  10  8275.4 603756      9999 20191128   34139.4   55739.4  401357.4  33.8880130  -91.8529526    606068.85   3750331.24    380684.03   1210769.35  249.75  251.32  134.22  133.00  114.94  49219.904    -95.107  135.89    2.52    0.08   -2.03   91.85 -108.00  -50.00  120.00 -107.20  -52.99 -105.93   -1.44  -54.75    2.01    3.06   -5.28   91.06    4.182436    3.728269    3.382607    3.074997    2.665867    2.232516    1.779345    1.355396    0.989622    0.695464    0.455334    0.270585    0.139932    0.058915    0.019449    5.680547    5.004871    4.509737    4.061630    3.476906    2.866197    2.239653    1.666964    1.186415    0.811697    0.516219    0.294185    0.146007    0.057673    0.018565     0.000     2.059     5.728    33.442     4.001     4.017     3.879     3.844   1.03112    6.137915    5.643274    5.310342    4.965833    4.525593    4.013418    3.435902    2.840878    2.275618    1.757494    1.300499    0.893261    0.549402    0.293657    0.114210    7.924954    7.257583    6.807189    6.343284    5.749906    5.063340    4.290951    3.505087    2.769511    2.108893    1.539716    1.037268    0.623324    0.324799    0.121135     0.000     1.839     6.108    13.811     3.713     3.691     3.588     3.552   0.93806
    225401  10  8279.4 603756      9999 20191128   34143.4   55743.4  401361.4  33.8879425  -91.8507331    606274.18   3750325.71    380887.98   1210770.37  247.58  249.15  139.31  133.67  107.67  49227.004    -87.963  140.99    2.24    0.43   -4.20   92.10 -108.00  -50.00  120.00 -107.98  -51.33 -107.87   -2.11  -50.47    0.52    2.96   -4.17   91.00    4.102690    3.626334    3.289447    3.002419    2.603332    2.182472    1.748078    1.344681    0.993249    0.676726    0.403284    0.256027    0.137334    0.055265    0.023858    6.803903    5.907120    5.272367    4.773506    4.071108    3.349608    2.621978    1.965397    1.403596    0.889487    0.476979    0.309251    0.155339    0.056190    0.027200    79.414     2.076     6.372    32.843     4.036     4.036     3.908     3.900   1.01262    5.616686    5.243763    4.944374    4.606064    4.180905    3.690340    3.142804    2.586162    2.075956    1.675835    1.342224    0.875302    0.533534    0.297561    0.102280    7.923130    7.359162    6.918557    6.416537    5.778969    5.054296    4.244551    3.442233    2.720073    2.157381    1.673658    1.059837    0.628186    0.334870    0.110554     0.000     2.093     6.489    14.636     3.789     3.748     3.632     3.591   0.99407
    225401  10  8283.4 603756      9999 20191128   34147.4   55747.4  401365.4  33.8878837  -91.8484848    606482.17   3750321.51    381094.52   1210772.82  248.02  249.59  133.43  130.60  113.99  49225.619    -89.310  135.10    2.38    2.10   -2.08   92.08 -108.00  -50.00  120.00 -107.08  -53.38 -106.29   -5.25  -53.50    0.33   -2.28   -5.53   89.15    4.290193    3.855929    3.486370    3.143957    2.710837    2.243692    1.774876    1.346546    0.987002    0.692544    0.458351    0.279391    0.137416    0.068351    0.017882    6.192753    5.487511    4.918743    4.390315    3.729093    3.027406    2.337171    1.730805    1.236966    0.845405    0.540578    0.320366    0.153238    0.071171    0.019082    66.345     2.193     5.656    33.511     4.037     4.019     3.889     3.897   1.03321    5.692770    5.264174    4.929756    4.594153    4.167078    3.677430    3.132228    2.593210    2.086073    1.621194    1.207396    0.832315    0.434610    0.264098    0.090975    7.675139    7.078549    6.596430    6.111298    5.502794    4.808879    4.040182    3.293323    2.605274    1.986669    1.453854    0.985250    0.493384    0.298841    0.101850     0.000     2.267     6.299    13.585     3.718     3.684     3.579     3.553   0.92269
    225401  10  8287.4 603756      9999 20191128   34151.4   55751.4  401369.4  33.8878046  -91.8462248    606691.27   3750315.10    381302.24   1210773.06  249.19  250.77  140.00  136.26  108.59  49223.121    -91.758  141.68    2.82    0.55   -2.08   92.28 -108.00  -50.00  120.00 -107.71  -52.79 -106.58   -2.21  -53.57    1.40    2.29   -5.05   91.08    4.191912    3.745508    3.403213    3.073751    2.649325    2.190557    1.724359    1.303805    0.955208    0.670178    0.440123    0.268542    0.142456    0.060926    0.021451    6.763981    5.966892    5.350534    4.777811    4.042704    3.265841    2.496017    1.827113    1.292147    0.870632    0.546265    0.318572    0.159657    0.063194    0.021150    27.002     2.290     5.617    32.802     3.998     4.011     3.891     3.858   1.01135    5.845726    5.413084    5.071847    4.728553    4.275566    3.759325    3.187054    2.616888    2.090951    1.615155    1.192728    0.820959    0.511414    0.282429    0.116560    8.402538    7.734881    7.227534    6.696450    6.009862    5.229019    4.368505    3.526015    2.764557    2.092309    1.511340    1.014821    0.614057    0.329202    0.132203     0.000     1.748     5.757    14.012     3.695     3.661     3.575     3.555   0.95174
    225401  10  8291.4 603756      9999 20191128   34155.4   55755.4  401373.4  33.8877368  -91.8439604    606900.75   3750309.93    381510.30   1210774.57  249.84  251.41  145.93  142.64  103.30  49220.401    -94.434  147.61    1.75    2.38   -1.91   92.38 -108.00  -50.00  120.00 -107.72  -52.06 -106.93   -1.81  -52.77    1.08    0.84   -4.58   91.34    4.120730    3.683299    3.343776    3.026401    2.616421    2.167548    1.707696    1.294698    0.945563    0.661210    0.433351    0.263242    0.138394    0.058045    0.020325    7.946694    6.988734    6.262458    5.571925    4.712081    3.791236    2.883354    2.098566    1.469202    0.981263    0.611927    0.352203    0.172424    0.066913    0.021012    33.280     2.446     5.420    33.315     4.023     4.019     3.886     3.852   1.02716    5.781370    5.368343    5.035674    4.696782    4.251482    3.744524    3.179184    2.610255    2.085495    1.612942    1.192316    0.821593    0.511212    0.280883    0.116565    9.206656    8.498788    7.932347    7.348998    6.593859    5.733335    4.782216    3.842483    2.995501    2.253373    1.614604    1.075383    0.643426    0.338946    0.133848     0.000     1.873     5.255    13.989     3.702     3.687     3.584     3.569   0.95019
    225401  10  8295.4 603756      9999 20191128   34159.4   55759.4  401377.4  33.8876482  -91.8416711    607112.57   3750302.49    381720.75   1210773.88  246.31  247.89  140.00  144.28  105.71  49217.814    -96.965  141.68    1.99    0.64   -0.52   92.72 -108.00  -50.00  120.00 -109.44  -48.97 -108.81   -1.27  -49.05    0.24    2.49   -4.48   92.01    4.067687    3.702474    3.325541    3.024046    2.614351    2.178955    1.732317    1.326616    0.983028    0.697372    0.463148    0.283954    0.153305    0.068730    0.023565    8.603611    7.699651    6.811233    6.086881    5.124570    4.138969    3.163640    2.321422    1.640910    1.107838    0.695973    0.400706    0.202602    0.084230    0.025817     0.000     1.961     5.188    31.463     3.981     3.987     3.844     3.860   0.97008    5.678180    5.277280    4.962335    4.634857    4.205542    3.711277    3.160106    2.605111    2.088095    1.618581    1.198250    0.828183    0.514276    0.282887    0.115502    9.578347    8.866958    8.278435    7.685464    6.905486    6.009838    5.022716    4.039615    3.150402    2.366551    1.691300    1.124826    0.667213    0.350225    0.135123     0.000     1.825     4.829    15.800     3.755     3.734     3.639     3.590   1.07322
    225401  10  8299.4 603756      9999 20191128   34163.4   55763.4  401381.4  33.8875479  -91.8393469    607327.63   3750293.79    381934.46   1210772.02  243.95  245.53  138.94  132.55  104.42  49215.756    -98.961  140.61    1.52   -0.30   -1.27   92.68 -108.00  -50.00  120.00 -108.38  -51.48 -107.57   -0.84  -51.59   -0.02    0.60   -3.79   92.20    4.706233    4.202235    3.822527    3.461566    2.992977    2.485912    1.964457    1.489860    1.086520    0.755652    0.492339    0.298808    0.160574    0.071726    0.024867    8.105261    7.123271    6.406381    5.726148    4.865034    3.947140    3.026974    2.218090    1.559200    1.039216    0.647075    0.374280    0.190643    0.080897    0.026065    34.833     1.665     5.002    32.805     4.026     4.011     3.877     3.869   1.01144    6.014667    5.597768    5.257993    4.918706    4.465835    3.944884    3.357001    2.761686    2.204630    1.699551    1.252577    0.859958    0.532076    0.287934    0.114807    8.892583    8.227775    7.693984    7.161941    6.451299    5.637623    4.725743    3.815880    2.983060    2.246164    1.611429    1.074215    0.644097    0.336427    0.128734     0.000     2.104     4.416    14.256     3.704     3.683     3.610     3.584   0.96835
    225401  10  8303.4 603756      9999 20191128   34167.4   55767.4  401385.4  33.8874604  -91.8369920    607545.51   3750286.56    382150.92   1210771.72  240.87  242.45  134.39  128.60  105.88  49213.403   -101.258  136.07    2.46    1.24   -2.47   92.44 -108.00  -50.00  120.00 -108.83  -50.34 -107.82   -0.87  -50.95    0.27    1.15   -4.01   91.97    5.223285    4.675658    4.245436    3.845848    3.327075    2.764412    2.178488    1.640698    1.193120    0.827752    0.540291    0.326210    0.173764    0.082198    0.028185    8.136179    7.194278    6.474668    5.796166    4.935824    4.022276    3.091786    2.258414    1.593072    1.067087    0.668733    0.386172    0.198008    0.088714    0.028971     0.000     1.995     4.860    32.118     4.013     3.985     3.878     3.843   0.99026    6.643058    6.179756    5.796322    5.423321    4.922122    4.337486    3.677350    3.010084    2.386439    1.823480    1.331365    0.911846    0.566986    0.308405    0.124287    9.197247    8.517718    7.968404    7.425061    6.702445    5.857576    4.912141    3.963177    3.089922    2.316670    1.655985    1.107043    0.668765    0.354439    0.138205     0.000     1.873     3.925    15.054     3.739     3.724     3.624     3.592   1.02253
    225401  10  8307.4 603756      9999 20191128   34171.4   55771.4  401389.4  33.8873856  -91.8346270    607764.31   3750280.74    382368.25   1210772.88  241.95  243.52  130.90  132.53  110.45  49211.554   -103.060  132.58    1.68    2.81   -0.57   92.72 -108.00  -50.00  120.00 -108.37  -50.75 -107.47   -3.03  -51.75    0.99   -1.15   -4.57   90.98    5.194141    4.609199    4.189645    3.795518    3.277087    2.721193    2.139920    1.613774    1.173464    0.814683    0.526754    0.314623    0.166829    0.074975    0.025440    7.833345    6.886552    6.201042    5.556243    4.724764    3.850070    2.953564    2.167482    1.529103    1.026080    0.640268    0.368370    0.187558    0.080181    0.025767     0.000     2.013     4.759    32.775     3.995     4.001     3.868     3.837   1.01051    6.710198    6.223800    5.868453    5.487977    4.986886    4.401853    3.744223    3.073998    2.442573    1.870853    1.364228    0.930453    0.575143    0.309304    0.125387    9.095868    8.403733    7.905526    7.360092    6.652034    5.824180    4.901592    3.966262    3.101915    2.332211    1.665271    1.108401    0.666330    0.348324    0.136114     0.000     1.819     4.699    14.662     3.726     3.694     3.607     3.586   0.99594
    225401  10  8311.4 603756      9999 20191128   34175.4   55775.4  401393.4  33.8872757  -91.8322505    607984.23   3750271.04    382586.81   1210770.17  240.56  242.14  134.53  132.80  105.43  49209.544   -105.001  136.21    1.83    0.74   -2.95   92.90 -108.00  -50.00  120.00 -109.66  -48.51 -109.20    2.49  -47.96    0.35    6.51   -4.34   94.25    5.201156    4.645535    4.209285    3.825807    3.311124    2.761358    2.186176    1.654109    1.207550    0.833286    0.541936    0.323533    0.166034    0.070373    0.023018    7.926409    6.962743    6.260143    5.628758    4.797474    3.927783    3.039692    2.237171    1.586341    1.058584    0.663647    0.380040    0.185829    0.074833    0.023089     0.000     2.258     5.142    31.303     4.041     4.021     3.866     3.860   0.96512    6.526891    6.037226    5.679786    5.312629    4.826794    4.258976    3.618148    2.971264    2.365428    1.816596    1.328177    0.901479    0.552738    0.297332    0.120219    8.953475    8.240131    7.723052    7.194283    6.494101    5.681127    4.770955    3.856334    3.017263    2.270840    1.623656    1.076658    0.644096    0.337300    0.132984     0.000     1.728     4.415    15.990     3.771     3.734     3.633     3.602   1.08614
    225401  10  8315.4 603756      9999 20191128   34179.4   55779.4  401397.4  33.8871741  -91.8298601    608205.41   3750262.30    382806.59   1210768.47  238.82  240.39  130.62  130.98  107.60  49209.564   -104.917  132.29    1.52    2.05   -2.69   93.00 -108.00  -50.00  120.00 -109.45  -50.60 -108.17   -1.54  -49.95   -1.62   -2.26   -2.31   92.05    5.459688    4.833221    4.376942    3.950258    3.398875    2.811174    2.208212    1.667364    1.212303    0.841093    0.547410    0.326679    0.178871    0.080889    0.029198    7.867584    6.887030    6.179840    5.513651    4.672907    3.795226    2.914038    2.144389    1.518465    1.024379    0.644667    0.369337    0.194935    0.084054    0.028730     0.000     2.705     4.702    32.053     3.998     3.981     3.858     3.841   0.98823    6.473411    6.018956    5.655968    5.297559    4.816338    4.257583    3.627998    2.990722    2.392949    1.846725    1.356428    0.923951    0.563228    0.304580    0.123624    8.631474    7.997397    7.479668    6.970559    6.294441    5.512293    4.641833    3.767972    2.966088    2.248568    1.619432    1.080298    0.644644    0.340503    0.135459     0.000     2.643     4.831    14.426     3.752     3.740     3.640     3.579   0.97987
    225401  10  8319.4 603756      9999 20191128   34183.4   55783.4  401401.4  33.8870756  -91.8274392    608429.41   3750253.92    383029.17   1210767.21  234.28  235.85  130.44  128.00  103.24  49210.332   -104.087  132.12   -1.04    2.04   -1.79   92.99 -108.00  -50.00  120.00 -109.10  -49.22 -109.15   -2.59  -47.89    0.66    0.69   -4.95   91.55    5.482598    4.870829    4.391357    3.959741    3.398598    2.803735    2.196714    1.647530    1.194044    0.828932    0.543131    0.326000    0.179569    0.087395    0.031173    7.921310    6.963700    6.228399    5.565057    4.717175    3.832011    2.945378    2.162893    1.532398    1.038922    0.664597    0.389466    0.209569    0.098681    0.034324     0.000     2.048     4.628    33.400     4.013     4.006     3.887     3.855   1.02976    7.116745    6.595102    6.188822    5.772886    5.221353    4.584293    3.872861    3.163131    2.502042    1.907991    1.382401    0.931255    0.565833    0.301450    0.121694    9.171484    8.473474    7.931520    7.368347    6.634441    5.783580    4.839744    3.901100    3.040026    2.280636    1.621609    1.070122    0.636514    0.330953    0.130111     0.000     2.340     4.371    14.485     3.722     3.694     3.610     3.568   0.98395
    225401  10  8323.4 603756      9999 20191128   34187.4   55787.4  401405.4  33.8869550  -91.8249622    608658.63   3750243.17    383256.99   1210763.75  225.55  227.12  132.39  130.94   92.56  49211.953   -102.390  134.06    1.45   -0.68   -2.11   92.76 -108.00  -50.00  120.00 -112.25  -44.11 -111.63    0.56  -43.06   -1.28    3.52   -3.33   93.06    6.008667    5.318184    4.801445    4.313523    3.692941    3.038712    2.365870    1.761209    1.265849    0.868832    0.556754    0.323712    0.166006    0.067511    0.023148    9.727741    8.537374    7.574480    6.723546    5.646924    4.535867    3.430702    2.470465    1.715380    1.132695    0.694200    0.383978    0.188958    0.071344    0.023504   144.030     2.278     4.528    28.427     3.998     3.982     3.851     3.813   0.87642    6.740618    6.260648    5.893356    5.512487    5.009492    4.421208    3.759799    3.092774    2.467716    1.901458    1.389942    0.942133    0.573263    0.306183    0.121665    9.736082    8.995852    8.425030    7.832384    7.053531    6.158245    5.160972    4.171300    3.264746    2.464059    1.757473    1.158098    0.681801    0.352758    0.134657     0.000     2.019     4.224    18.055     3.792     3.751     3.662     3.622   1.22641
    225401  10  8327.4 603756      9999 20191128   34191.4   55791.4  401409.4  33.8868727  -91.8224857    608887.76   3750236.66    383484.59   1210764.54  227.16  228.74  138.51  139.22   88.05  49215.425    -98.866  140.19    2.63    2.25   -2.83   92.16 -108.00  -50.00  120.00 -109.37  -49.20 -108.02   -3.03  -51.06    1.34   -2.92   -2.99   90.44    5.352035    4.686689    4.195301    3.754482    3.217944    2.668207    2.108936    1.604768    1.180214    0.819728    0.530340    0.310206    0.155649    0.059103    0.019617    9.032845    7.746365    6.844039    6.029541    5.052950    4.089047    3.139137    2.306750    1.637824    1.090694    0.667036    0.371513    0.176218    0.063149    0.019387    33.265     1.708     4.423    31.056     3.987     3.992     3.862     3.816   0.95747    6.882073    6.326368    5.922162    5.514662    4.992030    4.397522    3.743909    3.089748    2.475620    1.907945    1.391611    0.938260    0.562029    0.297607    0.115860   10.361937    9.465465    8.820340    8.163244    7.321777    6.377535    5.348862    4.332155    3.397913    2.555296    1.811742    1.182548    0.680846    0.347373    0.129163     0.000     2.196     4.566    16.021     3.764     3.735     3.636     3.608   1.08830
    225401  10  8331.4 603756      9999 20191128   34195.4   55795.4  401413.4  33.8868100  -91.8200463    609113.43   3750232.30    383708.68   1210767.39  228.80  230.38  139.87  139.55   88.34  49220.284    -93.965  141.54    3.36    1.20   -2.04   91.63 -108.00  -50.00  120.00 -109.04  -48.99 -107.62   -2.23  -51.71    2.43    0.61   -4.31   90.39    5.016880    4.364183    3.890199    3.465588    2.955572    2.429437    1.909583    1.443648    1.054947    0.731422    0.469169    0.268302    0.134178    0.054791    0.016516    9.465920    8.089477    7.076226    6.192367    5.143831    4.096773    3.101734    2.246525    1.568413    1.034847    0.626273    0.334843    0.157040    0.058472    0.016374     0.000     2.186     4.163    31.263     3.991     3.999     3.863     3.831   0.96388    6.715632    6.123757    5.744629    5.337718    4.828278    4.254508    3.620686    2.988292    2.395510    1.849463    1.343924    0.900574    0.539753    0.283224    0.107931   10.541410    9.566851    8.936852    8.253887    7.393105    6.436730    5.387336    4.356871    3.410247    2.564002    1.806312    1.167101    0.671101    0.337258    0.121614     0.000     1.823     4.889    16.248     3.766     3.732     3.638     3.605   1.10368
    225401  10  8335.4 603756      9999 20191128   34199.4   55799.4  401417.4  33.8867536  -91.8176465    609335.42   3750228.59    383929.10   1210770.78  233.09  234.67  148.44  148.48   84.05  49226.557    -87.654  150.12    1.13    2.01   -2.14   91.63 -108.00  -50.00  120.00 -108.90  -48.57 -107.81   -1.37  -50.95    2.55    1.63   -3.77   90.89    4.016073    3.523868    3.173897    2.846634    2.448868    2.034729    1.618155    1.236970    0.921336    0.660547    0.435987    0.251277    0.130948    0.053843    0.016456    8.482954    7.275210    6.421584    5.666037    4.752668    3.832564    2.940968    2.155454    1.534278    1.069810    0.677580    0.352126    0.182356    0.066767    0.017643     0.000     2.319     5.166    32.548     4.007     4.011     3.877     3.849   1.00347    6.272983    5.756923    5.359088    4.973332    4.483422    3.942178    3.354977    2.774713    2.236712    1.720471    1.276466    0.850935    0.490324    0.249738    0.088625   10.493109    9.619206    8.902001    8.212120    7.323720    6.353141    5.311306    4.303741    3.393548    2.503492    1.817043    1.165649    0.614260    0.295868    0.097274     0.000     2.169     5.298    15.638     3.749     3.721     3.612     3.579   1.06226
    225401  10  8339.4 603756      9999 20191128   34203.4   55803.4  401421.4  33.8867054  -91.8152400    609558.04   3750225.82    384150.11   1210775.14  227.03  228.60  143.03  142.65   83.39  49233.871    -80.308  144.71   -0.46    6.38   -1.87   92.56 -108.00  -50.00  120.00 -111.47  -45.19 -111.09   -3.71  -43.57   -1.07   -1.15   -5.39   90.49    4.146774    3.722526    3.349688    3.027491    2.632045    2.214070    1.783544    1.385312    1.026944    0.733123    0.483782    0.300035    0.167269    0.076572    0.028094    8.684672    7.628323    6.768102    6.021321    5.116692    4.188340    3.259025    2.421448    1.732262    1.197504    0.752648    0.434413    0.227256    0.097351    0.031033    74.173     2.468     5.593    30.612     4.003     3.996     3.856     3.824   0.94380    5.722003    5.260833    4.932058    4.594635    4.166468    3.684334    3.155951    2.635825    2.128946    1.677928    1.230228    0.823434    0.483903    0.247344    0.088886    9.314171    8.489656    7.924509    7.327493    6.583321    5.743993    4.829777    3.950431    3.114392    2.379343    1.693570    1.097809    0.615299    0.299992    0.103398     0.000     2.555     5.663    16.455     3.762     3.740     3.630     3.594   1.11780
    225401  10  8343.4 603756      9999 20191128   34207.4   55807.4  401425.4  33.8865705  -91.8127893    609784.84   3750213.47    384375.60   1210769.98  218.48  220.05  132.44  131.20   85.44  49240.342    -73.753  134.11    0.50   -2.60   -0.21   93.05 -108.00  -50.00  120.00 -111.64  -47.60 -110.46    3.96  -45.17   -0.95    7.24   -4.96   95.21    5.282201    4.691497    4.174376    3.760010    3.230072    2.673838    2.116031    1.615330    1.199644    0.844070    0.557409    0.330413    0.176993    0.079335    0.026564    8.303392    7.283093    6.405555    5.687763    4.800006    3.889167    3.000004    2.227868    1.608621    1.097508    0.699622    0.398770    0.204580    0.087564    0.027561    26.741     1.811     4.863    30.340     4.000     3.997     3.862     3.824   0.93541    6.353209    5.826577    5.462846    5.085769    4.604987    4.067366    3.473999    2.881074    2.320458    1.798936    1.317104    0.887278    0.528615    0.274663    0.103397    8.870250    8.092489    7.547185    6.991371    6.279433    5.489798    4.627418    3.772526    2.985490    2.267701    1.622195    1.065201    0.617301    0.311243    0.114097     0.000     1.958     5.173    15.594     3.735     3.724     3.638     3.591   1.05929
    225401  10  8347.4 603756      9999 20191128   34211.4   55811.4  401429.4  33.8864576  -91.8103054    610014.69   3750203.61    384604.02   1210767.43  217.90  219.47  130.60  128.30   86.70  49246.032    -67.992  132.28    2.24    0.75   -3.57   92.66 -108.00  -50.00  120.00 -108.21  -50.88 -107.83   -0.67  -50.70    0.47   -1.93   -1.74   92.27    6.267183    5.461679    4.934598    4.365311    3.721792    3.043227    2.372148    1.780846    1.295619    0.893368    0.573261    0.333038    0.167063    0.070676    0.021551    8.847085    7.669584    6.870283    6.002816    5.048347    4.053906    3.090018    2.263707    1.605160    1.074401    0.665962    0.373398    0.177654    0.071478    0.020612   116.732     1.783     4.174    32.765     4.062     4.058     3.929     3.888   1.01014    7.343111    6.742446    6.297948    5.852780    5.276402    4.624369    3.909938    3.204528    2.554863    1.960638    1.421124    0.948640    0.563529    0.288137    0.109966    9.634051    8.819743    8.212180    7.601639    6.813115    5.920986    4.951102    4.001623    3.140707    2.369805    1.684218    1.101354    0.639477    0.319106    0.118722     0.000     2.246     4.767    14.775     3.740     3.723     3.627     3.582   1.00369
    225401  10  8351.4 603756      9999 20191128   34215.4   55815.4  401433.4  33.8863946  -91.8078418    610242.60   3750199.27    384830.34   1210770.36  222.43  224.01  133.29  131.00   88.54  49250.888    -63.093  134.97    2.29    2.01   -2.65   92.04 -108.00  -50.00  120.00 -108.69  -49.45 -107.85   -4.57  -50.94    2.35   -2.06   -4.35   89.54    6.110781    5.373728    4.863019    4.373698    3.754753    3.089064    2.402657    1.794437    1.295875    0.892247    0.570704    0.331063    0.169561    0.069079    0.022117    9.202229    7.995604    7.171251    6.393099    5.405286    4.364061    3.310977    2.400198    1.679089    1.117726    0.687726    0.382972    0.186626    0.071985    0.021811     0.000     2.068     4.597    31.715     4.002     3.987     3.861     3.864   0.97779    7.432075    6.835186    6.421236    5.982824    5.415554    4.758343    4.028479    3.298830    2.625321    2.015441    1.463417    0.978428    0.582325    0.299524    0.114709   10.306454    9.453147    8.850902    8.215801    7.387703    6.432492    5.375395    4.327569    3.379773    2.539384    1.801385    1.174773    0.681122    0.340112    0.126470     0.000     2.166     4.473    15.904     3.767     3.739     3.642     3.612   1.08040
    225401  10  8355.4 603756      9999 20191128   34219.4   55819.4  401437.4  33.8863189  -91.8054139    610467.23   3750193.48    385053.44   1210771.75  225.39  226.96  134.17  132.79   90.62  49254.537    -59.394  135.85    3.11    2.68   -2.44   92.41 -108.00  -50.00  120.00 -109.67  -48.56 -108.06   -0.86  -50.73    1.30    2.99   -4.98   91.94    6.118795    5.396707    4.899712    4.427055    3.829231    3.169540    2.482531    1.854179    1.337543    0.919278    0.588374    0.343083    0.178345    0.075203    0.024769    9.707192    8.422424    7.563962    6.757708    5.747162    4.657342    3.550743    2.567574    1.791036    1.186275    0.726259    0.403361    0.198378    0.079192    0.024200     0.000     1.893     4.789    30.822     3.989     3.987     3.848     3.841   0.95023    7.238526    6.713473    6.323183    5.928388    5.402871    4.782141    4.073555    3.350087    2.669531    2.048742    1.491283    1.001111    0.599106    0.311954    0.120597   10.282971    9.496609    8.917921    8.327306    7.541423    6.614812    5.563626    4.502853    3.520825    2.645527    1.879906    1.227148    0.711799    0.359433    0.134029     0.000     2.272     4.437    16.193     3.763     3.742     3.648     3.605   1.10003
    225401  10  8359.4 603756      9999 20191128   34223.4   55823.4  401441.4  33.8862248  -91.8030273    610688.06   3750185.62    385272.85   1210770.92  225.27  226.85  117.86  123.82  106.81  49257.114    -56.758  119.54    1.18    2.68   -3.66   92.95 -108.00  -50.00  120.00 -108.66  -48.82 -108.59   -0.11  -49.18    1.60    4.15   -4.27   92.92    6.027346    5.334444    4.842156    4.368498    3.787076    3.157598    2.495289    1.874847    1.361866    0.933505    0.598693    0.346694    0.177514    0.081762    0.025991    7.851763    6.901890    6.218565    5.567035    4.780608    3.938646    3.066972    2.264295    1.614143    1.083706    0.676351    0.378221    0.186778    0.083728    0.025183   254.219     2.293     4.876    32.750     4.075     4.045     3.936     3.876   1.00969    7.677482    7.103572    6.677851    6.251811    5.688168    5.021580    4.263727    3.490369    2.759246    2.094960    1.507452    1.005115    0.603495    0.315284    0.124838    9.391937    8.658022    8.128394    7.589836    6.883877    6.046155    5.101532    4.139262    3.237608    2.426913    1.720532    1.128834    0.665752    0.341341    0.132443     0.000     1.760     4.578    15.479     3.755     3.743     3.613     3.593   1.05153
    225401  10  8363.4 603756      9999 20191128   34227.4   55827.4  401445.4  33.8861151  -91.8006278    610910.10   3750176.04    385493.52   1210768.40  222.64  224.22  136.78  134.26   85.27  49258.865    -54.937  138.45    1.12    2.73   -0.84   93.30 -108.00  -50.00  120.00 -109.35  -48.22 -109.13   -2.27  -48.15   -0.02   -1.83   -3.99   91.94    6.197943    5.500583    4.972851    4.480829    3.878123    3.238359    2.570933    1.947009    1.418394    0.978521    0.627601    0.367427    0.197844    0.090038    0.030935    9.684317    8.512210    7.586959    6.777786    5.772003    4.734386    3.678079    2.714439    1.928902    1.293494    0.803197    0.452496    0.234079    0.102065    0.033061     0.000     1.953     4.970    31.798     3.998     3.996     3.863     3.833   0.98033    7.506611    6.938666    6.525572    6.102938    5.559816    4.928441    4.208391    3.468505    2.758195    2.102901    1.516007    1.014792    0.608459    0.318943    0.125551   10.469453    9.645743    9.040014    8.418416    7.621950    6.700951    5.656629    4.593886    3.590253    2.682137    1.889233    1.233449    0.719687    0.366833    0.140094     0.000     1.534     4.624    15.990     3.766     3.748     3.631     3.603   1.08623
    225401  10  8367.4 603756      9999 20191128   34231.4   55831.4  401449.4  33.8859752  -91.7982139    611133.52   3750163.13    385715.65   1210762.58  224.10  225.67  133.71  134.00   89.79  49260.596    -53.120  135.39    3.91   -7.93   -1.78   91.48 -108.00  -50.00  120.00 -110.21  -50.04 -107.52    4.02  -51.55    0.74    4.33   -1.87   93.77    5.684159    5.031017    4.532196    4.100493    3.563056    2.994210    2.406890    1.857837    1.378763    0.971186    0.637272    0.378549    0.198503    0.087756    0.028330    8.812533    7.710709    6.863091    6.139019    5.239049    4.309188    3.374666    2.524806    1.809008    1.221942    0.765632    0.431622    0.213389    0.087858    0.026251    70.362     2.162     5.170    29.876     3.999     3.978     3.854     3.840   0.92105    6.856405    6.344682    5.961404    5.588775    5.106812    4.553522    3.928307    3.277181    2.648050    2.055069    1.504520    1.016751    0.609177    0.319228    0.123045    9.765464    8.992010    8.411319    7.852128    7.119847    6.292799    5.361928    4.405477    3.498430    2.660061    1.901779    1.250453    0.723769    0.367068    0.135439     0.000     2.166     4.966    15.380     3.735     3.716     3.634     3.586   1.04481
    225401  10  8371.4 603756      9999 20191128   34235.4   55835.4  401453.4  33.8859922  -91.7958557    611351.58   3750167.57    385931.91   1210774.05  230.82  232.39  131.29  127.32   98.93  49262.298    -51.423  132.96    1.34    0.35   -4.37   88.84 -108.00  -50.00  120.00 -106.21  -53.69 -105.60   -6.17  -54.33    2.50   -7.29   -1.46   85.39    6.270907    5.573532    5.056016    4.572811    3.965787    3.312267    2.625153    1.982561    1.430868    0.983028    0.628989    0.369657    0.194181    0.093788    0.033517    7.931679    6.987686    6.312333    5.669796    4.878977    4.030384    3.149613    2.342281    1.661216    1.120072    0.699082    0.400323    0.204520    0.095388    0.032593    86.298     2.223     5.196    34.875     4.046     4.059     3.937     3.923   1.07520    7.630473    7.063694    6.638802    6.202614    5.640733    4.995543    4.264690    3.511694    2.789995    2.123297    1.528640    1.022032    0.618288    0.334798    0.130535    9.182333    8.507220    7.984615    7.441288    6.744727    5.942586    5.038816    4.111278    3.230909    2.428199    1.723388    1.135488    0.679590    0.362558    0.139796     0.000     2.428     5.391    13.032     3.706     3.690     3.601     3.567   0.88531
    225401  10  8375.4 603756      9999 20191128   34239.4   55839.4  401457.4  33.8860875  -91.7935307    611566.47   3750180.66    386144.72   1210794.14  228.83  230.41  120.65  118.12  107.58  49261.053    -52.717  122.33    2.67    1.24   -1.88   87.46 -108.00  -50.00  120.00 -110.55  -47.13 -109.53   -7.82  -47.06    0.64   -4.03   -6.14   83.29    6.694664    5.874456    5.321465    4.794392    4.148592    3.441259    2.714789    2.044072    1.468885    0.991304    0.621379    0.369695    0.202238    0.096150    0.032211    7.834040    6.818180    6.164162    5.509490    4.718616    3.875216    3.011167    2.233517    1.572523    1.037821    0.635639    0.374147    0.196847    0.092479    0.028948   572.432     2.514     5.390    29.627     4.081     4.113     3.994     3.993   0.91337    7.404312    6.913435    6.457035    6.067486    5.559657    4.935157    4.232660    3.511631    2.814507    2.168367    1.545688    0.991518    0.580691    0.290259    0.091511    8.931184    8.308860    7.734830    7.232833    6.570546    5.790368    4.912792    4.031794    3.201544    2.433844    1.712818    1.090138    0.623312    0.305334    0.091302     0.000     2.700     5.862    17.122     3.803     3.775     3.665     3.638   1.16321
    225401  10  8379.4 603756      9999 20191128   34243.4   55843.4  401461.4  33.8861676  -91.7912389    611778.30   3750192.04    386354.57   1210812.39  232.07  233.65  124.33  122.59  107.14  49262.916    -50.895  126.00    2.69    0.90   -2.30   87.89 -108.00  -50.00  120.00 -107.33  -53.73 -106.12    1.39  -53.99    0.16    5.33   -5.16   88.71    7.166536    6.367030    5.736403    5.161129    4.443084    3.684012    2.903130    2.191645    1.592819    1.092066    0.696993    0.442464    0.269765    0.153965    0.055965    8.152490    7.209858    6.460492    5.774042    4.931197    4.044611    3.145574    2.338481    1.669259    1.126378    0.711335    0.442868    0.263446    0.143010    0.049645     0.000     2.625     5.772    33.278     4.029     4.029     3.915     3.863   1.02592    7.800794    7.242406    6.835583    6.406878    5.848690    5.204167    4.471417    3.722540    2.986574    2.298217    1.675091    1.180754    0.755203    0.411192    0.138049    9.138189    8.458184    7.951821    7.426863    6.743386    5.963191    5.080168    4.189248    3.322545    2.531538    1.832213    1.284553    0.819967    0.440932    0.148327     0.000     2.821     6.133    13.340     3.751     3.718     3.618     3.588   0.90625
    225401  10  8383.4 603756      9999 20191128   34247.4   55847.4  401465.4  33.8862379  -91.7889767    611987.42   3750202.30    386561.75   1210829.44  233.21  234.78  129.55  130.09  103.06  49259.366    -54.480  131.22    2.18   10.02   -1.99   90.07 -108.00  -50.00  120.00 -108.35  -51.46 -107.47   -2.74  -51.71    1.85    0.68   -4.90   88.41    6.456430    5.662366    5.154147    4.624558    3.967870    3.262693    2.526140    1.859636    1.317927    0.896228    0.582557    0.348042    0.193061    0.095179    0.031705    8.043695    6.975118    6.330426    5.632807    4.784453    3.883962    2.955902    2.138698    1.485924    0.991757    0.630654    0.365667    0.197597    0.093543    0.030058    38.888     2.531     5.826    32.335     4.019     4.022     3.909     3.864   0.99686    7.777017    7.237865    6.793094    6.361563    5.784805    5.106403    4.331804    3.546682    2.808234    2.157898    1.587800    1.100408    0.700695    0.347872    0.126446    9.468062    8.792271    8.222829    7.681535    6.945023    6.091876    5.117867    4.142973    3.241635    2.451785    1.772160    1.201554    0.743479    0.358259    0.126879     0.000     2.452     6.060    14.200     3.722     3.682     3.598     3.560   0.96467
    225401  10  8387.4 603756      9999 20191128   34251.4   55851.4  401469.4  33.8861692  -91.7867153    612196.65   3750197.15    386769.56   1210830.97  233.49  235.07  122.22  119.44  110.67  49254.893    -58.909  123.89    1.85    0.71   -1.99   92.50 -108.00  -50.00  120.00 -109.27  -51.19 -107.87    2.00  -51.05    1.33    9.84   -6.41   93.66    6.419888    5.726577    5.163851    4.657279    3.995548    3.272679    2.518662    1.842318    1.297651    0.882350    0.579115    0.357554    0.210848    0.100580    0.040128    7.580068    6.725880    6.026471    5.398127    4.591410    3.719825    2.825299    2.035986    1.411949    0.947030    0.615787    0.375164    0.219210    0.102812    0.039925    30.539     2.188     5.900    31.708     4.009     4.012     3.903     3.859   0.97755    7.516783    6.933953    6.549254    6.125824    5.570358    4.906227    4.139235    3.358495    2.634529    1.986469    1.435123    0.949617    0.553831    0.284080    0.103061    8.998858    8.272262    7.789650    7.262401    6.571833    5.750534    4.808708    3.858467    2.991892    2.219023    1.581975    1.036960    0.596335    0.303939    0.110485     0.000     2.070     6.437    14.349     3.754     3.744     3.656     3.595   0.97478
    225401  10  8391.4 603756      9999 20191128   34255.4   55855.4  401473.4  33.8860486  -91.7844553    612405.80   3750186.24    386977.47   1210826.71  230.82  232.39  123.78  125.93  106.44  49268.631    -45.095  125.46    1.90    3.20   -2.25   94.18 -108.00  -50.00  120.00 -109.11  -49.50 -108.90    0.35  -48.93    0.16    3.88   -4.03   94.28    7.016273    6.197944    5.637009    5.076203    4.372126    3.641897    2.789390    2.095257    1.449310    0.924839    0.537816    0.425836    0.221951    0.123948    0.053788    8.660025    7.578145    6.853339    6.134101    5.235533    4.342972    3.268417    2.421996    1.657686    1.027219    0.591342    0.446339    0.226398    0.114205    0.049428     0.000     2.766     6.844    31.756     4.030     4.021     3.906     3.881   0.97902    7.739112    7.139282    6.742113    6.292047    5.708004    5.054778    4.251770    3.476256    2.725902    2.038532    1.478743    0.995491    0.605656    0.306781    0.115816    9.441230    8.687152    8.180353    7.612604    6.871036    6.075141    5.082838    4.103846    3.177795    2.335127    1.653110    1.123237    0.662779    0.330854    0.123912     0.000     2.190     6.366    15.512     3.741     3.728     3.637     3.602   1.05386
    225401  10  8395.4 603756      9999 20191128   34259.4   55859.4  401477.4  33.8858886  -91.7821849    612615.98   3750170.99    387186.55   1210818.10  226.04  227.62  116.70  125.34  108.74  49259.620    -54.007  118.38    1.93   -1.59   -2.55   94.17 -108.00  -50.00  120.00 -109.36  -49.81 -108.42   -2.86  -49.85   -0.61    0.10   -3.88   92.65    6.959240    6.197934    5.608484    5.056999    4.365204    3.622809    2.853836    2.140173    1.535147    1.042590    0.664097    0.392308    0.214157    0.100548    0.036016    9.189716    8.094241    7.278240    6.512023    5.552381    4.541730    3.515181    2.580828    1.808787    1.194617    0.738293    0.420764    0.219027    0.097641    0.032695     0.000     2.108     5.866    31.740     4.004     4.000     3.872     3.855   0.97850    7.947789    7.377498    6.948733    6.519400    5.947588    5.273341    4.496681    3.685571    2.909969    2.201241    1.596637    1.091429    0.685869    0.362341    0.137560   10.026670    9.287942    8.710892    8.148531    7.396131    6.512401    5.501299    4.459262    3.472954    2.589642    1.845666    1.235173    0.764119    0.395243    0.146884     0.000     2.187     6.497    15.218     3.765     3.723     3.634     3.601   1.03390
    225401  10  8399.4 603756      9999 20191128   34263.4   55863.4  401481.4  33.8857673  -91.7798905    612828.33   3750160.05    387397.64   1210813.90  221.78  223.36  132.08  130.45   89.11  49254.172    -59.379  133.76    1.28    3.65   -2.11   93.92 -108.00  -50.00  120.00 -108.99  -50.49 -108.08   -6.09  -50.26   -0.25   -3.12   -5.60   90.54    7.110193    6.328319    5.712425    5.132496    4.423048    3.659225    2.867412    2.133895    1.523379    1.036112    0.658203    0.387949    0.208395    0.092801    0.033247   10.388462    9.142515    8.181989    7.283480    6.197331    5.036205    3.864707    2.805197    1.950950    1.293348    0.800643    0.460103    0.237050    0.102529    0.034489     0.000     1.879     5.911    32.474     4.008     4.008     3.881     3.832   1.00112    8.137118    7.500745    7.081453    6.622215    6.032411    5.343924    4.549755    3.723219    2.934298    2.215436    1.585333    1.051269    0.625883    0.326071    0.122696   10.732158    9.863653    9.295541    8.665575    7.857219    6.913273    5.826200    4.709920    3.653515    2.711142    1.902343    1.234740    0.716182    0.364141    0.134013     0.000     2.208     6.122    14.570     3.748     3.742     3.616     3.617   0.98988
    225401  10  8403.4 603756      9999 20191128   34267.4   55867.4  401485.4  33.8856259  -91.7775562    613044.38   3750146.94    387612.48   1210807.64  221.58  223.15  132.08  132.31   88.90  49251.282    -62.181  133.76    1.69   -2.26   -1.46   93.44 -108.00  -50.00  120.00 -108.77  -51.94 -107.23    0.40  -52.02    0.44    3.62   -4.48   93.73    6.500016    5.760066    5.196959    4.667194    4.026020    3.349548    2.645345    1.989203    1.436308    0.992047    0.645163    0.384713    0.204345    0.096411    0.033532    9.087889    7.960823    7.125993    6.339033    5.397481    4.419776    3.425121    2.518718    1.778403    1.199156    0.758882    0.435579    0.227312    0.105209    0.035722     0.000     2.369     5.712    32.755     4.008     4.004     3.877     3.862   1.00979    7.861797    7.296875    6.858374    6.415195    5.842508    5.176221    4.415472    3.631187    2.881497    2.197935    1.586736    1.063525    0.641708    0.333723    0.131516   10.165957    9.395576    8.812455    8.218207    7.450072    6.559583    5.547199    4.512499    3.534261    2.654900    1.881316    1.235796    0.726750    0.368100    0.140545     0.000     2.078     5.770    13.710     3.709     3.685     3.600     3.565   0.93144
    225401  10  8407.4 603756      9999 20191128   34271.4   55871.4  401489.4  33.8855282  -91.7751984    613262.56   3750138.70    387829.27   1210806.35  218.59  220.16  126.41  127.79   91.58  49249.038    -64.362  128.08    2.05    4.38   -3.35   93.66 -108.00  -50.00  120.00 -108.69  -48.96 -108.77   -1.45  -48.77    0.31    0.85   -3.64   92.81    7.123411    6.254684    5.629618    5.020150    4.294626    3.529837    2.752973    2.047634    1.461843    0.987354    0.624111    0.361451    0.191399    0.089467    0.029868    9.651702    8.402567    7.495941    6.631717    5.596565    4.530935    3.466915    2.518499    1.754014    1.150288    0.701654    0.388090    0.192812    0.085064    0.025706     0.000     2.066     5.541    32.309     4.004     3.987     3.875     3.845   0.99603    7.983417    7.373690    6.932951    6.477113    5.886988    5.208065    4.434622    3.639938    2.884343    2.190941    1.570379    1.043604    0.617355    0.315023    0.121879   10.014962    9.225784    8.653401    8.060680    7.288739    6.406014    5.404623    4.386940    3.431028    2.568288    1.810981    1.182356    0.686701    0.343647    0.130415     0.000     1.562     5.491    15.654     3.756     3.738     3.626     3.593   1.06351
    225401  10  8411.4 603756      9999 20191128   34275.4   55875.4  401493.4  33.8853865  -91.7728245    613482.28   3750125.61    388047.74   1210800.22  216.61  218.18  131.03  127.98   84.98  49247.301    -66.010  132.71    1.73    1.87   -2.93   94.29 -108.00  -50.00  120.00 -108.79  -49.98 -108.01   -1.23  -50.52    0.46    2.94   -4.97   93.64    6.998973    6.084744    5.453840    4.858885    4.149333    3.424526    2.685808    2.016813    1.454937    0.997081    0.635169    0.366246    0.189596    0.085320    0.027073    9.687110    8.321761    7.392507    6.528301    5.497455    4.470408    3.438410    2.525899    1.782194    1.191563    0.738350    0.412611    0.205928    0.089440    0.026893    25.830     2.096     5.367    32.307     4.011     4.012     3.885     3.860   0.99598    8.141830    7.506848    7.018650    6.537582    5.923739    5.224354    4.439272    3.641640    2.887100    2.192843    1.572676    1.040149    0.616223    0.318566    0.124292   10.571584    9.711159    9.049294    8.396960    7.570767    6.626478    5.575090    4.519189    3.532368    2.640451    1.858092    1.203312    0.696994    0.351467    0.133624     0.000     2.015     5.247    15.077     3.758     3.739     3.627     3.609   1.02435
    225401  10  8415.4 603756      9999 20191128   34279.4   55879.4  401497.4  33.8852227  -91.7704547    613701.66   3750110.07    388265.96   1210791.62  214.30  215.88  125.47  125.37   88.23  49246.012    -67.199  127.14    1.95    3.54   -3.03   95.08 -108.00  -50.00  120.00 -109.30  -48.79 -108.53   -3.44  -49.62    1.22    0.60   -4.95   93.20    6.619007    5.765843    5.167486    4.617066    3.959715    3.275953    2.577943    1.940885    1.405351    0.963820    0.615112    0.357595    0.182619    0.079286    0.025026    8.945346    7.725245    6.881323    6.099913    5.162299    4.207292    3.245999    2.388527    1.687600    1.121772    0.693200    0.388087    0.190720    0.077946    0.023716     0.000     2.262     5.180    31.697     3.994     3.998     3.875     3.835   0.97716    8.019788    7.322057    6.847501    6.370062    5.784065    5.114078    4.362933    3.597806    2.869703    2.195217    1.581614    1.048774    0.624067    0.325674    0.127570   10.175742    9.267504    8.640791    8.015316    7.239852    6.357960    5.374361    4.381409    3.448052    2.598197    1.840749    1.197258    0.697711    0.356718    0.136475     0.000     1.752     5.119    15.757     3.753     3.727     3.620     3.600   1.07056
    225401  10  8419.4 603756      9999 20191128   34283.4   55883.4  401501.4  33.8850372  -91.7680990    613919.77   3750092.10    388482.99   1210780.53  213.00  214.57  125.06  121.92   87.34  49245.371    -67.725  126.74    0.66    1.65   -3.18   95.76 -108.00  -50.00  120.00 -109.25  -49.95 -108.76   -3.27  -49.01    0.17    2.35   -5.97   94.03    7.220720    6.222356    5.571937    4.949871    4.226760    3.478895    2.726018    2.044060    1.471567    1.006500    0.637827    0.371520    0.192716    0.082701    0.027073    8.219490    7.036068    6.248199    5.512502    4.667993    3.806011    2.950130    2.189657    1.557202    1.053429    0.659875    0.380095    0.195828    0.083061    0.027082     0.000     2.481     5.019    32.162     4.020     4.007     3.884     3.857   0.99148    7.924519    7.290131    6.814985    6.354934    5.769351    5.103631    4.351684    3.582148    2.851667    2.176455    1.568216    1.040153    0.614161    0.319178    0.123180    9.077765    8.296938    7.736228    7.184424    6.488510    5.707947    4.834467    3.952810    3.124417    2.366151    1.690050    1.109277    0.647051    0.332330    0.125876     0.000     2.054     5.064    14.803     3.728     3.705     3.617     3.581   1.00574
    225401  10  8423.4 603756      9999 20191128   34287.4   55887.4  401505.4  33.8848268  -91.7657312    614139.01   3750071.40    388701.25   1210766.73  209.81  211.38  119.78  116.97   89.43  49245.097    -67.870  121.45    2.47    1.52   -1.86   95.54 -108.00  -50.00  120.00 -110.51  -46.99 -109.51   -0.29  -47.86    0.40    2.65   -4.05   95.31    7.847218    6.526281    5.709196    5.026396    4.226191    3.474186    2.728967    2.064742    1.510344    1.054873    0.688272    0.412085    0.219272    0.099299    0.033385    7.866913    6.524349    5.654589    4.943064    4.137932    3.373774    2.630022    1.981554    1.440782    0.997200    0.644097    0.380305    0.199327    0.090008    0.029070    89.193     2.430     4.917    29.838     3.997     3.993     3.875     3.853   0.91983    8.342756    7.619827    7.095436    6.559084    5.913220    5.198933    4.419445    3.634137    2.896339    2.218029    1.602254    1.066197    0.633324    0.328576    0.125748    9.129375    8.276642    7.660743    7.059978    6.332399    5.532471    4.677457    3.824084    3.031919    2.309324    1.658877    1.098524    0.648706    0.335276    0.127558     0.000     1.934     5.223    17.117     3.801     3.767     3.673     3.632   1.16301
    225401  10  8427.4 603756      9999 20191128   34291.4   55891.4  401509.4  33.8846260  -91.7633802    614356.70   3750051.75    388917.92   1210753.94  211.48  213.06  118.25  117.47   92.63  49245.299    -67.545  119.93    2.67   -5.88   -4.66   93.42 -108.00  -50.00  120.00 -109.97  -48.62 -107.76   -0.27  -51.29    1.52   -0.28   -1.30   93.37    8.847954    7.693852    6.890920    6.099289    5.156895    4.190890    3.224103    2.364511    1.661113    1.098891    0.676975    0.372689    0.180060    0.072626    0.021027    9.352170    8.081055    7.222308    6.368495    5.348841    4.315085    3.285713    2.380187    1.648669    1.073217    0.647533    0.346916    0.162118    0.062849    0.018472     0.000     2.201     5.230    30.643     4.007     3.994     3.879     3.859   0.94466    8.836682    8.114313    7.582923    7.042854    6.367200    5.601119    4.748749    3.882807    3.071302    2.334612    1.675134    1.112728    0.663561    0.339234    0.131532   10.017878    9.191046    8.560132    7.922139    7.135059    6.231082    5.237889    4.239281    3.318912    2.496281    1.772254    1.166519    0.687957    0.348037    0.133643     0.000     1.605     5.566    15.960     3.782     3.755     3.664     3.644   1.08438
    225401  10  8431.4 603756      9999 20191128   34295.4   55895.4  401513.4  33.8845968  -91.7610522    614572.04   3750051.11    389131.64   1210760.20  212.10  213.68  127.86  125.77   83.63  49244.395    -68.426  129.54    0.83    2.42   -3.14   91.17 -108.00  -50.00  120.00 -108.82  -50.13 -108.05  -11.32  -49.21    0.71   -9.69   -4.24   85.03    8.134342    7.124887    6.405460    5.720327    4.880299    4.004845    3.108162    2.300337    1.631802    1.097706    0.686323    0.385428    0.192095    0.082366    0.024146   10.352157    8.995335    8.045330    7.141118    6.041459    4.905055    3.751976    2.730642    1.902994    1.254811    0.768348    0.421412    0.204514    0.085618    0.024328     0.000     1.917     4.751    32.697     4.012     4.015     3.901     3.853   1.00796    9.083929    8.391357    7.884113    7.348861    6.667863    5.870347    4.958503    4.021229    3.165879    2.391491    1.709070    1.121750    0.663337    0.337897    0.128718   10.949790   10.096354    9.470159    8.813760    7.973367    6.983627    5.867427    4.725546    3.677540    2.738094    1.924115    1.241482    0.722080    0.359903    0.134689     0.000     2.049     5.687    14.741     3.762     3.743     3.651     3.594   1.00156
    225401  10  8435.4 603756      9999 20191128   34299.4   55899.4  401517.4  33.8845749  -91.7586946    614790.10   3750051.32    389348.03   1210767.42  210.96  212.54  132.67  132.81   77.70  49243.015    -69.788  134.34    1.21    1.02   -1.14   91.01 -108.00  -50.00  120.00 -109.60  -49.26 -108.54   -3.18  -49.34   -0.21    3.16   -6.37   89.36    6.839600    6.040930    5.466657    4.923675    4.267495    3.553677    2.808042    2.112861    1.525597    1.041224    0.659076    0.383902    0.200340    0.088865    0.029608    9.848076    8.622353    7.725739    6.897394    5.903729    4.834109    3.739532    2.744018    1.929269    1.280685    0.786234    0.443130    0.222996    0.095513    0.030097    57.795     2.180     4.912    31.727     4.035     4.058     3.921     3.887   0.97807    8.005680    7.424933    6.983696    6.548889    5.978852    5.314137    4.548824    3.750696    2.985392    2.275766    1.632041    1.077266    0.634962    0.326396    0.122618   10.655692    9.839405    9.227746    8.624044    7.832385    6.908493    5.849490    4.761023    3.729251    2.791950    1.960207    1.262886    0.723145    0.361553    0.130765     0.000     1.797     5.488    15.237     3.746     3.728     3.634     3.604   1.03527
    225401  10  8439.4 603756      9999 20191128   34303.4   55903.4  401521.4  33.8845292  -91.7563093    615010.76   3750048.90    389567.08   1210772.08  208.80  210.38  134.89  135.26   73.32  49241.762    -71.008  136.56    2.98    6.58   -2.17   92.35 -108.00  -50.00  120.00 -109.96  -47.79 -108.72    3.08  -49.30    1.15    7.04   -3.61   93.91    6.216145    5.516133    5.001980    4.523532    3.904407    3.242573    2.552889    1.923546    1.388143    0.952127    0.597277    0.335327    0.164172    0.066096    0.019275    9.935021    8.718690    7.815189    6.995532    5.933111    4.819505    3.692352    2.694711    1.877459    1.238922    0.741323    0.394803    0.184563    0.069306    0.019047   234.600     2.252     5.073    30.902     4.038     4.031     3.953     3.892   0.95262    7.439991    6.889348    6.510822    6.109080    5.587432    4.968858    4.256256    3.520772    2.815249    2.151585    1.542997    1.014828    0.593686    0.300696    0.110328   10.533117    9.715621    9.157734    8.558590    7.779510    6.855113    5.799878    4.724919    3.706128    2.771153    1.935974    1.234420    0.697790    0.341151    0.120103     0.000     1.833     5.005    16.157     3.771     3.745     3.673     3.619   1.09779
    225401  10  8443.4 603756      9999 20191128   34307.4   55907.4  401525.4  33.8844080  -91.7539269    615231.25   3750038.15    389786.24   1210768.34  208.82  210.40  134.07  129.77   74.15  49240.994    -71.698  135.74   -0.15   -0.89   -1.79   92.80 -108.00  -50.00  120.00 -109.35  -49.02 -108.62    3.21  -49.12    1.36    3.72   -1.87   94.51    5.843066    5.166765    4.681142    4.228281    3.638820    3.009064    2.361359    1.779773    1.290893    0.881497    0.559157    0.316799    0.155545    0.066216    0.019908    9.210126    8.026637    7.214684    6.454122    5.465196    4.433605    3.399536    2.494019    1.760623    1.165266    0.713967    0.389697    0.183374    0.075447    0.020933     0.000     2.173     4.885    32.963     4.004     4.000     3.875     3.860   1.01615    7.512682    6.968917    6.552523    6.140444    5.591731    4.947708    4.214886    3.471181    2.766782    2.108040    1.502461    0.976476    0.564493    0.284373    0.102952   10.229534    9.466038    8.877379    8.292758    7.506277    6.591746    5.551875    4.507356    3.533062    2.638327    1.835830    1.161425    0.652075    0.318404    0.111463     0.000     2.225     4.502    14.759     3.746     3.722     3.630     3.598   1.00280
    225401  10  8447.4 603756      9999 20191128   34311.4   55911.4  401529.4  33.8843130  -91.7515097    615454.92   3750030.32    390008.47   1210767.64  200.31  201.88  116.92  122.55   82.79  49240.053    -72.577  118.60   -0.05    2.04   -2.33   92.73 -108.00  -50.00  120.00 -112.09  -45.01 -111.19   -3.50  -43.81   -1.22   -2.74   -2.44   90.84    6.396865    5.693472    5.154912    4.631848    3.972913    3.271055    2.566353    1.936437    1.401959    0.954070    0.591181    0.324549    0.156832    0.063558    0.018386    7.352935    6.502948    5.852865    5.229824    4.450665    3.630751    2.818378    2.105623    1.507460    1.014215    0.618500    0.334352    0.158879    0.063071    0.017934    25.753     2.192     4.668    30.037     3.984     4.001     3.879     3.844   0.92596    7.307517    6.803426    6.400171    5.996172    5.461651    4.834542    4.122940    3.405947    2.722061    2.075759    1.475668    0.956404    0.547258    0.272600    0.098750    8.753582    8.126576    7.612155    7.107785    6.440112    5.662449    4.787503    3.917195    3.097142    2.332457    1.634680    1.043325    0.586915    0.287880    0.102618     0.000     2.548     4.121    16.684     3.777     3.762     3.656     3.633   1.13359
    225401  10  8451.4 603756      9999 20191128   34315.4   55915.4  401533.4  33.8842289  -91.7490441    615683.05   3750023.77    390235.07   1210768.37  193.81  195.38  109.24  116.56   83.97  49238.831    -73.744  110.91    0.46    2.40   -1.14   92.71 -108.00  -50.00  120.00 -110.14  -46.98 -109.86   -1.74  -46.38   -0.44    1.48   -4.02   91.76    6.861255    5.987538    5.351497    4.761932    4.040954    3.299132    2.576861    1.948140    1.416608    0.960190    0.596357    0.327979    0.154667    0.059720    0.016472    6.351234    5.541732    4.937159    4.386837    3.718090    3.032728    2.368374    1.792244    1.303233    0.881742    0.546824    0.300467    0.140862    0.053975    0.015637     0.000     2.010     4.499    31.665     4.031     4.035     3.927     3.857   0.97615    7.947731    7.339185    6.862314    6.387241    5.763766    5.055602    4.279370    3.513039    2.787693    2.104612    1.478660    0.946772    0.538213    0.266866    0.097536    8.037228    7.392106    6.895105    6.401882    5.760024    5.035546    4.254245    3.486813    2.762135    2.081999    1.461978    0.936604    0.533032    0.264399    0.096964     0.000     2.118     3.717    16.077     3.772     3.746     3.639     3.614   1.09234
    225401  10  8455.4 603756      9999 20191128   34319.4   55919.4  401537.4  33.8841150  -91.7465618    615912.77   3750013.94    390463.36   1210765.86  191.39  192.96  126.69  119.63   64.09  49237.437    -75.064  128.37    1.29    2.94   -2.68   93.24 -108.00  -50.00  120.00 -110.05  -47.43 -109.49    3.11  -47.20    0.66    5.49   -3.25   94.89    6.745559    5.793198    5.162002    4.569066    3.864224    3.149968    2.464563    1.869102    1.356398    0.918355    0.564876    0.316616    0.160941    0.069202    0.022776    8.959757    7.632594    6.727283    5.895721    4.927225    3.954935    3.038861    2.264266    1.607256    1.063358    0.636711    0.347529    0.173200    0.072261    0.023305    89.692     2.308     4.393    31.319     4.068     4.031     3.930     3.909   0.96546    7.925526    7.240748    6.760098    6.266495    5.646553    4.953646    4.205180    3.466105    2.761114    2.091305    1.473873    0.951201    0.547350    0.273344    0.101787    9.985991    9.084004    8.440175    7.794281    6.973222    6.072829    5.106007    4.161401    3.272326    2.440724    1.688458    1.068883    0.602787    0.294325    0.107117     0.000     2.278     3.497    16.166     3.773     3.750     3.653     3.625   1.09844
    225401  10  8459.4 603756      9999 20191128   34323.4   55923.4  401541.4  33.8839930  -91.7441008    616140.54   3750003.19    390689.75   1210762.36  190.62  192.19  129.35  122.94   60.68  49236.160    -76.263  131.02    1.00    1.80   -2.83   93.28 -108.00  -50.00  120.00 -109.97  -46.68 -109.70    0.15  -47.03    1.14    1.97   -2.56   93.33    6.245685    5.234259    4.611776    4.049805    3.404819    2.776165    2.182815    1.667724    1.220632    0.831400    0.522086    0.289644    0.139258    0.054936    0.015521    8.446020    6.935628    6.035972    5.231797    4.334091    3.480416    2.690116    2.024712    1.455006    0.972110    0.596589    0.324385    0.151954    0.058315    0.016373     0.000     1.799     4.298    31.093     3.998     3.978     3.850     3.842   0.95849    7.748531    6.992288    6.462127    5.949931    5.328026    4.660420    3.961110    3.275815    2.619924    1.994912    1.417770    0.921331    0.532546    0.266188    0.099164    9.996610    8.959901    8.237380    7.538672    6.697210    5.802775    4.880176    3.985256    3.143775    2.355820    1.642415    1.045773    0.590781    0.287973    0.104371     0.000     1.998     3.327    16.830     3.776     3.743     3.649     3.615   1.14356
    225401  10  8463.4 603756      9999 20191128   34327.4   55927.4  401545.4  33.8838776  -91.7416604    616366.39   3749993.15    390914.20   1210759.50  189.66  191.23  124.00  124.72   65.05  49234.678    -77.671  125.68    2.55    0.27   -2.30   92.75 -108.00  -50.00  120.00 -110.20  -47.47 -109.24   -2.41  -48.21    0.40   -1.06   -3.15   91.42    6.464430    5.286616    4.518562    3.927659    3.248614    2.647297    2.089067    1.599140    1.168599    0.792519    0.495096    0.272651    0.134331    0.049377    0.015873    7.808425    6.297988    5.308116    4.569956    3.731171    2.996178    2.329336    1.753619    1.256895    0.835445    0.508382    0.273159    0.131144    0.046471    0.015689   201.028     1.960     4.228    30.221     4.024     4.025     3.895     3.907   0.93163    7.325135    6.479764    5.947620    5.435305    4.850561    4.253933    3.638472    3.031591    2.439979    1.866369    1.333219    0.870555    0.503345    0.253643    0.091897    8.903258    7.811714    7.129039    6.471713    5.731545    4.986733    4.228895    3.488628    2.776302    2.096895    1.477205    0.949196    0.539734    0.267303    0.095068     0.000     1.576     3.339    16.867     3.769     3.736     3.635     3.624   1.14612
    225401  10  8467.4 603756      9999 20191128   34331.4   55931.4  401549.4  33.8837933  -91.7392571    616588.76   3749986.53    391135.10   1210759.99  192.33  193.91  128.84  125.53   62.89  49233.281    -79.012  130.52    2.17   -0.47   -2.70   91.81 -108.00  -50.00  120.00 -109.15  -48.79 -108.29   -2.52  -50.17    1.90   -0.13   -3.43   90.46    5.933867    4.736879    4.073816    3.533836    2.959355    2.424620    1.929070    1.487005    1.097060    0.751009    0.476145    0.270367    0.137726    0.059652    0.020360    7.955452    6.191138    5.275776    4.517498    3.735418    3.015162    2.361645    1.790193    1.295756    0.865461    0.534305    0.293884    0.144516    0.061161    0.020312     0.000     1.606     4.175    31.558     3.999     3.996     3.887     3.834   0.97281    7.490184    6.569295    5.955563    5.401054    4.788934    4.181701    3.564246    2.956479    2.365317    1.796688    1.272277    0.824103    0.473577    0.236838    0.086447    9.585482    8.359489    7.536350    6.802504    5.991972    5.192426    4.383437    3.594753    2.837169    2.121874    1.475891    0.936544    0.525992    0.258069    0.092296     0.000     1.526     3.103    16.086     3.771     3.728     3.630     3.607   1.09300
    225401  10  8471.4 603756      9999 20191128   34335.4   55935.4  401553.4  33.8837569  -91.7368787    616808.77   3749985.19    391353.47   1210765.71  192.49  194.06  130.43  125.57   61.45  49232.014    -80.251  132.11    1.44    0.34   -2.28   90.95 -108.00  -50.00  120.00 -109.72  -48.32 -108.96   -2.65  -48.72    0.90   -0.07   -3.62   89.54    5.751160    4.654568    3.964276    3.437526    2.877163    2.362978    1.883468    1.460437    1.080639    0.744679    0.474271    0.273123    0.142376    0.064337    0.023340    8.145622    6.477581    5.445294    4.658836    3.834597    3.091495    2.412992    1.833609    1.326073    0.890513    0.551095    0.306452    0.151563    0.065039    0.021760    56.634     2.477     4.103    31.445     4.014     4.015     3.904     3.844   0.96932    7.156543    6.271522    5.681825    5.162549    4.596562    4.028327    3.447303    2.874283    2.308996    1.763221    1.255220    0.819228    0.475034    0.240656    0.092659    9.424717    8.196941    7.384194    6.665721    5.887067    5.111869    4.326867    3.562618    2.819941    2.116776    1.477454    0.943600    0.534547    0.263906    0.099105     0.000     2.209     3.082    15.942     3.774     3.740     3.636     3.605   1.08328
    225401  10  8475.4 603756      9999 20191128   34339.4   55939.4  401557.4  33.8837348  -91.7345043    617028.39   3749985.45    391571.40   1210773.04  190.44  192.02  129.57  125.98   60.28  49230.881    -81.364  131.24    1.60    4.03   -3.60   91.31 -108.00  -50.00  120.00 -109.81  -47.87 -109.30   -3.13  -47.99    0.29    2.28   -4.15   89.63    6.043745    4.924364    4.188480    3.585226    2.970738    2.413541    1.911162    1.473222    1.085931    0.744972    0.470894    0.263577    0.129128    0.052350    0.015932    8.498204    6.772894    5.659512    4.767640    3.884181    3.102049    2.410191    1.825170    1.317553    0.879894    0.539288    0.291952    0.138065    0.053256    0.016150     0.000     2.093     4.052    31.168     4.003     3.998     3.882     3.851   0.96079    7.333500    6.408825    5.829308    5.267980    4.651005    4.047942    3.449506    2.864975    2.299086    1.755120    1.250444    0.815860    0.472926    0.240735    0.093726    9.606466    8.354035    7.552824    6.782314    5.935668    5.115920    4.310475    3.535668    2.797254    2.100805    1.469232    0.938730    0.532118    0.264730    0.100660     0.000     1.977     3.133    16.127     3.765     3.741     3.639     3.625   1.09587
    225401  10  8479.4 603756      9999 20191128   34343.4   55943.4  401561.4  33.8836769  -91.7321300    617248.05   3749981.73    391789.50   1210776.35  191.25  192.83  112.53  120.24   78.12  49230.120    -82.084  114.21    2.78    4.34   -2.45   92.42 -108.00  -50.00  120.00 -108.55  -50.16 -108.05   -2.61  -50.46    0.48    2.94   -5.43   90.98    6.234232    4.985312    4.172958    3.508798    2.865751    2.320145    1.837317    1.418605    1.050509    0.725308    0.460079    0.258750    0.127979    0.051236    0.015220    5.780929    4.595809    3.846662    3.223539    2.626863    2.121133    1.675541    1.288697    0.949824    0.652216    0.410705    0.228819    0.111659    0.043843    0.014525     0.000     1.803     3.959    31.722     3.995     4.012     3.876     3.847   0.97788    7.355682    6.413312    5.758086    5.160496    4.526813    3.936442    3.359121    2.796283    2.247637    1.715963    1.225080    0.802136    0.465158    0.235981    0.088225    7.580750    6.576150    5.880154    5.248397    4.589767    3.980599    3.387963    2.812594    2.255449    1.717183    1.224664    0.801482    0.464027    0.235221    0.087563     0.000     1.922     3.094    15.468     3.745     3.720     3.617     3.616   1.05106
    225401  10  8483.4 603756      9999 20191128   34347.4   55947.4  401565.4  33.8835584  -91.7297853    617465.06   3749971.27    392005.20   1210772.79  196.44  198.01  118.23  127.92   77.61  49229.697    -82.431  119.91    3.53   -1.18   -0.49   92.85 -108.00  -50.00  120.00 -108.50  -51.02 -106.64    1.03  -53.62    2.63    4.31   -3.68   93.42    5.294894    4.104449    3.420709    2.917408    2.405839    1.970206    1.575196    1.220365    0.901523    0.616574    0.387920    0.214374    0.102708    0.039961    0.011391    5.705170    4.351216    3.585227    3.032671    2.483132    2.021467    1.602242    1.228934    0.897155    0.605058    0.373975    0.201721    0.094324    0.035810    0.011482     0.000     2.430     3.895    31.656     3.991     3.987     3.864     3.841   0.97584    6.996815    6.018728    5.387291    4.814239    4.227155    3.680824    3.144072    2.621052    2.108494    1.610817    1.150749    0.751392    0.433841    0.217451    0.079265    8.045772    6.857474    6.095804    5.424638    4.742598    4.112945    3.492254    2.891707    2.308272    1.746516    1.235170    0.797711    0.455625    0.225866    0.081376     0.000     2.236     2.877    15.293     3.754     3.734     3.653     3.593   1.03918
    225401  10  8487.4 603756      9999 20191128   34351.4   55951.4  401569.4  33.8834677  -91.7274701    617679.30   3749963.86    392218.05   1210772.22  197.73  199.31  138.47  136.87   58.66  49229.610    -82.459  140.15    1.37    1.26   -3.00   92.56 -108.00  -50.00  120.00 -108.51  -50.42 -108.07   -2.93  -50.34    0.95   -2.56   -2.67   90.95    4.525906    3.399916    2.840764    2.454499    2.082180    1.738167    1.407749    1.106623    0.831813    0.576369    0.368616    0.207169    0.099407    0.039707    0.011411    7.636963    5.531329    4.515359    3.848212    3.205189    2.622945    2.074170    1.587486    1.156963    0.771272    0.471001    0.251470    0.111319    0.041592    0.010554    18.767     2.164     3.797    32.986     4.025     4.011     3.902     3.862   1.01681    6.420102    5.436825    4.832932    4.364104    3.873358    3.407925    2.934263    2.454545    1.977170    1.513118    1.077590    0.699355    0.403244    0.202238    0.073722    9.167111    7.680631    6.774708    6.079508    5.356329    4.667878    3.971691    3.274838    2.590937    1.940799    1.348515    0.849778    0.474183    0.229765    0.080730     0.000     1.750     3.123    14.618     3.735     3.712     3.620     3.594   0.99329
    225401  10  8491.4 603756      9999 20191128   34355.4   55955.4  401573.4  33.8834004  -91.7251256    617896.21   3749959.08    392433.46   1210774.38  193.56  195.14  135.03  134.00   57.94  49229.727    -82.295  136.70    0.22    3.73   -1.94   92.61 -108.00  -50.00  120.00 -109.45  -48.68 -109.47   -2.85  -47.03   -0.46    0.34   -4.47   91.04    4.466950    3.372238    2.853092    2.500494    2.147758    1.807674    1.472511    1.161042    0.871185    0.605899    0.385148    0.217675    0.103480    0.044407    0.012205    7.110734    5.200718    4.336151    3.750384    3.174159    2.625576    2.099022    1.615774    1.182185    0.797279    0.489746    0.266073    0.119960    0.049793    0.012295     0.000     1.824     3.660    32.337     3.989     3.987     3.870     3.847   0.99680    6.201134    5.177204    4.622652    4.179402    3.739886    3.313720    2.864809    2.403260    1.940810    1.485941    1.055173    0.680518    0.390098    0.192089    0.070484    8.655889    7.141375    6.330582    5.682010    5.044018    4.424698    3.779281    3.124874    2.479742    1.857991    1.286657    0.805939    0.448114    0.213399    0.075685     0.000     2.345     3.240    15.217     3.743     3.713     3.625     3.600   1.03405
    225401  10  8495.4 603756      9999 20191128   34359.4   55959.4  401577.4  33.8832877  -91.7227477    618116.29   3749949.32    392652.18   1210771.62  186.32  187.90  120.24  126.74   65.48  49229.935    -82.014  121.92    1.68    1.10   -1.60   93.24 -108.00  -50.00  120.00 -110.69  -47.50 -109.94    1.70  -46.70   -0.34    4.25   -3.45   94.13    5.173759    3.905023    3.320825    2.903451    2.487140    2.083118    1.686989    1.318639    0.982335    0.677875    0.425342    0.236732    0.115164    0.047228    0.014231    6.103004    4.530223    3.814770    3.324405    2.822106    2.340417    1.872682    1.444206    1.059738    0.717968    0.439606    0.238098    0.112037    0.043368    0.013321     0.000     2.367     3.252    30.261     3.993     3.986     3.862     3.842   0.93281    6.300945    5.281562    4.758196    4.355473    3.923036    3.488249    3.021632    2.531847    2.041301    1.558366    1.103221    0.709070    0.402564    0.199202    0.070523    7.589985    6.309233    5.642446    5.140176    4.601430    4.068071    3.494569    2.901958    2.316567    1.747064    1.221292    0.773802    0.433086    0.210975    0.073554     0.000     2.378     3.469    16.396     3.774     3.741     3.660     3.603   1.11415
    225401  10  8499.4 603756      9999 20191128   34363.4   55963.4  401581.4  33.8831711  -91.7203699    618336.35   3749939.13    392870.90   1210768.44  186.10  187.68  127.43  126.24   58.08  49230.107    -81.767  129.11    2.91    1.98   -2.75   93.39 -108.00  -50.00  120.00 -108.24  -50.59 -107.40   -0.33  -51.78    1.44    1.04   -2.77   93.14    4.472981    3.488442    3.090271    2.781873    2.421054    2.045809    1.663929    1.303716    0.970630    0.670711    0.427386    0.240771    0.115689    0.048468    0.013885    5.435694    4.160650    3.654257    3.264331    2.815229    2.352544    1.890463    1.458170    1.067115    0.723337    0.450473    0.246542    0.114178    0.046577    0.013858     0.000     1.661     3.499    32.161     4.003     3.995     3.855     3.857   0.99136    6.396758    5.375934    4.913282    4.541235    4.119774    3.670812    3.179410    2.665155    2.148033    1.639531    1.164025    0.751563    0.428106    0.213879    0.078359    7.772518    6.484722    5.908441    5.445295    4.918852    4.360496    3.745858    3.112652    2.483831    1.872594    1.312214    0.834467    0.467924    0.229743    0.083181     0.000     1.850     3.613    15.362     3.742     3.711     3.621     3.587   1.04394
    225401  10  8503.4 603756      9999 20191128   34367.4   55967.4  401585.4  33.8830532  -91.7180241    618553.46   3749928.75    393086.69   1210764.97  188.84  190.42  131.01  128.23   57.25  49229.714    -82.084  132.68    2.59    0.08   -2.97   92.97 -108.00  -50.00  120.00 -108.06  -50.76 -107.16   -1.90  -52.28    1.98    0.19   -2.90   91.92    4.585829    3.471818    2.985479    2.662103    2.296665    1.930314    1.569950    1.234458    0.928440    0.646589    0.416452    0.236288    0.118165    0.051686    0.017105    6.280486    4.622071    3.912711    3.444592    2.929025    2.425518    1.941513    1.497427    1.101609    0.746689    0.465798    0.255271    0.122256    0.050847    0.016627    46.721     1.640     3.974    32.452     4.046     4.014     3.895     3.871   1.00035    6.254222    5.257318    4.810295    4.435046    4.019507    3.584661    3.108828    2.614829    2.115887    1.623401    1.162987    0.757754    0.437195    0.219888    0.083867    8.121390    6.745123    6.133360    5.621780    5.061035    4.477326    3.846094    3.199608    2.554813    1.929964    1.359232    0.868318    0.489777    0.240966    0.089763     0.000     1.859     3.938    15.211     3.744     3.719     3.612     3.583   1.03365
    225401  10  8507.4 603756      9999 20191128   34371.4   55971.4  401589.4  33.8829646  -91.7156919    618769.27   3749921.63    393301.09   1210764.74  189.40  190.98  132.11  129.65   56.70  49228.806    -82.933  133.79    1.88   -0.62   -2.36   92.04 -108.00  -50.00  120.00 -108.77  -50.11 -107.90   -3.72  -50.68    0.70   -2.01   -3.45   90.01    4.458535    3.433311    2.985274    2.659307    2.296738    1.937514    1.578498    1.242733    0.928879    0.643804    0.407863    0.231428    0.115311    0.049718    0.016427    6.092196    4.629421    3.961393    3.507153    2.992651    2.488948    1.995146    1.541508    1.124019    0.758010    0.464529    0.253276    0.119195    0.048852    0.015355     0.000     2.272     4.412    32.129     3.989     3.979     3.861     3.818   0.99039    6.135904    5.130156    4.690062    4.312722    3.907040    3.486849    3.028333    2.551647    2.065875    1.587271    1.137079    0.742698    0.429028    0.215963    0.080085    7.957549    6.600050    6.015714    5.504044    4.957863    4.391633    3.779596    3.148549    2.514327    1.898875    1.334785    0.853332    0.481784    0.236648    0.085573     0.000     1.849     4.401    15.247     3.746     3.719     3.627     3.602   1.03613
    225401  10  8511.4 603756      9999 20191128   34375.4   55975.4  401593.4  33.8829193  -91.7133584    618985.15   3749919.31    393515.39   1210769.34  187.10  188.67  126.74  124.84   59.78  49227.791    -83.915  128.41    2.30    0.93   -1.40   91.48 -108.00  -50.00  120.00 -109.39  -49.35 -108.46   -4.96  -49.69    0.24   -1.25   -4.64   88.80    3.897270    3.261877    2.937458    2.682176    2.359736    2.013933    1.646542    1.294638    0.966986    0.660586    0.415764    0.230533    0.113560    0.049348    0.015992    4.861756    4.039087    3.618932    3.286652    2.864649    2.416309    1.949119    1.506165    1.099696    0.732143    0.446789    0.239686    0.114082    0.046849    0.015226     0.000     1.896     4.512    31.354     3.989     3.977     3.873     3.844   0.96647    5.760402    4.975567    4.613465    4.296496    3.922665    3.514462    3.059690    2.572597    2.071637    1.578943    1.117130    0.718776    0.408208    0.201318    0.072889    7.052668    6.081080    5.627700    5.228854    4.754296    4.236640    3.660016    3.048488    2.425746    1.821996    1.268161    0.799841    0.445511    0.215126    0.076375     0.000     1.611     4.671    15.718     3.751     3.726     3.633     3.602   1.06811
    225401  10  8515.4 603756      9999 20191128   34379.4   55979.4  401597.4  33.8828751  -91.7110200    619201.47   3749917.11    393730.13   1210774.09  190.14  191.72  132.85  132.13   56.72  49226.167    -85.505  134.53    1.59    1.48   -1.01   91.65 -108.00  -50.00  120.00 -108.59  -51.05 -107.14   -2.55  -52.67    1.44    2.14   -5.53   90.26    3.840640    3.260587    2.953951    2.701401    2.367314    2.009381    1.636158    1.268845    0.925246    0.617958    0.374077    0.199567    0.092967    0.034743    0.009475    5.467782    4.593372    4.111612    3.732729    3.230837    2.700181    2.159997    1.635603    1.161931    0.751096    0.435636    0.221815    0.096778    0.033631    0.008522     0.000     1.750     4.572    32.849     3.996     4.002     3.886     3.842   1.01258    5.532861    4.961113    4.640682    4.353807    3.994252    3.588704    3.122266    2.617974    2.092504    1.582085    1.102047    0.703567    0.398094    0.199818    0.073743    7.374521    6.577304    6.119283    5.719039    5.216046    4.649137    4.003531    3.313486    2.605111    1.932007    1.311703    0.816409    0.450416    0.220452    0.079032     0.000     1.463     5.134    14.230     3.722     3.681     3.590     3.547   0.96700
    225401  10  8519.4 603756      9999 20191128   34383.4   55983.4  401601.4  33.8828061  -91.7086549    619420.30   3749912.21    393947.45   1210776.20  185.54  187.11  136.72  133.67   48.24  49225.484    -86.140  138.40    0.06    3.31   -0.92   92.39 -108.00  -50.00  120.00 -110.10  -47.41 -109.82   -0.80  -46.75   -0.01    1.63   -4.00   91.88    3.876540    3.361680    3.024725    2.758663    2.423085    2.061035    1.670353    1.290385    0.936737    0.615452    0.367942    0.197209    0.082669    0.027850    0.007536    6.337847    5.419638    4.816707    4.349196    3.766290    3.149871    2.495539    1.877141    1.320261    0.831621    0.475059    0.245891    0.098188    0.031991    0.007833     0.000     2.253     5.566    31.903     3.970     3.963     3.851     3.831   0.98340    5.619750    5.106400    4.781797    4.494070    4.120563    3.696804    3.208814    2.671424    2.110571    1.563352    1.071906    0.669862    0.375889    0.184672    0.065561    7.860415    7.124550    6.630778    6.201971    5.651035    5.028621    4.314595    3.537213    2.739596    1.979577    1.318243    0.798170    0.431095    0.205057    0.069735     0.000     2.234     4.786    15.733     3.757     3.742     3.624     3.602   1.06917
    225401  10  8523.4 603756      9999 20191128   34387.4   55987.4  401605.4  33.8827038  -91.7062389    619643.88   3749903.68    394169.60   1210774.79  178.67  180.25  130.02  127.77   48.10  49223.486    -88.071  131.69    1.88   -0.19   -1.28   92.50 -108.00  -50.00  120.00 -110.70  -47.33 -109.69    1.24  -47.05   -0.56    3.90   -3.01   93.17    4.759237    4.135908    3.760054    3.422759    2.999975    2.541766    2.043296    1.552749    1.090991    0.693775    0.396811    0.198046    0.088163    0.031809    0.008954    6.881671    5.881575    5.303981    4.780056    4.135092    3.444265    2.707913    2.004048    1.361578    0.832155    0.454215    0.215298    0.091626    0.031784    0.009275     0.000     2.343     4.415    30.388     3.968     3.977     3.853     3.827   0.93670    5.979170    5.443651    5.104754    4.799609    4.408219    3.962272    3.431769    2.839703    2.219631    1.617102    1.079407    0.650325    0.349280    0.164372    0.056096    8.090680    7.306480    6.827112    6.389072    5.829509    5.196155    4.449855    3.624744    2.778573    1.975577    1.282976    0.749310    0.391240    0.180324    0.060618     0.000     1.905     5.213    16.433     3.763     3.723     3.658     3.599   1.11672
    225401  10  8527.4 603756      9999 20191128   34391.4   55991.4  401609.4  33.8826210  -91.7038170    619867.98   3749897.31    394392.20   1210775.59  176.50  178.07  122.71  118.65   53.25  49222.209    -89.292  124.38    1.57    1.92   -1.89   92.66 -108.00  -50.00  120.00 -108.22  -50.70 -107.64   -2.49  -51.33    1.19   -1.07   -3.09   91.26    5.267694    4.558117    4.080158    3.705720    3.225457    2.705439    2.142445    1.584953    1.087999    0.669800    0.369731    0.179725    0.075420    0.027740    0.008224    5.897710    5.053187    4.512212    4.082355    3.530891    2.938328    2.303232    1.680002    1.136553    0.685812    0.371019    0.176615    0.071708    0.026042    0.008361     0.000     2.012     4.572    32.868     4.015     4.017     3.892     3.873   1.01313    7.042697    6.359884    5.984556    5.599155    5.124676    4.575694    3.923870    3.202041    2.453739    1.738873    1.119599    0.654048    0.352173    0.174184    0.061552    8.049638    7.227805    6.773837    6.322511    5.768340    5.126151    4.371486    3.537325    2.684568    1.880650    1.196101    0.689696    0.365164    0.178542    0.061298     0.000     2.139     5.303    14.748     3.727     3.719     3.615     3.581   1.00226
    225401  10  8531.4 603756      9999 20191128   34395.4   55995.4  401613.4  33.8825292  -91.7013882    620092.74   3749889.97    394615.48   1210775.42  178.29  179.86  117.67  116.65   60.10  49221.031    -90.409  119.34    4.39    3.66   -1.16   93.33 -108.00  -50.00  120.00 -108.86  -49.48 -107.59   -1.40  -51.53    1.49    1.75   -4.51   92.49    5.273001    4.501587    4.063563    3.693512    3.237025    2.732211    2.171550    1.622167    1.132888    0.710825    0.395801    0.193483    0.077624    0.025738    0.005536    5.287720    4.469999    4.021212    3.642017    3.179548    2.668647    2.108039    1.562053    1.082212    0.671628    0.367341    0.174429    0.068259    0.022858    0.005748     0.000     1.994     4.855    30.803     3.997     3.979     3.859     3.839   0.94947    6.650520    6.058550    5.693200    5.349641    4.904330    4.385377    3.771694    3.082968    2.371323    1.691143    1.098671    0.640115    0.335309    0.154397    0.051272    7.254260    6.559346    6.137114    5.750905    5.261720    4.688493    4.015682    3.269244    2.502334    1.774989    1.148146    0.664945    0.345365    0.157741    0.052116     0.000     1.731     4.994    16.323     3.765     3.738     3.629     3.623   1.10930
    225401  10  8535.4 603756      9999 20191128   34399.4   55999.4  401617.4  33.8823798  -91.6990013    620313.70   3749876.20    394835.21   1210768.67  185.70  187.27  125.02  123.30   60.18  49220.310    -91.035  126.69    3.27   -0.87   -1.65   93.46 -108.00  -50.00  120.00 -107.12  -53.78 -105.82    4.56  -54.73    2.78    7.19   -2.60   96.02    4.433270    3.800227    3.424709    3.120661    2.730358    2.312557    1.855842    1.417098    1.026953    0.672890    0.392596    0.201255    0.085094    0.031182    0.006677    4.847409    4.123162    3.695785    3.352223    2.911043    2.443211    1.941985    1.463375    1.046372    0.672303    0.382859    0.190683    0.077784    0.026925    0.006682     0.000     1.789     4.350    32.994     4.002     3.991     3.877     3.850   1.01703    6.408962    5.698005    5.344793    5.010816    4.603424    4.123866    3.559379    2.940794    2.299732    1.673195    1.107725    0.653468    0.336281    0.156677    0.050652    7.315408    6.477259    6.063379    5.666704    5.183384    4.623174    3.970703    3.261802    2.533911    1.828547    1.200138    0.699262    0.355261    0.162412    0.050797     0.000     1.844     4.626    13.752     3.721     3.705     3.620     3.567   0.93458
    225401  10  8539.4 603756      9999 20191128   34403.4   56003.4  401621.4  33.8822729  -91.6966425    620532.00   3749867.11    395052.14   1210766.54  188.77  190.34  130.57  127.18   57.73  49219.761    -91.514  132.24    2.52   -1.24   -1.41   92.42 -108.00  -50.00  120.00 -108.04  -51.16 -107.09   -2.55  -52.71    2.02   -4.39   -1.13   90.98    4.047951    3.454259    3.118119    2.846532    2.489934    2.111036    1.704521    1.307230    0.943512    0.621807    0.368884    0.194993    0.082915    0.037657    0.008058    5.368150    4.518992    4.049574    3.669914    3.174725    2.655619    2.110439    1.586426    1.116489    0.714342    0.409215    0.207182    0.086113    0.037285    0.009128     0.000     2.197     3.963    32.374     3.982     3.975     3.851     3.845   0.99789    6.014388    5.349098    5.003494    4.688538    4.298235    3.850909    3.329925    2.762198    2.173381    1.593422    1.060253    0.627448    0.324285    0.143343    0.044190    7.757261    6.835287    6.367344    5.935758    5.412509    4.815507    4.121819    3.377225    2.616408    1.881200    1.225060    0.709168    0.358689    0.155454    0.047321     0.000     1.807     4.176    15.043     3.742     3.717     3.629     3.588   1.02231
    225401  10  8543.4 603756      9999 20191128   34407.4   56007.4  401625.4  33.8822263  -91.6942922    620749.43   3749864.70    395267.98   1210771.11  190.27  191.85  140.67  138.55   49.15  49218.827    -92.413  142.35    1.36    3.04   -1.82   91.73 -108.00  -50.00  120.00 -107.82  -52.00 -107.08   -5.66  -51.96    1.01   -4.16   -4.52   88.60    4.027183    3.449347    3.126621    2.859412    2.506626    2.127987    1.717453    1.313749    0.942725    0.614762    0.370533    0.205866    0.108997    0.054708    0.023524    6.383793    5.358394    4.797375    4.342896    3.750228    3.128001    2.463226    1.833495    1.274102    0.800693    0.464212    0.246319    0.124128    0.060059    0.024016     0.000     2.151     3.768    33.451     4.020     4.008     3.888     3.850   1.03109    5.746745    5.130664    4.806025    4.505293    4.129831    3.703317    3.203368    2.655401    2.086665    1.529485    1.024960    0.621732    0.338366    0.163573    0.057451    8.092522    7.189768    6.704194    6.252728    5.690893    5.058588    4.317624    3.519826    2.707701    1.933914    1.259307    0.742009    0.392960    0.184746    0.063861     0.000     1.916     3.566    13.822     3.708     3.675     3.577     3.570   0.93938
    225401  10  8547.4 603756      9999 20191128   34411.4   56011.4  401629.4  33.8821695  -91.6919345    620967.55   3749861.17    395484.56   1210774.57  185.98  187.56  136.14  135.50   49.42  49218.439    -92.759  137.82    1.64    3.70   -1.79   92.23 -108.00  -50.00  120.00 -110.21  -48.14 -109.19    1.17  -48.54    0.09    5.24   -4.61   92.82    4.625855    3.786677    3.363952    3.034973    2.635706    2.215435    1.770160    1.338874    0.958630    0.623620    0.370690    0.199009    0.092405    0.038726    0.011646    7.744449    6.206941    5.430462    4.838061    4.129911    3.398863    2.641336    1.936218    1.336652    0.832675    0.468932    0.237624    0.104348    0.040673    0.011381     0.000     1.665     3.878    31.076     3.986     3.984     3.863     3.830   0.95787    5.916263    5.274228    4.900004    4.590203    4.196861    3.749737    3.231532    2.667546    2.086571    1.528886    1.030356    0.632433    0.348088    0.167631    0.058151    8.658947    7.628156    7.046480    6.557064    5.944772    5.256306    4.466258    3.623401    2.774302    1.981132    1.297194    0.770558    0.410431    0.191480    0.064097     0.000     2.124     3.573    15.745     3.743     3.728     3.639     3.600   1.07007
    225401  10  8551.4 603756      9999 20191128   34415.4   56015.4  401633.4  33.8820695  -91.6895452    621188.68   3749852.90    395704.26   1210773.35  181.43  183.00  130.13  127.56   50.91  49218.086    -93.046  131.81   -0.08    0.39   -0.26   92.72 -108.00  -50.00  120.00 -108.97  -50.00 -109.06    3.79  -47.94    0.07    3.55   -2.12   94.69    4.360707    3.745594    3.403800    3.100067    2.708364    2.288400    1.840372    1.406505    1.018682    0.681271    0.415900    0.226655    0.111714    0.045068    0.012993    6.170392    5.246536    4.724491    4.273048    3.691945    3.078984    2.434154    1.828293    1.296109    0.847712    0.506353    0.268409    0.127613    0.050066    0.013405     0.000     2.179     3.657    33.138     4.013     4.004     3.876     3.870   1.02142    6.200479    5.537767    5.185089    4.848362    4.431839    3.955878    3.403892    2.809486    2.206807    1.625791    1.104740    0.680713    0.372530    0.178480    0.060246    7.960400    7.081055    6.619253    6.167695    5.610438    4.977110    4.243182    3.461947    2.681582    1.942258    1.294057    0.779435    0.415016    0.193075    0.062960     0.000     2.077     2.414    14.367     3.724     3.698     3.599     3.593   0.97643
    225401  10  8555.4 603756      9999 20191128   34419.4   56019.4  401637.4  33.8819677  -91.6871012    621414.85   3749844.50    395928.99   1210772.18  176.84  178.42  126.27  124.15   50.23  49217.534    -93.531  127.94    0.66   -1.11   -1.65   92.39 -108.00  -50.00  120.00 -109.55  -49.50 -109.02    0.46  -48.40   -0.85   -0.23   -1.22   92.61    5.452633    4.526256    4.069561    3.687824    3.216013    2.708144    2.166520    1.642417    1.190108    0.790617    0.484608    0.267977    0.133709    0.055038    0.017439    7.028035    5.731659    5.102821    4.587034    3.961431    3.297169    2.598186    1.937520    1.375623    0.891355    0.532512    0.286054    0.139017    0.055032    0.017166     0.000     1.714     3.628    32.235     4.012     3.986     3.874     3.838   0.99361    6.324492    5.782159    5.412339    5.088234    4.662477    4.171730    3.604701    2.988541    2.361348    1.757881    1.211076    0.756046    0.412663    0.196607    0.066292    7.705498    6.988588    6.536037    6.124941    5.585318    4.969299    4.262511    3.499354    2.733301    2.007994    1.364717    0.838749    0.450101    0.211053    0.070213     0.000     1.986     2.806    14.874     3.729     3.700     3.596     3.587   1.01087
    225401  10  8559.4 603756      9999 20191128   34423.4   56023.4  401641.4  33.8819014  -91.6846291    621643.58   3749840.07    396156.11   1210775.08  175.76  177.34  117.93  122.20   57.51  49216.722    -94.296  119.61    2.73    2.27   -2.11   92.24 -108.00  -50.00  120.00 -109.54  -48.85 -108.86   -2.71  -49.10    0.78   -0.61   -3.15   90.74    5.454757    4.551396    4.124011    3.723207    3.251355    2.739745    2.193579    1.670340    1.208002    0.803333    0.486791    0.263804    0.124399    0.052088    0.015386    6.530475    5.383815    4.832498    4.337392    3.756465    3.129160    2.469402    1.853269    1.313331    0.853572    0.502952    0.264015    0.119312    0.047280    0.014185     0.000     2.015     3.637    30.827     3.974     3.968     3.853     3.832   0.95019    6.745997    6.032522    5.643798    5.286123    4.832568    4.318282    3.723319    3.083909    2.433719    1.810204    1.245576    0.779510    0.432514    0.205060    0.072862    8.067415    7.203264    6.716865    6.277914    5.714078    5.077704    4.350815    3.571577    2.791741    2.052878    1.394098    0.859269    0.467548    0.218282    0.075728     0.000     2.322     2.975    16.158     3.761     3.733     3.643     3.616   1.09815
    225401  10  8563.4 603756      9999 20191128   34427.4   56027.4  401645.4  33.8818172  -91.6821748    621870.68   3749833.64    396381.68   1210775.90  178.97  180.54  128.12  123.97   50.57  49216.038    -94.922  129.79    3.11    3.08   -2.33   92.96 -108.00  -50.00  120.00 -108.31  -50.80 -107.07   -0.64  -52.75    2.09    2.93   -4.44   92.57    4.931501    4.216184    3.774348    3.435201    2.996689    2.528404    2.025251    1.550320    1.129232    0.759018    0.470985    0.261349    0.130227    0.058914    0.018347    6.169112    5.213954    4.629201    4.183313    3.611275    3.006754    2.368115    1.778391    1.265474    0.825914    0.494058    0.263594    0.123795    0.052176    0.015928   181.797     2.546     3.591    31.917     4.056     4.029     3.920     3.863   0.98377    6.623169    5.890831    5.535608    5.177971    4.734608    4.232398    3.656548    3.038186    2.409550    1.805491    1.254750    0.794073    0.445133    0.216637    0.078146    8.267856    7.313402    6.851237    6.384063    5.806233    5.156062    4.419721    3.632217    2.843832    2.101266    1.437470    0.893781    0.491310    0.234639    0.082884     0.000     2.356     2.991    15.226     3.755     3.723     3.648     3.613   1.03478
    225401  10  8567.4 603756      9999 20191128   34431.4   56031.4  401649.4  33.8816896  -91.6797485    622095.26   3749822.38    396604.91   1210771.79  182.69  184.26  131.82  132.09   50.62  49215.448    -95.429  133.49    1.63    0.81   -1.63   93.51 -108.00  -50.00  120.00 -107.90  -51.36 -107.14    1.95  -52.27    2.54    3.88   -3.64   94.55    4.343345    3.656758    3.267711    2.976077    2.590286    2.187108    1.757623    1.347245    0.983803    0.662055    0.408743    0.229250    0.115568    0.054757    0.019740    5.852528    4.819280    4.276710    3.861235    3.327158    2.772475    2.192875    1.650962    1.179094    0.775412    0.466128    0.253650    0.123465    0.057659    0.020847     0.000     1.961     3.630    33.263     3.997     3.985     3.869     3.854   1.02528    6.335630    5.639358    5.274619    4.931214    4.508908    4.030782    3.481921    2.894602    2.301461    1.730580    1.209560    0.769092    0.432983    0.208531    0.074533    7.995202    7.091918    6.605325    6.155960    5.600391    4.975726    4.260025    3.503203    2.749421    2.035145    1.397131    0.870611    0.479579    0.225161    0.078472     0.000     2.380     3.024    14.331     3.711     3.697     3.612     3.578   0.97401
    225401  10  8571.4 603756      9999 20191128   34435.4   56035.4  401653.4  33.8815602  -91.6773248    622319.60   3749810.91    396827.92   1210767.46  181.08  182.65  129.55  130.47   51.32  49215.454    -95.340  131.22    1.53    2.91   -2.44   93.86 -108.00  -50.00  120.00 -110.00  -47.93 -109.37   -2.17  -48.02    0.41   -0.80   -2.88   92.63    4.201861    3.466824    3.095439    2.823511    2.463337    2.085518    1.681745    1.295600    0.953127    0.646080    0.401647    0.222348    0.109487    0.048491    0.015023    5.696421    4.616354    4.099634    3.708300    3.198952    2.672399    2.118453    1.597830    1.151014    0.758696    0.456745    0.244196    0.115960    0.049303    0.015121     0.000     1.806     3.649    30.875     3.990     3.994     3.870     3.842   0.95167    5.900260    5.158306    4.804967    4.492710    4.115344    3.686967    3.196705    2.668164    2.132389    1.613414    1.137869    0.731188    0.417057    0.208751    0.077745    7.685552    6.647943    6.158452    5.731736    5.217078    4.638853    3.979605    3.280220    2.582807    1.921566    1.329719    0.836692    0.466965    0.228404    0.082691     0.000     2.072     3.211    16.295     3.758     3.728     3.627     3.606   1.10749
    225401  10  8575.4 603756      9999 20191128   34439.4   56039.4  401657.4  33.8814254  -91.6748936    622544.64   3749798.85    397051.64   1210762.57  181.95  183.52  130.56  131.66   51.21  49215.280    -95.426  132.24    2.80    0.63   -0.62   93.77 -108.00  -50.00  120.00 -108.64  -50.61 -107.41   -1.65  -51.75    0.86   -0.81   -3.81   92.80    3.904442    3.071033    2.743829    2.496126    2.196447    1.866309    1.509399    1.168114    0.866107    0.589915    0.370591    0.204739    0.106117    0.047144    0.014726    5.158666    3.954051    3.487977    3.150276    2.739902    2.296295    1.824834    1.383599    1.000445    0.661689    0.401099    0.215571    0.107638    0.045343    0.014484     0.000     1.868     3.637    31.957     3.986     3.983     3.874     3.840   0.98502    5.575846    4.761264    4.441483    4.157124    3.809652    3.420590    2.967597    2.479567    1.981161    1.502997    1.063351    0.686634    0.395260    0.197798    0.072792    7.157362    6.044800    5.600723    5.219867    4.757683    4.238358    3.643271    3.008411    2.370779    1.770623    1.230457    0.778252    0.438394    0.214253    0.076804     0.000     2.336     3.333    15.188     3.729     3.701     3.632     3.596   1.03222
    225401  10  8579.4 603756      9999 20191128   34443.4   56043.4  401661.4  33.8812844  -91.6724864    622767.48   3749786.10    397273.19   1210756.89  183.95  185.53  132.69  134.12   51.14  49216.573    -94.042  134.36    2.20   -0.47   -2.22   93.48 -108.00  -50.00  120.00 -109.05  -49.28 -108.01    2.20  -50.68    2.58    4.67   -2.79   94.67    3.394233    2.578399    2.271541    2.084399    1.839927    1.566104    1.270677    0.984291    0.734665    0.503411    0.316492    0.180597    0.082241    0.034880    0.008959    4.739304    3.500972    3.048029    2.771947    2.415237    2.028685    1.614490    1.224369    0.890518    0.592556    0.360170    0.198150    0.085151    0.034228    0.008914     0.000     2.224     3.622    31.626     4.004     3.987     3.874     3.873   0.97480    5.362020    4.429194    4.103363    3.845240    3.524378    3.162432    2.741012    2.286107    1.827670    1.387937    0.982133    0.634729    0.367675    0.185963    0.069014    7.136448    5.807472    5.337766    4.984848    4.535379    4.037853    3.463145    2.851070    2.243496    1.672965    1.160167    0.731569    0.412051    0.202671    0.072853     0.000     1.934     3.266    15.846     3.737     3.714     3.631     3.597   1.07700
    225401  10  8583.4 603756      9999 20191128   34447.4   56047.4  401665.4  33.8811822  -91.6700928    622988.99   3749777.62    397493.29   1210755.49  181.83  183.41  131.73  131.88   50.00  49218.352    -92.196  133.41    2.24   -0.43   -1.28   92.52 -108.00  -50.00  120.00 -109.83  -48.52 -109.00   -2.83  -48.70    0.01   -2.41   -2.86   90.95    3.795353    2.824625    2.471204    2.249536    1.977056    1.684570    1.363697    1.055876    0.785870    0.537421    0.340474    0.192422    0.095163    0.041830    0.012498    5.485949    3.953986    3.394694    3.063928    2.654994    2.226908    1.767892    1.336539    0.967613    0.640457    0.392053    0.212818    0.100959    0.042406    0.012678     0.000     2.098     3.623    30.892     3.999     3.991     3.864     3.844   0.95219    5.287259    4.314886    3.973598    3.706543    3.396810    3.049055    2.647303    2.212343    1.772634    1.347746    0.956101    0.618427    0.358144    0.184380    0.070897    7.098986    5.708237    5.215109    4.834950    4.396972    3.914473    3.362654    2.772413    2.185765    1.631789    1.134622    0.716336    0.403602    0.202359    0.075315     0.000     1.739     3.505    16.159     3.746     3.719     3.627     3.615   1.09825
    225401  10  8587.4 603756      9999 20191128   34451.4   56051.4  401669.4  33.8811087  -91.6677003    623210.38   3749772.34    397713.16   1210757.30  181.17  182.75  131.56  132.57   49.55  49220.436    -90.060  133.23    1.81   -0.27   -1.86   91.53 -108.00  -50.00  120.00 -108.49  -50.52 -107.62   -3.50  -51.34    0.94   -1.85   -3.93   89.62    4.205135    2.982394    2.592841    2.333773    2.045813    1.737800    1.409593    1.087851    0.810361    0.556942    0.351159    0.195421    0.091076    0.038533    0.010005    5.921739    4.080084    3.484307    3.103204    2.685970    2.251125    1.794293    1.355150    0.985103    0.657059    0.399615    0.212523    0.095001    0.037173    0.009282     0.000     1.592     3.598    32.662     3.994     3.997     3.862     3.843   1.00671    5.604462    4.540077    4.158828    3.869296    3.534304    3.163667    2.737219    2.276369    1.816666    1.378888    0.976415    0.633293    0.365072    0.184278    0.067699    7.299570    5.841918    5.326411    4.934186    4.478452    3.980556    3.410828    2.803742    2.206518    1.647879    1.146632    0.728491    0.411545    0.202741    0.072759     0.000     2.043     3.602    14.837     3.739     3.715     3.607     3.578   1.00845
    225401  10  8591.4 603756      9999 20191128   34455.4   56055.4  401673.4  33.8810746  -91.6652983    623432.56   3749771.44    397933.67   1210763.54  180.07  181.65  130.30  130.55   49.74  49222.305    -88.163  131.98    1.29    0.33   -3.56   90.94 -108.00  -50.00  120.00 -109.02  -49.39 -108.53   -1.63  -49.47    1.01    1.72   -4.00   90.12    3.935602    2.969461    2.614787    2.372330    2.073278    1.758059    1.411954    1.082249    0.799846    0.538519    0.328523    0.175424    0.077934    0.029539    0.006279    5.373864    3.993582    3.467907    3.118435    2.692354    2.248312    1.771530    1.326581    0.955576    0.623935    0.367259    0.188705    0.080629    0.028781    0.006487     0.000     1.905     3.562    32.175     4.001     3.996     3.869     3.850   0.99173    5.789370    4.729299    4.328885    4.023297    3.676080    3.296554    2.858984    2.388380    1.914033    1.457433    1.028705    0.659808    0.376378    0.187712    0.065420    7.448810    6.049259    5.520443    5.110895    4.643460    4.132327    3.550372    2.930157    2.313278    1.729778    1.195468    0.746932    0.414041    0.200917    0.067191     0.000     1.766     3.560    15.391     3.738     3.703     3.602     3.595   1.04610
    225401  10  8595.4 603756      9999 20191128   34459.4   56059.4  401677.4  33.8810580  -91.6628907    623655.27   3749772.49    398154.63   1210771.77  177.97  179.55  130.78  130.24   47.19  49230.058    -80.391  132.45    2.92    5.19   -2.35   91.86 -108.00  -50.00  120.00 -109.65  -48.37 -108.58   -3.66  -49.53    0.19    0.75   -5.53   89.84    4.955273    3.775804    3.256672    2.853432    2.422773    2.004856    1.585081    1.200353    0.873598    0.586242    0.360469    0.205067    0.102800    0.043018    0.013240    7.399498    5.534692    4.691266    4.039021    3.355604    2.714556    2.095500    1.543812    1.089704    0.703795    0.416202    0.226920    0.108230    0.042918    0.013315     0.000     1.873     3.567    30.561     3.993     3.987     3.860     3.844   0.94197    6.039281    4.986272    4.483045    4.095201    3.672907    3.247312    2.785855    2.307938    1.836219    1.386959    0.970800    0.614580    0.342585    0.162678    0.055085    8.147895    6.616229    5.902217    5.339890    4.740700    4.143787    3.515174    2.877395    2.258834    1.680850    1.156176    0.717541    0.388576    0.180280    0.059240     0.000     1.883     3.688    16.146     3.770     3.747     3.636     3.621   1.09741
    225401  10  8599.4 603756      9999 20191128   34463.4   56063.4  401681.4  33.8809548  -91.6605073    623875.85   3749763.93    398373.81   1210770.25  180.61  182.19  133.88  131.53   46.75  49235.436    -74.944  135.55    2.76    2.37   -1.84   93.49 -108.00  -50.00  120.00 -107.71  -52.53 -106.76    1.18  -53.21    1.29    4.71   -5.39   94.08    6.598956    5.076073    4.097904    3.272012    2.526768    1.961743    1.495911    1.106704    0.797218    0.525432    0.311619    0.160323    0.063760    0.023248    0.004282    9.842518    7.324743    5.768755    4.487535    3.365494    2.539027    1.880438    1.348698    0.941608    0.597639    0.338235    0.165699    0.061647    0.021586    0.003966    65.214     2.232     3.695    32.863     4.045     4.040     3.919     3.875   1.01291    7.414750    6.290892    5.560118    4.880773    4.198816    3.591434    3.013293    2.449896    1.908684    1.399415    0.937798    0.560332    0.296279    0.135503    0.041048   10.155725    8.543954    7.459382    6.460554    5.475863    4.622044    3.829921    3.072587    2.357099    1.696711    1.113532    0.648741    0.332771    0.148403    0.043703     0.000     2.035     3.436    14.015     3.725     3.701     3.606     3.564   0.95260
    225401  10  8603.4 603756      9999 20191128   34467.4   56067.4  401685.4  33.8808003  -91.6581498    624094.10   3749749.64    398590.86   1210762.89  183.94  185.52  137.56  135.14   46.43  49238.631    -71.650  139.24    1.16    0.75   -2.99   94.18 -108.00  -50.00  120.00 -108.17  -51.25 -107.17    2.36  -52.19    2.47    3.65   -2.93   95.43    4.305460    3.016513    2.417930    2.014906    1.665964    1.335538    1.029208    0.758476    0.546033    0.356260    0.210170    0.114003    0.048197    0.018747    0.004218    6.288929    4.200972    3.308138    2.749339    2.253038    1.795234    1.355780    0.976639    0.687580    0.434979    0.247826    0.131366    0.054027    0.020235    0.004818   156.021     1.700     3.761    33.248     4.050     4.029     3.926     3.890   1.02478    6.813072    5.551551    4.799031    4.182213    3.575196    3.046471    2.541965    2.063735    1.613850    1.193685    0.811705    0.495882    0.266366    0.123004    0.039464    9.257727    7.412682    6.361344    5.514371    4.680612    3.950421    3.254018    2.599003    1.994725    1.444123    0.957981    0.570082    0.299002    0.134553    0.042226     0.000     2.136     3.375    14.221     3.732     3.708     3.629     3.585   0.96663
    225401  10  8607.4 603756      9999 20191128   34471.4   56071.4  401689.4  33.8806639  -91.6557864    624312.89   3749737.36    398808.38   1210757.57  180.39  181.97  133.57  130.85   46.89  49241.103    -69.089  135.24    1.14   -0.08   -2.11   93.66 -108.00  -50.00  120.00 -110.39  -47.96 -109.51   -3.49  -47.63   -0.49   -3.44   -2.80   91.73    3.649866    2.484813    2.132407    1.926335    1.675808    1.403503    1.107367    0.829989    0.603144    0.393655    0.234186    0.123809    0.057888    0.022760    0.006680    5.647917    3.660050    3.100167    2.772289    2.376976    1.957794    1.508919    1.099877    0.775589    0.488022    0.278111    0.140092    0.061838    0.023448    0.006837     0.000     2.230     3.839    31.005     3.977     3.965     3.843     3.819   0.95564    5.473909    4.366052    3.885652    3.536688    3.160243    2.771766    2.348029    1.917784    1.498749    1.102567    0.744421    0.454503    0.246371    0.116399    0.039284    7.511245    5.874352    5.196542    4.714686    4.186500    3.638087    3.044341    2.447675    1.876516    1.351111    0.888884    0.527299    0.278624    0.128032    0.042244     0.000     2.123     3.683    15.922     3.746     3.719     3.610     3.596   1.08224
    225401  10  8611.4 603756      9999 20191128   34475.4   56075.4  401693.4  33.8805477  -91.6533953    624534.20   3749727.38    399028.33   1210754.64  178.08  179.65  126.85  123.37   51.32  49243.659    -66.458  128.53    1.66    1.01   -2.43   92.92 -108.00  -50.00  120.00 -109.21  -49.99 -108.43   -3.06  -49.65   -0.06   -0.02   -4.45   91.26    3.914892    2.817307    2.457478    2.237391    1.947454    1.627565    1.283353    0.959850    0.684136    0.441643    0.255816    0.132510    0.057444    0.021698    0.005030    5.017572    3.574565    3.089114    2.794963    2.412242    1.992540    1.546949    1.136648    0.794783    0.501532    0.282868    0.142544    0.059886    0.021899    0.005261     0.000     2.479     3.857    31.953     3.984     3.968     3.863     3.831   0.98485    5.541441    4.374555    3.954520    3.654829    3.310714    2.920571    2.472819    2.007706    1.555930    1.130907    0.752472    0.448059    0.235356    0.105742    0.033725    6.988206    5.439199    4.893746    4.505570    4.056066    3.552946    2.980472    2.391607    1.827982    1.308870    0.855339    0.500953    0.258044    0.114439    0.035846     0.000     2.233     3.666    15.092     3.739     3.721     3.614     3.601   1.02582
    225401  10  8615.4 603756      9999 20191128   34479.4   56079.4  401697.4  33.8804590  -91.6509958    624756.25   3749720.46    399248.91   1210754.82  178.94  180.52  126.32  127.12   52.74  49246.155    -63.901  127.99    2.67   -1.99   -0.88   91.80 -108.00  -50.00  120.00 -109.19  -50.09 -107.88   -0.87  -51.01    1.02    0.53   -3.20   91.35    3.790120    2.901694    2.598305    2.360741    2.065248    1.736298    1.374137    1.028533    0.739111    0.483157    0.290820    0.152857    0.068062    0.026660    0.006106    4.597513    3.463904    3.086430    2.779860    2.410176    2.006198    1.566066    1.149844    0.811977    0.517893    0.303309    0.154601    0.065942    0.025208    0.006122     0.000     2.006     3.916    31.506     3.985     3.977     3.870     3.825   0.97106    5.501505    4.535789    4.169266    3.881073    3.531384    3.129748    2.659037    2.163377    1.676414    1.226073    0.821177    0.495761    0.262252    0.118922    0.037955    6.688483    5.478760    5.004460    4.643970    4.205924    3.705262    3.123311    2.517670    1.930052    1.395146    0.921887    0.548149    0.285021    0.127469    0.039918     0.000     1.972     3.646    15.372     3.748     3.719     3.614     3.603   1.04489
    225401  10  8619.4 603756      9999 20191128   34483.4   56083.4  401701.4  33.8804227  -91.6486058    624977.35   3749719.34    399468.35   1210760.82  180.23  181.81  127.05  127.37   53.31  49249.023    -61.002  128.72    2.29    3.13   -1.56   91.44 -108.00  -50.00  120.00 -108.61  -50.60 -107.70   -3.17  -51.05    0.70   -1.53   -4.00   89.68    3.651334    2.839250    2.515194    2.308052    2.022914    1.713805    1.364127    1.029867    0.751797    0.504014    0.309874    0.174577    0.084562    0.035613    0.010503    4.472759    3.415926    3.000437    2.737512    2.378582    1.997562    1.567096    1.163651    0.835366    0.547833    0.327863    0.179219    0.085277    0.034552    0.011302   122.230     2.322     4.020    32.260     4.033     4.040     3.895     3.837   0.99432    5.413836    4.538337    4.171066    3.891765    3.549085    3.159788    2.704546    2.214936    1.733232    1.278686    0.869899    0.531830    0.285109    0.133185    0.043623    6.544809    5.436160    4.969479    4.624547    4.199293    3.717799    3.161017    2.567285    1.988688    1.451266    0.974192    0.587272    0.309660    0.142738    0.045962     0.000     2.198     3.709    14.919     3.727     3.705     3.611     3.574   1.01410
    225401  10  8623.4 603756      9999 20191128   34487.4   56087.4  401705.4  33.8803758  -91.6462134    625198.68   3749717.05    399688.07   1210765.64  180.47  182.04  127.52  127.72   53.08  49251.994    -57.995  129.20    1.91    3.07   -0.72   92.11 -108.00  -50.00  120.00 -108.56  -50.43 -107.70   -1.09  -51.24    0.94    3.10   -5.28   91.49    3.769594    2.809983    2.512490    2.292821    2.018462    1.706973    1.367120    1.039092    0.761095    0.507115    0.312599    0.171787    0.085905    0.039765    0.014153    4.717170    3.429046    3.042958    2.758958    2.405578    2.014608    1.590498    1.187731    0.852812    0.553785    0.331117    0.176657    0.085234    0.037501    0.013490     0.000     1.665     4.135    32.412     3.984     3.986     3.877     3.864   0.99897    5.391168    4.465512    4.138295    3.869551    3.539905    3.159457    2.715416    2.237815    1.762295    1.312111    0.900473    0.557522    0.302540    0.144272    0.049725    6.592215    5.384701    4.974104    4.633849    4.217917    3.743729    3.193275    2.607961    2.031454    1.493495    1.009077    0.614373    0.328249    0.154001    0.052326     0.000     1.757     3.943    14.825     3.726     3.716     3.603     3.576   1.00769
    225401  10  8627.4 603756      9999 20191128   34491.4   56091.4  401709.4  33.8802698  -91.6438153    625420.63   3749708.21    399908.61   1210763.89  180.15  181.72  128.14  128.69   52.15  49255.276    -54.642  129.82    2.13    0.70   -0.82   93.13 -108.00  -50.00  120.00 -109.47  -49.78 -108.19    2.79  -50.35    0.87    7.14   -3.86   94.63    3.901511    2.886898    2.567594    2.343985    2.060221    1.749164    1.404674    1.062379    0.771758    0.517683    0.318246    0.179497    0.086574    0.040064    0.013561    5.130329    3.694841    3.263407    2.953652    2.571242    2.156892    1.702616    1.261658    0.894987    0.583100    0.347576    0.188214    0.088131    0.038861    0.013265     0.000     2.111     4.315    31.550     3.982     3.976     3.861     3.841   0.97243    5.436474    4.497693    4.173008    3.905691    3.582740    3.207015    2.760513    2.277297    1.792456    1.330256    0.914815    0.569880    0.316968    0.152726    0.054758    6.902868    5.633755    5.193506    4.842723    4.416960    3.928727    3.352613    2.735326    2.124818    1.554864    1.052066    0.643826    0.350289    0.166016    0.058034     0.000     1.624     4.197    15.250     3.745     3.723     3.634     3.590   1.03662
    225401  10  8631.4 603756      9999 20191128   34495.4   56095.4  401713.4  33.8801466  -91.6414194    625642.40   3749697.48    400129.03   1210760.23  180.48  182.05  132.92  132.81   47.72  49258.655    -51.182  134.59    1.83    0.67   -1.59   93.31 -108.00  -50.00  120.00 -108.93  -49.58 -108.13   -1.27  -50.51    1.33   -0.80   -2.82   92.55    3.811399    2.912695    2.609965    2.385007    2.099445    1.788356    1.435434    1.085352    0.784253    0.516929    0.312456    0.170038    0.081667    0.037645    0.013378    5.278455    3.980819    3.510377    3.188431    2.774528    2.328721    1.839094    1.357630    0.957760    0.610583    0.356419    0.186469    0.085708    0.037681    0.013157     0.000     2.020     4.461    32.098     3.987     3.981     3.858     3.853   0.98929    5.532048    4.605090    4.279535    4.008776    3.678053    3.292567    2.838323    2.338411    1.833400    1.357376    0.932072    0.583555    0.323247    0.157056    0.057576    7.242096    5.990196    5.543546    5.168962    4.717751    4.190293    3.575933    2.908893    2.243604    1.628973    1.095474    0.671035    0.362951    0.172024    0.061578     0.000     1.981     4.675    15.423     3.749     3.704     3.630     3.592   1.04838
    225401  10  8635.4 603756      9999 20191128   34499.4   56099.4  401717.4  33.8800340  -91.6390217    625864.32   3749687.93    400349.57   1210757.76  179.41  180.98  129.93  127.12   49.63  49261.869    -47.893  131.61    1.78   -0.62   -1.57   92.73 -108.00  -50.00  120.00 -109.46  -48.80 -108.70   -2.73  -49.23    0.47   -0.90   -3.91   91.25    3.971473    3.017600    2.724720    2.475798    2.179786    1.856670    1.493956    1.134573    0.828423    0.547583    0.331537    0.184784    0.089113    0.035631    0.010594    5.037428    3.720570    3.334961    3.007936    2.625527    2.212572    1.756870    1.313290    0.942361    0.610178    0.360464    0.194975    0.090662    0.034944    0.010591     0.000     1.747     4.310    31.493     3.991     3.979     3.862     3.873   0.97064    5.644355    4.784374    4.410770    4.129395    3.779369    3.385921    2.922919    2.413580    1.891791    1.398477    0.957738    0.595479    0.330056    0.158050    0.056551    6.985042    5.858753    5.375711    5.011983    4.562739    4.058223    3.472946    2.837767    2.196523    1.601327    1.079252    0.658336    0.359361    0.168288    0.058871     0.000     1.841     5.066    15.874     3.755     3.735     3.629     3.616   1.07903
    225401  10  8639.4 603756      9999 20191128   34503.4   56103.4  401721.4  33.8799533  -91.6366217    626086.41   3749681.92    400570.15   1210758.85  177.65  179.23  125.24  125.41   52.58  49264.094    -45.611  126.91    1.82    1.61   -3.15   92.25 -108.00  -50.00  120.00 -109.39  -49.00 -108.58   -2.56  -49.59    0.39    0.11   -3.86   90.86    4.407851    3.323183    2.934415    2.653541    2.339707    1.999269    1.618835    1.242087    0.913297    0.609691    0.371429    0.210289    0.096782    0.044529    0.011967    5.378756    4.014191    3.501152    3.148932    2.753582    2.331164    1.864341    1.408676    1.017000    0.662649    0.393076    0.214467    0.096338    0.042535    0.012141    47.038     2.035     5.272    31.579     4.022     4.010     3.915     3.881   0.97328    5.793474    4.733865    4.383007    4.098607    3.758917    3.374346    2.928562    2.438444    1.933078    1.443373    0.998916    0.622244    0.345763    0.165845    0.055878    7.118832    5.724899    5.275134    4.903793    4.478773    3.995346    3.441047    2.837942    2.225544    1.639807    1.117210    0.686508    0.375334    0.177897    0.059029     0.000     1.704     4.488    15.725     3.771     3.738     3.622     3.620   1.06894
    225401  10  8643.4 603756      9999 20191128   34507.4   56107.4  401725.4  33.8798859  -91.6342173    626308.89   3749677.40    400791.08   1210761.48  176.69  178.27  125.82  126.31   51.04  49268.588    -41.069  127.49    1.70    1.65   -2.29   92.13 -108.00  -50.00  120.00 -109.24  -49.35 -108.37   -2.17  -50.18    0.98    1.29   -4.61   90.95    4.120481    3.113137    2.803643    2.557018    2.249705    1.927567    1.567736    1.209791    0.900577    0.618340    0.388924    0.220773    0.111242    0.053693    0.017591    4.896255    3.641277    3.263679    2.959406    2.585271    2.195482    1.764811    1.342513    0.984537    0.663734    0.408924    0.227261    0.110888    0.052071    0.017383    28.762     1.635     4.646    31.809     4.000     3.995     3.881     3.856   0.98037    6.183483    5.201685    4.758192    4.425438    4.061515    3.655561    3.176236    2.655077    2.113401    1.584582    1.092318    0.687522    0.381314    0.188766    0.064503    7.397598    6.164762    5.620128    5.209044    4.761852    4.267529    3.682012    3.054209    2.409181    1.787393    1.217972    0.755598    0.412845    0.202419    0.068484     0.000     1.799     5.472    15.465     3.749     3.731     3.616     3.606   1.05123
    225401  10  8647.4 603756      9999 20191128   34511.4   56111.4  401729.4  33.8798054  -91.6318059    626532.02   3749671.45    401012.70   1210762.66  176.28  177.85  124.21  124.39   52.23  49273.950    -35.650  125.89    1.78    1.75   -1.58   92.51 -108.00  -50.00  120.00 -109.29  -49.57 -108.30   -1.50  -50.16    1.04    2.05   -4.28   91.66    3.835730    3.019338    2.706417    2.483369    2.197676    1.888329    1.536346    1.192753    0.886136    0.604034    0.385185    0.227085    0.122028    0.063717    0.026661    4.472168    3.474996    3.098785    2.828027    2.484194    2.119391    1.707046    1.307761    0.958602    0.641027    0.400972    0.231343    0.120955    0.061575    0.024808     0.000     2.320     4.305    31.834     3.988     3.990     3.866     3.839   0.98114    5.869277    4.930198    4.570327    4.282054    3.935756    3.550174    3.092554    2.591856    2.068590    1.560727    1.087387    0.691052    0.394157    0.203155    0.078315    6.871470    5.733220    5.290390    4.949998    4.534330    4.071311    3.524898    2.931592    2.318199    1.729539    1.190176    0.747721    0.420397    0.214039    0.080912     0.000     2.417     5.417    15.287     3.742     3.733     3.631     3.595   1.03916
    225401  10  8651.4 603756      9999 20191128   34515.4   56115.4  401733.4  33.8797068  -91.6293841    626756.17   3749663.49    401235.39   1210761.87  175.79  177.36  125.99  124.01   49.97  49278.783    -30.750  127.66    1.83    1.60   -2.38   92.69 -108.00  -50.00  120.00 -108.63  -50.02 -108.34   -0.70  -49.87    1.00    3.29   -4.33   92.35    4.048707    3.131048    2.811964    2.545321    2.244619    1.919257    1.558751    1.201191    0.888138    0.599588    0.374041    0.210188    0.107536    0.049727    0.015805    4.900909    3.699499    3.295052    2.956831    2.586120    2.191592    1.757840    1.334865    0.971143    0.641585    0.391464    0.213043    0.104281    0.046256    0.014463     0.000     2.042     4.534    32.360     3.999     3.992     3.873     3.837   0.99734    5.921743    4.952500    4.573903    4.275894    3.922514    3.531342    3.074589    2.573625    2.051755    1.539202    1.063180    0.673810    0.381281    0.193471    0.072109    7.042854    5.853331    5.375327    5.003819    4.567572    4.090579    3.538303    2.937806    2.319004    1.718306    1.172221    0.731654    0.406820    0.202592    0.073896     0.000     1.818     5.368    15.190     3.747     3.721     3.622     3.584   1.03257
    225401  10  8655.4 603756      9999 20191128   34519.4   56119.4  401737.4  33.8796129  -91.6269570    626980.77   3749656.08    401458.52   1210761.65  177.53  179.10  125.24  125.70   52.46  49284.208    -25.261  126.91    2.42    2.27   -1.28   92.86 -108.00  -50.00  120.00 -108.77  -50.32 -107.57   -2.45  -51.59    0.88   -0.84   -4.23   91.47    5.706892    4.004267    3.272565    2.805619    2.388473    2.000022    1.602371    1.219632    0.885273    0.583527    0.351677    0.193418    0.076725    0.031546    0.006411    7.266332    4.959853    3.964133    3.335153    2.790334    2.304423    1.816235    1.357070    0.966672    0.621788    0.365271    0.196439    0.074378    0.029081    0.006410   343.322     2.065     4.410    32.016     4.086     4.078     3.968     3.931   0.98674    6.346048    5.220231    4.733108    4.354006    3.951659    3.533834    3.067367    2.562769    2.038719    1.527044    1.062257    0.661592    0.367716    0.177777    0.061488    7.806173    6.328282    5.682621    5.186798    4.675308    4.150025    3.572006    2.956466    2.326330    1.718971    1.180173    0.722547    0.395244    0.187190    0.063627     0.000     1.745     5.322    15.179     3.752     3.727     3.628     3.598   1.03182
    225401  10  8659.4 603756      9999 20191128   34523.4   56123.4  401741.4  33.8795066  -91.6245385    627204.61   3749647.28    401680.93   1210760.00  179.80  181.37  127.74  126.97   52.23  49289.482    -19.915  129.41    1.73    0.81   -1.52   92.83 -108.00  -50.00  120.00 -109.54  -48.89 -108.71    0.32  -49.50    1.54    2.95   -3.72   92.98    5.041378    3.681077    3.131847    2.747366    2.356457    1.982477    1.593478    1.223934    0.899462    0.605207    0.373786    0.209556    0.092622    0.039819    0.009685    6.381051    4.625974    3.950321    3.458609    2.945574    2.444793    1.928174    1.445627    1.031325    0.670859    0.398306    0.216196    0.092352    0.037312    0.009788     0.000     1.885     5.454    31.474     3.983     3.992     3.860     3.834   0.97005    6.631795    5.270688    4.619641    4.154762    3.709341    3.306466    2.888733    2.432321    1.956885    1.495480    1.059280    0.680926    0.391912    0.190840    0.069553    8.247576    6.459081    5.628270    5.040435    4.479541    3.970534    3.446405    2.873671    2.291085    1.726547    1.204909    0.758819    0.427536    0.205171    0.072633     0.000     2.125     5.436    15.765     3.752     3.733     3.645     3.592   1.07167
    225401  10  8663.4 603756      9999 20191128   34527.4   56127.4  401745.4  33.8794104  -91.6221221    627428.25   3749639.61    401903.11   1210759.48  177.07  178.65  125.43  124.28   51.81  49293.706    -15.625  127.10    1.22    0.20   -1.90   92.44 -108.00  -50.00  120.00 -109.98  -48.07 -109.39    0.25  -47.97    0.23    1.62   -3.03   92.55    4.298180    3.205318    2.764064    2.476666    2.160129    1.845513    1.503664    1.159252    0.859185    0.580342    0.364945    0.209397    0.109709    0.049749    0.017428    5.330324    3.902470    3.324083    2.954608    2.551640    2.156885    1.732190    1.310880    0.952349    0.627688    0.384709    0.213906    0.108524    0.047434    0.016490     0.000     1.809     4.384    31.200     3.987     3.986     3.883     3.861   0.96159    6.531895    5.323323    4.793509    4.355509    3.909583    3.471059    3.001614    2.504143    1.994295    1.501582    1.048346    0.666761    0.384033    0.193173    0.073988    7.945762    6.394316    5.730154    5.179427    4.623471    4.081739    3.507032    2.900992    2.286607    1.699733    1.170542    0.732828    0.418144    0.206837    0.078965     0.000     1.623     4.949    16.049     3.755     3.746     3.654     3.623   1.09098
    225401  10  8667.4 603756      9999 20191128   34531.4   56131.4  401749.4  33.8793369  -91.6196937    627652.96   3749634.47    402126.27   1210761.55  174.01  175.58  122.44  121.91   51.73  49300.003     -9.275  124.12    1.80    2.22   -2.21   92.23 -108.00  -50.00  120.00 -109.56  -48.63 -108.73   -3.35  -49.25    0.44   -1.16   -4.09   90.38    5.047331    3.729340    3.202790    2.827661    2.426021    2.045464    1.643878    1.247838    0.906140    0.600047    0.367116    0.205811    0.104324    0.053288    0.019110    5.959502    4.307785    3.657515    3.193712    2.714266    2.269960    1.804487    1.353987    0.970022    0.629684    0.378116    0.209781    0.104764    0.053803    0.019966   211.619     2.006     4.065    31.428     4.119     4.116     3.999     3.917   0.96862    6.751889    5.594044    4.999091    4.536038    4.053820    3.587714    3.087471    2.556110    2.019011    1.504931    1.042719    0.661574    0.379132    0.192568    0.075526    7.891861    6.509117    5.784814    5.222266    4.641594    4.087226    3.491275    2.867345    2.243457    1.654127    1.133256    0.710656    0.401968    0.202469    0.078661     0.000     1.388     4.574    15.878     3.773     3.745     3.636     3.613   1.07939
    225401  10  8671.4 603756      9999 20191128   34535.4   56135.4  401753.4  33.8792589  -91.6172616    627878.01   3749628.84    402349.78   1210763.13  174.82  176.39  123.38  123.52   51.60  49305.983     -3.239  125.06    2.20    2.59   -2.12   92.42 -108.00  -50.00  120.00 -108.57  -50.12 -107.95   -2.37  -50.75    1.06    1.62   -5.01   91.13    6.754235    4.845802    3.822345    3.124272    2.549571    2.097106    1.668178    1.256640    0.906384    0.593934    0.358879    0.197685    0.094463    0.040277    0.011611    8.013546    5.620949    4.364106    3.497938    2.805253    2.281932    1.795970    1.335922    0.951646    0.612401    0.360544    0.193818    0.090301    0.036279    0.011574    38.156     2.186     4.142    32.199     4.035     4.025     3.912     3.889   0.99238    7.378063    6.020614    5.295383    4.715730    4.166038    3.660605    3.141121    2.594856    2.042670    1.517912    1.045160    0.657519    0.376788    0.187661    0.070529    8.736818    7.062327    6.141818    5.411273    4.737085    4.136852    3.523420    2.888152    2.255063    1.660136    1.130772    0.703140    0.397936    0.195203    0.072343     0.000     1.760     4.619    15.280     3.756     3.727     3.642     3.615   1.03876
    225401  10  8675.4 603756      9999 20191128   34539.4   56139.4  401757.4  33.8791637  -91.6148406    628102.08   3749621.31    402572.37   1210762.76  177.12  178.69  125.05  124.50   52.24  49311.960      2.803  126.73    2.58    1.48   -0.70   92.70 -108.00  -50.00  120.00 -108.94  -49.89 -107.88   -0.43  -51.14    1.49    2.18   -4.30   92.43    6.415584    4.501825    3.544569    2.891148    2.362183    1.942520    1.550847    1.177205    0.854707    0.566653    0.339571    0.184438    0.086803    0.035557    0.009939    7.701992    5.255792    4.092883    3.314502    2.689920    2.192141    1.728531    1.292505    0.923711    0.601104    0.352903    0.188593    0.086593    0.035600    0.011052     0.000     1.871     4.309    31.640     4.008     3.996     3.891     3.854   0.97513    7.590802    6.139236    5.304957    4.628777    4.028808    3.522132    3.022302    2.507528    1.985223    1.481390    1.025736    0.644715    0.362775    0.179860    0.066089    9.149222    7.283899    6.268878    5.446592    4.722266    4.105684    3.500315    2.880567    2.258635    1.666446    1.141338    0.708089    0.393650    0.192652    0.069905     0.000     1.880     4.549    15.562     3.757     3.738     3.637     3.604   1.05794
    225401  10  8679.4 603756      9999 20191128   34543.4   56143.4  401761.4  33.8790638  -91.6124327    628324.93   3749613.23    402793.79   1210761.81  179.37  180.94  127.85  127.65   51.69  49318.054      8.965  129.52    1.45    0.55   -2.19   92.64 -108.00  -50.00  120.00 -108.39  -50.50 -107.75    0.06  -51.05    1.34    1.51   -3.34   92.66    5.013727    3.456227    2.841731    2.480214    2.116430    1.794313    1.450912    1.113761    0.834401    0.563563    0.353337    0.201761    0.100750    0.054640    0.018692    6.217264    4.209387    3.418414    2.967473    2.518882    2.118571    1.695243    1.285446    0.945761    0.625332    0.383024    0.213034    0.103254    0.054458    0.018388     0.000     2.240     4.548    32.947     4.003     3.998     3.875     3.864   1.01543    7.208109    5.723729    4.943630    4.394745    3.885489    3.424119    2.949251    2.452950    1.948900    1.462331    1.018726    0.650705    0.374448    0.188523    0.072344    8.702561    6.859545    5.893985    5.224811    4.601905    4.032467    3.449286    2.844693    2.235591    1.657466    1.138327    0.716430    0.407037    0.201856    0.076721     0.000     2.362     4.729    14.702     3.732     3.718     3.618     3.595   0.99944
    225401  10  8683.4 603756      9999 20191128   34547.4   56147.4  401765.4  33.8789811  -91.6100182    628548.36   3749607.08    403015.71   1210762.81  177.25  178.82  125.98  126.07   51.43  49323.994     14.963  127.66    1.31    2.42   -1.15   92.53 -108.00  -50.00  120.00 -109.75  -48.04 -109.23   -1.50  -48.10    0.50   -0.05   -3.76   91.66    5.405194    3.804681    3.138340    2.680218    2.264014    1.890067    1.521135    1.159054    0.844640    0.557606    0.340471    0.187027    0.090304    0.037980    0.011179    6.967379    4.795629    3.914153    3.302325    2.747840    2.263491    1.794787    1.344139    0.960650    0.619954    0.368299    0.196157    0.091932    0.036765    0.011111     0.000     2.179     4.741    31.505     4.022     4.007     3.861     3.842   0.97098    6.891349    5.585363    4.923707    4.404365    3.906328    3.442822    2.964808    2.466676    1.961158    1.471952    1.023090    0.651133    0.375092    0.191452    0.072457    8.602426    6.913370    6.031706    5.345744    4.695373    4.100833    3.497691    2.878812    2.261840    1.674049    1.145070    0.715494    0.405469    0.202326    0.075241     0.000     2.219     4.850    15.993     3.766     3.742     3.638     3.609   1.08722
    225401  10  8687.4 603756      9999 20191128   34551.4   56151.4  401769.4  33.8788843  -91.6075960    628772.53   3749599.38    403238.42   1210762.29  174.13  175.71  122.74  122.33   51.56  49330.366     21.403  124.42    1.99    0.79   -2.24   92.53 -108.00  -50.00  120.00 -110.05  -47.81 -109.32   -0.66  -48.01    0.40    2.70   -4.05   92.19    7.303921    5.489414    4.401579    3.546814    2.820737    2.267142    1.785901    1.336047    0.955783    0.620489    0.366298    0.189251    0.083018    0.031311    0.007477    8.988175    6.687878    5.289496    4.180071    3.251574    2.565978    1.990826    1.465592    1.030217    0.654085    0.375701    0.187675    0.077989    0.027471    0.006732     0.000     1.707     4.961    30.739     3.995     3.985     3.863     3.848   0.94735    7.404127    6.131810    5.437221    4.838588    4.244061    3.707248    3.171043    2.623130    2.066753    1.535820    1.058597    0.664727    0.370815    0.179923    0.062598    9.033687    7.422036    6.505435    5.722341    4.964603    4.301891    3.649569    2.992110    2.332716    1.715096    1.169210    0.725278    0.400369    0.193772    0.066451     0.000     1.796     5.080    16.430     3.775     3.756     3.655     3.621   1.11696
    225401  10  8691.4 603756      9999 20191128   34555.4   56155.4  401773.4  33.8788026  -91.6051814    628995.99   3749593.35    403460.35   1210763.42  173.56  175.14  122.30  122.84   51.43  49335.985     27.080  123.97    2.13    1.84   -1.69   92.82 -108.00  -50.00  120.00 -109.09  -49.30 -108.15   -2.26  -50.54    1.06    0.69   -4.55   91.58    7.824000    5.915010    4.819539    3.914740    3.125508    2.515359    1.974717    1.472317    1.041134    0.667951    0.389913    0.200870    0.083061    0.026044    0.007753    8.926421    6.659601    5.370821    4.328558    3.426072    2.733819    2.125312    1.562016    1.086767    0.683792    0.391174    0.196687    0.078513    0.023849    0.008042     0.000     1.917     5.157    31.663     4.003     4.001     3.874     3.839   0.97581    8.724328    7.529987    6.606094    5.770200    4.934722    4.226185    3.579712    2.935364    2.294156    1.682362    1.144551    0.709293    0.375400    0.161441    0.055521   10.195852    8.732505    7.630305    6.636390    5.656425    4.820391    4.062897    3.302074    2.554478    1.850057    1.242285    0.761461    0.396509    0.167774    0.057428     0.000     2.036     5.509    15.693     3.774     3.742     3.646     3.615   1.06687
    225401  10  8695.4 603756      9999 20191128   34559.4   56159.4  401777.4  33.8786952  -91.6027767    629218.55   3749584.46    403681.51   1210761.64  173.74  175.32  122.80  122.23   51.11  49344.897     36.064  124.48    2.38    4.58   -1.83   93.98 -108.00  -50.00  120.00 -109.00  -48.84 -108.36   -1.87  -49.99    1.43    2.52   -5.39   92.91    7.914938    6.163188    5.023528    4.074602    3.203603    2.532602    1.967770    1.464569    1.040991    0.676872    0.396484    0.210606    0.094371    0.028391    0.009473    9.343098    7.154186    5.760233    4.627533    3.599632    2.817987    2.171466    1.599368    1.125314    0.726666    0.423619    0.219891    0.098008    0.030332    0.010517     0.000     1.806     5.325    31.513     4.005     3.992     3.872     3.864   0.97120    8.825711    7.649262    6.765013    5.922088    5.070585    4.330561    3.643549    2.983733    2.336607    1.724583    1.160143    0.705457    0.373573    0.161816    0.051978   10.438838    8.973453    7.876267    6.832463    5.789046    4.895558    4.092985    3.332579    2.592744    1.899007    1.276417    0.772792    0.402526    0.176014    0.055571     0.000     1.763     5.882    15.981     3.793     3.763     3.671     3.668   1.08646
    225401  10  8699.4 603756      9999 20191128   34563.4   56163.4  401781.4  33.8785216  -91.6003852    629440.00   3749568.22    403901.79   1210752.42  174.75  176.32  124.09  123.87   50.83  49351.530     42.809  125.76    2.23   -0.08   -1.14   94.64 -108.00  -50.00  120.00 -109.51  -49.23 -108.30    1.76  -50.28    1.29    5.51   -4.43   95.57    8.061036    6.432244    5.367513    4.388650    3.474969    2.766279    2.174157    1.663355    1.219116    0.813219    0.491591    0.269611    0.120066    0.047247    0.011390    9.778979    7.672799    6.298248    5.057200    3.917442    3.058711    2.367202    1.790948    1.297236    0.856907    0.512423    0.275292    0.119131    0.046379    0.011668     0.000     1.756     5.626    31.277     3.987     3.995     3.866     3.857   0.96393    8.789688    7.755772    6.973073    6.171303    5.309273    4.540146    3.813031    3.124719    2.442824    1.774856    1.189716    0.721684    0.361284    0.161444    0.048497   10.663929    9.361069    8.389270    7.388971    6.314978    5.362320    4.471283    3.632053    2.801313    1.989586    1.315489    0.785069    0.377991    0.168648    0.049348     0.000     1.699     5.862    15.753     3.777     3.752     3.654     3.621   1.07096
    225401  10  8703.4 603756      9999 20191128   34567.4   56167.4  401785.4  33.8783491  -91.5979964    629661.21   3749552.10    404121.84   1210743.32  176.83  178.41  126.42  127.06   50.59  49358.234     49.623  128.10    1.48   -3.73   -1.63   93.77 -108.00  -50.00  120.00 -109.06  -49.42 -108.05   -1.10  -50.55    1.37   -1.65   -2.29   93.17    7.572123    5.940017    4.823830    3.854097    2.966376    2.298149    1.774511    1.334997    0.968739    0.645149    0.384711    0.203296    0.091006    0.034358    0.007758    9.655235    7.431521    5.944239    4.675804    3.545175    2.708024    2.063149    1.526429    1.087677    0.705905    0.410950    0.209220    0.087933    0.031340    0.006860     0.000     1.720     5.068    32.312     4.019     4.006     3.885     3.861   0.99580    8.823488    7.753675    6.879732    6.014605    5.090303    4.285666    3.584184    2.942930    2.321484    1.720695    1.170350    0.705360    0.371712    0.164268    0.052312   10.782198    9.430847    8.313248    7.217688    6.049239    5.043757    4.178000    3.397978    2.654461    1.945357    1.301035    0.773348    0.400657    0.174980    0.054937     0.000     2.085     5.438    15.219     3.770     3.748     3.633     3.613   1.03466
    225401  10  8707.4 603756      9999 20191128   34571.4   56171.4  401789.4  33.8782582  -91.5955838    629884.49   3749545.07    404343.64   1210743.44  177.12  178.70  126.92  126.29   50.38  49365.793     57.245  128.59    0.83    0.31   -1.70   92.32 -108.00  -50.00  120.00 -109.81  -48.49 -109.07   -5.81  -48.20    0.12   -4.92   -3.81   89.18    7.228239    5.604136    4.521180    3.617456    2.805758    2.206709    1.719983    1.298448    0.948819    0.626119    0.377847    0.196829    0.088834    0.036333    0.004701    9.560508    7.277769    5.806846    4.570150    3.486476    2.695473    2.069647    1.535402    1.103556    0.708043    0.417090    0.211417    0.093738    0.037105    0.004671    87.152     2.275     4.773    31.888     4.020     4.027     3.918     3.886   0.98275    8.341406    7.225201    6.405158    5.594187    4.761114    4.037244    3.395477    2.800229    2.222518    1.662432    1.138734    0.697568    0.376904    0.179127    0.061333   10.324596    8.914617    7.851514    6.816517    5.753363    4.836860    4.028089    3.287190    2.577693    1.902380    1.283616    0.772797    0.409828    0.191949    0.065009     0.000     2.024     4.937    15.476     3.759     3.736     3.630     3.599   1.05212
    225401  10  8711.4 603756      9999 20191128   34575.4   56175.4  401793.4  33.8781971  -91.5931419    630110.43   3749541.38    404567.96   1210747.01  173.80  175.37  123.77  123.10   50.20  49373.929     65.428  125.44    1.07    2.20   -2.08   91.76 -108.00  -50.00  120.00 -110.51  -46.87 -109.99   -1.94  -46.59   -0.09    2.02   -4.91   90.74    7.692790    5.993877    4.838427    3.865734    2.966461    2.300927    1.776145    1.331923    0.971229    0.640183    0.387947    0.206972    0.097167    0.037774    0.005413    9.633741    7.401025    5.876509    4.630550    3.486613    2.662785    2.023624    1.497865    1.073276    0.696161    0.413024    0.215679    0.098239    0.036855    0.005776     0.000     2.094     4.524    30.830     4.022     4.010     3.888     3.863   0.95012    8.575474    7.523572    6.709431    5.874988    4.973728    4.169118    3.456301    2.812526    2.212645    1.645234    1.124716    0.689294    0.376728    0.177467    0.061682   10.467047    9.116834    8.079490    7.021711    5.883273    4.880461    4.005967    3.227403    2.511616    1.844548    1.245308    0.752394    0.404965    0.187970    0.064083     0.000     1.538     4.661    16.471     3.774     3.762     3.649     3.622   1.11982
    225401  10  8715.4 603756      9999 20191128   34579.4   56179.4  401797.4  33.8781352  -91.5906915    630337.16   3749537.63    404793.09   1210750.54  171.11  172.69  121.20  120.57   50.08  49382.935     74.480  122.88    1.43    1.93   -2.11   91.80 -108.00  -50.00  120.00 -109.65  -48.33 -109.23    1.11  -48.14    0.66    4.34   -4.06   92.40    8.536705    6.780986    5.493809    4.358212    3.273797    2.462403    1.862021    1.388432    1.011331    0.678305    0.418048    0.228827    0.107570    0.046008    0.013292    9.817266    7.742519    6.217860    4.879749    3.612682    2.675186    1.997461    1.472049    1.061943    0.702325    0.426489    0.229696    0.106391    0.045849    0.014445    74.030     2.177     4.369    31.522     4.040     4.023     3.921     3.888   0.97146    9.018931    7.894680    7.003802    6.065091    5.058165    4.176843    3.440236    2.805147    2.213761    1.659077    1.151220    0.721191    0.400131    0.189969    0.067247   10.456479    9.062622    7.996111    6.879634    5.691024    4.661055    3.811819    3.086023    2.417415    1.797675    1.237126    0.768475    0.422922    0.199075    0.070063     0.000     1.815     4.334    15.897     3.782     3.744     3.660     3.626   1.08082
    225401  10  8719.4 603756      9999 20191128   34583.4   56183.4  401801.4  33.8780680  -91.5882445    630563.58   3749533.28    405017.91   1210753.46  169.91  171.48  119.84  119.27   50.23  49392.713     84.309  121.51    3.10    0.70   -1.22   91.86 -108.00  -50.00  120.00 -109.30  -48.64 -108.73   -1.17  -49.13    0.71   -0.04   -3.61   91.18    8.993332    7.009654    5.623760    4.408835    3.302826    2.500060    1.909489    1.445049    1.061281    0.722620    0.451988    0.250625    0.119617    0.051908    0.015915    9.956601    7.640162    6.054769    4.683955    3.463388    2.591073    1.965262    1.471411    1.070034    0.719795    0.442374    0.240907    0.112035    0.047204    0.015438    29.416     1.660     4.140    30.998     4.023     4.036     3.905     3.873   0.95529    9.216877    8.146144    7.180700    6.224676    5.170589    4.256159    3.496510    2.853808    2.262231    1.702990    1.185080    0.744353    0.411845    0.196900    0.069793   10.615417    9.302452    8.120102    6.990855    5.754390    4.704001    3.845504    3.118443    2.457114    1.837335    1.268836    0.788814    0.433110    0.205561    0.072359     0.000     1.566     4.026    16.414     3.783     3.757     3.654     3.629   1.11597
    225401  10  8723.4 603756      9999 20191128   34587.4   56187.4  401805.4  33.8780017  -91.5858306    630786.95   3749529.00    405239.70   1210756.35  175.48  177.06  125.47  124.76   50.17  49402.675     94.320  127.14    2.55    0.94   -1.67   91.79 -108.00  -50.00  120.00 -107.17  -52.56 -106.28   -1.39  -54.05    2.14    0.76   -4.12   91.02    8.371236    6.498784    5.209423    4.096892    3.083291    2.347634    1.797412    1.353964    0.991579    0.672939    0.416390    0.231879    0.116343    0.053330    0.018110    9.729439    7.438103    5.889753    4.570692    3.386878    2.542729    1.924362    1.427283    1.031675    0.687076    0.414966    0.224436    0.108618    0.047679    0.016204     0.000     1.849     3.941    33.281     4.022     4.018     3.896     3.870   1.02565    9.253975    8.002657    7.027819    6.056209    5.030658    4.159778    3.437555    2.818751    2.243732    1.694476    1.184575    0.748455    0.417683    0.202846    0.073701   10.922235    9.392840    8.196371    7.016581    5.780450    4.741301    3.887113    3.161873    2.494319    1.864166    1.289110    0.804663    0.444142    0.213234    0.076748     0.000     1.409     3.867    14.224     3.748     3.725     3.623     3.597   0.96708
    225401  10  8727.4 603756      9999 20191128   34591.4   56191.4  401809.4  33.8779471  -91.5834488    631007.32   3749525.98    405458.49   1210760.42  177.75  179.33  127.75  127.92   50.16  49412.925    104.614  129.43    2.82    3.24   -1.85   91.97 -108.00  -50.00  120.00 -109.72  -47.94 -108.59   -1.55  -50.01    1.90    1.28   -4.44   91.08    7.206421    5.583629    4.504693    3.564722    2.717463    2.095333    1.622155    1.235604    0.913861    0.617524    0.377995    0.206837    0.100790    0.043346    0.013718    9.572865    7.243627    5.733662    4.454413    3.328297    2.518295    1.919258    1.435418    1.040708    0.686034    0.406626    0.214834    0.099743    0.040828    0.013142     0.000     1.880     3.699    30.571     3.987     3.984     3.864     3.849   0.94214    8.495886    7.358838    6.447035    5.562398    4.638537    3.862312    3.217039    2.650600    2.118441    1.607602    1.131177    0.723084    0.413258    0.204517    0.077199   10.882289    9.363485    8.152882    6.974566    5.754722    4.739584    3.901579    3.178581    2.508528    1.876085    1.299753    0.814516    0.456672    0.221225    0.081699     0.000     2.043     3.812    16.651     3.783     3.761     3.648     3.623   1.13206
    225401  10  8731.4 603756      9999 20191128   34595.4   56195.4  401813.4  33.8778661  -91.5810793    631226.61   3749520.02    405676.28   1210761.48  176.46  178.03  126.63  126.30   49.97  49423.450    115.196  128.31    1.39   -0.70   -1.28   92.13 -108.00  -50.00  120.00 -108.92  -49.81 -108.60   -0.27  -49.36    0.68    2.70   -4.20   91.99    7.353876    5.764333    4.637376    3.666586    2.763877    2.103746    1.613831    1.224119    0.904830    0.618515    0.382786    0.209152    0.097056    0.039682    0.010235    9.471004    7.318427    5.795729    4.516466    3.342785    2.497025    1.884514    1.404853    1.021647    0.686311    0.415594    0.220744    0.097731    0.037911    0.009310     0.000     2.012     3.753    32.310     4.017     4.008     3.912     3.872   0.99573    8.377195    7.233674    6.346223    5.467180    4.560212    3.797558    3.164054    2.612214    2.093504    1.592096    1.122065    0.717070    0.412202    0.206879    0.080228   10.355512    8.904554    7.778016    6.646258    5.479044    4.509750    3.712799    3.032997    2.404166    1.804386    1.253762    0.788962    0.445899    0.219375    0.083399     0.000     1.820     3.848    15.122     3.747     3.736     3.644     3.606   1.02815
    225401  10  8735.4 603756      9999 20191128   34599.4   56199.4  401817.4  33.8777948  -91.5786942    631447.32   3749515.15    405895.47   1210763.71  173.09  174.66  123.39  123.44   49.84  49434.297    126.096  125.06    1.82    1.44   -2.08   92.08 -108.00  -50.00  120.00 -109.27  -48.99 -108.80   -2.19  -48.99    0.37    0.29   -4.17   90.89    8.160214    6.420786    5.222928    4.127105    3.104611    2.339204    1.775712    1.338818    0.991043    0.685500    0.436362    0.249397    0.126403    0.055537    0.017277    9.909383    7.722670    6.243360    4.865032    3.594867    2.655003    1.978935    1.467730    1.068525    0.726299    0.454707    0.253262    0.124581    0.052559    0.016494     0.000     1.741     3.786    31.675     4.026     4.011     3.897     3.888   0.97615    8.691236    7.580566    6.667799    5.764637    4.791673    3.949190    3.252445    2.665839    2.127702    1.617152    1.138441    0.723928    0.404948    0.195088    0.067608   10.369539    8.977289    7.853834    6.746765    5.565712    4.548220    3.711960    3.015215    2.384450    1.794506    1.250418    0.785909    0.433734    0.206201    0.070384     0.000     1.848     3.706    15.770     3.774     3.750     3.651     3.629   1.07219
    225401  10  8739.4 603756      9999 20191128   34603.4   56203.4  401821.4  33.8777263  -91.5763050    631668.40   3749510.62    406115.00   1210766.27  172.63  174.21  122.96  122.52   49.81  49445.733    137.582  124.63    2.42    2.88   -1.23   92.38 -108.00  -50.00  120.00 -108.77  -49.85 -107.90   -3.01  -50.83    0.93   -0.06   -4.90   90.70    8.707018    6.970427    5.706056    4.505614    3.348675    2.468114    1.838387    1.371566    1.007570    0.693355    0.440563    0.254175    0.125577    0.053446    0.016359   10.134348    7.991418    6.470074    5.035278    3.681594    2.673340    1.968259    1.448549    1.051775    0.713371    0.444749    0.252244    0.122359    0.051056    0.016574     0.000     2.088     3.822    31.912     4.015     4.016     3.904     3.862   0.98346    9.160620    8.119217    7.238238    6.285036    5.193615    4.213718    3.412728    2.767859    2.199830    1.674004    1.191288    0.769340    0.439504    0.216774    0.078861   10.771382    9.504508    8.409563    7.258835    5.942553    4.776056    3.836161    3.086582    2.434021    1.835673    1.295008    0.828329    0.468576    0.229124    0.083417     0.000     2.122     3.552    15.467     3.772     3.742     3.634     3.622   1.05161
    225401  10  8743.4 603756      9999 20191128   34607.4   56207.4  401825.4  33.8776309  -91.5739238    631888.79   3749503.10    406333.95   1210765.81  172.35  173.92  122.82  122.57   49.66  49458.542    150.457  124.49    2.73    0.93   -1.56   92.72 -108.00  -50.00  120.00 -108.74  -50.19 -108.05    0.40  -50.62    1.34    4.67   -4.86   92.96    8.556768    6.830788    5.546389    4.343277    3.198090    2.348445    1.752939    1.315810    0.976137    0.674076    0.425449    0.244949    0.120374    0.052257    0.016203    9.953988    7.861758    6.332306    4.887538    3.538238    2.550093    1.872292    1.382916    1.010558    0.685755    0.422381    0.236648    0.111869    0.046053    0.014801     0.000     1.749     3.815    31.692     4.027     4.005     3.894     3.864   0.97666    9.140904    7.998025    7.068529    6.102461    5.033727    4.101687    3.346367    2.731562    2.182035    1.665620    1.186028    0.768560    0.443166    0.220391    0.083834   10.756051    9.369553    8.223295    7.058591    5.763037    4.647458    3.757652    3.042945    2.411714    1.823966    1.285757    0.823363    0.469275    0.231088    0.086903     0.000     1.656     3.799    15.523     3.772     3.748     3.645     3.619   1.05540
    225401  10  8747.4 603756      9999 20191128   34611.4   56211.4  401829.4  33.8775286  -91.5715549    632108.05   3749494.80    406551.79   1210764.52  174.17  175.75  124.77  124.65   49.53  49472.662    164.648  126.44    2.73    0.59   -2.13   92.78 -108.00  -50.00  120.00 -108.01  -51.46 -106.98   -0.78  -52.77    1.47    1.13   -3.66   92.35    8.420879    6.594634    5.303370    4.146326    3.068171    2.277594    1.716097    1.291249    0.951927    0.648242    0.401502    0.224905    0.106560    0.040832    0.012072    9.903059    7.615556    6.039527    4.644796    3.380964    2.474166    1.844497    1.370494    0.997074    0.667602    0.405055    0.220318    0.101405    0.037049    0.011852     0.000     2.038     3.808    32.477     4.022     4.007     3.907     3.865   1.00085    9.141017    8.079207    7.133302    6.152425    5.049184    4.091030    3.318072    2.700285    2.152994    1.637544    1.162499    0.749691    0.432918    0.216454    0.082506   10.895794    9.569242    8.388913    7.183482    5.839796    4.689480    3.770200    3.041475    2.402403    1.806925    1.268222    0.807514    0.460221    0.227226    0.085426     0.000     1.808     3.657    14.821     3.753     3.740     3.622     3.608   1.00768
    225401  10  8751.4 603756      9999 20191128   34615.4   56215.4  401833.4  33.8774405  -91.5691985    632326.12   3749488.06    406768.42   1210764.77  174.99  176.56  125.63  125.90   49.48  49488.331    180.379  127.30    2.22    1.00   -1.33   92.63 -108.00  -50.00  120.00 -108.47  -50.51 -107.33   -3.79  -52.03    1.42   -1.34   -4.67   90.53    8.001101    6.240438    4.952501    3.849497    2.843304    2.127855    1.617098    1.229903    0.910869    0.628019    0.397522    0.218231    0.102725    0.040174    0.010084    9.789506    7.509173    5.879181    4.498007    3.265265    2.404351    1.802754    1.350664    0.987306    0.667975    0.413599    0.220805    0.099654    0.037287    0.009541    80.960     1.921     3.805    32.307     4.060     4.037     3.934     3.889   0.99561    8.980991    7.799459    6.840201    5.853981    4.820674    3.940941    3.234990    2.653897    2.123234    1.620946    1.149367    0.740652    0.422737    0.211612    0.080120   10.798758    9.319540    8.123452    6.896579    5.628725    4.560875    3.713040    3.022210    2.396742    1.811078    1.269888    0.806975    0.453793    0.223743    0.083358     0.000     2.032     3.430    15.113     3.768     3.744     3.642     3.623   1.02756
    225401  10  8755.4 603756      9999 20191128   34619.4   56219.4  401837.4  33.8773513  -91.5668376    632544.63   3749481.21    406985.47   1210764.91  174.17  175.75  124.99  126.24   49.30  49506.274    198.385  126.66    1.96    1.99   -1.28   92.76 -108.00  -50.00  120.00 -108.77  -50.16 -107.90   -1.98  -50.88    0.93    2.29   -5.13   91.68    7.953980    6.109877    4.870417    3.806342    2.842197    2.145964    1.641944    1.249285    0.925548    0.634211    0.396191    0.218243    0.105667    0.039095    0.012714    9.751958    7.353841    5.785044    4.455627    3.276798    2.439427    1.842482    1.380308    1.008569    0.679177    0.414238    0.222366    0.103886    0.037186    0.012273     0.000     1.770     3.801    32.221     4.022     4.022     3.916     3.903   0.99296    8.808309    7.625411    6.658274    5.700791    4.692677    3.854651    3.180061    2.619109    2.103475    1.608685    1.139028    0.730644    0.414959    0.204960    0.075612   10.615433    9.138148    7.937462    6.747647    5.500313    4.475057    3.655560    2.982783    2.371946    1.793330    1.254259    0.792266    0.443106    0.214917    0.077851     0.000     1.794     3.653    15.102     3.762     3.735     3.628     3.596   1.02686
    225401  10  8759.4 603756      9999 20191128   34623.4   56223.4  401841.4  33.8772493  -91.5644656    632764.17   3749472.97    407203.60   1210763.70  174.31  175.88  125.08  125.41   49.33  49526.310    218.492  126.76    1.89    1.58   -0.56   93.05 -108.00  -50.00  120.00 -108.50  -50.53 -107.98   -0.73  -50.63    1.02    2.20   -4.38   92.65    8.015935    6.289892    5.078243    3.964035    2.939331    2.184396    1.647784    1.241679    0.921788    0.635906    0.395744    0.219948    0.105360    0.044942    0.013698    9.748107    7.608202    6.077544    4.692527    3.413345    2.482950    1.838515    1.361089    0.994431    0.672670    0.408516    0.221204    0.102980    0.042599    0.013774     0.000     2.171     3.788    32.487     4.016     4.009     3.896     3.874   1.00115    8.850358    7.646791    6.722429    5.768750    4.763686    3.900818    3.200554    2.622628    2.098587    1.597076    1.125406    0.718647    0.405868    0.200282    0.073633   10.514835    9.036389    7.920417    6.756304    5.533952    4.490668    3.648106    2.963246    2.350159    1.770020    1.233147    0.777312    0.433156    0.211318    0.076824     0.000     1.824     3.634    14.924     3.749     3.720     3.630     3.589   1.01473
    225401  10  8763.4 603756      9999 20191128   34627.4   56227.4  401845.4  33.8771373  -91.5620831    632984.71   3749463.62    407422.76   1210761.41  172.38  173.95  122.93  123.35   49.54  49549.002    241.261  124.60    2.69    1.44   -0.44   93.30 -108.00  -50.00  120.00 -109.51  -49.41 -108.42   -0.18  -50.11    0.18    1.05   -3.54   93.16    8.644190    7.014760    5.795069    4.609504    3.418380    2.479813    1.810317    1.338555    0.980515    0.662000    0.402378    0.218433    0.102728    0.040563    0.011965   10.422418    8.390287    6.886445    5.405921    3.938142    2.792629    1.996014    1.447381    1.041178    0.687814    0.407454    0.214648    0.098530    0.037078    0.012098     0.000     1.718     3.736    31.033     4.015     3.998     3.877     3.841   0.95633    8.848680    7.849258    7.009913    6.092853    5.044491    4.080853    3.284574    2.653667    2.105623    1.589056    1.110181    0.700676    0.393172    0.190602    0.068346   10.628855    9.376082    8.317984    7.194990    5.903538    4.727188    3.764331    3.009811    2.365159    1.764596    1.217142    0.756605    0.417889    0.199138    0.070103     0.000     2.024     3.571    15.814     3.782     3.761     3.646     3.625   1.07523
    225401  10  8767.4 603756      9999 20191128   34631.4   56231.4  401849.4  33.8770180  -91.5597015    633205.18   3749453.48    407641.87   1210758.30  173.48  175.06  123.90  123.83   49.68  49574.325    266.664  125.58    2.75    1.15   -1.47   93.54 -108.00  -50.00  120.00 -107.53  -52.25 -106.80    1.49  -52.85    1.42    3.13   -3.55   94.32    8.904513    7.409441    6.205857    4.992708    3.703780    2.647933    1.886895    1.358487    0.974513    0.644234    0.383066    0.199642    0.090546    0.031779    0.008000   10.280158    8.470025    7.023627    5.581034    4.079599    2.870786    2.017131    1.429958    1.010075    0.654709    0.381068    0.193500    0.084662    0.028089    0.007612     0.000     1.981     3.727    32.980     4.017     4.014     3.896     3.877   1.01635    9.409220    8.426789    7.581313    6.609829    5.462668    4.372038    3.462042    2.760852    2.163966    1.610452    1.103699    0.682769    0.376855    0.180482    0.063414   10.974771    9.814429    8.805848    7.647561    6.272311    4.970427    3.894571    3.075629    2.388250    1.758405    1.190944    0.728267    0.397608    0.187943    0.065735     0.000     1.550     3.712    14.342     3.735     3.714     3.624     3.590   0.97520
    225401  10  8771.4 603756      9999 20191128   34635.4   56235.4  401853.4  33.8768943  -91.5573386    633423.91   3749442.83    407859.28   1210754.64  176.87  178.45  127.28  127.98   49.68  49601.356    293.778  128.95    3.03    0.36   -0.21   93.43 -108.00  -50.00  120.00 -107.46  -52.11 -106.41    0.30  -53.73    2.05    1.53   -3.54   93.56    8.279101    6.759343    5.555465    4.420098    3.256680    2.356273    1.715626    1.259424    0.907191    0.600251    0.356374    0.187563    0.087577    0.039047    0.014356   10.223847    8.247192    6.689287    5.240463    3.783067    2.675353    1.908403    1.373936    0.971644    0.627796    0.362281    0.184550    0.082580    0.035309    0.013722     0.000     1.812     3.692    32.793     4.030     4.023     3.898     3.884   1.01055    9.116093    8.116261    7.281331    6.329691    5.233946    4.218973    3.370956    2.701041    2.120137    1.578740    1.081434    0.668860    0.366847    0.176871    0.062476   11.166007    9.892032    8.834387    7.628812    6.241015    4.972013    3.928133    3.114821    2.416758    1.775222    1.197956    0.728558    0.392494    0.185335    0.063919     0.000     1.593     3.588    14.643     3.747     3.725     3.617     3.600   0.99565
    225401  10  8775.4 603756      9999 20191128   34639.4   56239.4  401857.4  33.8767758  -91.5549938    633640.97   3749432.73    408075.00   1210751.47  178.60  180.18  128.73  129.09   49.95  49630.547    323.050  130.41    3.23   -1.63    0.45   93.00 -108.00  -50.00  120.00 -108.84  -50.30 -107.82   -1.67  -51.49    1.31   -1.45   -3.39   92.04    7.543016    6.214875    5.143833    4.110185    3.039788    2.192433    1.590430    1.162273    0.838384    0.556678    0.332550    0.182953    0.083800    0.033203    0.009948   10.103247    8.203224    6.679683    5.235138    3.779281    2.653387    1.878995    1.340413    0.942183    0.606489    0.349924    0.185157    0.080898    0.029702    0.009770     0.000     1.761     3.718    31.190     4.009     4.008     3.886     3.864   0.96117    8.563031    7.634059    6.844086    5.949867    4.914343    3.950436    3.158210    2.534721    1.992188    1.480039    1.014725    0.628651    0.351299    0.170845    0.060990   11.038489    9.779968    8.722775    7.523254    6.139838    4.871099    3.840337    3.041251    2.356897    1.722489    1.160315    0.704976    0.384779    0.183132    0.063640     0.000     2.055     3.427    15.770     3.774     3.746     3.641     3.615   1.07232
    225401  10  8779.4 603756      9999 20191128   34643.4   56243.4  401861.4  33.8766936  -91.5526617    633856.81   3749426.65    408289.38   1210752.31  181.63  183.21  132.06  133.43   49.66  49661.798    354.359  133.73    3.05    1.74   -0.27   92.32 -108.00  -50.00  120.00 -107.07  -53.24 -106.04   -1.71  -54.29    2.02   -2.00   -3.25   91.29    7.142249    5.842768    4.818376    3.850374    2.859417    2.079833    1.522095    1.117742    0.806316    0.530961    0.311976    0.170790    0.084984    0.038691    0.015728    9.966082    8.036238    6.510175    5.106726    3.690044    2.609726    1.860143    1.332700    0.936914    0.598942    0.338598    0.178737    0.085204    0.037985    0.016267     0.000     2.348     3.746    33.188     4.014     3.998     3.884     3.851   1.02273    8.364082    7.410678    6.611986    5.741896    4.733483    3.813098    3.050406    2.448017    1.915826    1.416845    0.969851    0.602317    0.333014    0.160492    0.055683   10.895229    9.613581    8.522141    7.345623    5.992675    4.771590    3.767178    2.984561    2.300938    1.671538    1.122335    0.681233    0.367828    0.173404    0.058762     0.000     2.515     3.332    13.957     3.728     3.706     3.616     3.569   0.94900
    225401  10  8783.4 603756      9999 20191128   34647.4   56247.4  401865.4  33.8766204  -91.5503525    634070.50   3749421.55    408501.60   1210754.07  184.14  185.71  134.68  135.95   49.54  49694.355    386.971  136.36    3.02    1.39   -1.06   92.07 -108.00  -50.00  120.00 -108.34  -51.24 -107.25    1.30  -52.50    2.27    2.06   -3.05   92.74    6.564118    5.392728    4.485365    3.617376    2.709644    1.980681    1.450991    1.072294    0.778260    0.517858    0.309615    0.167839    0.088641    0.046041    0.022646   10.163507    8.143509    6.637633    5.227061    3.801377    2.688821    1.915062    1.375936    0.969898    0.621601    0.354920    0.183751    0.094934    0.047917    0.023688    15.956     1.955     3.822    31.891     4.010     3.988     3.883     3.849   0.98275    7.992887    7.132781    6.388470    5.562153    4.599116    3.702603    2.962920    2.380561    1.863969    1.376084    0.932425    0.573267    0.316131    0.152465    0.054844   11.129867    9.883675    8.800579    7.604557    6.210143    4.925867    3.876808    3.064472    2.356703    1.703877    1.126773    0.674393    0.361645    0.171053    0.060537     0.000     2.165     3.568    15.087     3.746     3.727     3.652     3.589   1.02589
    225401  10  8787.4 603756      9999 20191128   34651.4   56251.4  401869.4  33.8765576  -91.5480606    634282.58   3749417.57    408712.18   1210756.91  186.38  187.95  137.05  138.02   49.41  49727.656    420.319  138.72    2.62    2.87   -1.19   92.37 -108.00  -50.00  120.00 -107.43  -52.27 -106.88    1.16  -52.84    1.53    1.91   -3.15   92.93    6.265252    5.167581    4.330574    3.504348    2.644618    1.957610    1.447497    1.067208    0.767500    0.501760    0.294569    0.153897    0.075526    0.027961    0.011010   10.163952    8.221235    6.762319    5.345738    3.910545    2.800643    2.003771    1.428334    0.992667    0.621116    0.346890    0.172608    0.080079    0.027727    0.011116   680.685     1.801     3.889    33.087     4.164     4.109     4.022     3.970   1.01961    7.688689    6.845299    6.112515    5.336138    4.441975    3.617157    2.927200    2.364758    1.856277    1.372182    0.928877    0.568061    0.311120    0.150685    0.055227   10.892350    9.671569    8.597213    7.441198    6.121514    4.910618    3.906211    3.101000    2.385469    1.720887    1.133633    0.671468    0.356599    0.167047    0.059472     0.000     2.118     3.565    14.273     3.726     3.705     3.593     3.580   0.97051
    225401  10  8791.4 603756      9999 20191128   34655.4   56255.4  401873.4  33.8764651  -91.5457746    634494.17   3749410.31    408922.38   1210756.42  186.06  187.63  136.53  137.58   49.61  49761.167    453.895  138.21    2.58    1.68   -1.11   92.94 -108.00  -50.00  120.00 -108.41  -51.00 -107.43    0.59  -51.93    1.25    1.81   -3.15   93.21    6.104518    5.010160    4.192977    3.395855    2.588946    1.953233    1.472101    1.096272    0.789088    0.516788    0.297866    0.151390    0.071540    0.029002    0.010965    9.989347    7.974744    6.539762    5.156179    3.814054    2.790073    2.047282    1.481375    1.032828    0.650873    0.357287    0.171346    0.076902    0.029269    0.010952     0.000     2.306     3.974    32.284     4.008     3.996     3.903     3.855   0.99485    7.507013    6.725582    6.022563    5.281972    4.423973    3.626477    2.954477    2.392762    1.871789    1.374301    0.921639    0.561486    0.307875    0.150582    0.056086   10.749500    9.576561    8.507091    7.388629    6.109064    4.936686    3.960658    3.157359    2.422522    1.735404    1.132381    0.669332    0.355889    0.169395    0.061093     0.000     2.261     3.726    14.868     3.745     3.725     3.623     3.584   1.01101
    225401  10  8795.4 603756      9999 20191128   34659.4   56259.4  401877.4  33.8763564  -91.5434853    634706.08   3749401.25    409132.96   1210754.14  183.43  185.00  135.91  134.54   47.60  49794.580    487.383  137.59    0.43    1.01   -0.79   93.28 -108.00  -50.00  120.00 -108.45  -50.70 -107.77   -0.95  -51.08    0.65   -0.18   -3.37   92.70    5.811569    4.513398    3.659497    2.973684    2.331576    1.845793    1.449611    1.103303    0.808645    0.535052    0.315362    0.168729    0.076773    0.032891    0.008181    9.080127    6.786565    5.353537    4.264516    3.292422    2.576137    1.998167    1.491761    1.071439    0.689277    0.393918    0.203996    0.090327    0.038136    0.009017     0.000     1.600     4.032    33.506     4.008     3.999     3.902     3.852   1.03251    7.618362    6.604682    5.834267    5.072188    4.271434    3.578292    2.980627    2.446815    1.924638    1.413521    0.947818    0.574443    0.313435    0.150653    0.052930   10.455954    8.997052    7.886841    6.794498    5.660600    4.691429    3.862881    3.127795    2.419055    1.738665    1.136084    0.669555    0.355725    0.165780    0.056154     0.000     1.514     3.693    14.107     3.740     3.706     3.608     3.587   0.95926
    225401  10  8799.4 603756      9999 20191128   34663.4   56263.4  401881.4  33.8762439  -91.5411493    634922.33   3749391.84    409347.86   1210751.64  174.96  176.54  126.38  126.16   48.67  49827.615    520.495  128.05    1.09    2.24   -1.87   93.40 -108.00  -50.00  120.00 -110.57  -47.08 -110.22   -0.64  -46.04   -0.76    1.48   -3.87   93.01    6.393752    4.812788    3.885062    3.163972    2.537907    2.064989    1.654250    1.281879    0.950952    0.641288    0.388437    0.215165    0.105306    0.049404    0.016323    8.853256    6.572510    5.226909    4.184819    3.287813    2.622783    2.062084    1.568187    1.138069    0.749853    0.441778    0.236954    0.112738    0.051346    0.016907     0.000     1.963     4.090    30.849     3.997     3.990     3.857     3.841   0.95062    7.437753    6.287079    5.496697    4.818613    4.150683    3.576727    3.048513    2.536526    2.015984    1.491693    1.007771    0.611476    0.333859    0.159730    0.053236    9.472974    7.954423    6.905839    6.005943    5.123862    4.374449    3.690680    3.038746    2.385883    1.738696    1.154515    0.686786    0.366291    0.171690    0.055584     0.000     1.487     3.768    16.320     3.781     3.754     3.652     3.615   1.10975
    225401  10  8803.4 603756      9999 20191128   34667.4   56267.4  401885.4  33.8761240  -91.5387701    635142.57   3749381.67    409566.75   1210748.51  172.81  174.39  123.86  122.94   49.03  49857.793    550.754  125.53    1.77    2.39   -0.88   93.83 -108.00  -50.00  120.00 -108.21  -50.68 -108.11   -0.72  -50.07    0.21    1.28   -3.85   93.39    7.680476    6.091415    4.981648    4.050490    3.159002    2.471030    1.920666    1.459988    1.069377    0.714199    0.428573    0.230094    0.109868    0.045848    0.013158    9.234699    7.254077    5.886168    4.740976    3.649088    2.811006    2.154313    1.613957    1.165531    0.764637    0.451507    0.238600    0.112071    0.046518    0.014012    28.449     1.639     4.127    32.814     4.026     4.019     3.878     3.885   1.01118    8.335698    7.176867    6.330945    5.536423    4.719894    4.011160    3.378445    2.792075    2.214530    1.640387    1.106436    0.670947    0.362137    0.168242    0.052651    9.900287    8.510103    7.478444    6.498774    5.489557    4.620980    3.854047    3.157871    2.481174    1.817834    1.212008    0.726457    0.387234    0.176989    0.054611     0.000     2.119     3.739    14.768     3.745     3.717     3.611     3.578   1.00422
    225401  10  8807.4 603756      9999 20191128   34671.4   56271.4  401889.4  33.8759833  -91.5363942    635362.55   3749369.19    409785.45   1210743.04  174.01  175.58  124.77  124.50   49.33  49882.626    575.682  126.44    2.91    4.99   -1.91   95.28 -108.00  -50.00  120.00 -107.78  -51.00 -107.11   -1.31  -52.25    1.44    2.24   -5.23   94.55    7.805889    6.209623    5.151384    4.237441    3.350930    2.634059    2.034921    1.541239    1.133830    0.758427    0.459166    0.264074    0.144365    0.072493    0.031151    9.319563    7.319137    6.021844    4.897448    3.821202    2.956751    2.250049    1.676464    1.213894    0.798003    0.473269    0.266056    0.139687    0.068077    0.027577   262.411     1.565     4.152    32.490     4.077     4.069     3.935     3.898   1.00118    8.529756    7.478012    6.671209    5.890568    5.041714    4.267775    3.569313    2.939757    2.337282    1.748834    1.197416    0.739380    0.402996    0.190524    0.060929   10.262497    8.931078    7.931364    6.962782    5.920008    4.972771    4.124039    3.366485    2.651287    1.962525    1.328361    0.809697    0.436454    0.202885    0.064369     0.000     1.750     3.790    14.858     3.738     3.728     3.601     3.589   1.01032
    225401  10  8811.4 603756      9999 20191128   34675.4   56275.4  401893.4  33.8757741  -91.5340582    635578.95   3749349.08    410000.85   1210729.78  176.02  177.59  126.86  125.94   49.24  49900.440    593.629  128.53    1.96    8.69   -1.30   98.65 -108.00  -50.00  120.00 -108.23  -48.76 -107.60   -1.04  -51.70    2.01    4.60   -7.06   98.01    7.349299    5.985755    4.997382    4.141741    3.290867    2.578596    1.979322    1.489388    1.093600    0.750281    0.465399    0.262876    0.137086    0.064649    0.024510    9.516468    7.628064    6.309943    5.163720    4.046281    3.121368    2.356634    1.743704    1.256795    0.843034    0.509516    0.279541    0.142311    0.065204    0.024395    66.945     1.719     4.173    32.186     4.029     4.016     3.897     3.887   0.99182    8.570328    7.562517    6.781370    6.018074    5.164510    4.365259    3.629750    2.978757    2.375060    1.791277    1.244057    0.780816    0.434382    0.211359    0.073781   10.684409    9.389267    8.391490    7.409068    6.315502    5.294158    4.359156    3.541790    2.792953    2.079754    1.423178    0.878908    0.480717    0.230058    0.079357     0.000     1.711     3.979    15.167     3.760     3.732     3.647     3.609   1.03139
    225401  10  8815.4 603756      9999 20191128   34679.4   56279.4  401897.4  33.8754031  -91.5317536    635792.69   3749310.99    410214.22   1210698.31  174.50  176.08  125.26  124.75   49.34  49909.035    602.451  126.94    2.11    9.70   -1.49  103.66 -108.00  -50.00  120.00 -109.11  -46.96 -108.97    1.95  -48.79    1.40   11.85   -7.70  104.63    7.315366    5.953523    5.033902    4.211313    3.374894    2.659220    2.045026    1.541361    1.139074    0.778131    0.482545    0.269673    0.130860    0.056504    0.017130    9.599476    7.704452    6.442056    5.325483    4.203228    3.256597    2.459735    1.820585    1.319612    0.880891    0.530084    0.285124    0.132669    0.055113    0.016448   313.713     1.778     4.094    31.138     4.072     4.032     3.980     3.963   0.95953    8.173318    7.218244    6.520924    5.820856    5.045166    4.300532    3.596640    2.959839    2.366346    1.791388    1.254211    0.794916    0.449461    0.220271    0.080901   10.246307    8.996956    8.085406    7.180946    6.186035    5.237115    4.347619    3.544230    2.804247    2.095779    1.446335    0.900927    0.499773    0.240846    0.086766     0.000     1.433     4.244    15.874     3.760     3.758     3.686     3.627   1.07947
    225401  10  8819.4 603756      9999 20191128   34683.4   56283.4  401901.4  33.8748359  -91.5294938    636002.60   3749251.08    410424.50   1210644.76  173.45  175.03  124.17  124.81   49.40  49907.210    600.967  125.85    2.29    4.61   -1.08  107.94 -108.00  -50.00  120.00 -108.94  -49.49 -108.39    3.90  -49.64    1.24   10.46   -5.86  109.99    7.595363    6.114206    5.165748    4.317832    3.475093    2.755445    2.131746    1.612426    1.185911    0.806070    0.491176    0.268309    0.128942    0.054217    0.017071    9.135187    7.257271    6.075900    5.014020    3.982269    3.117152    2.379024    1.777454    1.289496    0.863340    0.517106    0.275666    0.127244    0.051447    0.016131     0.000     1.915     3.837    31.672     4.011     3.975     3.862     3.839   0.97596    8.278062    7.399457    6.674260    5.982514    5.196619    4.432865    3.706944    3.048106    2.431125    1.835677    1.276830    0.802160    0.449737    0.220759    0.081239    9.952802    8.815084    7.916754    7.058697    6.095074    5.164598    4.290748    3.497445    2.763663    2.063659    1.416909    0.876802    0.483292    0.233585    0.084359     0.000     1.533     4.237    15.360     3.771     3.743     3.671     3.602   1.04452
    225401  10  8823.4 603756      9999 20191128   34687.4   56287.4  401905.4  33.8741609  -91.5272737    636209.03   3749179.17    410631.73   1210579.01  172.09  173.67  122.76  123.08   49.49  49898.700    592.861  124.43    2.32    1.70   -2.20  110.19 -108.00  -50.00  120.00 -108.75  -50.33 -107.94   -0.19  -50.84    0.83    2.50   -4.04  110.04    8.126234    6.621245    5.566207    4.642865    3.707812    2.923967    2.244931    1.688959    1.235368    0.834709    0.504410    0.267958    0.128249    0.052915    0.017081    9.312012    7.497235    6.244754    5.161929    4.079080    3.182305    2.414268    1.794028    1.295317    0.860276    0.509058    0.263000    0.122207    0.048570    0.016374     0.000     2.205     3.466    31.947     4.015     3.982     3.881     3.869   0.98446    8.790809    7.802958    7.055927    6.302740    5.460188    4.647128    3.882608    3.188820    2.541737    1.913728    1.322751    0.824416    0.457401    0.219584    0.079371   10.265710    9.063734    8.166421    7.258078    6.243244    5.272164    4.371101    3.561970    2.814679    2.098898    1.435668    0.883770    0.483966    0.229999    0.082022     0.000     1.966     4.005    15.205     3.758     3.736     3.648     3.614   1.03401
    225401  10  8827.4 603756      9999 20191128   34691.4   56291.4  401909.4  33.8734639  -91.5250637    636414.55   3749104.81    410838.14   1210510.76  170.61  172.19  121.22  120.87   49.58  49887.261    581.840  122.90    2.49   -0.52   -2.02  110.43 -108.00  -50.00  120.00 -108.99  -49.91 -107.98   -3.60  -50.86    1.06    0.18   -4.98  108.48    8.431233    6.797813    5.732694    4.775116    3.826603    3.014909    2.315281    1.735788    1.268550    0.855853    0.514163    0.270363    0.122874    0.048516    0.013678    9.431717    7.534279    6.313598    5.209815    4.132026    3.219371    2.441702    1.809574    1.306540    0.868914    0.512020    0.263321    0.116611    0.045271    0.014229     0.000     2.119     3.678    31.633     4.008     3.968     3.869     3.838   0.97477    8.989995    7.983423    7.222510    6.461943    5.614153    4.792984    4.009384    3.294570    2.622223    1.969402    1.355168    0.838203    0.459488    0.218701    0.075875   10.387314    9.172261    8.262325    7.357129    6.347917    5.377316    4.464062    3.641344    2.875059    2.139855    1.458384    0.892907    0.484547    0.228571    0.078736     0.000     1.786     3.958    15.541     3.768     3.743     3.633     3.620   1.05687
    225401  10  8831.4 603756      9999 20191128   34695.4   56295.4  401913.4  33.8727774  -91.5228482    636620.57   3749031.62    411045.00   1210443.71  170.78  172.36  121.40  121.32   49.61  49873.668    568.657  123.07    2.11   -0.03   -3.66  109.98 -108.00  -50.00  120.00 -107.76  -51.43 -107.22   -4.42  -51.90    1.20   -0.05   -5.18  107.61    8.789243    7.190586    6.090908    5.078917    4.032572    3.131280    2.371345    1.765382    1.283499    0.865447    0.518169    0.277571    0.127908    0.049888    0.013906    9.522740    7.753142    6.538753    5.413034    4.257299    3.270940    2.446157    1.801878    1.295622    0.861972    0.507057    0.265855    0.119637    0.044745    0.013068     0.000     1.818     3.372    33.033     4.023     3.986     3.892     3.866   1.01791    9.309036    8.291095    7.501949    6.709733    5.815963    4.938527    4.106018    3.356863    2.665117    1.997878    1.374078    0.846314    0.463144    0.219548    0.075793   10.359082    9.189179    8.288035    7.390972    6.372065    5.377150    4.443960    3.611833    2.849517    2.120406    1.447780    0.884285    0.479280    0.225196    0.077001     0.000     1.691     4.006    14.621     3.751     3.735     3.638     3.623   0.99429
    225401  10  8835.4 603756      9999 20191128   34699.4   56299.4  401917.4  33.8721180  -91.5206161    636828.09   3748961.48    411253.25   1210379.78  170.27  171.84  120.33  119.97   50.19  49860.169    555.554  122.00    2.49    0.32   -3.02  109.37 -108.00  -50.00  120.00 -108.49  -50.66 -107.62   -5.16  -51.35    0.90   -0.84   -5.66  106.60    8.493006    6.757456    5.674807    4.736532    3.802617    3.002849    2.307425    1.734823    1.272194    0.859871    0.521556    0.283094    0.134522    0.059976    0.015452    9.003956    7.056971    5.878099    4.873901    3.891536    3.056002    2.334478    1.740824    1.265133    0.843322    0.503878    0.267924    0.125075    0.054946    0.015350     0.000     2.018     3.027    32.127     4.022     3.990     3.879     3.866   0.98997    9.135625    8.087769    7.315608    6.547024    5.686027    4.845402    4.043717    3.316386    2.637855    1.982725    1.364612    0.838874    0.456897    0.215028    0.074258   10.197431    8.935416    8.039955    7.166446    6.192886    5.254772    4.365435    3.563729    2.818877    2.105213    1.438318    0.877383    0.474201    0.222473    0.076849     0.000     1.872     3.998    15.156     3.752     3.731     3.627     3.604   1.03070
    225401  10  8839.4 603756      9999 20191128   34703.4   56303.4  401921.4  33.8714732  -91.5183798    637035.97   3748892.95    411461.81   1210317.48  172.16  173.73  121.28  121.15   51.12  49847.158    542.930  122.96    2.48    4.11   -3.59  109.47 -108.00  -50.00  120.00 -107.58  -52.03 -106.54   -4.99  -53.39    1.61   -0.04   -5.82  106.70    7.050511    5.170990    4.337902    3.709877    3.094161    2.531580    2.001627    1.534264    1.131787    0.765176    0.460056    0.243442    0.113387    0.045150    0.009668    7.419715    5.360939    4.474240    3.815013    3.164373    2.572606    2.021287    1.535602    1.121798    0.749074    0.444813    0.231692    0.103073    0.038683    0.008895     0.000     2.282     3.503    33.160     4.008     3.995     3.872     3.874   1.02182    8.654148    7.342159    6.567151    5.876099    5.159695    4.471485    3.790105    3.139819    2.511863    1.893465    1.307015    0.806706    0.443444    0.209905    0.071106    9.467994    7.942341    7.086489    6.326867    5.546269    4.795819    4.057615    3.346745    2.664619    1.996053    1.368684    0.838393    0.457113    0.214827    0.072359     0.000     1.696     3.985    14.283     3.738     3.718     3.604     3.593   0.97130
    225401  10  8843.4 603756      9999 20191128   34707.4   56307.4  401925.4  33.8708019  -91.5161464    637243.63   3748821.49    411670.25   1210252.23  174.98  176.56  119.61  118.14   55.62  49833.300    529.473  121.29    2.18   -0.11   -1.97  109.69 -108.00  -50.00  120.00 -108.19  -51.42 -107.09   -1.76  -52.43    1.78    4.87   -5.92  108.82    5.376667    4.237653    3.681090    3.246671    2.774858    2.302794    1.843307    1.416508    1.037136    0.706402    0.423902    0.229478    0.108179    0.042920    0.011640    5.908485    4.665000    4.042177    3.557583    3.021818    2.489266    1.979642    1.506841    1.093506    0.735152    0.434136    0.230460    0.106323    0.041826    0.012200   155.864     2.173     3.656    32.799     4.041     4.029     3.935     3.932   1.01069    7.489193    6.289304    5.701111    5.205220    4.650658    4.082946    3.499850    2.920713    2.345995    1.776689    1.233030    0.768863    0.424583    0.205202    0.072278    8.524565    7.111309    6.435454    5.858541    5.219328    4.563937    3.892932    3.225816    2.572058    1.933563    1.331799    0.822713    0.450151    0.216633    0.076425     0.000     1.965     4.070    14.429     3.744     3.725     3.621     3.596   0.98125
    225401  10  8847.4 603756      9999 20191128   34711.4   56311.4  401929.4  33.8701275  -91.5138919    637453.25   3748749.72    411880.64   1210186.73  177.30  178.87  128.84  127.24   48.70  49820.799    517.376  130.52    1.54    1.54   -1.47  109.82 -108.00  -50.00  120.00 -108.47  -50.65 -108.08   -2.52  -50.24    0.39   -0.54   -4.18  108.40    4.860518    3.926269    3.464874    3.095286    2.658277    2.224458    1.794142    1.394479    1.044693    0.719246    0.443095    0.247054    0.121232    0.052747    0.017977    6.231040    4.948992    4.328317    3.837743    3.262715    2.697058    2.145912    1.642714    1.209540    0.814757    0.488387    0.264829    0.127781    0.053230    0.018279     0.000     2.266     3.923    32.815     4.000     3.971     3.884     3.831   1.01116    6.561429    5.663851    5.215201    4.812333    4.335118    3.834579    3.308129    2.779937    2.244144    1.707216    1.195957    0.754096    0.426117    0.209033    0.077842    7.980942    6.854759    6.288813    5.782913    5.184774    4.561145    3.904880    3.254960    2.601929    1.955661    1.351045    0.837460    0.464793    0.223958    0.081874     0.000     2.176     3.749    14.654     3.733     3.699     3.610     3.594   0.99659
    225401  10  8851.4 603756      9999 20191128   34715.4   56315.4  401933.4  33.8694417  -91.5116214    637664.37   3748676.72    412092.56   1210120.03  176.52  178.09  125.79  124.67   50.98  49809.527    506.515  127.47    2.24    1.18   -1.96  109.86 -108.00  -50.00  120.00 -109.40  -49.33 -108.46   -1.70  -49.84    0.63    0.99   -4.48  108.93    5.181321    4.092075    3.588189    3.194083    2.729574    2.279751    1.832664    1.422108    1.063000    0.732884    0.452307    0.253929    0.131357    0.054814    0.019546    6.460784    5.023980    4.356832    3.850241    3.252234    2.681668    2.124628    1.623193    1.189845    0.803252    0.482971    0.264246    0.132336    0.053415    0.019194     0.000     2.008     4.088    31.353     3.994     3.957     3.874     3.843   0.96613    6.639027    5.673175    5.214384    4.802572    4.326171    3.822656    3.299746    2.773373    2.244092    1.711730    1.203912    0.764420    0.428859    0.212642    0.079093    8.226207    6.957670    6.364510    5.830417    5.218258    4.578112    3.918314    3.262250    2.611382    1.966474    1.363114    0.850486    0.469165    0.228891    0.083963     0.000     1.943     3.810    15.702     3.758     3.729     3.628     3.618   1.06785
    225401  10  8855.4 603756      9999 20191128   34719.4   56319.4  401937.4  33.8687637  -91.5093552    637875.09   3748604.56    412304.05   1210054.18  177.16  178.73  121.93  126.27   55.48  49799.471    496.865  123.60    2.51    3.27   -2.82  110.27 -108.00  -50.00  120.00 -108.93  -49.63 -107.99   -2.16  -50.90    1.37    1.60   -4.56  109.08    4.992682    4.002549    3.484462    3.104346    2.651466    2.211038    1.774619    1.381298    1.039979    0.725679    0.455333    0.256200    0.123710    0.051770    0.015796    6.144710    4.852079    4.187974    3.703221    3.129762    2.579388    2.041738    1.565470    1.156236    0.791297    0.483411    0.262921    0.122643    0.048590    0.014970     0.000     2.277     4.244    31.716     4.001     3.977     3.881     3.854   0.97728    6.767005    5.788508    5.308874    4.884069    4.386062    3.868389    3.328301    2.793920    2.262058    1.729072    1.216358    0.769638    0.432030    0.209901    0.076061    8.243853    7.010962    6.400402    5.866291    5.240257    4.592490    3.920406    3.262921    2.617145    1.978202    1.373834    0.854974    0.471276    0.225196    0.079908     0.000     2.159     3.633    15.538     3.754     3.714     3.637     3.625   1.05674
    225401  10  8859.4 603756      9999 20191128   34723.4   56323.4  401941.4  33.8680544  -91.5071139    638083.56   3748528.92    412513.43   1209984.74  177.98  179.56  129.28  127.83   48.93  49790.438    488.256  130.96    1.81    2.91   -3.05  111.24 -108.00  -50.00  120.00 -108.74  -49.70 -108.20   -0.94  -50.32    1.51    4.35   -5.30  110.74    4.680372    3.768978    3.371301    2.995774    2.570889    2.143937    1.727931    1.349367    1.017591    0.713995    0.451798    0.256576    0.125209    0.051432    0.014361    6.060786    4.801725    4.245919    3.739662    3.169891    2.609176    2.072813    1.591380    1.179010    0.809836    0.499906    0.276493    0.129152    0.051436    0.013754     0.000     1.746     4.417    32.201     4.015     3.978     3.861     3.820   0.99224    6.538073    5.672712    5.208053    4.816239    4.333398    3.830207    3.298068    2.771687    2.248908    1.724178    1.219346    0.778923    0.440598    0.215426    0.078622    8.171824    7.033603    6.425106    5.916376    5.289590    4.643413    3.962727    3.299485    2.647013    2.002055    1.394988    0.875952    0.485819    0.233238    0.083530     0.000     2.102     3.977    15.306     3.746     3.707     3.611     3.583   1.04093
    225401  10  8863.4 603756      9999 20191128   34727.4   56327.4  401945.4  33.8673091  -91.5048856    638290.88   3748449.27    412721.80   1209911.22  177.19  178.76  126.43  127.11   50.95  49782.444    480.708  128.11    2.28    2.02   -3.26  112.02 -108.00  -50.00  120.00 -109.71  -48.22 -109.00   -2.33  -48.75    0.60    2.58   -4.89  110.76    5.852612    4.510780    3.867448    3.366201    2.827631    2.326939    1.853907    1.429723    1.062100    0.735043    0.455374    0.252631    0.122494    0.047554    0.010599    7.749622    5.856260    4.916355    4.213953    3.485435    2.820900    2.209555    1.671248    1.216889    0.821320    0.492995    0.263200    0.121828    0.044488    0.010350     0.000     2.176     4.646    30.850     4.076     4.064     3.983     3.853   0.95059    6.835941    5.906763    5.408343    4.948239    4.426089    3.892009    3.343757    2.803859    2.272503    1.742214    1.234914    0.788515    0.444042    0.217678    0.079497    8.717932    7.435143    6.763987    6.143710    5.446884    4.746280    4.035450    3.346192    2.679020    2.023272    1.410078    0.881916    0.485368    0.232381    0.082560     0.000     1.355     3.946    16.372     3.792     3.773     3.647     3.631   1.11346
    225401  10  8867.4 603756      9999 20191128   34731.4   56331.4  401949.4  33.8665500  -91.5026701    638497.05   3748368.08    412929.08   1209836.12  176.20  177.78  126.06  128.10   50.30  49775.189    473.907  127.74    2.23    1.37   -3.32  112.29 -108.00  -50.00  120.00 -108.91  -49.84 -108.07   -4.12  -50.49    0.60    0.51   -5.17  110.07    7.277280    5.758052    4.822467    4.065996    3.317386    2.660055    2.071066    1.574045    1.163035    0.798268    0.487902    0.261898    0.120514    0.044108    0.008862    9.290757    7.280631    6.035729    5.019353    4.026170    3.169602    2.417980    1.805255    1.307893    0.878293    0.523087    0.271744    0.121261    0.042820    0.009055     0.000     1.899     4.756    31.829     4.029     3.995     3.876     3.872   0.98077    7.914470    6.828609    6.155884    5.555675    4.898532    4.251316    3.605512    2.993313    2.406446    1.829290    1.281353    0.806269    0.450533    0.215909    0.074736    9.846955    8.439797    7.565878    6.779255    5.926309    5.094897    4.280083    3.513858    2.793961    2.096723    1.447016    0.895183    0.490835    0.231464    0.078539     0.000     1.336     3.959    15.473     3.761     3.740     3.644     3.607   1.05232
    225401  10  8871.4 603756      9999 20191128   34735.4   56335.4  401953.4  33.8657928  -91.5004566    638703.03   3748287.09    413136.17   1209761.22  175.15  176.72  125.44  125.90   49.85  49769.013    468.184  127.11    1.91    1.00   -2.15  112.12 -108.00  -50.00  120.00 -108.69  -50.41 -107.80   -3.84  -51.08    0.79   -0.04   -4.98  110.02    7.846065    6.363197    5.366391    4.502515    3.620877    2.859649    2.190862    1.647052    1.210948    0.826149    0.509762    0.274651    0.130960    0.050206    0.013319    9.738404    7.811705    6.524495    5.409277    4.289249    3.336019    2.511928    1.859612    1.341055    0.897553    0.539125    0.281445    0.131865    0.047879    0.013733    37.677     2.145     4.941    32.268     4.043     4.016     3.892     3.876   0.99429    8.670510    7.679851    6.931675    6.216051    5.408057    4.614918    3.853723    3.162599    2.524227    1.912473    1.334854    0.839884    0.467772    0.225235    0.078676   10.475447    9.237522    8.308134    7.419170    6.412848    5.428819    4.494756    3.652331    2.886061    2.161252    1.488078    0.921781    0.503109    0.237350    0.080681     0.000     1.884     4.225    15.031     3.761     3.734     3.644     3.607   1.02226
    225401  10  8875.4 603756      9999 20191128   34739.4   56339.4  401957.4  33.8650417  -91.4982312    638910.11   3748206.81    413344.32   1209687.08  175.45  177.02  126.00  126.75   49.58  49763.690    463.309  127.67    2.53   -0.11   -2.13  111.49 -108.00  -50.00  120.00 -108.46  -50.31 -107.75   -2.06  -51.01    1.16   -0.12   -4.22  110.35    7.577280    6.153415    5.183858    4.351131    3.510249    2.780785    2.138882    1.613459    1.185881    0.814080    0.496127    0.264165    0.119767    0.041891    0.009349    9.444878    7.546835    6.302130    5.223952    4.159461    3.248096    2.456459    1.822519    1.315078    0.885233    0.525418    0.271562    0.117689    0.038498    0.009129     0.000     1.803     5.088    32.273     4.017     3.981     3.893     3.854   0.99443    8.524495    7.505008    6.791057    6.085698    5.310385    4.548193    3.807508    3.129267    2.500483    1.897631    1.326317    0.830121    0.452448    0.207352    0.067475   10.356025    9.062664    8.156089    7.274684    6.308192    5.365908    4.459568    3.631475    2.873919    2.155033    1.483354    0.912601    0.488462    0.219578    0.070221     0.000     1.699     4.490    15.274     3.762     3.737     3.623     3.625   1.03882
    225401  10  8879.4 603756      9999 20191128   34743.4   56343.4  401961.4  33.8643224  -91.4959977    639117.89   3748130.07    413553.05   1209616.51  178.01  179.58  128.71  128.37   49.41  49759.268    459.318  130.38    1.83   -3.32   -2.13  109.75 -108.00  -50.00  120.00 -108.73  -49.74 -107.75   -0.08  -51.23    1.50    0.46   -2.60  109.71    6.506646    5.086118    4.289297    3.652584    3.012627    2.438820    1.912039    1.458656    1.076480    0.744720    0.457177    0.250502    0.126190    0.053455    0.013543    8.352983    6.408447    5.320853    4.489046    3.661136    2.926812    2.264188    1.699861    1.234837    0.837321    0.501561    0.268736    0.132164    0.055498    0.014110     0.000     2.068     5.258    32.215     4.004     3.976     3.890     3.859   0.99265    8.014296    6.961134    6.270345    5.632363    4.943976    4.262623    3.592633    2.970903    2.385534    1.814001    1.267659    0.792952    0.436005    0.203778    0.067799   10.000783    8.608450    7.710215    6.889962    6.011898    5.147588    4.301619    3.523327    2.797042    2.097248    1.442067    0.884884    0.476897    0.218351    0.070615     0.000     1.545     4.804    15.276     3.758     3.729     3.634     3.612   1.03894
    225401  10  8883.4 603756      9999 20191128   34747.4   56347.4  401965.4  33.8636836  -91.4937347    639328.27   3748062.29    413764.07   1209555.05  175.62  177.19  126.29  126.62   49.44  49756.347    456.781  127.97    1.73   -4.29   -3.37  107.22 -108.00  -50.00  120.00 -110.27  -47.20 -109.44   -3.36  -47.84    0.30   -3.37   -2.01  105.47    5.954879    4.636672    3.936723    3.411430    2.855295    2.350049    1.873281    1.451389    1.090229    0.765621    0.487265    0.286084    0.159131    0.081392    0.027966    7.855572    5.995151    5.025361    4.309112    3.559923    2.888596    2.267289    1.727513    1.275159    0.876316    0.544752    0.312185    0.169126    0.086114    0.028695     0.000     1.779     5.454    30.541     3.975     3.948     3.853     3.851   0.94106    7.308178    6.271568    5.683910    5.150717    4.574914    3.996480    3.412968    2.854463    2.311088    1.769454    1.249488    0.792662    0.448316    0.222229    0.075299    9.204460    7.837684    7.064669    6.366643    5.615835    4.868453    4.119380    3.411254    2.730454    2.061325    1.432543    0.891747    0.494016    0.241432    0.079222     0.000     1.898     5.109    16.533     3.782     3.751     3.647     3.624   1.12442
    225401  10  8887.4 603756      9999 20191128   34751.4   56351.4  401969.4  33.8631585  -91.4914343    639541.92   3748007.19    413977.91   1209506.48  174.44  176.01  124.83  125.39   49.73  49753.206    453.958  126.50    2.18    3.28   -4.02  105.42 -108.00  -50.00  120.00 -109.10  -49.75 -107.99   -8.21  -50.07    0.64   -5.38   -4.90  100.94    6.841120    5.246623    4.380138    3.717381    3.059891    2.487624    1.958481    1.505965    1.121583    0.780674    0.488486    0.276705    0.141346    0.061588    0.013383    8.428954    6.357347    5.243878    4.397640    3.572381    2.864921    2.222690    1.682452    1.230625    0.838845    0.510382    0.281292    0.137534    0.054824    0.012131     0.000     1.756     5.690    31.813     4.015     3.982     3.869     3.849   0.98026    7.547762    6.477425    5.798727    5.238251    4.627934    4.029716    3.429764    2.859745    2.308769    1.759359    1.231683    0.773329    0.426832    0.200788    0.060102    9.197370    7.834855    6.956240    6.240983    5.469862    4.723650    3.984279    3.290734    2.628647    1.977789    1.364368    0.842285    0.456007    0.209290    0.061273     0.000     2.075     5.491    15.392     3.764     3.738     3.639     3.598   1.04683
    225401  10  8891.4 603756      9999 20191128   34755.4   56355.4  401973.4  33.8626423  -91.4891362    639755.36   3747953.07    414191.50   1209458.87  174.76  176.34  125.51  125.40   49.40  49746.919    447.985  127.18    1.95   -0.14   -1.95  104.61 -108.00  -50.00  120.00 -108.75  -50.26 -108.02   -1.48  -50.65    1.28    3.75   -5.69  103.85    6.927822    5.344177    4.480295    3.776881    3.094953    2.501215    1.964136    1.504891    1.110956    0.759947    0.459431    0.239061    0.091571    0.027476    0.010430    8.498831    6.451329    5.356928    4.461711    3.609457    2.876916    2.229215    1.683930    1.222459    0.818996    0.482900    0.241512    0.087315    0.024737    0.010522    49.325     1.799     5.904    32.090     4.035     3.992     3.888     3.892   0.98878    7.989002    6.863868    6.122674    5.488348    4.815374    4.162537    3.525316    2.924708    2.346937    1.776597    1.229544    0.752357    0.387475    0.159828    0.054037    9.625536    8.231002    7.297967    6.511076    5.672311    4.867898    4.090634    3.364498    2.673574    2.000941    1.367451    0.825065    0.417225    0.168059    0.056863     0.000     1.809     5.936    15.208     3.752     3.742     3.627     3.599   1.03436
    225401  10  8895.4 603756      9999 20191128   34759.4   56359.4  401977.4  33.8621463  -91.4868293    639969.58   3747901.21    414405.80   1209413.57  175.41  176.99  126.37  127.06   49.18  49744.351    445.717  128.05    2.66   -4.27   -0.42  102.49 -108.00  -50.00  120.00 -109.65  -48.62 -108.23    2.57  -50.46    0.98    0.87   -1.69  103.82    6.936551    5.399145    4.568971    3.864706    3.178631    2.573076    2.024562    1.550767    1.140639    0.774209    0.459589    0.239485    0.100571    0.041188    0.002646    8.883080    6.810112    5.680374    4.751404    3.854351    3.073153    2.376025    1.789271    1.289319    0.852461    0.490728    0.247073    0.098823    0.041743    0.002392     0.000     2.152     6.020    30.749     3.981     3.965     3.867     3.860   0.94745    7.856133    6.810035    6.125777    5.500690    4.842887    4.197582    3.565466    2.965164    2.388743    1.802008    1.237056    0.753232    0.373508    0.166904    0.046507    9.933767    8.538190    7.650503    6.819990    5.964973    5.127212    4.316370    3.546809    2.822172    2.092110    1.410095    0.840100    0.398606    0.179948    0.046471     0.000     2.622     6.467    15.970     3.772     3.762     3.660     3.619   1.08616
    225401  10  8899.4 603756      9999 20191128   34763.4   56363.4  401981.4  33.8617635  -91.4845061    640185.12   3747861.92    414620.99   1209380.98  176.67  178.25  127.71  128.91   49.13  49768.374    469.976  129.38    1.85  -11.94   -1.27   96.90 -108.00  -50.00  120.00 -108.33  -47.02 -107.80    1.04  -51.05    1.23   -7.01    2.40   97.45    6.556486    5.134757    4.298192    3.679380    3.057867    2.511749    1.997298    1.542206    1.145320    0.788839    0.475988    0.258830    0.119232    0.064450    0.013372    8.987709    6.926283    5.722138    4.844879    3.972125    3.217628    2.514568    1.909291    1.390979    0.936114    0.547345    0.289948    0.129533    0.067919    0.014350  3555.160     3.050     6.958    31.898     4.003     3.981     3.858     3.863   0.98286    7.986048    6.876324    6.187431    5.583574    4.924464    4.289415    3.662037    3.087405    2.504038    1.946536    1.422020    0.964148    0.571047    0.283961    0.098353   10.444894    8.998014    8.076840    7.257008    6.370758    5.514050    4.662701    3.872826    3.086235    2.347879    1.668995    1.098845    0.633632    0.309403    0.101805     0.000     2.363     6.277    15.312     3.762     3.730     3.625     3.605   1.04146
    225401  10  8903.4 603756      9999 20191128   34767.4   56367.4  401985.4  33.8616630  -91.4821432    640403.88   3747854.01    414838.32   1209380.07  174.04  175.62  125.72  127.00   48.50  49760.585    462.259  127.40    1.62  -10.94   -2.03   88.98 -108.00  -50.00  120.00 -109.36  -46.14 -109.05   -6.71  -48.12   -0.22  -15.46    1.83   85.38    6.957749    5.482350    4.620172    3.910887    3.234590    2.641565    2.099841    1.628558    1.222391    0.868065    0.557151    0.315109    0.157318    0.056943    0.017032    9.353838    7.249816    6.046014    5.044303    4.114828    3.311732    2.591431    1.978302    1.461463    1.019630    0.642548    0.352696    0.167766    0.056181    0.016911   142.929     2.023     5.995    30.972     4.045     3.998     3.915     3.884   0.95433    7.663889    6.713281    6.069706    5.499391    4.885138    4.270777    3.639075    3.015342    2.401112    1.782324    1.198226    0.723431    0.376301    0.175743    0.041722    9.739472    8.474310    7.614611    6.853204    6.041243    5.232681    4.416531    3.618482    2.841532    2.074409    1.362082    0.790932    0.390745    0.178371    0.038663     0.000     2.563     6.478    15.862     3.780     3.756     3.694     3.623   1.07884
    225401  10  8907.4 603756      9999 20191128   34771.4   56371.4  401989.4  33.8618584  -91.4797794    640622.23   3747878.90    415054.17   1209412.20  171.59  173.17  123.23  123.11   48.55  49757.875    459.449  124.90    2.35   -8.20   -1.13   81.22 -108.00  -50.00  120.00 -109.41  -47.16 -108.66   -7.21  -48.96   -0.09  -11.39   -1.00   77.38    7.564927    5.890730    4.971483    4.217269    3.488733    2.845065    2.260566    1.757119    1.328534    0.947004    0.619032    0.371270    0.183935    0.073817    0.023345    9.348357    7.167390    5.984639    5.027079    4.111827    3.314644    2.597098    1.992241    1.482324    1.038824    0.663353    0.387641    0.187845    0.074854    0.022231     0.000     2.092     5.999    31.036     4.003     3.997     3.887     3.837   0.95628    7.955708    6.907655    6.199850    5.571364    4.898800    4.242932    3.592137    2.968623    2.364081    1.765100    1.190125    0.694775    0.355845    0.160567    0.042358    9.750337    8.399688    7.502039    6.699786    5.851576    5.030910    4.229286    3.464651    2.735312    2.022659    1.349555    0.781290    0.397278    0.178252    0.047125     0.000     2.255     5.943    15.940     3.775     3.751     3.681     3.609   1.08417
    225401  10  8911.4 603756      9999 20191128   34775.4   56375.4  401993.4  33.8622863  -91.4774675    640835.40   3747929.52    415264.02   1209470.06  170.80  172.37  122.92  123.33   48.07  49757.414    458.751  124.59    1.83   -6.19   -0.90   75.03 -108.00  -50.00  120.00 -108.61  -49.20 -108.02   -1.75  -50.70    0.72   -5.62   -0.70   74.09    7.729463    5.960966    4.966211    4.184547    3.453720    2.800448    2.215657    1.704758    1.269004    0.885437    0.557854    0.327523    0.167276    0.071948    0.021804    9.055437    6.897679    5.678253    4.745136    3.877413    3.109937    2.431813    1.849066    1.355316    0.929434    0.572388    0.325167    0.158807    0.064873    0.018654     0.000     1.953     5.803    32.134     4.009     4.029     3.929     3.859   0.99011    8.563377    7.354767    6.587835    5.911722    5.190221    4.497397    3.811414    3.159091    2.530672    1.911586    1.316103    0.804518    0.431165    0.193371    0.057197   10.090192    8.600962    7.656888    6.832859    5.972355    5.142705    4.334791    3.567640    2.836643    2.124812    1.450011    0.878737    0.466263    0.207261    0.061022     0.000     1.925     5.626    15.229     3.757     3.736     3.644     3.622   1.03582
    225401  10  8915.4 603756      9999 20191128   34779.4   56379.4  401997.4  33.8628969  -91.4752176    641042.54   3748000.31    415467.21   1209548.04  170.93  172.50  123.44  123.30   47.68  49764.548    465.542  125.11    3.66   -3.86   -0.40   70.27 -108.00  -50.00  120.00 -109.41  -48.50 -108.35   -0.21  -50.30    0.75   -5.22   -0.10   70.12    7.478672    5.680312    4.737137    4.040174    3.344213    2.730360    2.160183    1.660684    1.230707    0.856687    0.530869    0.287555    0.133424    0.052962    0.011703    8.941585    6.677474    5.487844    4.639038    3.795069    3.057831    2.380595    1.801552    1.309888    0.889570    0.534260    0.279322    0.122318    0.045960    0.010898     0.000     2.007     5.728    30.188     4.006     4.015     3.936     3.850   0.93015    8.242949    7.052711    6.321017    5.680973    5.021709    4.381302    3.738387    3.121965    2.523150    1.930910    1.357986    0.853096    0.471130    0.226004    0.071247   10.073575    8.542983    7.606327    6.795824    5.968242    5.170978    4.378495    3.626510    2.904153    2.199375    1.527397    0.944062    0.512062    0.242823    0.074928     0.000     1.834     6.001    16.688     3.802     3.776     3.649     3.630   1.13508
    225401  10  8919.4 603756      9999 20191128   34783.4   56383.4  402001.4  33.8636233  -91.4730564    641241.26   3748083.83    415661.63   1209638.57  176.34  177.92  129.04  128.61   47.50  49765.259    465.844  130.72    2.82   -1.22    0.51   67.18 -108.00  -50.00  120.00 -107.06  -52.78 -105.79   -0.62  -54.91    1.96   -4.08   -1.46   66.77    6.846979    5.215552    4.365321    3.744285    3.118628    2.549742    2.017039    1.554092    1.151219    0.796960    0.492199    0.263150    0.114115    0.041979    0.009024    8.674679    6.513934    5.374858    4.557939    3.742504    3.015110    2.346478    1.777694    1.292006    0.873916    0.524681    0.272345    0.112780    0.038901    0.009770     0.000     1.956     6.082    33.426     4.015     4.023     3.962     3.858   1.02990    8.193103    6.956711    6.233254    5.634352    4.994211    4.358806    3.719620    3.111449    2.515870    1.921271    1.355929    0.848565    0.467253    0.221000    0.066648   10.074474    8.479554    7.589847    6.827969    6.019878    5.220240    4.420691    3.663525    2.931282    2.208524    1.533778    0.942346    0.514653    0.236272    0.071436     0.000     1.750     6.546    14.044     3.732     3.711     3.628     3.583   0.95526
    225401  10  8923.4 603756      9999 20191128   34787.4   56387.4  402005.4  33.8644131  -91.4709473    641435.07   3748174.31    415850.94   1209735.95  175.06  176.64  127.74  127.60   47.54  49761.513    461.650  129.41    1.82    0.64    1.04   65.73 -108.00  -50.00  120.00 -109.29  -48.53 -109.09    1.75  -48.62    1.27   -1.08   -1.59   66.57    6.655429    5.228018    4.447034    3.838098    3.211482    2.635999    2.081230    1.600292    1.173779    0.811987    0.524506    0.321493    0.131094    0.071797    0.013609    8.965802    6.956006    5.839728    4.987731    4.110974    3.316718    2.574099    1.954770    1.395902    0.948785    0.577401    0.325065    0.151741    0.059856    0.015806    99.795     1.841     6.857    31.423     4.038     4.059     3.998     3.897   0.96819    7.832042    6.655524    5.995631    5.404059    4.757928    4.169540    3.558530    2.983703    2.412791    1.850428    1.329146    0.856191    0.402703    0.237868    0.056368    9.987528    8.472414    7.612024    6.828475    5.969123    5.184388    4.376648    3.619495    2.876404    2.158695    1.525169    0.967406    0.414958    0.264535    0.056063  1952.792     2.146     7.253    16.199     3.780     3.737     3.637     3.615   1.10184
    225401  10  8927.4 603756      9999 20191128   34791.4   56391.4  402009.4  33.8652226  -91.4688337    641629.25   3748266.99    416040.55   1209835.55  173.62  175.20  125.92  128.73   47.93  49767.243    466.921  127.60    2.71    0.92    1.28   65.35 -108.00  -50.00  120.00 -108.68  -50.90 -107.58    5.42  -51.22    0.32    2.92   -1.44   68.20    7.144033    5.434469    4.534968    3.869195    3.195010    2.607613    2.058933    1.581313    1.166826    0.798847    0.485674    0.261532    0.121069    0.046562    0.010505    8.880711    6.621078    5.460416    4.600687    3.750742    3.016762    2.343288    1.768184    1.276319    0.854119    0.502246    0.258770    0.114059    0.041220    0.009657    51.417     2.134     5.875    31.999     4.027     4.047     3.953     3.872   0.98595    7.932934    6.798562    6.102422    5.494324    4.865380    4.246680    3.634686    3.041369    2.456520    1.879544    1.325303    0.837268    0.462809    0.217780    0.068184    9.751989    8.293105    7.391361    6.613102    5.812619    5.033002    4.273733    3.540344    2.830636    2.138666    1.486460    0.924863    0.505572    0.235473    0.075263     0.000     1.464     6.235    14.947     3.750     3.734     3.628     3.603   1.01666
    225401  10  8931.4 603756      9999 20191128   34795.4   56395.4  402013.4  33.8660312  -91.4667277    641822.74   3748359.56    416229.46   1209935.01  174.32  175.89  127.09  128.50   47.48  49769.798    469.018  128.76    1.26    1.16    2.08   64.93 -108.00  -50.00  120.00 -107.96  -51.32 -107.06    5.71  -52.32    1.81    0.06    0.03   67.86    7.113972    5.439648    4.505837    3.793065    3.108479    2.509803    1.967216    1.496610    1.096133    0.752262    0.455590    0.242373    0.107759    0.040552    0.008229    8.844536    6.657114    5.467103    4.546629    3.681104    2.933714    2.268910    1.701148    1.227427    0.829220    0.491677    0.256924    0.110519    0.040889    0.008808     0.000     1.998     4.984    33.375     4.019     4.035     3.964     3.863   1.02834    8.437686    7.134964    6.379807    5.711180    5.029228    4.364558    3.709690    3.084422    2.479302    1.882432    1.314594    0.823858    0.456686    0.217899    0.075086   10.110726    8.511533    7.569344    6.743322    5.902276    5.089118    4.293982    3.540768    2.820535    2.117116    1.459198    0.899856    0.491617    0.230632    0.078445     0.000     1.419     5.669    14.262     3.741     3.724     3.606     3.592   0.97008
    225401  10  8935.4 603756      9999 20191128   34799.4   56399.4  402017.4  33.8668600  -91.4646123    642017.05   3748454.39    416419.12   1210036.79  169.78  171.35  122.66  125.46   47.37  49772.370    471.120  124.34    1.73   -3.91    1.29   63.54 -108.00  -50.00  120.00 -110.04  -48.37 -109.14    5.68  -47.97   -0.10   -0.30    1.03   66.49    7.334944    5.553490    4.652628    3.951728    3.274327    2.666798    2.104948    1.615965    1.193751    0.830911    0.512340    0.286410    0.138861    0.055998    0.015146    8.692004    6.450453    5.361927    4.523900    3.715572    2.996935    2.341189    1.776013    1.294232    0.885720    0.535131    0.292347    0.139596    0.054528    0.015392     0.000     2.132     4.911    30.980     4.002     4.012     3.959     3.836   0.95454    8.214524    6.990925    6.245196    5.614761    4.954471    4.314037    3.675432    3.063963    2.473874    1.887857    1.330702    0.841577    0.469311    0.225931    0.077658    9.701470    8.190983    7.282869    6.513328    5.715565    4.944656    4.186147    3.461599    2.770898    2.093358    1.459371    0.911141    0.501371    0.238204    0.080698     0.000     2.001     5.232    15.953     3.769     3.746     3.635     3.620   1.08512
    225401  10  8939.4 603756      9999 20191128   34803.4   56403.4  402021.4  33.8677733  -91.4625292    642208.22   3748558.54    416605.36   1210147.85  168.60  170.18  121.74  123.93   47.11  49774.736    472.966  123.41    2.18   -0.74    0.68   61.89 -108.00  -50.00  120.00 -108.52  -51.04 -107.59    1.39  -51.39    0.40   -3.33   -0.41   62.55    7.465469    5.561990    4.710123    4.057677    3.407227    2.794135    2.210434    1.704228    1.264569    0.878861    0.562250    0.317860    0.145186    0.061121    0.015251    8.110166    5.975155    5.037023    4.318424    3.605834    2.933886    2.301957    1.758360    1.290779    0.887425    0.561126    0.312819    0.137957    0.056755    0.014910    90.860     2.253     4.729    32.328     4.078     4.087     4.037     3.930   0.99608    8.341199    7.035388    6.309577    5.710840    5.068209    4.422997    3.768892    3.137330    2.528169    1.926248    1.355141    0.859105    0.477538    0.226890    0.079105    9.457963    7.913663    7.069146    6.372982    5.628930    4.887028    4.141961    3.425205    2.741590    2.071804    1.444520    0.906996    0.498342    0.233553    0.079776     0.000     2.045     4.830    14.772     3.746     3.721     3.625     3.580   1.00476
    225401  10  8943.4 603756      9999 20191128   34807.4   56407.4  402025.4  33.8687217  -91.4604783    642396.37   3748666.56    416788.46   1210262.70  169.87  171.45  124.69  123.73   45.42  49776.748    474.439  126.36    2.80    2.23    1.46   61.33 -108.00  -50.00  120.00 -109.21  -49.51 -107.76    1.81  -51.54    1.67   -0.67   -1.92   62.19    6.833250    5.241087    4.497542    3.904719    3.287438    2.696435    2.136562    1.647222    1.222749    0.860662    0.554346    0.319538    0.143770    0.060480    0.016329    7.997464    6.061603    5.145376    4.425772    3.682591    2.984380    2.335149    1.775098    1.296860    0.897572    0.564768    0.316135    0.138580    0.055766    0.015643   105.389     2.076     4.723    31.300     4.025     4.072     4.003     3.875   0.96440    8.331481    7.050324    6.344201    5.743267    5.102059    4.452257    3.793687    3.160376    2.549855    1.948312    1.376617    0.875842    0.490260    0.236767    0.082683    9.930147    8.338974    7.459652    6.712076    5.925375    5.134614    4.342560    3.587366    2.869018    2.169190    1.513950    0.950815    0.523901    0.249509    0.085640     0.000     1.711     4.484    15.776     3.774     3.749     3.649     3.633   1.07311
    225401  10  8947.4 603756      9999 20191128   34811.4   56411.4  402029.4  33.8696501  -91.4584315    642584.16   3748772.33    416971.29   1210375.29  171.07  172.65  124.13  124.88   47.14  49778.222    475.385  125.80    2.60    3.19    1.25   61.88 -108.00  -50.00  120.00 -108.57  -50.27 -107.79    5.81  -50.81    1.27    3.53   -1.65   64.92    7.889953    6.108308    5.078946    4.237641    3.441701    2.765656    2.160179    1.645770    1.209689    0.829585    0.502116    0.268905    0.129333    0.052840    0.014438    9.452809    7.243303    5.963942    4.917119    3.943511    3.125049    2.405910    1.807405    1.306479    0.875362    0.511188    0.269870    0.126857    0.050604    0.015562     0.000     1.858     4.756    32.022     4.008     4.037     3.972     3.852   0.98662    8.342619    7.149285    6.415977    5.784068    5.110016    4.446730    3.783770    3.148757    2.535370    1.930817    1.358303    0.867100    0.488656    0.238589    0.086276   10.003405    8.503994    7.583194    6.779252    5.943745    5.129977    4.332508    3.572628    2.849433    2.146525    1.492545    0.938372    0.520016    0.249652    0.088235     0.000     1.441     4.302    15.299     3.761     3.731     3.619     3.597   1.04063
    225401  10  8951.4 603756      9999 20191128   34815.4   56415.4  402033.4  33.8705537  -91.4563719    642773.17   3748875.40    417155.42   1210485.19  171.22  172.79  124.07  123.64   47.31  49779.514    476.164  125.75    2.12    1.63    2.27   62.62 -108.00  -50.00  120.00 -108.57  -50.58 -107.68    6.33  -51.06    0.88    2.42   -0.75   65.92    7.784013    6.018842    5.036139    4.245321    3.487070    2.824813    2.219806    1.696393    1.246667    0.853430    0.519244    0.284965    0.139566    0.063291    0.020237    9.157239    6.980417    5.787653    4.837925    3.933921    3.153324    2.447462    1.847820    1.338351    0.901157    0.536698    0.286258    0.139019    0.061188    0.020428     0.000     1.538     4.772    32.205     4.039     4.059     3.977     3.893   0.99225    8.572910    7.413820    6.642741    5.957161    5.234705    4.538792    3.855255    3.202080    2.571071    1.945432    1.358166    0.853842    0.476061    0.227901    0.080463   10.115949    8.680180    7.745452    6.909103    6.039856    5.206253    4.393537    3.620642    2.880797    2.155842    1.485236    0.920810    0.504829    0.237329    0.081992     0.000     1.803     4.188    15.026     3.753     3.730     3.637     3.613   1.02207
    225401  10  8955.4 603756      9999 20191128   34819.4   56419.4  402037.4  33.8714345  -91.4542946    642963.85   3748975.96    417341.28   1210592.62  170.20  171.78  122.91  121.84   47.42  49780.517    476.666  124.58    1.91    2.77    1.42   63.71 -108.00  -50.00  120.00 -108.65  -50.58 -107.66    5.54  -51.20    0.51    1.95   -0.86   66.58    7.822242    6.029214    5.031946    4.281699    3.547583    2.900932    2.288148    1.749562    1.281284    0.876319    0.542638    0.288373    0.131502    0.051225    0.010668    8.932162    6.770988    5.609037    4.735762    3.894340    3.157938    2.466572    1.865889    1.346692    0.907210    0.559100    0.289569    0.124830    0.046468    0.010562     0.000     1.691     4.761    32.351     4.030     4.043     3.988     3.864   0.99676    8.744722    7.538542    6.762179    6.077187    5.359721    4.666358    3.969979    3.300910    2.652594    2.008858    1.403281    0.877316    0.483037    0.228821    0.075686   10.085352    8.636180    7.710097    6.899528    6.057622    5.247568    4.440816    3.669976    2.928063    2.198643    1.522356    0.940003    0.512157    0.239461    0.078256     0.000     1.761     4.146    14.785     3.748     3.727     3.615     3.592   1.00570
    225401  10  8959.4 603756      9999 20191128   34823.4   56423.4  402041.4  33.8722857  -91.4521890    643157.19   3749073.29    417529.90   1210696.87  168.92  170.49  121.53  120.67   47.48  49781.809    477.476  123.20    1.84    7.31    0.22   66.72 -108.00  -50.00  120.00 -108.13  -49.97 -107.88    2.01  -50.87    0.54    2.87   -3.33   67.73    8.289753    6.378965    5.262887    4.429237    3.613434    2.923785    2.291863    1.741558    1.282477    0.894179    0.543851    0.262749    0.120213    0.039308    0.007357    9.333758    7.082649    5.811793    4.851402    3.923920    3.147820    2.445682    1.844960    1.341497    0.915227    0.542001    0.262369    0.115917    0.037799    0.007621     0.000     1.730     4.749    32.597     4.009     4.035     3.964     3.870   1.00433    8.835206    7.614457    6.835883    6.169582    5.463001    4.783279    4.094181    3.422484    2.760088    2.084939    1.427796    0.893327    0.495881    0.233615    0.076681   10.145259    8.713288    7.781582    6.987861    6.144964    5.346321    4.547228    3.776205    3.019430    2.258054    1.533878    0.948269    0.517506    0.239470    0.077380     0.000     2.164     4.323    14.527     3.761     3.736     3.649     3.593   0.98819
    225401  10  8963.4 603756      9999 20191128   34827.4   56427.4  402045.4  33.8730053  -91.4500128    643357.30   3749156.11    417725.70   1210786.75  168.89  170.46  120.87  122.52   48.07  49782.158    477.419  122.54    3.10   16.16    1.63   73.78 -108.00  -50.00  120.00 -107.47  -45.41 -107.45    2.23  -51.52    1.23    9.26   -7.95   74.80    7.927505    5.999383    5.025233    4.255689    3.526691    2.882921    2.278948    1.748040    1.275267    0.864758    0.521107    0.277429    0.125723    0.047063    0.011807    9.374431    6.988225    5.826971    4.904355    4.038741    3.274072    2.559655    1.940255    1.392498    0.927133    0.546349    0.282122    0.123480    0.044602    0.011726     0.000     1.811     4.717    31.381     4.005     4.026     3.953     3.851   0.96688    8.310341    7.113418    6.371669    5.741432    5.087225    4.451694    3.812075    3.185043    2.564092    1.939459    1.345929    0.839745    0.460959    0.219999    0.074174    9.961872    8.467308    7.562036    6.782793    5.989946    5.214970    4.443204    3.689510    2.949480    2.211498    1.521135    0.940724    0.512567    0.243975    0.082701    38.668     1.951     4.478    15.272     3.753     3.731     3.643     3.605   1.03885
    225401  10  8967.4 603756      9999 20191128   34831.4   56431.4  402049.4  33.8733788  -91.4477424    643566.67   3749200.70    417931.98   1210838.42  171.46  173.03  123.42  128.00   48.07  49775.739    470.796  125.10    2.29   14.83    2.57   83.07 -108.00  -50.00  120.00 -107.54  -48.49 -106.72   12.99  -51.48    2.61   20.53   -6.77   89.97    5.906511    4.641758    4.031707    3.560753    3.027837    2.524357    2.029365    1.574931    1.167216    0.795414    0.468445    0.253291    0.134968    0.046868    0.016162    6.787775    5.282818    4.579629    4.030060    3.409038    2.815852    2.243088    1.718035    1.253573    0.839871    0.489076    0.256979    0.130656    0.042955    0.014516     0.000     1.895     4.604    32.519     4.014     4.009     3.922     3.851   1.00190    7.715146    6.583464    5.933290    5.425988    4.840351    4.267131    3.681591    3.097179    2.506301    1.882253    1.247520    0.821986    0.478941    0.228166    0.088151    9.020999    7.645926    6.892374    6.285421    5.593686    4.912014    4.216593    3.524594    2.831420    2.110902    1.393731    0.906236    0.516113    0.241679    0.090832   100.075     1.460     4.534    13.872     3.723     3.732     3.709     3.588   0.94365
    225401  10  8971.4 603756      9999 20191128   34835.4   56435.4  402053.4  33.8734261  -91.4454311    643780.38   3749209.18    418143.76   1210853.87  169.37  170.94  121.16  122.35   48.24  49769.130    464.174  122.84    1.18    5.05    0.25   89.97 -108.00  -50.00  120.00 -110.23  -47.84 -109.26   12.89  -46.46    1.02   14.40   -1.71   96.67    5.895457    4.550667    3.881689    3.397253    2.873888    2.386767    1.911242    1.479105    1.096916    0.762540    0.469913    0.254794    0.122016    0.049375    0.012516    6.794598    5.173610    4.370906    3.798067    3.183784    2.621472    2.080315    1.593296    1.169501    0.800731    0.483357    0.254667    0.120209    0.046536    0.012557     0.000     1.776     4.427    30.903     3.985     3.972     3.866     3.842   0.95214    6.983564    6.000613    5.484443    5.036577    4.529199    4.006342    3.459776    2.908675    2.354529    1.796745    1.268471    0.807994    0.450196    0.217961    0.075070    8.209717    6.962565    6.320813    5.767571    5.154418    4.530135    3.886592    3.240086    2.597339    1.960441    1.379029    0.872675    0.478692    0.231040    0.078147     0.000     1.558     4.616    15.675     3.762     3.755     3.744     3.621   1.06631
    225401  10  8975.4 603756      9999 20191128   34839.4   56439.4  402057.4  33.8733392  -91.4430954    643996.58   3749202.81    418358.49   1210854.45  166.44  168.01  119.70  119.86   46.77  49760.894    456.001  121.38    2.26    3.41   -1.29   93.24 -108.00  -50.00  120.00 -109.42  -49.23 -108.61    0.79  -49.47   -0.37    0.78   -2.34   93.53    6.298794    4.831221    4.202697    3.695359    3.141378    2.616147    2.099714    1.629035    1.211369    0.841105    0.520153    0.284022    0.132699    0.052420    0.013516    6.718666    5.088128    4.405995    3.850114    3.249220    2.683950    2.137616    1.641045    1.207209    0.828199    0.503714    0.269721    0.123601    0.047601    0.013273     0.000     1.872     4.353    31.357     4.002     3.986     3.865     3.842   0.96613    7.711633    6.519407    5.895926    5.378299    4.811625    4.238052    3.648354    3.060516    2.474786    1.885648    1.323694    0.832524    0.459530    0.218866    0.075773    8.538725    7.162198    6.458172    5.874171    5.236150    4.593749    3.940383    3.289870    2.646086    2.003736    1.397293    0.872193    0.477496    0.226187    0.077826     0.000     1.751     4.442    15.602     3.763     3.728     3.639     3.610   1.06136
    225401  10  8979.4 603756      9999 20191128   34843.4   56443.4  402061.4  33.8731930  -91.4407546    644213.34   3749189.88    418574.01   1210848.43  167.40  168.98  119.93  122.30   47.50  49752.591    447.797  121.60    3.35   -0.05   -0.99   94.18 -108.00  -50.00  120.00 -108.01  -51.22 -107.27   -1.85  -52.08    1.27   -0.26   -3.73   93.12    7.836302    5.809245    4.895952    4.200798    3.501275    2.857162    2.253134    1.723009    1.262914    0.866593    0.527398    0.289393    0.134665    0.057950    0.017246    8.319859    6.115732    5.096134    4.342913    3.588465    2.900172    2.267755    1.714310    1.242258    0.840039    0.501354    0.269561    0.120098    0.049328    0.015016     0.000     2.135     4.831    32.224     4.015     4.000     3.873     3.854   0.99282    8.130435    6.892776    6.234556    5.685484    5.072993    4.449600    3.809965    3.178966    2.560314    1.946095    1.361176    0.849826    0.485420    0.224548    0.080334    9.064835    7.612224    6.855602    6.220989    5.523350    4.820772    4.106726    3.408405    2.730096    2.062113    1.432768    0.884818    0.505161    0.229630    0.081998     0.000     1.503     4.457    15.151     3.754     3.744     3.619     3.601   1.03063
    225401  10  8983.4 603756      9999 20191128   34847.4   56447.4  402065.4  33.8730435  -91.4384291    644428.70   3749176.57    418788.16   1210842.00  171.99  173.56  124.93  126.32   47.08  49744.299    439.606  126.61    3.18    0.04   -1.37   93.96 -108.00  -50.00  120.00 -107.53  -52.41 -106.46    0.93  -53.85    1.98    2.37   -3.13   94.45    7.223394    5.327758    4.502777    3.860576    3.223917    2.641697    2.093176    1.608528    1.187161    0.813332    0.497815    0.265108    0.119949    0.048711    0.011031    8.274631    6.006633    5.015954    4.266511    3.526189    2.856500    2.237404    1.697935    1.238484    0.831638    0.496339    0.254374    0.110773    0.043295    0.010533   128.461     1.951     4.687    32.619     4.113     4.132     4.013     3.950   1.00497    8.426772    7.052221    6.321351    5.707157    5.058802    4.414139    3.763156    3.134830    2.521991    1.919648    1.347250    0.853305    0.474721    0.226964    0.079204    9.897509    8.209084    7.331760    6.587730    5.810002    5.039303    4.270015    3.528823    2.814921    2.120995    1.471719    0.919830    0.503868    0.237017    0.081198     0.000     1.675     4.670    14.548     3.746     3.724     3.611     3.580   0.98963
    225401  10  8987.4 603756      9999 20191128   34851.4   56451.4  402069.4  33.8729226  -91.4361214    644642.36   3749166.41    419000.50   1210838.67  174.80  176.37  128.06  129.92   46.77  49736.218    431.610  129.73    2.30   -1.01   -1.95   93.32 -108.00  -50.00  120.00 -107.98  -51.61 -106.82   -1.50  -53.20    1.75   -1.13   -2.58   92.50    6.524451    4.859734    4.066339    3.485271    2.897139    2.374310    1.885549    1.453806    1.072393    0.741554    0.453300    0.247130    0.114601    0.045746    0.010941    8.194728    5.985597    4.939323    4.190187    3.441704    2.784878    2.183717    1.657342    1.201714    0.814618    0.484153    0.256562    0.113834    0.043190    0.010806     0.000     1.585     4.553    32.787     3.998     3.998     3.872     3.855   1.01016    8.003465    6.685791    5.987658    5.399082    4.783672    4.175784    3.566664    2.982809    2.409256    1.835944    1.292658    0.817528    0.455055    0.217451    0.074265    9.832278    8.154282    7.251329    6.500329    5.717852    4.958521    4.201783    3.480931    2.782874    2.093261    1.452913    0.900681    0.491176    0.229319    0.076334     0.000     1.455     4.700    14.513     3.734     3.719     3.629     3.578   0.98732
    225401  10  8991.4 603756      9999 20191128   34855.4   56455.4  402073.4  33.8728317  -91.4338069    644856.60   3749159.60    419213.32   1210838.74  173.81  175.39  127.17  128.98   46.67  49727.992    423.451  128.85    1.33    4.12   -0.96   93.61 -108.00  -50.00  120.00 -109.01  -49.59 -108.08   -4.03  -50.46    0.87   -1.29   -4.74   91.36    6.537916    4.948214    4.094383    3.470313    2.868615    2.356694    1.881263    1.454282    1.069919    0.733097    0.437334    0.226365    0.100413    0.038676    0.008335    8.526256    6.330160    5.171761    4.325189    3.521603    2.849764    2.245353    1.710118    1.233727    0.827659    0.479022    0.238867    0.101193    0.035770    0.007457     0.000     1.816     4.600    32.355     3.998     4.001     3.879     3.855   0.99683    7.748539    6.530597    5.829164    5.249745    4.652472    4.073706    3.496861    2.932075    2.375501    1.808764    1.265214    0.793599    0.436050    0.206401    0.070988    9.573294    8.038545    7.122481    6.383687    5.618970    4.885850    4.158971    3.453871    2.768070    2.077989    1.431565    0.880346    0.475171    0.221054    0.075310     0.000     1.496     4.813    15.002     3.763     3.732     3.635     3.607   1.02055
    225401  10  8995.4 603756      9999 20191128   34859.4   56459.4  402077.4  33.8726845  -91.4314659    645073.39   3749146.57    419428.86   1210832.63  169.38  170.96  122.78  124.01   46.64  49719.308    414.867  124.45    0.99    2.91   -1.21   94.80 -108.00  -50.00  120.00 -109.62  -48.97 -109.21    0.93  -48.18    0.21    5.78   -4.92   95.27    7.191830    5.448582    4.541032    3.836747    3.172441    2.602273    2.071294    1.594706    1.170259    0.795833    0.471673    0.236914    0.098196    0.034333    0.006038    8.520215    6.382588    5.268169    4.413596    3.615394    2.937848    2.315320    1.760508    1.272281    0.851106    0.495759    0.242400    0.098551    0.033343    0.006156   106.692     1.976     4.517    31.788     4.023     3.997     3.875     3.856   0.97936    8.119294    6.913771    6.160899    5.527690    4.872238    4.263421    3.662591    3.070437    2.471710    1.860275    1.278101    0.786325    0.426199    0.200351    0.065629    9.502757    8.035295    7.132125    6.369250    5.584961    4.859426    4.150745    3.449640    2.752558    2.048950    1.387827    0.840464    0.447655    0.206789    0.066545     0.000     1.948     4.883    15.314     3.761     3.734     3.643     3.607   1.04178
    225401  10  8999.4 603756      9999 20191128   34863.4   56463.4  402081.4  33.8724948  -91.4291020    645292.36   3749128.86    419646.74   1210821.89  166.96  168.54  120.40  121.35   46.60  49710.461    406.145  122.07    2.32    0.92   -0.73   95.46 -108.00  -50.00  120.00 -109.19  -50.20 -108.23    2.11  -50.32    0.23    3.48   -2.98   96.53    8.168128    6.288009    5.229391    4.403602    3.629047    2.962701    2.351894    1.796842    1.300107    0.863267    0.496140    0.256337    0.098883    0.041269    0.006004    8.831966    6.750197    5.542428    4.632562    3.781735    3.059815    2.406307    1.821373    1.303010    0.852809    0.480945    0.244027    0.093120    0.038009    0.007523     0.000     1.966     4.344    31.519     4.014     3.994     3.866     3.860   0.97109    8.508543    7.324836    6.572730    5.901121    5.202441    4.549089    3.896501    3.251872    2.601853    1.943782    1.316024    0.783393    0.417479    0.190471    0.059316    9.645083    8.234701    7.365995    6.575014    5.762490    5.008266    4.264323    3.536841    2.809358    2.081201    1.396259    0.822496    0.435349    0.197181    0.060488     0.000     1.932     4.925    15.286     3.757     3.743     3.644     3.625   1.03990
    225401  10  9003.4 603756      9999 20191128   34867.4   56467.4  402085.4  33.8722969  -91.4267476    645510.48   3749110.26    419863.79   1210810.21  167.36  168.93  121.00  122.50   46.40  49701.515    397.328  122.67    2.84   -0.76   -1.63   94.91 -108.00  -50.00  120.00 -108.65  -50.52 -107.41   -0.22  -52.08    1.53   -0.27   -2.15   94.74    8.156575    6.198953    5.113617    4.286037    3.507943    2.862239    2.271860    1.742083    1.260612    0.838799    0.475821    0.243877    0.109874    0.044012    0.012564    8.784939    6.604939    5.387410    4.489405    3.647086    2.952232    2.325157    1.765408    1.263054    0.827803    0.459544    0.228960    0.100258    0.037715    0.011771     0.000     1.876     3.970    31.950     4.010     3.995     3.852     3.852   0.98434    8.985404    7.643560    6.823126    6.097521    5.362680    4.681324    4.007791    3.338640    2.663876    1.980010    1.337242    0.801675    0.426809    0.203476    0.062140   10.209629    8.615489    7.645003    6.791568    5.935120    5.150372    4.384736    3.632194    2.878513    2.122346    1.420868    0.844683    0.446497    0.211917    0.064506     0.000     1.942     4.903    15.226     3.764     3.731     3.631     3.614   1.03585
    225401  10  9007.4 603756      9999 20191128   34871.4   56471.4  402089.4  33.8721510  -91.4244068    645727.25   3749097.39    420079.32   1210804.26  168.40  169.98  122.22  121.54   46.22  49692.856    388.769  123.90    2.34   -2.16   -2.08   93.36 -108.00  -50.00  120.00 -108.61  -50.12 -107.64   -3.40  -51.48    1.32   -2.99   -2.72   91.53    7.693881    5.769203    4.794648    4.057341    3.367998    2.776774    2.210929    1.694954    1.231822    0.826850    0.483456    0.246077    0.113906    0.042398    0.011556    8.779989    6.529555    5.373856    4.508312    3.704539    3.023706    2.379277    1.802746    1.292419    0.852422    0.488625    0.241988    0.111112    0.039514    0.011717    27.764     1.639     4.144    32.166     4.017     4.010     3.878     3.890   0.99100    8.748589    7.348919    6.589162    5.917856    5.242696    4.601317    3.956299    3.308547    2.647451    1.974941    1.340051    0.813729    0.443088    0.215152    0.068273   10.021240    8.364519    7.472378    6.679431    5.891399    5.145403    4.399865    3.655442    2.902701    2.145749    1.440328    0.863687    0.463297    0.220607    0.067374     0.000     1.552     4.844    15.295     3.763     3.740     3.638     3.606   1.04054
    225401  10  9011.4 603756      9999 20191128   34875.4   56475.4  402093.4  33.8720746  -91.4220647    645944.02   3749092.24    420294.59   1210806.09  168.47  170.04  122.44  120.86   46.07  49684.675    380.647  124.11    1.13    2.27   -2.48   92.56 -108.00  -50.00  120.00 -108.66  -50.00 -108.10   -5.13  -50.13    0.85   -2.58   -4.33   89.77    7.858750    6.075555    5.111865    4.343596    3.601828    2.940714    2.330158    1.782131    1.297983    0.877924    0.519661    0.266426    0.126872    0.047578    0.011311    8.930704    6.835021    5.711815    4.823845    3.968967    3.212300    2.521282    1.910849    1.378060    0.920144    0.537151    0.272616    0.128138    0.047812    0.012125     0.000     2.184     4.280    32.783     4.038     4.014     3.892     3.880   1.01001    8.811504    7.544518    6.768590    6.079228    5.363243    4.679842    3.994555    3.319077    2.645398    1.966145    1.324344    0.794223    0.414089    0.183052    0.053178    9.953215    8.481319    7.591436    6.796404    5.977088    5.190289    4.408436    3.640296    2.882856    2.126365    1.419583    0.841796    0.433684    0.189052    0.054212     0.000     1.658     4.717    14.840     3.752     3.733     3.637     3.604   1.00959
    225401  10  9015.4 603756      9999 20191128   34879.4   56479.4  402097.4  33.8719920  -91.4197015    646162.76   3749086.45    420511.83   1210807.33  164.16  165.73  118.07  116.26   46.14  49676.668    372.702  119.74    2.37    3.92   -1.94   93.08 -108.00  -50.00  120.00 -109.48  -48.55 -109.17   -1.25  -48.22    0.11    5.25   -5.60   92.41    8.647502    6.658366    5.602429    4.751107    3.919011    3.181868    2.507886    1.911795    1.395993    0.953784    0.580180    0.310688    0.143434    0.058282    0.014641    9.401812    7.154827    5.973086    5.024066    4.107496    3.302606    2.576554    1.946029    1.403735    0.944285    0.564335    0.295320    0.131669    0.051351    0.013611     0.000     1.939     4.285    31.061     4.006     3.990     3.882     3.841   0.95695    8.771672    7.605097    6.860879    6.210073    5.504883    4.808539    4.107300    3.416008    2.731048    2.047845    1.395843    0.844826    0.448669    0.201782    0.060711    9.901141    8.525419    7.652091    6.896156    6.078497    5.277779    4.479929    3.704342    2.941573    2.189459    1.480856    0.889485    0.468910    0.209225    0.062775     0.000     1.492     4.485    16.098     3.778     3.775     3.661     3.636   1.09521
    225401  10  9019.4 603756      9999 20191128   34883.4   56483.4  402101.4  33.8718604  -91.4173403    646381.40   3749075.22    420729.15   1210803.10  170.62  172.19  124.37  123.90   46.30  49668.228    364.354  126.04    2.89    0.98   -0.69   93.78 -108.00  -50.00  120.00 -106.59  -53.80 -105.22    1.45  -55.67    2.33    2.77   -3.65   94.56    8.108047    6.163940    5.187009    4.415976    3.653850    2.972001    2.340631    1.782434    1.299858    0.884618    0.529657    0.281788    0.132022    0.053307    0.014536    8.885027    6.668717    5.568576    4.705659    3.860888    3.110260    2.425671    1.828299    1.318091    0.886294    0.522605    0.273504    0.124761    0.049024    0.014336     0.000     1.517     4.168    33.923     4.042     4.020     3.908     3.890   1.04512    9.087189    7.773123    7.000946    6.304741    5.567718    4.844761    4.124058    3.427513    2.745088    2.068472    1.425395    0.874228    0.470068    0.217187    0.073137   10.309950    8.762134    7.865173    7.060518    6.211101    5.377030    4.554269    3.762673    2.993396    2.238731    1.529588    0.929156    0.495571    0.227156    0.076488     0.000     1.659     4.314    13.408     3.719     3.704     3.601     3.564   0.91220
    225401  10  9023.4 603756      9999 20191128   34887.4   56487.4  402105.4  33.8717252  -91.4150122    646596.98   3749063.54    420943.45   1210798.32  172.68  174.25  126.73  124.99   46.01  49659.905    356.124  128.40    1.76    2.45   -2.24   94.15 -108.00  -50.00  120.00 -108.93  -49.60 -108.28   -0.43  -50.50    1.83    1.82   -3.08   93.88    7.180673    5.724997    4.840246    4.113087    3.365932    2.712673    2.127306    1.622359    1.191371    0.821182    0.502610    0.270789    0.127087    0.055689    0.014252    9.215033    7.284945    6.102821    5.112715    4.115874    3.261735    2.511118    1.881029    1.355292    0.912893    0.541123    0.281199    0.126927    0.051938    0.013256     0.000     2.154     4.041    31.879     4.020     3.993     3.879     3.848   0.98214    8.465611    7.351144    6.645261    6.009237    5.303816    4.607850    3.919637    3.263509    2.629234    1.998552    1.395592    0.868713    0.474579    0.223214    0.076811   10.368839    8.972053    8.076316    7.267589    6.373782    5.496578    4.639252    3.826421    3.052099    2.291627    1.578410    0.966474    0.518826    0.239698    0.081108     0.000     1.914     4.140    15.535     3.766     3.760     3.642     3.616   1.05689
    225401  10  9027.4 603756      9999 20191128   34891.4   56491.4  402109.4  33.8715845  -91.4126886    646812.15   3749051.25    421157.37   1210792.91  172.64  174.22  126.84  125.17   45.86  49651.651    347.966  128.51    1.87    1.09   -0.43   94.30 -108.00  -50.00  120.00 -109.43  -49.17 -108.27   -2.14  -50.33    0.63   -0.98   -3.66   93.09    7.507150    6.114797    5.232454    4.434741    3.625140    2.906877    2.268790    1.722927    1.258709    0.865327    0.524437    0.277471    0.122371    0.044689    0.009551    9.704568    7.742383    6.540059    5.468706    4.418097    3.494790    2.687098    2.009776    1.443334    0.973158    0.573640    0.294438    0.126525    0.044626    0.009873     0.000     1.787     3.812    31.516     4.010     3.992     3.877     3.842   0.97096    8.331636    7.443492    6.765250    6.110546    5.358964    4.622658    3.907633    3.242406    2.609431    1.986871    1.392247    0.871854    0.479603    0.227024    0.078804   10.406723    9.250103    8.369829    7.519836    6.548401    5.603437    4.694042    3.854447    3.065753    2.302441    1.587843    0.975654    0.525574    0.244210    0.082825     0.000     1.635     4.015    15.630     3.754     3.747     3.632     3.611   1.06340
    225401  10  9031.4 603756      9999 20191128   34895.4   56495.4  402113.4  33.8714322  -91.4103724    647026.66   3749037.67    421370.68   1210786.17  172.80  174.38  127.32  125.61   45.55  49643.424    339.843  128.99    2.09    2.51   -1.49   94.64 -108.00  -50.00  120.00 -108.70  -49.75 -108.03    0.53  -50.61    1.61    2.85   -3.78   94.86    7.101182    5.579146    4.741422    4.061953    3.363933    2.750192    2.185435    1.686221    1.248616    0.875284    0.551663    0.309964    0.152293    0.065178    0.017483    9.035515    6.973452    5.857462    4.980908    4.081193    3.297629    2.583588    1.963822    1.428059    0.982055    0.604258    0.329994    0.159118    0.066306    0.018255     0.000     1.777     3.602    32.195     4.024     4.014     3.890     3.873   0.99186    8.514621    7.415530    6.698873    6.034540    5.317024    4.613326    3.922813    3.262009    2.623836    1.997591    1.400180    0.881111    0.487925    0.231569    0.081979   10.464295    9.055866    8.147797    7.303582    6.400370    5.518454    4.658473    3.838780    3.056559    2.298949    1.588256    0.983119    0.534226    0.248957    0.086460     0.000     1.819     3.841    15.409     3.773     3.742     3.641     3.609   1.04835
    225401  10  9035.4 603756      9999 20191128   34899.4   56499.4  402117.4  33.8712677  -91.4080681    647240.09   3749022.73    421582.95   1210778.04  173.70  175.27  127.96  126.74   45.81  49635.556    332.085  129.63    1.78   -1.18   -1.56   94.22 -108.00  -50.00  120.00 -109.71  -48.63 -108.56    1.87  -49.67    1.21    3.06   -2.57   95.23    6.636048    5.201702    4.429384    3.827691    3.202642    2.635039    2.099074    1.617041    1.197347    0.835842    0.521641    0.285237    0.136895    0.056567    0.013862    8.851210    6.828243    5.725956    4.896206    4.040541    3.276436    2.565930    1.941539    1.407916    0.957646    0.578216    0.304644    0.140317    0.054651    0.013254     0.000     2.194     3.695    31.327     4.000     3.983     3.888     3.857   0.96513    7.956163    6.886745    6.237512    5.649649    5.018835    4.392707    3.759571    3.143727    2.541148    1.944694    1.372662    0.869284    0.482933    0.231595    0.082469   10.167208    8.724201    7.859594    7.075476    6.241907    5.417275    4.592340    3.796335    3.030374    2.284273    1.584529    0.982041    0.532984    0.250005    0.086903     0.000     1.721     3.777    15.884     3.771     3.744     3.637     3.614   1.08066
    225401  10  9039.4 603756      9999 20191128   34903.4   56503.4  402121.4  33.8711407  -91.4057631    647453.52   3749011.95    421795.09   1210774.08  171.33  172.90  125.86  125.07   45.54  49627.861    324.479  127.53    1.03    1.41   -2.45   93.70 -108.00  -50.00  120.00 -109.73  -48.04 -109.21   -3.26  -48.22    0.41   -3.41   -2.59   91.90    6.974564    5.477597    4.643659    3.991357    3.326078    2.724342    2.167489    1.666124    1.226733    0.845606    0.518091    0.276378    0.135132    0.054287    0.016433    9.028623    6.980847    5.851819    4.983634    4.105309    3.317517    2.601027    1.969190    1.423177    0.961721    0.574593    0.296774    0.139033    0.053908    0.015635   395.564     1.738     3.824    31.631     4.018     4.047     3.944     3.917   0.97447    8.032747    6.980386    6.302164    5.714664    5.079558    4.448608    3.809190    3.184072    2.571858    1.964608    1.384363    0.872753    0.484955    0.232953    0.083213    9.970187    8.621879    7.737702    6.968812    6.152002    5.345125    4.537016    3.753668    2.997994    2.259148    1.565916    0.968323    0.527124    0.247294    0.085917     0.000     1.506     3.856    15.945     3.779     3.741     3.644     3.622   1.08484
    225401  10  9043.4 603756      9999 20191128   34907.4   56507.4  402125.4  33.8710310  -91.4034424    647668.37   3749003.12    422008.58   1210772.15  168.48  170.06  123.12  122.18   45.44  49620.110    316.806  124.79    3.17    2.62   -2.20   93.62 -108.00  -50.00  120.00 -109.84  -48.17 -108.91   -2.66  -48.86    0.21    1.00   -4.81   92.16    7.472889    5.881372    5.030270    4.322012    3.608357    2.957370    2.349988    1.805782    1.326500    0.910240    0.552275    0.288719    0.131711    0.053064    0.015299    9.164944    7.104736    6.014973    5.114130    4.220777    3.414907    2.672005    2.021713    1.456650    0.978025    0.575893    0.290606    0.127827    0.049635    0.014714    30.418     1.581     3.943    30.528     4.020     4.000     3.860     3.842   0.94051    8.177141    7.108542    6.438301    5.836966    5.194163    4.551246    3.902454    3.263073    2.632074    2.000929    1.396368    0.869084    0.474054    0.221299    0.073896   10.040752    8.658851    7.802821    7.032154    6.212867    5.401352    4.592073    3.803855    3.035304    2.277003    1.564221    0.954813    0.509878    0.232542    0.075282     0.000     1.812     3.789    16.500     3.769     3.743     3.655     3.616   1.12259
    225401  10  9047.4 603756      9999 20191128   34911.4   56511.4  402129.4  33.8708972  -91.4011446    647881.16   3748991.59    422220.11   1210767.43  173.11  174.69  127.84  127.14   45.36  49612.435    309.224  129.52    1.98    0.90   -1.59   93.87 -108.00  -50.00  120.00 -107.14  -52.77 -106.18    1.29  -54.05    2.19    3.66   -3.74   94.57    7.180712    5.637392    4.774997    4.097848    3.400047    2.777632    2.201960    1.685167    1.233493    0.839928    0.509047    0.263555    0.117419    0.045777    0.010634    8.885282    6.863106    5.750826    4.890494    4.012221    3.239728    2.532357    1.913088    1.376023    0.918813    0.543799    0.272316    0.116016    0.043180    0.009811    85.691     1.756     4.075    33.886     4.041     4.052     3.892     3.868   1.04394    8.509392    7.350392    6.655124    6.018691    5.333407    4.658198    3.980633    3.316536    2.666823    2.019825    1.397090    0.857680    0.457932    0.207133    0.065466   10.274619    8.836182    7.967828    7.168283    6.316359    5.480777    4.650675    3.839243    3.056284    2.286154    1.558055    0.940416    0.493600    0.218720    0.068082     0.000     1.630     3.757    13.632     3.731     3.710     3.603     3.603   0.92749
    225401  10  9051.4 603756      9999 20191128   34915.4   56515.4  402133.4  33.8707656  -91.3988561    648093.07   3748980.29    422430.75   1210762.91  172.22  173.80  125.94  124.52   46.38  49605.234    302.114  127.61    1.76    0.37   -1.84   93.84 -108.00  -50.00  120.00 -110.03  -47.76 -109.23   -0.83  -48.52    1.06    0.15   -2.71   93.36    6.832768    5.397118    4.558364    3.898700    3.244714    2.666260    2.127919    1.637173    1.199475    0.816753    0.493103    0.256896    0.115406    0.041023    0.010155    8.912106    6.951756    5.777347    4.886594    4.012807    3.252138    2.555633    1.934027    1.389632    0.922885    0.538707    0.269229    0.115090    0.038320    0.009564     0.000     1.546     4.226    30.852     4.005     3.979     3.870     3.859   0.95047    8.099928    7.058874    6.387282    5.770537    5.119561    4.489434    3.855486    3.229233    2.605909    1.980418    1.377456    0.850665    0.459395    0.213878    0.071101   10.128581    8.764889    7.903082    7.093509    6.254379    5.444303    4.638327    3.846329    3.069412    2.300240    1.572633    0.952963    0.503295    0.230013    0.074819     0.000     1.896     3.950    16.408     3.780     3.742     3.643     3.631   1.11635
    225401  10  9055.4 603756      9999 20191128   34919.4   56519.4  402137.4  33.8706449  -91.3965580    648305.86   3748970.22    422642.24   1210759.65  169.71  171.29  124.59  122.74   45.22  49597.688    294.654  126.27    1.83    3.45   -2.45   93.95 -108.00  -50.00  120.00 -109.41  -48.90 -108.79   -2.81  -49.09    0.30   -0.08   -4.20   92.37    7.620206    6.009587    5.056414    4.291352    3.550127    2.914068    2.320852    1.780947    1.297141    0.873318    0.514676    0.262414    0.115830    0.042583    0.009963    9.436942    7.337783    6.123396    5.138906    4.202780    3.406284    2.673795    2.021342    1.445461    0.952249    0.546884    0.270261    0.114358    0.039876    0.009433     0.000     1.538     4.405    31.611     4.013     4.006     3.890     3.875   0.97384    8.375829    7.320463    6.602137    5.949247    5.261084    4.604653    3.950162    3.300370    2.653515    2.001195    1.377438    0.842240    0.450796    0.208248    0.068434   10.209655    8.864124    7.962262    7.133279    6.262114    5.437293    4.624644    3.826929    3.042875    2.263992    1.533247    0.920215    0.483567    0.219097    0.070601     0.000     1.425     4.185    15.715     3.769     3.745     3.641     3.618   1.06921
    225401  10  9059.4 603756      9999 20191128   34923.4   56523.4  402141.4  33.8704981  -91.3942528    648519.35   3748957.27    422854.50   1210753.52  167.67  169.25  122.70  121.31   45.08  49590.405    287.470  124.38    2.06   -2.48   -2.07   93.53 -108.00  -50.00  120.00 -108.79  -50.06 -108.13    0.93  -50.20    1.03    3.52   -3.43   94.07    7.992360    6.297083    5.269310    4.476575    3.712584    3.059900    2.446350    1.879179    1.370281    0.922653    0.551184    0.286959    0.126391    0.047557    0.010713    9.306048    7.226852    5.999678    5.052281    4.147229    3.383469    2.675817    2.033651    1.460975    0.967458    0.566856    0.288581    0.123690    0.045765    0.011026     0.000     1.888     4.639    32.084     4.051     4.050     3.916     3.881   0.98842    8.877366    7.743004    6.997592    6.305976    5.582013    4.883198    4.179059    3.480814    2.779840    2.078664    1.411609    0.853860    0.454094    0.204357    0.066025   10.365689    8.986383    8.069915    7.240260    6.373179    5.546408    4.718585    3.904858    3.093614    2.291205    1.537705    0.917927    0.482063    0.213971    0.068385     0.000     1.707     4.513    15.279     3.773     3.748     3.633     3.612   1.03959
    225401  10  9063.4 603756      9999 20191128   34927.4   56527.4  402145.4  33.8703982  -91.3919491    648732.62   3748949.52    423066.39   1210752.62  168.48  170.05  123.10  121.14   45.51  49583.561    280.699  124.77    2.25    0.82   -2.86   92.58 -108.00  -50.00  120.00 -107.99  -51.46 -107.32   -3.24  -51.69    0.67   -2.89   -2.85   90.78    8.215306    6.400475    5.414282    4.629266    3.873740    3.202873    2.561307    1.960682    1.420283    0.947238    0.555600    0.278138    0.123358    0.047082    0.010511    9.264208    7.142501    6.000929    5.100267    4.238483    3.479563    2.753708    2.082893    1.485066    0.972359    0.557080    0.271776    0.116598    0.041885    0.009869     0.000     1.858     4.834    32.851     4.024     4.006     3.885     3.855   1.01203    8.908981    7.788450    7.040624    6.379865    5.675900    4.997312    4.300996    3.588707    2.868145    2.142735    1.448808    0.863810    0.443810    0.195234    0.055837   10.192766    8.860714    7.994368    7.226451    6.405669    5.614878    4.804630    3.980417    3.151937    2.327952    1.553229    0.911361    0.461625    0.199821    0.055864     0.000     1.768     4.863    14.562     3.748     3.733     3.636     3.609   0.99080
    225401  10  9067.4 603756      9999 20191128   34931.4   56531.4  402149.4  33.8703365  -91.3896560    648944.84   3748946.00    423277.08   1210755.95  168.81  170.39  122.65  125.35   46.30  49577.516    274.705  124.33    1.36    2.02   -2.31   92.22 -108.00  -50.00  120.00 -108.85  -50.00 -108.11   -5.84  -50.27    0.87   -2.99   -4.40   89.05    8.004153    6.312253    5.390906    4.641789    3.918091    3.267906    2.637011    2.041804    1.494079    1.002533    0.586728    0.289375    0.122237    0.043560    0.007245    9.070766    7.131144    6.061275    5.197187    4.364488    3.615912    2.891327    2.213151    1.591407    1.042106    0.587272    0.275687    0.111141    0.037132    0.005606     0.000     2.051     5.070    32.277     4.015     4.004     3.893     3.865   0.99436    8.835466    7.626657    6.850441    6.163741    5.447856    4.781892    4.122695    3.472879    2.826675    2.167774    1.521942    0.946680    0.502518    0.222174    0.069840   10.187332    8.752555    7.847309    7.030497    6.182647    5.396956    4.625896    3.871268    3.125811    2.372552    1.644643    1.008182    0.527152    0.228778    0.070951     0.000     2.110     5.216    15.053     3.771     3.741     3.644     3.627   1.02422
    225401  10  9071.4 603756      9999 20191128   34935.4   56535.4  402153.4  33.8702658  -91.3873521    649158.08   3748941.51    423488.82   1210758.33  165.56  167.13  119.04  121.37   46.67  49571.890    269.135  120.71    1.55    5.67   -1.49   93.09 -108.00  -50.00  120.00 -109.64  -48.87 -108.75   -1.25  -49.39    0.35    3.96   -5.62   92.36    8.710438    6.933252    5.853007    4.930826    4.033846    3.261042    2.568352    1.950933    1.409726    0.943768    0.557731    0.279362    0.120638    0.041909    0.008357    9.381319    7.449987    6.251035    5.223086    4.230940    3.383382    2.631746    1.976368    1.408391    0.926365    0.535894    0.261179    0.112262    0.036836    0.008756   224.683     1.888     4.976    31.506     4.090     4.058     3.964     3.934   0.97060    8.931787    7.891117    7.184969    6.552404    5.880394    5.216786    4.512830    3.796676    3.064336    2.315798    1.585136    0.951636    0.487230    0.210226    0.061808    9.993365    8.773886    7.956015    7.225114    6.444902    5.683981    4.881329    4.078137    3.268176    2.448696    1.661316    0.988645    0.500857    0.213500    0.062457     0.000     1.799     5.611    15.474     3.763     3.744     3.633     3.625   1.05284
    225401  10  9075.4 603756      9999 20191128   34939.4   56539.4  402157.4  33.8701208  -91.3850304    649373.09   3748928.80    423702.59   1210752.49  165.28  166.85  118.39  118.69   47.06  49564.413    261.759  120.06    1.35    0.39   -1.16   93.77 -108.00  -50.00  120.00 -108.32  -51.75 -107.68    3.52  -50.95    1.19    5.29   -3.02   95.66    8.476606    6.779052    5.792512    4.918729    4.050902    3.288059    2.582522    1.960526    1.413605    0.945744    0.555589    0.286495    0.123853    0.048090    0.009050    8.346731    6.656164    5.674221    4.812206    3.958458    3.206814    2.512972    1.902157    1.365366    0.904262    0.525368    0.273955    0.112501    0.043885    0.009078     0.000     1.920     5.772    33.087     4.027     4.020     3.899     3.876   1.01932    8.969881    7.878147    7.165324    6.497501    5.758372    5.031816    4.308383    3.585579    2.875319    2.166525    1.495406    0.916878    0.471153    0.207272    0.063119    9.397258    8.197240    7.444962    6.734202    5.944660    5.177476    4.415912    3.662224    2.927699    2.198057    1.512156    0.922538    0.474018    0.208230    0.063295     0.000     1.888     5.836    13.923     3.733     3.717     3.624     3.595   0.94735
    225401  10  9079.4 603756      9999 20191128   34943.4   56543.4  402161.4  33.8699918  -91.3826963    649589.23   3748917.89    423917.42   1210748.50  162.66  164.23  116.17  116.48   46.68  49557.629    255.065  117.84    1.99   -1.22   -1.91   93.15 -108.00  -50.00  120.00 -110.38  -47.58 -109.47   -1.23  -47.91    0.24   -1.74   -1.93   92.47    9.091420    7.364045    6.277169    5.308469    4.333578    3.478878    2.723799    2.057312    1.479059    0.985506    0.589347    0.301149    0.134302    0.051159    0.010280    9.159810    7.385185    6.268848    5.261817    4.262555    3.394403    2.635750    1.975364    1.411220    0.929579    0.544204    0.272964    0.120103    0.043893    0.009883     0.000     2.327     5.601    30.390     3.999     3.979     3.855     3.841   0.93620    8.833194    7.849839    7.158438    6.514204    5.787968    5.073378    4.337965    3.607943    2.886197    2.160830    1.469811    0.885925    0.456576    0.199308    0.057776    9.614583    8.501331    7.697812    6.973877    6.148022    5.354914    4.549270    3.759265    2.995816    2.226078    1.501493    0.898949    0.460824    0.199716    0.057374     0.000     1.992     5.476    16.556     3.795     3.767     3.641     3.619   1.12649
    225401  10  9083.4 603756      9999 20191128   34947.4   56547.4  402165.4  33.8699121  -91.3803666    649804.87   3748912.44    424131.57   1210750.00  161.30  162.87  115.79  115.76   45.70  49548.507    246.005  117.46    1.75    2.29   -2.07   92.59 -108.00  -50.00  120.00 -108.71  -50.58 -107.86   -4.47  -50.69    0.21   -2.87   -4.44   90.11    9.670197    7.758170    6.578874    5.524230    4.477206    3.582113    2.794891    2.108606    1.502593    1.001830    0.598154    0.283791    0.122101    0.039812    0.008676    8.932208    7.144925    6.049827    5.078321    4.111884    3.288669    2.557284    1.924356    1.366792    0.911025    0.540684    0.250595    0.108864    0.033724    0.008691     0.000     2.287     5.550    32.445     4.012     4.000     3.894     3.873   0.99951    9.435667    8.311934    7.531657    6.803352    6.004371    5.212094    4.448403    3.709574    2.947776    2.114947    1.473068    0.951523    0.468274    0.212832    0.071064    9.677776    8.457466    7.620955    6.854770    6.025780    5.208414    4.438300    3.694559    2.944117    2.106501    1.453719    0.949445    0.469326    0.215155    0.071810     0.000     1.476     6.091    14.729     3.770     3.737     3.636     3.621   1.00218
    225401  10  9087.4 603756      9999 20191128   34951.4   56551.4  402169.4  33.8698272  -91.3780379    650020.43   3748906.42    424345.67   1210750.92  157.85  159.42  111.79  112.08   46.28  49542.987    240.549  113.46    1.61    3.18   -2.41   92.93 -108.00  -50.00  120.00 -109.18  -49.33 -109.01   -0.89  -48.85    0.78    3.50   -4.69   92.43   10.031725    7.965292    6.662640    5.543270    4.464588    3.560043    2.784247    2.111875    1.523731    1.024207    0.615866    0.319130    0.143510    0.056442    0.011024    8.964567    7.137108    5.958949    4.938478    3.953998    3.132859    2.435878    1.838783    1.321821    0.884082    0.526852    0.270359    0.121029    0.045549    0.010741   179.805     2.092     5.149    31.570     4.048     4.025     3.927     3.885   0.97255    9.518399    8.332579    7.594385    6.889368    6.114751    5.359715    4.603353    3.817947    3.048594    2.271224    1.537420    0.922677    0.479477    0.209830    0.062463    9.536196    8.282194    7.500432    6.765185    5.969998    5.205238    4.458084    3.693241    2.949978    2.204019    1.493428    0.897691    0.468471    0.205118    0.061265     0.000     1.754     5.793    15.670     3.782     3.763     3.643     3.612   1.06621
    225401  10  9091.4 603756      9999 20191128   34955.4   56555.4  402173.4  33.8697140  -91.3757136    650235.63   3748897.27    424559.51   1210748.67  160.45  162.02  114.04  114.40   46.64  49536.501    234.145  115.71    5.37    1.10   -1.68   93.44 -108.00  -50.00  120.00 -108.69  -51.74 -106.28    1.15  -54.42    1.17    3.53   -2.96   94.03   10.559422    8.086775    6.739192    5.642149    4.618367    3.742435    2.943319    2.219013    1.577643    1.030646    0.591825    0.290273    0.127714    0.044427    0.009219    9.282727    7.032300    5.824990    4.859574    3.970663    3.213583    2.520791    1.892547    1.338071    0.865671    0.489854    0.235118    0.101558    0.033664    0.009259     0.000     1.774     4.773    30.498     4.009     3.995     3.883     3.849   0.93954    9.726995    8.697885    7.874484    7.067823    6.186347    5.352192    4.546617    3.762660    2.987081    2.222638    1.503992    0.901767    0.465963    0.206049    0.060138   10.243556    9.000673    8.078797    7.201966    6.276081    5.411373    4.584023    3.781776    2.992817    2.219616    1.498068    0.896722    0.462419    0.204833    0.059121     0.000     1.959     5.549    15.564     3.770     3.745     3.655     3.622   1.05906
    225401  10  9095.4 603756      9999 20191128   34959.4   56559.4  402177.4  33.8695917  -91.3734532    650444.94   3748887.02    424767.54   1210745.13  169.56  171.13  123.38  123.48   46.42  49529.521    227.252  125.06    2.19   -0.01   -1.96   93.23 -108.00  -50.00  120.00 -105.31  -54.90 -104.31   -1.07  -57.33    4.11   -0.86   -2.50   92.57    8.143713    6.106702    5.028407    4.201424    3.466345    2.835372    2.243506    1.693413    1.198033    0.776751    0.443321    0.211777    0.092853    0.033383    0.006771    8.267579    6.197548    5.076842    4.224720    3.469844    2.823932    2.224416    1.669094    1.170399    0.751482    0.425023    0.197989    0.085940    0.029991    0.007309     0.000     2.299     4.052    35.271     4.045     4.024     3.896     3.881   1.08658    9.851699    8.388165    7.484566    6.703388    5.907756    5.155302    4.398688    3.637187    2.871688    2.115544    1.415320    0.826255    0.431852    0.182676    0.052371   10.415321    8.828751    7.869493    7.036531    6.192681    5.395212    4.596338    3.791555    2.982194    2.187148    1.458523    0.840253    0.442458    0.184959    0.053178     0.000     2.371     5.562    12.654     3.734     3.708     3.619     3.586   0.86102
    225401  10  9099.4 603756      9999 20191128   34963.4   56563.4  402181.4  33.8694960  -91.3711978    650653.74   3748879.71    424974.97   1210744.53  165.38  166.95  118.73  118.23   46.91  49522.249    220.050  120.40    3.16   -0.16   -2.19   92.35 -108.00  -50.00  120.00 -110.33  -47.79 -109.30   -4.00  -48.42    0.13   -1.91   -3.65   90.20    7.694655    5.983631    5.039565    4.319762    3.626313    2.998509    2.398693    1.823723    1.295704    0.838083    0.472393    0.228906    0.094000    0.030345    0.006359    8.521901    6.543176    5.470762    4.669373    3.899355    3.200866    2.534155    1.904437    1.330525    0.844414    0.462373    0.215509    0.084344    0.026569    0.006086   121.506     2.212     4.304    29.748     4.017     4.011     3.894     3.881   0.91641    8.451598    7.365032    6.661466    6.024970    5.360505    4.729189    4.079551    3.404067    2.703169    1.994816    1.331330    0.784950    0.401417    0.174460    0.050793    9.743863    8.444789    7.610177    6.859361    6.071102    5.324856    4.565980    3.787113    2.978277    2.178156    1.434674    0.835471    0.419077    0.182428    0.052214     0.000     1.966     5.673    16.920     3.769     3.766     3.650     3.631   1.15129
    225401  10  9103.4 603756      9999 20191128   34967.4   56567.4  402185.4  33.8694375  -91.3689416    650862.55   3748876.53    425182.27   1210748.09  167.18  168.76  120.82  120.76   46.63  49515.509    213.359  122.49    2.87   -0.53   -2.76   91.51 -108.00  -50.00  120.00 -105.89  -54.73 -105.29   -4.65  -55.22    1.10   -1.02   -4.90   88.96    7.764079    6.008177    5.117857    4.422620    3.740952    3.109837    2.481188    1.879347    1.315698    0.835228    0.463262    0.220198    0.082700    0.026128    0.004619    7.747411    5.945736    5.050337    4.351533    3.670136    3.038767    2.410815    1.815051    1.262144    0.795008    0.435686    0.202344    0.074805    0.023431    0.004602     0.000     2.219     4.191    34.477     4.037     4.021     3.915     3.885   1.06209    8.783947    7.657565    6.946076    6.301710    5.615798    4.964928    4.269241    3.542278    2.785389    1.996825    1.297857    0.800501    0.332899    0.154426    0.041532    9.333683    8.105807    7.345337    6.645576    5.908504    5.206475    4.460919    3.684245    2.887666    2.065408    1.330856    0.800283    0.346413    0.155031    0.041049     0.000     2.129     5.780    12.951     3.718     3.694     3.591     3.572   0.88124
    225401  10  9107.4 603756      9999 20191128   34971.4   56571.4  402189.4  33.8694067  -91.3666906    651070.83   3748876.42    425388.94   1210754.72  167.32  168.89  120.72  121.02   46.88  49508.129    206.012  122.40    3.62    1.82   -1.40   91.37 -108.00  -50.00  120.00 -107.68  -52.35 -106.46   -3.76  -53.79    1.47    0.65   -5.81   89.29    7.623031    5.888186    5.011967    4.315490    3.638921    3.012195    2.395178    1.806200    1.266834    0.806829    0.445046    0.206086    0.081483    0.024466    0.004472    7.922298    6.055273    5.141179    4.401505    3.691076    3.032457    2.393515    1.787385    1.236760    0.774522    0.418701    0.188531    0.072435    0.021754    0.004510     0.000     2.055     4.947    32.279     4.029     4.010     3.885     3.860   0.99440    8.545433    7.450304    6.754904    6.157898    5.512737    4.878593    4.198039    3.480959    2.736901    1.990016    1.299051    0.746348    0.376192    0.165536    0.050206    9.516991    8.247799    7.443591    6.759800    6.022786    5.304097    4.539572    3.742980    2.925951    2.109315    1.366362    0.779579    0.390978    0.173093    0.053258     0.000     1.507     5.733    14.696     3.749     3.728     3.630     3.593   1.00004
    225401  10  9111.4 603756      9999 20191128   34975.4   56575.4  402193.4  33.8693503  -91.3644475    651278.41   3748873.47    425595.02   1210758.47  171.58  173.16  124.93  125.30   46.94  49502.059    199.991  126.60    3.81    0.91   -2.75   91.99 -108.00  -50.00  120.00 -106.87  -53.79 -105.57   -1.01  -55.37    1.96    3.60   -4.28   91.47    6.307031    4.892972    4.194159    3.667524    3.126195    2.617088    2.098935    1.596751    1.132924    0.739835    0.419313    0.209638    0.093610    0.037703    0.009345    7.091517    5.429974    4.612125    4.003582    3.386585    2.810332    2.231395    1.675904    1.169964    0.753230    0.418925    0.206036    0.089049    0.035292    0.010182    48.595     2.008     5.241    32.982     4.036     4.035     3.914     3.894   1.01601    8.419772    7.198021    6.477776    5.847842    5.194141    4.570720    3.925059    3.256727    2.562883    1.867738    1.223258    0.716469    0.369256    0.167789    0.052871    9.788259    8.326148    7.473352    6.718001    5.937881    5.196699    4.434909    3.650613    2.846205    2.052932    1.330877    0.768935    0.392537    0.175267    0.054647     0.000     2.010     5.563    13.930     3.735     3.706     3.629     3.571   0.94789
    225401  10  9115.4 603756      9999 20191128   34979.4   56579.4  402197.4  33.8692823  -91.3622191    651484.67   3748869.21    425799.82   1210760.87  175.68  177.26  130.15  132.50   45.83  49495.057    193.044  131.83    3.70    5.04   -2.17   93.19 -108.00  -50.00  120.00 -106.88  -53.30 -105.74   -3.33  -55.07    1.95    1.78   -5.62   91.29    7.230694    5.705717    4.779457    4.009144    3.292910    2.690359    2.118740    1.566206    1.057243    0.688725    0.416468    0.213515    0.095385    0.035150    0.010798    9.667985    7.551656    6.275826    5.182186    4.179497    3.355827    2.599096    1.884255    1.223849    0.752409    0.445298    0.212901    0.092607    0.030685    0.011592     0.000     2.368     5.370    33.023     4.011     4.007     3.886     3.851   1.01728    8.079944    6.933671    6.242817    5.635913    5.007755    4.411470    3.793807    3.130121    2.420237    1.751413    1.181104    0.695792    0.374098    0.169550    0.055773   10.396104    8.882129    7.938664    7.105870    6.258435    5.464640    4.661987    3.808979    2.903208    2.045530    1.355807    0.776566    0.410264    0.181655    0.059247     0.000     1.443     5.527    14.011     3.746     3.711     3.605     3.605   0.95338
    225401  10  9119.4 603756      9999 20191128   34983.4   56583.4  402201.4  33.8691408  -91.3599958    651690.59   3748856.79    426004.56   1210755.03  178.12  179.69  132.80  133.53   45.62  49488.851    186.935  134.48    1.90   -0.57   -1.28   93.94 -108.00  -50.00  120.00 -107.04  -53.56 -106.27   -1.30  -54.00    1.66    3.20   -5.28   93.24    6.860409    5.686382    4.863261    4.123465    3.348125    2.682225    2.092604    1.571482    1.104548    0.708269    0.395445    0.192331    0.084962    0.036068    0.012780    9.682293    7.959616    6.729862    5.641955    4.501212    3.532982    2.695498    1.977244    1.353608    0.838723    0.447695    0.207650    0.084595    0.031228    0.009710     0.000     1.728     5.373    33.987     4.040     4.024     3.907     3.864   1.04698    8.207587    7.271201    6.565084    5.891252    5.157253    4.462836    3.788726    3.117190    2.436377    1.762027    1.148623    0.665959    0.341147    0.150097    0.046048   10.577777    9.355879    8.433198    7.537553    6.556537    5.625444    4.729344    3.841168    2.956026    2.096849    1.334781    0.752294    0.374393    0.158790    0.047236     0.000     1.601     5.606    13.154     3.712     3.685     3.604     3.575   0.89507
    225401  10  9123.4 603756      9999 20191128   34987.4   56587.4  402205.4  33.8690076  -91.3577435    651899.17   3748845.35    426211.90   1210750.26  176.33  177.91  131.12  132.33   45.52  49483.600    181.777  132.79    1.13   -0.41   -2.22   93.37 -108.00  -50.00  120.00 -108.20  -51.73 -107.88   -1.90  -50.99    0.13   -0.92   -3.20   92.32    7.179031    6.203183    5.398038    4.629936    3.788765    3.038879    2.354700    1.757933    1.225269    0.776538    0.428325    0.200766    0.091307    0.036862    0.011747   10.214702    8.687234    7.515359    6.370270    5.127177    4.042686    3.070216    2.240741    1.522048    0.932950    0.497109    0.226918    0.097839    0.040857    0.013305   238.380     1.694     5.366    33.101     4.087     4.051     3.929     3.924   1.01968    8.211402    7.452711    6.842412    6.208633    5.456679    4.706593    3.972123    3.256654    2.540869    1.831279    1.188021    0.681760    0.341735    0.151560    0.046574   10.629350    9.630315    8.819328    7.976060    6.967664    5.959132    4.978105    4.028287    3.093091    2.182785    1.380443    0.772787    0.374020    0.162150    0.047763     0.000     1.721     5.649    14.008     3.744     3.718     3.597     3.592   0.95321
    225401  10  9127.4 603756      9999 20191128   34991.4   56591.4  402209.4  33.8689201  -91.3554516    652111.33   3748839.03    426422.64   1210750.78  172.53  174.11  127.17  127.25   45.67  49478.577    176.821  128.84    2.21    0.38   -2.09   92.52 -108.00  -50.00  120.00 -109.12  -50.02 -108.15   -4.34  -50.31    0.06   -2.62   -3.76   90.17    7.872961    6.739374    5.923341    5.092868    4.198772    3.372400    2.624201    1.955499    1.364771    0.858628    0.453902    0.225447    0.086525    0.045381    0.017585   10.408571    8.754428    7.631091    6.484652    5.268885    4.169187    3.188227    2.326154    1.579959    0.964234    0.496661    0.231629    0.089749    0.043328    0.017196     0.000     2.171     5.419    31.890     4.015     4.003     3.863     3.851   0.98238    8.420902    7.743209    7.132343    6.509010    5.753792    4.985586    4.216730    3.460513    2.700417    1.934855    1.223524    0.706338    0.333107    0.150641    0.042566   10.587419    9.718520    8.925406    8.115864    7.129746    6.131302    5.135052    4.162414    3.196852    2.248798    1.399827    0.782572    0.367875    0.159917    0.044188     0.000     1.373     5.762    15.183     3.760     3.736     3.624     3.615   1.03320
    225401  10  9131.4 603756      9999 20191128   34995.4   56595.4  402213.4  33.8688528  -91.3531441    652324.91   3748834.99    426634.69   1210753.63  170.95  172.53  125.21  125.14   46.06  49473.301    171.600  126.88    1.48    4.63   -2.64   92.68 -108.00  -50.00  120.00 -107.42  -52.08 -106.88   -3.04  -52.40    0.89    1.97   -5.77   91.00    8.201410    6.876850    5.939408    5.056729    4.159827    3.350397    2.610562    1.934547    1.323130    0.815242    0.422243    0.217058    0.074987    0.030995    0.004693    9.802101    8.136845    6.962516    5.883309    4.791852    3.824039    2.947380    2.155689    1.446740    0.870960    0.419464    0.247121    0.061885    0.030040    0.001894     0.000     1.962     5.541    33.983     4.045     4.029     3.906     3.884   1.04684    9.088009    8.202820    7.533018    6.829992    6.023408    5.220444    4.417201    3.609011    2.782801    1.967113    1.224151    0.723288    0.337780    0.143251    0.033796   10.643414    9.568735    8.759212    7.916255    6.946199    5.991947    5.038315    4.083878    3.111266    2.164460    1.289931    0.807894    0.349430    0.153559    0.035615     0.000     1.676     5.964    13.644     3.726     3.729     3.613     3.580   0.92845
    225401  10  9135.4 603756      9999 20191128   34999.4   56599.4  402217.4  33.8687401  -91.3508206    652540.04   3748825.94    426848.46   1210751.49  167.08  168.65  120.80  120.36   46.58  49467.255    165.636  122.48    1.78    1.69   -1.76   93.30 -108.00  -50.00  120.00 -109.70  -49.36 -108.55   -0.20  -49.78    0.74    4.60   -4.75   93.20    8.122081    6.562693    5.601893    4.755029    3.924329    3.208175    2.535015    1.901323    1.311240    0.812795    0.409909    0.248405    0.060779    0.028429    0.000256    9.469440    7.524881    6.380776    5.363086    4.383427    3.547537    2.768529    2.051822    1.398947    0.860100    0.447282    0.221305    0.073973    0.026656    0.003089     0.000     1.961     5.653    31.620     4.004     3.992     3.870     3.853   0.97405    8.799623    7.835568    7.156260    6.513418    5.803593    5.104205    4.382955    3.627853    2.828547    2.016136    1.230820    0.807283    0.343489    0.156915    0.039022   10.199545    9.002954    8.187249    7.428271    6.590186    5.765317    4.916641    4.043686    3.132990    2.228930    1.394285    0.826775    0.374966    0.157151    0.038961     0.000     2.113     6.244    15.249     3.768     3.748     3.650     3.603   1.03769
    225401  10  9139.4 603756      9999 20191128   35003.4   56603.4  402221.4  33.8686174  -91.3484808    652756.70   3748815.81    427063.78   1210748.30  164.00  165.57  117.62  115.87   46.70  49462.388    160.856  119.29    1.57   -0.38   -0.83   93.03 -108.00  -50.00  120.00 -108.92  -49.67 -108.66   -1.66  -49.15    0.44   -0.29   -3.47   92.12    8.042098    6.299111    5.370597    4.642520    3.919857    3.262484    2.603353    1.957488    1.359747    0.859463    0.482525    0.237558    0.111540    0.045112    0.013063    8.190077    6.378069    5.430978    4.694568    3.959734    3.291839    2.619474    1.963947    1.356595    0.853155    0.478557    0.238284    0.112536    0.046202    0.015265     0.000     2.044     6.134    32.232     4.017     4.008     3.890     3.900   0.99288    9.551369    8.425537    7.567014    6.824023    6.041713    5.295755    4.525397    3.711551    2.850888    2.020890    1.325887    0.693501    0.349623    0.150552    0.037895   10.190335    8.925400    7.992457    7.205320    6.360496    5.560386    4.731667    3.869385    2.965592    2.094618    1.361613    0.719417    0.360626    0.154433    0.039495     0.000     1.813     6.597    15.288     3.775     3.745     3.655     3.623   1.04039
    225401  10  9143.4 603756      9999 20191128   35007.4   56607.4  402225.4  33.8685298  -91.3461296    652974.36   3748809.59    427279.96   1210749.09  163.81  165.39  116.63  117.95   47.49  49460.850    159.385  118.31    1.74    0.08   -0.80   92.26 -108.00  -50.00  120.00 -108.42  -50.96 -107.73   -2.58  -51.11    0.48   -1.47   -3.79   90.83    9.036180    7.259585    6.227285    5.381669    4.563157    3.787853    3.005272    2.243650    1.556979    0.988574    0.564427    0.262535    0.113674    0.043773    0.009819    8.623809    6.871259    5.872677    5.061418    4.277499    3.544062    2.804212    2.083653    1.443259    0.921886    0.532592    0.245025    0.107839    0.041683    0.010945     0.000     1.949     6.517    32.536     4.019     4.007     3.883     3.871   1.00224    9.375253    8.303090    7.601781    6.942946    6.232187    5.491151    4.686965    3.832489    2.987969    2.167624    1.425307    0.772240    0.403864    0.165121    0.040483   10.055019    8.849286    8.049619    7.314665    6.534703    5.726194    4.862614    3.950702    3.081267    2.252120    1.494948    0.796035    0.430367    0.176821    0.044712     0.000     2.091     6.656    14.738     3.758     3.738     3.617     3.610   1.00296
    225401  10  9147.4 603756      9999 20191128   35011.4   56611.4  402229.4  33.8684716  -91.3437845    653191.39   3748806.62    427495.41   1210753.14  164.16  165.73  117.78  117.04   46.69  49457.788    156.374  119.46    2.29    2.56   -2.09   92.16 -108.00  -50.00  120.00 -108.83  -49.90 -108.31   -1.21  -50.14    1.15    2.22   -4.27   91.51    8.380007    6.594784    5.674543    4.922309    4.165589    3.462888    2.752866    2.046058    1.388542    0.840108    0.421815    0.296559    0.056012    0.038096    0.006242    8.780428    6.874249    5.860169    5.040322    4.223310    3.475165    2.732726    2.012376    1.351984    0.808476    0.399898    0.256759    0.055224    0.031537    0.005909    56.107     1.907     5.271    31.833     4.034     4.029     3.907     3.878   0.98058    9.750121    8.652176    7.939867    7.258061    6.503753    5.703752    4.814981    3.922994    3.158226    2.533644    2.327683    0.340290    0.758028    0.195147    0.056997   10.434651    9.214135    8.441666    7.709115    6.903945    6.042698    5.097197    4.147975    3.304480    2.576799    2.263554    0.399260    0.705986    0.179005    0.048411     0.000     1.521     6.568    15.430     3.776     3.740     3.640     3.621   1.05000
    225401  10  9151.4 603756      9999 20191128   35015.4   56615.4  402233.4  33.8683929  -91.3414501    653407.47   3748801.38    427709.99   1210754.86  165.57  167.14  120.45  118.90   45.43  49459.657    158.305  122.13    2.54    3.33   -1.28   93.27 -108.00  -50.00  120.00 -108.69  -50.17 -108.00   -0.29  -50.85    0.79    3.35   -4.53   93.06    9.554040    8.037076    6.948402    5.921287    4.831746    3.847588    2.940170    2.111679    1.397082    0.833946    0.423136    0.179700    0.062453    0.029453    0.004960   10.359851    8.691627    7.484771    6.345919    5.125308    4.033708    3.039306    2.152538    1.406964    0.827096    0.398527    0.164747    0.045475    0.026081    0.002694     0.000     1.541     5.572    31.728     4.018     4.002     3.899     3.859   0.97736    9.594927    8.689838    8.024052    7.366264    6.633385    5.892378    5.095892    4.132091    2.892038    1.680438    1.257247    0.615786    0.511637   -0.112157   -0.076502   10.993548    9.928884    9.151948    8.362356    7.482026    6.582994    5.598520    4.386586    2.854265    1.523090    1.251306    0.452655    0.483895   -0.263642   -0.206419     0.000     2.221     6.668    15.326     3.771     3.749     3.646     3.618   1.04298
    225401  10  9155.4 603756      9999 20191128   35019.4   56619.4  402237.4  33.8682498  -91.3391348    653621.90   3748788.97    427923.18   1210749.32  168.72  170.29  123.66  122.06   45.37  49450.006    148.754  125.34    3.29    2.16   -1.54   94.39 -108.00  -50.00  120.00 -108.29  -51.09 -107.05    1.45  -52.74    2.01    5.09   -3.98   95.13    9.126589    7.684401    6.622254    5.614659    4.569573    3.647868    2.803772    2.035001    1.349802    0.799927    0.415034    0.209104    0.064643    0.033829    0.009963   10.414999    8.642884    7.372357    6.198738    4.991168    3.950253    2.999205    2.146328    1.395454    0.813198    0.415820    0.205328    0.066358    0.031376    0.010722    51.356     2.148     6.272    31.947     4.020     4.027     3.890     3.877   0.98411    9.403041    8.520873    7.818115    7.070881    6.197851    5.330729    4.459663    3.590766    2.725660    1.917928    1.204958    0.576107    0.330493    0.105831    0.011306   11.066432    9.966618    9.092788    8.178009    7.120347    6.079813    5.049418    4.026344    3.023143    2.085054    1.283129    0.618131    0.338834    0.112299    0.010206     0.000     2.141     6.448    15.151     3.780     3.745     3.638     3.598   1.03107
    225401  10  9159.4 603756      9999 20191128   35023.4   56623.4  402241.4  33.8680832  -91.3368477    653833.78   3748773.91    428133.91   1210741.02  169.90  171.48  125.36  125.10   44.87  49439.996    138.857  127.03    2.11   -1.21   -1.22   94.15 -108.00  -50.00  120.00 -108.52  -50.99 -107.41   -0.68  -52.08    1.19   -0.62   -2.67   93.72    8.475033    7.011392    6.000715    5.127680    4.257597    3.495255    2.742986    2.026586    1.378550    0.850177    0.425792    0.181968    0.071257    0.025726    0.000374   10.087086    8.264252    6.977877    5.883608    4.822363    3.892563    3.005380    2.192739    1.493046    0.942087    0.445786    0.182869    0.069647    0.027369   -0.001832     0.000     1.873     6.087    32.344     4.023     3.998     3.877     3.854   0.99632    9.141826    8.191893    7.457621    6.772121    6.022760    5.287088    4.513589    3.692191    2.830314    1.880540    1.162697    0.645985    0.330509    0.148123    0.032064   10.826074    9.673754    8.794068    7.993210    7.127152    6.295413    5.432947    4.512015    3.474877    2.147847    1.191774    0.658025    0.363234    0.166320    0.035302     0.000     2.100     6.311    14.765     3.753     3.738     3.628     3.607   1.00483
    225401  10  9163.4 603756      9999 20191128   35027.4   56627.4  402245.4  33.8679637  -91.3345587    654045.73   3748764.10    428344.55   1210738.01  166.90  168.48  122.17  121.07   45.07  49438.280    137.227  123.84    2.00   -0.72   -3.82   92.69 -108.00  -50.00  120.00 -109.40  -49.29 -108.54   -3.84  -49.64    0.42   -2.02   -3.16   90.65    8.415932    6.726461    5.655027    4.771498    3.912982    3.167705    2.474193    1.831263    1.280345    0.809427    0.435286    0.221100    0.117295    0.051829    0.018827    9.877974    7.810929    6.525315    5.461654    4.443783    3.565448    2.755139    1.999049    1.341205    0.816161    0.435464    0.210806    0.107263    0.040396    0.015670   706.085     1.964     5.529    31.488     4.178     4.111     4.029     3.929   0.96996    9.253020    8.296583    7.556424    6.863214    6.104873    5.362553    4.578849    3.722643    2.801293    1.924950    1.228124    0.671067    0.320931    0.133253    0.028398   10.705367    9.513696    8.609573    7.785173    6.881790    6.004075    5.083381    4.109861    3.103207    2.145975    1.338994    0.729873    0.334656    0.140669    0.027308     0.000     1.928     5.872    15.652     3.778     3.755     3.635     3.605   1.06517
    225401  10  9167.4 603756      9999 20191128   35031.4   56631.4  402249.4  33.8679134  -91.3322543    654258.99   3748761.97    428556.23   1210742.78  166.30  167.88  121.29  120.22   45.34  49436.094    135.087  122.97    2.40    3.31   -2.59   92.15 -108.00  -50.00  120.00 -108.55  -50.68 -107.26   -7.20  -51.72    0.60   -3.22   -5.36   88.19    8.963492    7.175880    6.052272    5.101404    4.182987    3.392797    2.650070    1.961746    1.342500    0.827708    0.442167    0.199659    0.078575    0.020752    0.003859    9.985278    7.905614    6.614096    5.529340    4.495515    3.612227    2.792920    2.046564    1.383778    0.840193    0.441000    0.195473    0.075148    0.020570    0.004282     0.000     2.076     5.412    32.294     4.022     4.014     3.899     3.875   0.99478    9.286912    8.293986    7.505494    6.796359    6.026154    5.278801    4.509521    3.696907    2.854503    2.020272    1.277526    0.712599    0.351993    0.151486    0.046489   10.566158    9.387089    8.464148    7.634643    6.733876    5.867589    4.981815    4.061542    3.112167    2.183993    1.366260    0.753086    0.366854    0.156338    0.047585     0.000     1.916     5.401    14.867     3.754     3.726     3.640     3.591   1.01179
    225401  10  9171.4 603756      9999 20191128   35035.4   56635.4  402253.4  33.8678366  -91.3299483    654472.45   3748756.91    428768.20   1210744.60  167.30  168.88  121.82  120.08   45.82  49433.651    132.705  123.49    2.23    1.40   -1.20   92.54 -108.00  -50.00  120.00 -108.11  -51.39 -107.42   -1.50  -51.79    1.63    5.38   -6.41   91.75    8.295119    6.459204    5.410324    4.557496    3.759992    3.071032    2.409484    1.791521    1.239493    0.783966    0.436661    0.214305    0.091770    0.035628    0.008366    8.972240    6.878429    5.712197    4.795498    3.941932    3.204620    2.494587    1.838997    1.257172    0.783724    0.428573    0.207550    0.083392    0.032090    0.007041     0.000     2.113     5.203    32.618     4.049     4.025     3.909     3.882   1.00476    9.280903    8.163352    7.383996    6.647674    5.876323    5.139873    4.381008    3.591463    2.784210    1.987141    1.265103    0.704489    0.340021    0.140706    0.038029   10.438073    9.113261    8.210881    7.370203    6.488163    5.650163    4.790445    3.903232    3.004363    2.126527    1.341061    0.739493    0.353080    0.144140    0.037491     0.000     1.872     5.025    14.637     3.756     3.746     3.634     3.598   0.99611
    225401  10  9175.4 603756      9999 20191128   35039.4   56639.4  402257.4  33.8677314  -91.3276419    654685.99   3748748.72    428980.36   1210743.27  170.56  172.13  124.60  125.07   46.30  49430.411    129.542  126.28    3.30    1.00   -2.08   92.95 -108.00  -50.00  120.00 -108.66  -50.67 -107.32    0.10  -52.14    1.25    2.69   -3.70   92.97    6.870527    5.163481    4.375414    3.798724    3.234950    2.715201    2.176120    1.649497    1.163570    0.756033    0.437493    0.224466    0.113258    0.054738    0.022237    8.061483    5.924321    4.955950    4.263688    3.595979    2.990290    2.367482    1.768464    1.225081    0.779361    0.438838    0.218628    0.105682    0.047576    0.018748     0.000     1.844     4.943    31.650     4.014     4.004     3.874     3.906   0.97494    8.122349    6.932030    6.260930    5.684165    5.094809    4.506856    3.877896    3.210083    2.524823    1.843034    1.215938    0.710724    0.363370    0.159437    0.046319    9.615346    8.126616    7.316753    6.616709    5.904117    5.193458    4.439837    3.644554    2.838538    2.049230    1.337011    0.771896    0.390332    0.170253    0.049403     0.000     1.636     4.892    15.358     3.766     3.734     3.651     3.614   1.04523
    225401  10  9179.4 603756      9999 20191128   35043.4   56643.4  402261.4  33.8676335  -91.3253548    654897.74   3748741.31    429190.72   1210742.68  171.65  173.22  125.93  125.62   46.07  49426.366    125.570  127.60    2.46   -0.91   -3.07   92.41 -108.00  -50.00  120.00 -107.86  -51.45 -107.30   -2.53  -51.89    1.22    0.19   -3.82   91.08    7.135222    5.348101    4.415198    3.740307    3.129788    2.605716    2.084038    1.579320    1.120481    0.721119    0.411899    0.212637    0.094245    0.036883    0.010324    8.703362    6.424632    5.251060    4.407320    3.652151    3.009822    2.378216    1.777077    1.233607    0.770388    0.430609    0.214990    0.091699    0.034455    0.010330     0.000     2.130     4.583    32.851     4.017     4.011     3.879     3.868   1.01192    8.293933    7.001760    6.216807    5.581852    4.956584    4.371996    3.754662    3.110618    2.453311    1.800232    1.204443    0.717237    0.376138    0.176002    0.058904    9.943747    8.344460    7.375853    6.584081    5.810030    5.092370    4.344256    3.567474    2.784987    2.016389    1.333417    0.780305    0.402703    0.187022    0.061605     0.000     1.383     5.168    14.656     3.746     3.724     3.606     3.601   0.99742
    225401  10  9183.4 603756      9999 20191128   35047.4   56647.4  402265.4  33.8675690  -91.3230638    655109.79   3748737.61    429401.24   1210745.82  171.29  172.87  125.41  125.88   46.23  49424.354    123.613  127.08    1.43    1.25   -1.01   92.17 -108.00  -50.00  120.00 -108.48  -50.79 -107.55   -5.57  -51.41    0.65   -2.33   -4.89   89.11    7.276446    5.570786    4.656018    3.986603    3.361318    2.797760    2.241287    1.701494    1.207092    0.787630    0.458688    0.231753    0.108248    0.046645    0.014244    8.879031    6.739605    5.589599    4.758303    3.978032    3.283856    2.599756    1.953071    1.361260    0.868978    0.490810    0.241412    0.110764    0.048367    0.016324    32.406     1.709     5.549    32.814     4.037     4.027     3.905     3.869   1.01080    8.230173    6.995901    6.227747    5.596940    4.978607    4.390025    3.775334    3.126692    2.468202    1.817778    1.219241    0.727519    0.380753    0.177261    0.054534    9.773350    8.264583    7.327047    6.557388    5.807652    5.097902    4.363850    3.582949    2.803481    2.042414    1.355699    0.801017    0.412559    0.191754    0.058485     0.000     1.741     5.651    14.549     3.743     3.712     3.623     3.588   0.99017
    225401  10  9187.4 603756      9999 20191128   35051.4   56651.4  402269.4  33.8674971  -91.3207435    655324.56   3748733.14    429614.50   1210748.28  169.27  170.85  123.70  124.33   45.92  49420.665    119.983  125.37    1.69    0.96   -2.14   92.21 -108.00  -50.00  120.00 -108.93  -50.31 -108.35   -1.06  -49.83    0.66    3.74   -4.90   91.67    7.534982    5.762417    4.863038    4.133594    3.474239    2.891161    2.313708    1.753308    1.242774    0.807281    0.475321    0.245552    0.114674    0.056522    0.020468    8.929041    6.749386    5.644808    4.742774    3.943525    3.244908    2.562901    1.912332    1.333912    0.849095    0.487892    0.245010    0.110076    0.050661    0.016986   105.410     1.990     5.009    32.304     4.044     4.039     3.948     3.910   0.99506    8.386189    7.258225    6.533705    5.926452    5.309353    4.705299    4.048431    3.360133    2.641935    1.929659    1.276709    0.742904    0.376874    0.168152    0.045411    9.893470    8.491440    7.620781    6.868147    6.120249    5.393024    4.608538    3.794026    2.956710    2.136720    1.396383    0.801489    0.401245    0.174394    0.047211     0.000     2.499     5.873    14.837     3.761     3.753     3.657     3.609   1.00975
    225401  10  9191.4 603756      9999 20191128   35055.4   56655.4  402273.4  33.8674194  -91.3184146    655540.14   3748728.05    429828.57   1210750.14  170.39  171.97  124.82  126.24   45.93  49417.735    117.115  126.49    1.83    2.83   -2.36   92.76 -108.00  -50.00  120.00 -107.64  -52.40 -106.96   -0.84  -52.35    0.80    2.14   -4.04   92.26    7.536706    5.755918    4.791405    4.081619    3.425308    2.839252    2.262545    1.693039    1.180563    0.751988    0.426121    0.212637    0.099947    0.039381    0.010767    8.720385    6.556791    5.401033    4.569124    3.800048    3.122572    2.459524    1.817346    1.244821    0.776608    0.425957    0.204412    0.092404    0.033679    0.009700     0.000     2.008     3.838    33.364     4.033     4.022     3.892     3.873   1.02772    8.543403    7.348800    6.626547    5.969541    5.324744    4.697203    4.028899    3.327443    2.604968    1.898921    1.256594    0.741448    0.379146    0.166583    0.050854    9.913913    8.462925    7.602542    6.817354    6.054512    5.313871    4.530972    3.713958    2.881264    2.075822    1.356378    0.790572    0.401715    0.176894    0.054533     0.000     2.037     5.684    13.798     3.720     3.690     3.589     3.591   0.93907
    225401  10  9195.4 603756      9999 20191128   35059.4   56659.4  402277.4  33.8673127  -91.3160971    655754.71   3748719.73    430041.76   1210748.72  170.30  171.87  124.59  124.99   46.06  49416.457    115.916  126.26    1.98    1.88   -2.28   93.40 -108.00  -50.00  120.00 -109.79  -48.10 -108.80   -3.30  -49.41    1.42    0.92   -4.54   91.60    6.771159    5.068245    4.243563    3.644277    3.092152    2.580481    2.058167    1.543807    1.070654    0.675188    0.375375    0.183654    0.080716    0.026604    0.007156    8.179780    5.993536    4.971003    4.241515    3.572491    2.950750    2.328173    1.719875    1.172054    0.725581    0.395347    0.189087    0.081279    0.026671    0.007717    35.300     2.108     4.949    30.859     4.004     4.000     3.873     3.855   0.95053    8.213122    7.032727    6.303015    5.705462    5.119909    4.524755    3.879112    3.205094    2.497777    1.806945    1.186187    0.694457    0.359312    0.163862    0.051404    9.940927    8.415562    7.502175    6.754745    6.031421    5.292957    4.500686    3.682743    2.834974    2.022328    1.308148    0.752240    0.381170    0.169650    0.051805     0.000     1.691     5.634    16.371     3.787     3.768     3.650     3.630   1.11418
    225401  10  9199.4 603756      9999 20191128   35063.4   56663.4  402281.4  33.8671852  -91.3137906    655968.32   3748709.09    430254.06   1210744.94  169.82  171.40  124.08  125.47   46.09  49414.621    114.171  125.76    1.91    0.99   -2.55   93.69 -108.00  -50.00  120.00 -109.40  -49.45 -108.39   -2.78  -50.16    0.71    1.43   -4.68   92.18    6.474556    5.039592    4.333682    3.824794    3.288489    2.750361    2.195716    1.665383    1.165692    0.740705    0.425360    0.216291    0.099583    0.042659    0.012586    7.848633    6.015240    5.105190    4.448345    3.771690    3.109838    2.441810    1.826932    1.260255    0.789865    0.450665    0.227870    0.100319    0.043075    0.012820   237.078     1.927     5.261    31.429     4.050     4.026     3.919     3.885   0.96808    7.748058    6.569438    5.930380    5.404731    4.862424    4.324443    3.724167    3.074854    2.410984    1.758004    1.166259    0.698387    0.367133    0.168989    0.056383    9.308588    7.865847    7.093007    6.447718    5.770975    5.093574    4.348863    3.556355    2.752350    1.976157    1.288831    0.759901    0.393162    0.179386    0.059435     0.000     1.556     5.344    15.594     3.752     3.733     3.633     3.614   1.06131
    225401  10  9203.4 603756      9999 20191128   35067.4   56667.4  402285.4  33.8670588  -91.3114866    656181.68   3748698.57    430466.13   1210741.27  168.58  170.15  124.19  124.37   44.74  49412.339    111.980  125.87    2.88    0.23   -3.08   93.36 -108.00  -50.00  120.00 -109.04  -49.69 -107.91   -1.61  -50.95    1.17    1.99   -3.87   92.50    8.121135    6.407989    5.335425    4.412950    3.553959    2.841463    2.212341    1.645924    1.156841    0.752421    0.439904    0.232304    0.106970    0.043165    0.012707    9.943296    7.777685    6.426824    5.245589    4.150688    3.259313    2.493018    1.824313    1.256895    0.799522    0.457238    0.233500    0.103813    0.040785    0.012664     0.000     1.802     4.598    31.592     4.005     3.992     3.881     3.855   0.97312    8.593787    7.474899    6.694717    5.995934    5.251835    4.549085    3.848073    3.151067    2.462864    1.798606    1.196465    0.716810    0.379302    0.174060    0.055164   10.427311    9.014636    8.034025    7.143560    6.198934    5.319701    4.460401    3.616986    2.797511    2.019925    1.327697    0.784594    0.409321    0.186206    0.058490     0.000     1.882     4.697    15.647     3.775     3.747     3.647     3.625   1.06493
    225401  10  9207.4 603756      9999 20191128   35071.4   56671.4  402289.4  33.8669580  -91.3091890    656394.41   3748690.88    430677.46   1210740.42  169.95  171.52  125.65  125.42   44.66  49410.183    109.900  127.32    1.30    0.28   -3.74   92.75 -108.00  -50.00  120.00 -107.53  -52.13 -106.95   -3.85  -52.35    0.88   -1.61   -3.71   90.65    8.402893    6.809816    5.732075    4.712946    3.718668    2.912458    2.241831    1.667475    1.175176    0.771159    0.456448    0.242631    0.117898    0.048335    0.015733   10.083345    8.046302    6.699962    5.442761    4.247999    3.294585    2.513529    1.850854    1.288479    0.834108    0.488296    0.255945    0.120900    0.047695    0.015225     0.000     1.791     4.365    33.915     4.033     4.024     3.906     3.881   1.04467    9.138558    8.141040    7.348545    6.523235    5.608114    4.758441    3.970666    3.235079    2.531211    1.861999    1.258013    0.766356    0.412247    0.192183    0.063541   10.651765    9.464778    8.520929    7.536940    6.443466    5.432461    4.504474    3.642602    2.827974    2.061335    1.378478    0.829785    0.441295    0.202863    0.066581     0.000     1.553     4.107    13.689     3.744     3.717     3.604     3.583   0.93169
    225401  10  9211.4 603756      9999 20191128   35075.4   56675.4  402293.4  33.8668817  -91.3068741    656608.69   3748685.95    430890.24   1210742.40  166.74  168.31  122.48  121.52   44.62  49408.337    108.115  124.15    1.68    1.80   -2.75   92.50 -108.00  -50.00  120.00 -109.59  -48.66 -108.96   -4.22  -48.45    0.27   -0.46   -4.60   90.20    8.513927    6.874177    5.749647    4.717748    3.733222    2.938448    2.283341    1.712064    1.218032    0.804716    0.483840    0.262066    0.129266    0.053791    0.018021   10.205499    8.147169    6.764317    5.488177    4.296558    3.339941    2.558798    1.890989    1.321149    0.853509    0.499322    0.263102    0.127838    0.049940    0.016964     0.000     1.930     4.217    31.751     4.038     4.022     3.896     3.877   0.97800    9.003356    8.011133    7.195589    6.397023    5.520677    4.718371    3.976662    3.275144    2.594107    1.934071    1.322248    0.809935    0.432951    0.199741    0.062812   10.464694    9.276515    8.301607    7.357399    6.315323    5.367457    4.496178    3.677062    2.888630    2.133356    1.442385    0.871695    0.459762    0.210453    0.065251     0.000     2.077     3.938    15.634     3.764     3.744     3.646     3.618   1.06411
    225401  10  9215.4 603756      9999 20191128   35079.4   56679.4  402297.4  33.8667924  -91.3045431    656824.49   3748679.60    431104.58   1210743.00  166.37  167.94  122.05  121.67   44.67  49406.736    106.583  123.73    1.25    1.67   -2.63   92.59 -108.00  -50.00  120.00 -108.81  -49.94 -108.26   -2.04  -50.14    0.82    1.88   -4.48   91.48    8.649876    6.872425    5.774925    4.792485    3.871651    3.124522    2.466059    1.876932    1.348589    0.885053    0.514056    0.257601    0.114443    0.045740    0.012170    9.761390    7.637032    6.376098    5.243110    4.207281    3.375613    2.645930    1.997734    1.419744    0.919054    0.523995    0.258151    0.112115    0.045481    0.013224    32.609     1.703     4.446    32.526     4.035     4.042     3.900     3.875   1.00187    9.180757    8.047662    7.176469    6.327949    5.429813    4.626225    3.895151    3.207744    2.545813    1.914415    1.341540    0.851296    0.470132    0.222796    0.077623   10.462171    9.137422    8.116962    7.149266    6.118941    5.192475    4.344048    3.548532    2.785927    2.063031    1.418331    0.884486    0.484431    0.227205    0.078924     0.000     1.531     3.681    14.987     3.755     3.733     3.643     3.617   1.02004
    225401  10  9219.4 603756      9999 20191128   35083.4   56683.4  402301.4  33.8667059  -91.3021971    657041.67   3748673.58    431320.27   1210743.99  165.53  167.11  121.08  121.41   44.81  49404.777    104.692  122.75    3.04    2.55   -2.91   92.95 -108.00  -50.00  120.00 -109.39  -49.12 -108.46   -2.70  -49.85    0.79    2.68   -4.68   91.49    8.042933    6.082084    4.956265    4.100155    3.328884    2.715641    2.154368    1.632290    1.165481    0.765866    0.468904    0.258773    0.125225    0.050275    0.015725    8.945735    6.647980    5.348217    4.393632    3.543186    2.870735    2.256670    1.689388    1.186737    0.765206    0.457229    0.242794    0.113404    0.043275    0.014233     0.000     2.207     4.138    30.960     3.996     3.996     3.871     3.839   0.95364    8.792124    7.557106    6.705423    5.939435    5.161227    4.468936    3.803700    3.148000    2.498279    1.869590    1.304232    0.826914    0.466019    0.229047    0.083765   10.194395    8.659523    7.624692    6.714492    5.806948    5.002779    4.233097    3.477079    2.735064    2.025943    1.398343    0.876346    0.490436    0.238463    0.086423     0.000     1.838     3.670    16.075     3.780     3.762     3.653     3.621   1.09409
    225401  10  9223.4 603756      9999 20191128   35087.4   56687.4  402305.4  33.8665926  -91.2998664    657257.48   3748664.59    431534.71   1210741.93  170.47  172.05  126.00  127.30   44.83  49403.850    103.848  127.68    2.31   -0.43   -2.48   93.14 -108.00  -50.00  120.00 -107.15  -53.24 -106.22   -1.41  -54.22    2.11    3.06   -4.39   92.39    6.868974    4.924848    4.042646    3.440896    2.899771    2.424434    1.947377    1.476239    1.048495    0.686687    0.410494    0.225411    0.109469    0.042744    0.013567    7.779479    5.463403    4.448802    3.765310    3.153371    2.617533    2.082321    1.557106    1.088055    0.699823    0.409884    0.221605    0.103086    0.038595    0.013096     0.000     1.906     4.129    33.281     4.031     4.022     3.901     3.873   1.02512    8.331727    6.927248    6.089548    5.433125    4.805582    4.220656    3.618290    2.993738    2.365622    1.760345    1.215568    0.767227    0.432388    0.211340    0.074898    9.765200    8.027125    7.015192    6.236357    5.492991    4.802941    4.091943    3.358077    2.627588    1.932097    1.316956    0.819799    0.456293    0.219150    0.076794     0.000     1.730     3.673    13.829     3.746     3.726     3.613     3.599   0.94123
    225401  10  9227.4 603756      9999 20191128   35091.4   56691.4  402309.4  33.8664819  -91.2975496    657472.01   3748655.86    431747.87   1210740.10  172.87  174.45  128.03  127.62   45.20  49401.595    101.675  129.71    3.16   -1.07   -3.71   92.71 -108.00  -50.00  120.00 -108.78  -50.47 -107.37   -2.61  -52.32    1.74    0.07   -3.19   91.30    6.043150    4.368518    3.640710    3.165690    2.711755    2.286718    1.843906    1.398001    0.990776    0.647053    0.385649    0.204678    0.097221    0.040597    0.012837    7.758233    5.467393    4.506334    3.883742    3.291623    2.740873    2.177922    1.619284    1.120577    0.710531    0.409518    0.209510    0.096463    0.038826    0.013242     0.000     1.860     4.089    31.602     3.993     3.982     3.867     3.821   0.97341    7.557711    6.188221    5.517755    4.988966    4.482707    3.977064    3.425365    2.836347    2.240067    1.664970    1.145253    0.716480    0.397978    0.191728    0.067050    9.473296    7.685914    6.803147    6.123090    5.470097    4.823435    4.120150    3.376356    2.633068    1.928549    1.304527    0.800011    0.435076    0.205074    0.070280     0.000     1.929     3.766    15.417     3.748     3.738     3.634     3.595   1.04936
    225401  10  9231.4 603756      9999 20191128   35095.4   56695.4  402313.4  33.8664133  -91.2952512    657684.76   3748651.78    431959.10   1210742.89  173.76  175.34  128.96  128.78   45.15  49401.181    101.318  130.63    1.72    1.41   -2.95   91.99 -108.00  -50.00  120.00 -108.67  -50.03 -107.85   -6.14  -50.76    1.38   -2.17   -4.71   88.66    5.556369    4.094040    3.473035    3.080052    2.661607    2.255333    1.822629    1.385732    0.981690    0.638437    0.378827    0.201078    0.095237    0.040979    0.013182    7.399334    5.336594    4.480876    3.940578    3.368884    2.818340    2.244218    1.673334    1.156914    0.730771    0.418474    0.213027    0.095845    0.038840    0.012260   118.746     2.090     4.039    32.383     4.038     4.054     3.933     3.900   0.99744    7.329177    6.039695    5.425857    4.945860    4.461053    3.966188    3.414379    2.820406    2.217303    1.637260    1.116538    0.690043    0.380458    0.183314    0.065132    9.245863    7.565063    6.770879    6.141492    5.510324    4.867789    4.154327    3.395148    2.633898    1.912122    1.279558    0.773813    0.418065    0.196933    0.068611     0.000     2.169     3.966    15.185     3.757     3.729     3.615     3.605   1.03357
    225401  10  9235.4 603756      9999 20191128   35099.4   56699.4  402317.4  33.8663546  -91.2929419    657898.49   3748648.81    432171.27   1210746.84  170.50  172.08  126.33  126.68   44.52  49400.200    100.389  128.00    2.10    0.53   -2.55   91.72 -108.00  -50.00  120.00 -109.85  -48.64 -108.89   -5.33  -48.75   -0.11    1.05   -5.99   88.92    5.826292    4.401628    3.758940    3.348496    2.900705    2.460700    1.990901    1.508169    1.066471    0.689040    0.400450    0.206254    0.098928    0.042902    0.015607    7.481336    5.527763    4.676117    4.135334    3.548957    2.975366    2.371412    1.764998    1.220673    0.767126    0.431605    0.214430    0.099274    0.041812    0.015662     0.000     1.738     3.939    31.079     3.995     3.997     3.869     3.828   0.95727    7.148204    6.010292    5.433768    4.991975    4.521256    4.031665    3.476012    2.876596    2.260614    1.663089    1.123427    0.683829    0.371955    0.176050    0.062474    8.983323    7.459704    6.706360    6.126014    5.514101    4.883765    4.173529    3.416645    2.649547    1.917420    1.271011    0.757344    0.402551    0.186857    0.064605     0.000     1.582     4.221    15.937     3.765     3.739     3.643     3.618   1.08480
    225401  10  9239.4 603756      9999 20191128   35103.4   56703.4  402321.4  33.8663014  -91.2906190    658113.48   3748646.49    432384.67   1210751.47  170.37  171.94  125.78  126.20   44.93  49398.691     98.928  127.45    1.41    3.33   -1.93   92.05 -108.00  -50.00  120.00 -108.18  -51.02 -107.43   -3.61  -51.55    0.76    0.74   -5.29   90.04    6.041893    4.438728    3.826498    3.410848    2.959540    2.505945    2.014757    1.516964    1.066104    0.684317    0.394042    0.205320    0.095512    0.048131    0.019936    7.341430    5.289106    4.524736    4.005975    3.450968    2.895189    2.301052    1.705859    1.177351    0.740235    0.416303    0.209218    0.095758    0.046368    0.019144    32.314     1.691     3.917    33.184     4.019     4.014     3.897     3.875   1.02213    7.444377    6.215378    5.633578    5.192492    4.714747    4.201476    3.613668    2.973906    2.321432    1.694324    1.134901    0.677831    0.361440    0.167682    0.057215    8.835266    7.303373    6.596447    6.059415    5.480330    4.859536    4.151534    3.387383    2.617135    1.886188    1.245314    0.731655    0.382690    0.174491    0.058015     0.000     2.120     4.393    14.361     3.739     3.710     3.595     3.599   0.97747
    225401  10  9243.4 603756      9999 20191128   35107.4   56707.4  402325.4  33.8662154  -91.2882706    658330.88   3748640.56    432600.58   1210752.55  166.78  168.35  122.03  121.61   45.09  49398.262     98.567  123.70    1.92    0.62   -2.60   92.59 -108.00  -50.00  120.00 -109.81  -48.57 -109.44   -0.62  -47.69    0.48    5.57   -4.57   92.30    6.178104    4.577701    3.951532    3.520463    3.057028    2.575447    2.056473    1.531510    1.063196    0.679674    0.390392    0.198075    0.091115    0.043033    0.014953    7.164089    5.220372    4.487032    3.974509    3.425517    2.859766    2.257084    1.654724    1.128491    0.706195    0.394994    0.197315    0.089388    0.041947    0.015631     0.000     1.594     4.037    30.919     3.985     3.980     3.863     3.849   0.95235    7.495027    6.212128    5.652000    5.222944    4.754010    4.238447    3.639090    2.984215    2.323325    1.694410    1.130884    0.680120    0.367502    0.173838    0.062143    8.785833    7.217087    6.538526    6.021489    5.456957    4.839321    4.127714    3.353892    2.585076    1.863531    1.228274    0.729995    0.389634    0.183116    0.064854     0.000     1.692     4.530    16.101     3.772     3.755     3.657     3.615   1.09590
    225401  10  9247.4 603756      9999 20191128   35111.4   56711.4  402329.4  33.8661196  -91.2859198    658548.52   3748633.57    432816.77   1210752.57  168.01  169.58  122.97  122.74   45.37  49397.475     97.854  124.65    3.85    0.85   -2.40   92.98 -108.00  -50.00  120.00 -108.39  -51.72 -106.85   -2.99  -53.18    1.03    0.59   -4.63   91.34    6.374155    4.820872    4.238013    3.792131    3.294387    2.754668    2.166324    1.581694    1.072575    0.665202    0.369687    0.182710    0.084523    0.033301    0.010631    7.030986    5.241903    4.577681    4.075040    3.512015    2.905003    2.254175    1.617303    1.075469    0.652362    0.352518    0.168752    0.075630    0.028364    0.010474     0.000     1.666     4.100    31.507     3.993     3.990     3.855     3.842   0.97044    7.431542    6.239401    5.731066    5.322595    4.853384    4.323515    3.689565    2.998735    2.310973    1.669241    1.104200    0.658573    0.349281    0.165492    0.054855    8.716742    7.250108    6.627138    6.132176    5.562702    4.924847    4.170280    3.355839    2.557627    1.824777    1.191920    0.701023    0.366006    0.170963    0.055639     0.000     2.074     4.568    15.083     3.747     3.733     3.618     3.606   1.02666
    225401  10  9251.4 603756      9999 20191128   35115.4   56715.4  402333.4  33.8660125  -91.2836073    658762.65   3748625.26    433029.51   1210751.15  173.09  174.66  128.66  128.18   44.76  49396.627     97.085  130.34    2.66    1.58   -2.45   93.00 -108.00  -50.00  120.00 -107.24  -52.63 -106.00   -3.48  -54.73    2.63    0.34   -4.94   91.07    5.476530    4.161241    3.638530    3.253522    2.818983    2.352643    1.847668    1.351097    0.920550    0.572148    0.318399    0.153026    0.067890    0.024078    0.006262    6.871357    5.132937    4.437894    3.935064    3.374119    2.780056    2.153416    1.546158    1.028818    0.621041    0.333425    0.152602    0.064102    0.021609    0.005691     0.000     1.811     4.039    33.343     4.015     4.009     3.897     3.871   1.02699    7.536820    6.267580    5.755834    5.322948    4.831309    4.284864    3.636086    2.939827    2.258371    1.626384    1.073770    0.638744    0.340304    0.158565    0.054353    9.205047    7.602197    6.950881    6.406155    5.785671    5.103548    4.299039    3.443779    2.616152    1.857593    1.207849    0.706472    0.370454    0.170423    0.058226     0.000     1.605     4.607    14.077     3.735     3.702     3.608     3.590   0.95819
    225401  10  9255.4 603756      9999 20191128   35119.4   56719.4  402337.4  33.8659148  -91.2813010    658976.18   3748617.98    433241.62   1210750.76  174.20  175.78  130.07  129.05   44.46  49395.803     96.336  131.75    1.20    0.52   -2.08   92.89 -108.00  -50.00  120.00 -109.08  -50.08 -108.07   -3.83  -50.50    1.02    0.53   -4.72   90.83    5.943795    4.514693    3.819749    3.321099    2.840476    2.370450    1.880772    1.399227    0.968271    0.613713    0.345305    0.172252    0.078106    0.032456    0.010015    8.295356    6.206146    5.161241    4.425428    3.728198    3.067948    2.393091    1.746475    1.179923    0.726059    0.393023    0.187829    0.083105    0.033639    0.010884   139.846     1.989     4.087    32.329     4.071     4.061     3.947     3.902   0.99577    7.229596    6.110885    5.547203    5.101894    4.615662    4.100009    3.504809    2.863675    2.222197    1.611722    1.073020    0.641169    0.341505    0.163588    0.058904    9.233453    7.737951    6.977255    6.384785    5.744052    5.070026    4.296502    3.473534    2.657627    1.893849    1.235777    0.721397    0.375217    0.175480    0.061659     0.000     2.033     4.629    14.850     3.750     3.722     3.639     3.606   1.01083
    225401  10  9259.4 603756      9999 20191128   35123.4   56723.4  402341.4  33.8658236  -91.2789652    659192.43   3748611.49    433456.42   1210751.23  170.63  172.21  126.57  126.07   44.39  49394.914     95.519  128.24    1.16    1.20   -0.92   92.99 -108.00  -50.00  120.00 -110.13  -48.43 -109.19   -3.77  -48.17   -0.06    1.77   -5.09   90.97    6.456307    4.956424    4.213677    3.669087    3.129855    2.610441    2.082750    1.562202    1.087772    0.690786    0.385152    0.187805    0.080873    0.031059    0.008755    8.399371    6.316881    5.303873    4.575604    3.863212    3.184235    2.502531    1.843289    1.258220    0.780480    0.424259    0.200447    0.084386    0.031736    0.009268     0.000     2.247     4.218    31.334     4.014     3.984     3.874     3.834   0.96511    7.641779    6.568647    5.919578    5.367445    4.808065    4.246485    3.635545    2.980870    2.317004    1.678184    1.106941    0.653072    0.340868    0.158074    0.053585    9.511938    8.123871    7.281690    6.575663    5.855250    5.136750    4.363221    3.537372    2.713513    1.934721    1.253077    0.724333    0.369735    0.167815    0.055352     0.000     2.180     4.628    15.618     3.763     3.742     3.639     3.619   1.06311
    225401  10  9263.4 603756      9999 20191128   35127.4   56727.4  402345.4  33.8657092  -91.2766022    659411.24   3748602.47    433673.83   1210749.25  167.41  168.99  123.26  122.45   44.48  49394.076     94.765  124.93    1.35    1.82   -2.33   93.34 -108.00  -50.00  120.00 -109.67  -48.96 -108.99   -1.82  -48.73    0.45    3.34   -4.56   92.37    7.314986    5.665858    4.745678    4.057918    3.387196    2.794445    2.202232    1.634357    1.130371    0.709360    0.393860    0.189892    0.091871    0.033911    0.011864    8.758859    6.686590    5.556949    4.691698    3.871117    3.158654    2.453764    1.793541    1.217766    0.747542    0.403184    0.187755    0.086591    0.030532    0.010858     0.000     1.927     4.202    31.647     4.013     3.996     3.873     3.861   0.97474    8.122115    6.982282    6.289693    5.704528    5.090332    4.480352    3.819234    3.120525    2.418885    1.744199    1.141224    0.665688    0.343120    0.153790    0.047975    9.610463    8.215858    7.361136    6.637397    5.884218    5.143235    4.351750    3.522153    2.700336    1.921261    1.237882    0.707809    0.358195    0.157554    0.047629     0.000     2.130     4.640    15.492     3.765     3.743     3.625     3.620   1.05453
    225401  10  9267.4 603756      9999 20191128   35131.4   56731.4  402349.4  33.8655887  -91.2742277    659631.13   3748592.79    433892.33   1210746.63  164.96  166.53  120.85  121.24   44.44  49393.385     94.163  122.52    1.62    1.79   -2.61   93.67 -108.00  -50.00  120.00 -109.56  -48.72 -108.85   -3.95  -48.88    0.50    0.87   -4.75   91.54    8.038060    6.338001    5.282360    4.457011    3.667898    2.980541    2.324374    1.706928    1.162128    0.706655    0.376536    0.173505    0.070732    0.025164    0.007088    8.955520    7.009616    5.784670    4.840256    3.948438    3.178648    2.449607    1.776986    1.191977    0.713573    0.372720    0.167357    0.065409    0.022843    0.006394   295.064     1.903     4.308    31.545     4.065     4.064     3.882     3.910   0.97159    8.606193    7.462825    6.705744    6.034068    5.339758    4.665201    3.951220    3.208868    2.461955    1.744362    1.111259    0.626236    0.313851    0.138313    0.041323    9.883672    8.504536    7.610110    6.808064    5.983372    5.191934    4.366223    3.516253    2.670519    1.868669    1.175108    0.653781    0.325701    0.143036    0.043582     0.000     1.399     4.636    15.764     3.776     3.752     3.651     3.633   1.07307
    225401  10  9271.4 603756      9999 20191128   35135.4   56735.4  402353.4  33.8654575  -91.2718469    659851.62   3748581.95    434111.47   1210742.87  163.27  164.84  118.90  118.94   44.69  49392.490     93.362  120.57    1.26    0.14   -1.26   93.73 -108.00  -50.00  120.00 -108.82  -50.42 -108.09   -3.20  -50.37    0.38    0.99   -4.97   92.00    8.618258    6.664526    5.585087    4.684830    3.856927    3.120525    2.390527    1.703995    1.117782    0.659271    0.341215    0.146361    0.060621    0.018978    0.005417    8.863585    6.794959    5.670114    4.733960    3.880876    3.125519    2.377475    1.678011    1.088938    0.636783    0.326621    0.138272    0.059943    0.019883    0.006775     0.000     1.877     4.390    32.614     4.014     4.001     3.889     3.863   1.00453    9.074132    7.877423    7.085397    6.364301    5.614754    4.887928    4.111682    3.297352    2.492873    1.741405    1.100897    0.615978    0.310835    0.141053    0.046256    9.796907    8.460853    7.575108    6.781534    5.956928    5.161922    4.318332    3.442334    2.582735    1.789318    1.124542    0.624406    0.313765    0.141011    0.045821     0.000     1.586     4.625    14.656     3.750     3.730     3.615     3.620   0.99765
    225401  10  9275.4 603756      9999 20191128   35139.4   56739.4  402357.4  33.8653220  -91.2694515    660073.47   3748570.64    434331.97   1210738.69  160.14  161.72  115.77  115.17   44.70  49392.244     93.214  117.44    1.21    0.56   -1.81   93.59 -108.00  -50.00  120.00 -109.98  -48.61 -109.17   -1.65  -48.45    0.61    2.83   -4.32   92.71    8.899183    6.855089    5.758687    4.860691    4.025407    3.259974    2.497118    1.781383    1.168637    0.692492    0.356650    0.159426    0.073188    0.026968    0.010705    8.724526    6.690622    5.590468    4.711393    3.888088    3.138451    2.394289    1.705113    1.113171    0.652439    0.332717    0.148844    0.064954    0.024550    0.010041     0.000     1.774     4.533    31.439     4.004     4.006     3.882     3.859   0.96833    9.372035    8.144426    7.326993    6.584187    5.816630    5.058751    4.240650    3.376916    2.521326    1.735751    1.078470    0.600631    0.305628    0.141649    0.051376    9.827219    8.476233    7.601759    6.812456    6.001304    5.201846    4.346756    3.448523    2.564925    1.757002    1.088150    0.604793    0.306425    0.142939    0.052299     0.000     1.956     4.608    15.594     3.768     3.744     3.645     3.617   1.06150
    225401  10  9279.4 603756      9999 20191128   35143.4   56743.4  402361.4  33.8652045  -91.2670434    660296.47   3748561.37    434553.55   1210736.59  156.64  158.21  112.20  111.71   44.76  49391.182     92.239  113.88    1.39   -1.78   -2.68   92.63 -108.00  -50.00  120.00 -109.89  -48.51 -109.28   -2.77  -48.02   -0.18    0.34   -3.49   91.17    9.942256    7.712548    6.408485    5.385305    4.426993    3.576286    2.743427    1.966699    1.303836    0.783199    0.411696    0.205023    0.088385    0.041332    0.013955    8.842007    6.834502    5.676867    4.772243    3.924669    3.173538    2.435902    1.751205    1.160666    0.699061    0.367797    0.182719    0.078118    0.036353    0.013531   103.214     1.984     4.745    31.380     4.040     4.039     3.908     3.974   0.96650    9.617570    8.372819    7.554874    6.803822    6.017306    5.243522    4.398794    3.505179    2.620635    1.801070    1.110507    0.607077    0.302484    0.132974    0.040318    9.613419    8.309304    7.445215    6.685510    5.892803    5.119240    4.288910    3.412770    2.551955    1.755917    1.086781    0.596897    0.298944    0.132511    0.040458     0.000     2.102     4.580    15.767     3.782     3.751     3.659     3.624   1.07328
    225401  10  9283.4 603756      9999 20191128   35147.4   56747.4  402365.4  33.8651368  -91.2646272    660520.11   3748557.62    434775.57   1210740.08  154.69  156.27  110.28  109.48   44.74  49391.285     92.400  111.96    1.84    1.47   -3.13   91.85 -108.00  -50.00  120.00 -109.17  -49.19 -108.38   -5.38  -49.67    0.62   -1.12   -4.78   88.96   10.088651    7.587686    6.363482    5.416202    4.524919    3.695367    2.857057    2.059309    1.368524    0.823844    0.439020    0.205910    0.090452    0.035351    0.011183    8.268089    6.189658    5.196542    4.440373    3.724202    3.050184    2.365434    1.714074    1.147061    0.697451    0.377407    0.181196    0.080684    0.032057    0.011840     0.000     1.876     4.981    31.831     4.026     4.012     3.892     3.879   0.98041   10.210041    8.841746    7.931041    7.134755    6.319120    5.514872    4.635944    3.704689    2.779235    1.915528    1.188896    0.660759    0.331693    0.142840    0.041050    9.900782    8.464183    7.546201    6.764036    5.975100    5.203534    4.372637    3.494829    2.627121    1.818226    1.136349    0.637012    0.323988    0.140604    0.041004     0.000     1.636     4.761    15.639     3.788     3.759     3.638     3.623   1.06458
    225401  10  9287.4 603756      9999 20191128   35151.4   56751.4  402369.4  33.8650890  -91.2622232    660742.59   3748556.08    434996.38   1210745.74  155.26  156.84  110.82  110.46   44.77  49391.486     92.648  112.50    1.62    2.79   -2.28   91.95 -108.00  -50.00  120.00 -109.06  -49.22 -108.01   -6.06  -50.48    1.35   -0.09   -6.23   88.67    9.677539    7.113872    5.950097    5.108989    4.298752    3.528744    2.738941    1.986168    1.339043    0.827091    0.462916    0.236634    0.115751    0.048723    0.017550    7.973830    5.866824    4.908917    4.216986    3.553734    2.922627    2.277603    1.661776    1.128362    0.702298    0.396773    0.204558    0.101036    0.041883    0.016596     0.000     2.085     5.219    31.977     4.020     4.018     3.894     3.865   0.98487    9.984569    8.503404    7.625602    6.914927    6.177394    5.421884    4.577863    3.678814    2.789366    1.961477    1.253207    0.716993    0.365328    0.161075    0.042885    9.595964    8.086539    7.221646    6.531068    5.822879    5.098410    4.303556    3.459595    2.627785    1.854076    1.193081    0.688214    0.353693    0.156693    0.041044     0.000     1.845     5.212    15.519     3.779     3.749     3.647     3.633   1.05647
    225401  10  9291.4 603756      9999 20191128   35155.4   56755.4  402373.4  33.8650081  -91.2598236    660964.73   3748550.87    435216.96   1210747.71  153.75  155.32  109.55  109.99   44.53  49393.150     94.378  111.23    2.05    2.51   -1.10   92.96 -108.00  -50.00  120.00 -109.65  -48.39 -108.95   -2.58  -48.94    0.71    4.19   -6.21   91.55   10.090183    7.552167    6.321701    5.398608    4.550806    3.775831    3.004006    2.258955    1.573431    0.969259    0.468437    0.243203    0.152414    0.056726    0.023164    8.343262    6.268674    5.263663    4.522727    3.842228    3.227009    2.617999    2.022874    1.434451    0.866279    0.357998    0.205943    0.152952    0.051484    0.025170     0.000     1.786     5.344    30.926     4.016     4.013     3.891     3.877   0.95251    9.571047    8.169725    7.344717    6.667926    5.983117    5.303915    4.564439    3.771647    2.947061    2.111285    1.278887    0.746552    0.459363    0.199807    0.045228    9.090931    7.689356    6.881417    6.236929    5.603256    4.991491    4.354839    3.674779    2.926762    2.097331    1.177724    0.691456    0.478243    0.190107    0.037673     0.000     1.707     5.643    16.246     3.785     3.755     3.657     3.641   1.10591
    225401  10  9295.4 603756      9999 20191128   35159.4   56759.4  402377.4  33.8648790  -91.2574337    661186.07   3748540.30    435436.93   1210744.25  158.43  160.01  114.01  114.80   44.76  49387.873     89.196  115.69    6.04    1.21   -1.47   93.64 -108.00  -50.00  120.00 -109.30  -50.39 -106.58   -0.47  -53.79    1.31    4.27   -4.57   93.37    9.666284    7.254164    6.233081    5.502047    4.759872    4.027887    3.249797    2.454234    1.695119    1.058761    0.548654    0.213400    0.123556    0.024849    0.006227    8.706292    6.504051    5.552945    4.885194    4.211111    3.542784    2.832921    2.127431    1.482264    0.952842    0.480483    0.128766    0.104083    0.016744    0.006834     0.000     2.141     6.312    29.648     4.035     4.021     3.881     3.866   0.91315    8.301549    7.036343    6.326084    5.789526    5.243157    4.711011    4.163905    3.598148    2.936272    2.079440    1.113335    0.708687    0.453052    0.194307    0.003658    8.949000    7.516451    6.741671    6.147383    5.522971    4.886476    4.198332    3.473968    2.734327    1.954078    1.221847    0.768012    0.387006    0.210911    0.024099     0.000     2.044     5.880    16.434     3.811     3.800     3.693     3.644   1.11875
    225401  10  9299.4 603756      9999 20191128   35163.4   56763.4  402381.4  33.8647451  -91.2551204    661400.32   3748529.08    435649.90   1210739.91  170.12  171.69  126.21  126.38   44.25  49388.218     89.636  127.88    3.71   -0.36   -2.41   93.42 -108.00  -50.00  120.00 -105.10  -55.92 -103.56   -3.28  -58.79    3.31   -1.36   -3.79   91.57    7.464156    5.529619    4.684676    4.093438    3.492589    2.908783    2.287736    1.673166    1.169589    0.824931    0.470494    0.131835    0.217082   -0.006695   -0.012892    8.296680    6.090423    5.115661    4.441898    3.759865    3.105084    2.415110    1.744905    1.189252    0.806234    0.445008    0.122323    0.185106   -0.017246   -0.017094     0.000     1.968     5.293    34.804     4.035     4.027     3.907     3.879   1.07194    8.666153    7.152069    6.395813    5.805721    5.208246    4.610184    3.977434    3.325738    2.607103    1.743136    1.115379    0.886412   -0.025936    0.246322   -0.028253    9.899144    8.161018    7.288187    6.601209    5.904804    5.201972    4.454641    3.679478    2.861160    1.939549    1.232175    0.888530    0.086792    0.242653   -0.009921     0.000     1.669     5.707    12.550     3.724     3.698     3.601     3.585   0.85434
    225401  10  9303.4 603756      9999 20191128   35167.4   56767.4  402385.4  33.8646481  -91.2528366    661611.78   3748521.91    435859.95   1210739.55  173.78  175.35  130.08  128.66   44.04  49388.208     89.701  131.76    2.27   -0.02   -1.83   92.68 -108.00  -50.00  120.00 -107.78  -51.54 -106.94   -4.32  -52.77    1.90   -1.04   -4.65   90.33    6.136215    4.690871    3.993399    3.516420    3.011761    2.518223    2.006831    1.503463    1.047120    0.666428    0.381690    0.196633    0.083515    0.030103    0.008066    8.168430    6.130935    5.152437    4.490058    3.798987    3.133072    2.452088    1.799987    1.220900    0.751747    0.415582    0.205239    0.083376    0.028385    0.008396    77.263     1.654     5.217    32.808     4.033     4.038     3.913     3.875   1.01047    7.895146    6.643936    6.005523    5.487049    4.945684    4.384328    3.759418    3.091575    2.410894    1.753291    1.165056    0.691594    0.364166    0.166486    0.046170    9.910593    8.315061    7.479249    6.806512    6.104729    5.377319    4.575628    3.721007    2.864057    2.053387    1.343282    0.786671    0.410312    0.188653    0.057584     0.000     1.912     5.281    14.715     3.737     3.722     3.634     3.591   1.00173
    225401  10  9307.4 603756      9999 20191128   35171.4   56771.4  402389.4  33.8645671  -91.2505408    661824.32   3748516.54    436071.02   1210741.05  173.21  174.78  129.45  128.86   44.11  49388.130     89.689  131.12    2.90    0.15   -1.51   92.23 -108.00  -50.00  120.00 -108.88  -50.77 -107.70   -2.27  -51.51    0.45    1.96   -4.66   91.02    6.493283    5.028044    4.298276    3.761085    3.204124    2.681986    2.138709    1.605484    1.124165    0.717139    0.412983    0.206889    0.096812    0.040306    0.013283    8.898904    6.745078    5.694574    4.906603    4.122487    3.395869    2.656313    1.950434    1.327267    0.818296    0.452590    0.216417    0.096800    0.036910    0.012483   103.053     1.852     5.009    31.622     4.019     4.030     3.905     3.906   0.97394    7.506051    6.458651    5.833325    5.341941    4.817162    4.273227    3.666072    3.014598    2.352005    1.713706    1.144065    0.687633    0.366453    0.173239    0.058554    9.764275    8.348077    7.497384    6.821432    6.108184    5.374058    4.564005    3.702252    2.843415    2.032814    1.327179    0.778722    0.403352    0.186254    0.060869     0.000     1.514     4.958    15.158     3.752     3.741     3.617     3.603   1.03186
    225401  10  9311.4 603756      9999 20191128   35175.4   56775.4  402393.4  33.8645000  -91.2482352    662037.73   3748512.74    436282.90   1210744.14  174.37  175.95  130.70  129.67   44.02  49388.280     89.895  132.38    2.60    0.66   -1.80   91.92 -108.00  -50.00  120.00 -106.94  -53.48 -106.31   -2.23  -53.76    0.95    0.71   -4.33   90.70    6.653426    5.268929    4.534216    3.941839    3.329923    2.783910    2.229549    1.701560    1.222361    0.780457    0.384317    0.201241    0.094726    0.055836    0.021649    8.931823    7.003017    5.945864    5.104624    4.256234    3.507728    2.766350    2.079215    1.475816    0.919078    0.414585    0.213291    0.099056    0.060940    0.023091     0.000     1.454     5.040    33.702     4.038     4.024     3.913     3.897   1.03801    7.843540    6.769952    6.153107    5.619724    5.048608    4.459831    3.809449    3.114706    2.407978    1.743334    1.172329    0.692195    0.359047    0.157855    0.048967    9.969495    8.592290    7.778889    7.064775    6.303015    5.525413    4.676057    3.772289    2.870570    2.040631    1.350043    0.778223    0.392350    0.166510    0.050057     0.000     1.738     4.588    13.502     3.724     3.704     3.604     3.581   0.91917
    225401  10  9315.4 603756      9999 20191128   35179.4   56779.4  402397.4  33.8644415  -91.2459274    662251.34   3748509.89    436494.94   1210748.21  176.05  177.63  132.45  132.31   43.96  49388.111     89.780  134.13    1.69    2.19   -1.11   91.98 -108.00  -50.00  120.00 -107.82  -52.38 -106.55   -2.48  -53.63    1.28    0.40   -4.93   90.58    6.683860    5.487792    4.749395    4.088349    3.416247    2.791796    2.193619    1.628684    1.126780    0.707315    0.389888    0.187385    0.078402    0.027548    0.005535    9.387620    7.610482    6.514279    5.537436    4.557871    3.661464    2.820887    2.046446    1.377028    0.837471    0.448472    0.208425    0.085064    0.028032    0.006515    96.787     2.220     4.621    33.387     4.036     4.033     3.922     3.885   1.02827    7.896677    6.931943    6.298657    5.734598    5.125966    4.517231    3.859234    3.164500    2.461994    1.790195    1.188966    0.701844    0.364767    0.165807    0.052808   10.268456    8.978876    8.137260    7.360791    6.531352    5.704120    4.824362    3.903298    2.989029    2.131609    1.383336    0.795917    0.404235    0.179227    0.056339     0.000     2.248     3.858    13.678     3.742     3.708     3.609     3.592   0.93120
    225401  10  9319.4 603756      9999 20191128   35183.4   56783.4  402401.4  33.8643684  -91.2436098    662465.88   3748505.44    436707.96   1210750.70  174.26  175.84  130.86  129.49   43.76  49388.056     89.786  132.54    1.35    1.04   -2.25   91.99 -108.00  -50.00  120.00 -109.14  -49.94 -108.57    0.43  -49.49    0.57    3.47   -4.02   92.23    6.287561    4.975008    4.217271    3.655835    3.093951    2.574933    2.052803    1.548148    1.086428    0.690375    0.399198    0.202804    0.102090    0.040198    0.015634    8.984777    6.975588    5.809958    4.974889    4.151267    3.396552    2.654182    1.955853    1.334985    0.821468    0.455531    0.223691    0.107879    0.043090    0.016494     0.000     2.080     4.404    32.261     4.001     3.989     3.869     3.842   0.99361    7.714800    6.728090    6.102592    5.549606    4.963953    4.376498    3.742985    3.072215    2.394616    1.742697    1.155011    0.686454    0.363695    0.173270    0.061859    9.986732    8.645649    7.799323    7.056446    6.279062    5.499719    4.665604    3.782341    2.905398    2.076946    1.348081    0.782541    0.405283    0.189583    0.066673     0.000     1.780     3.668    14.922     3.737     3.709     3.617     3.578   1.01590
    225401  10  9323.4 603756      9999 20191128   35187.4   56787.4  402405.4  33.8643034  -91.2412777    662681.75   3748501.93    436922.27   1210754.17  170.93  172.51  127.54  127.30   43.75  49388.029     89.816  129.21    1.44    1.82   -2.53   92.29 -108.00  -50.00  120.00 -109.93  -48.37 -109.22   -1.67  -48.25   -0.20    1.92   -4.03   91.40    6.607093    5.143135    4.332281    3.742100    3.168344    2.633176    2.091974    1.566083    1.096302    0.693586    0.398641    0.207769    0.107928    0.054411    0.023804    8.959775    6.842108    5.689974    4.858392    4.057330    3.320246    2.594137    1.903283    1.302638    0.802122    0.448822    0.225638    0.117422    0.058015    0.025589     0.000     2.000     4.270    31.309     3.992     3.975     3.847     3.843   0.96428    7.624351    6.562889    5.929720    5.392347    4.841307    4.277888    3.662875    3.008944    2.337860    1.691777    1.118767    0.668740    0.361153    0.177283    0.067219    9.732531    8.300427    7.454861    6.736967    6.008388    5.269084    4.470184    3.625334    2.774105    1.971211    1.277545    0.748261    0.396239    0.191234    0.071691     0.000     2.138     3.608    15.792     3.770     3.750     3.645     3.613   1.07505
    225401  10  9327.4 603756      9999 20191128   35191.4   56791.4  402409.4  33.8642239  -91.2389177    662900.23   3748496.85    437139.22   1210756.15  169.47  171.05  126.07  125.48   43.77  49388.146     89.998  127.74    2.82    3.32   -1.11   93.06 -108.00  -50.00  120.00 -108.91  -49.90 -108.19   -3.60  -49.95    0.06    0.33   -5.38   91.04    6.892364    5.225687    4.411898    3.818180    3.246735    2.703417    2.149533    1.612165    1.127764    0.720730    0.413399    0.214870    0.102513    0.043768    0.015245    8.798776    6.542675    5.437190    4.652377    3.906047    3.208912    2.511661    1.849204    1.265418    0.786814    0.438359    0.217526    0.098180    0.038135    0.013027     0.000     2.016     4.188    31.658     3.993     3.987     3.854     3.845   0.97504    7.817782    6.665400    6.000756    5.438885    4.865436    4.295567    3.668779    3.000901    2.325946    1.677410    1.105970    0.663080    0.358451    0.169033    0.058711    9.720611    8.218848    7.356352    6.629191    5.894349    5.167418    4.377997    3.542490    2.711409    1.926897    1.249817    0.736285    0.391203    0.181280    0.061676     0.000     1.656     3.506    15.494     3.768     3.745     3.633     3.614   1.05484
    225401  10  9331.4 603756      9999 20191128   35195.4   56795.4  402413.4  33.8640871  -91.2365680    663117.86   3748485.40    437355.54   1210751.69  171.08  172.66  127.65  127.43   43.81  49388.417     90.368  129.32    2.35   -0.13   -2.03   93.60 -108.00  -50.00  120.00 -108.26  -51.60 -106.98    1.24  -52.74    1.67    5.08   -4.36   94.29    6.791773    5.138295    4.272045    3.632022    3.061323    2.533327    2.017137    1.514932    1.071558    0.703261    0.418988    0.223220    0.104005    0.037972    0.011810    8.520357    6.298961    5.191353    4.353241    3.638666    2.975414    2.336903    1.728778    1.201026    0.771763    0.450172    0.233545    0.106025    0.037670    0.012312    48.072     1.902     4.135    32.537     4.032     4.024     3.893     3.893   1.00209    8.110382    6.827613    6.093943    5.479766    4.872475    4.289207    3.665595    3.008574    2.351915    1.724837    1.159578    0.703772    0.379107    0.178148    0.058405   10.036785    8.371249    7.433455    6.642945    5.866885    5.129102    4.348186    3.532794    2.731634    1.979118    1.312932    0.784609    0.415309    0.191965    0.061911     0.000     1.643     3.496    14.489     3.734     3.713     3.629     3.596   0.98641
    225401  10  9335.4 603756      9999 20191128   35199.4   56799.4  402417.4  33.8639666  -91.2342320    663334.20   3748475.75    437570.51   1210749.00  171.11  172.69  127.76  127.39   43.72  49388.217     90.256  129.44    1.74    0.17   -2.77   93.29 -108.00  -50.00  120.00 -108.67  -50.11 -107.99   -2.25  -50.81    1.37   -0.50   -3.19   92.06    6.606980    4.916803    4.081598    3.467645    2.904213    2.407080    1.915197    1.446639    1.036996    0.699261    0.433521    0.236579    0.114474    0.046867    0.013484    8.605966    6.255544    5.129721    4.304932    3.564193    2.914686    2.285522    1.693330    1.189001    0.787364    0.477119    0.251197    0.118006    0.047094    0.013283     0.000     2.195     4.107    32.372     3.998     3.998     3.867     3.854   0.99701    8.090596    6.815216    6.061974    5.430290    4.812704    4.228309    3.616804    2.982257    2.350234    1.751205    1.211263    0.758186    0.419379    0.199928    0.068957   10.007807    8.395507    7.422073    6.618923    5.827139    5.085922    4.314302    3.523246    2.744699    2.018305    1.378052    0.851058    0.463601    0.217796    0.074524     0.000     2.193     3.328    15.149     3.758     3.742     3.637     3.623   1.03135
    225401  10  9339.4 603756      9999 20191128   35203.4   56803.4  402421.4  33.8638680  -91.2318937    663550.71   3748468.53    437785.58   1210748.76  170.12  171.70  126.53  126.63   43.97  49388.360     90.476  128.20    2.01    1.05   -2.30   92.97 -108.00  -50.00  120.00 -109.51  -48.84 -108.53   -5.10  -49.50    0.55   -1.21   -5.14   90.22    7.001591    5.378262    4.473573    3.776770    3.123609    2.571561    2.038408    1.541075    1.100902    0.727167    0.433434    0.229708    0.107777    0.043051    0.012802    9.103205    6.892393    5.658978    4.716672    3.847755    3.115716    2.429770    1.804994    1.264000    0.814021    0.471840    0.243124    0.109872    0.042819    0.013117     0.000     2.229     4.144    31.413     4.017     4.004     3.875     3.864   0.96747    8.057196    6.900467    6.138869    5.481203    4.823279    4.212156    3.595515    2.967412    2.347313    1.761326    1.230424    0.779397    0.436823    0.216094    0.079093   10.107128    8.616289    7.629630    6.771677    5.908650    5.115332    4.325691    3.527128    2.752870    2.033498    1.396753    0.868223    0.478549    0.233506    0.085268     0.000     2.188     3.411    15.846     3.766     3.742     3.629     3.625   1.07885
    225401  10  9343.4 603756      9999 20191128   35207.4   56807.4  402425.4  33.8637674  -91.2295488    663767.83   3748461.11    438001.26   1210748.33  168.69  170.26  124.98  125.30   44.09  49388.455     90.649  126.65    1.11    1.28   -2.07   93.04 -108.00  -50.00  120.00 -108.78  -50.75 -108.13   -2.86  -50.40    0.36    2.06   -5.40   91.51    8.086054    6.578088    5.518695    4.581713    3.658544    2.899310    2.241150    1.665675    1.170633    0.756761    0.448792    0.239265    0.111707    0.042884    0.013442    9.877082    8.012832    6.663908    5.472589    4.306248    3.359766    2.555230    1.868610    1.289111    0.819051    0.476191    0.248350    0.110362    0.040851    0.012566     0.000     2.116     4.302    32.649     4.034     4.018     3.898     3.850   1.00552    8.572840    7.485356    6.718443    5.995605    5.227952    4.514495    3.816263    3.126981    2.449005    1.810342    1.246878    0.785967    0.443157    0.224432    0.087060   10.213891    8.887064    7.950960    7.057190    6.106221    5.229851    4.386180    3.558272    2.756225    2.011928    1.366855    0.849987    0.472575    0.235300    0.089279     0.000     2.141     3.855    14.466     3.752     3.731     3.614     3.584   0.98485
    225401  10  9347.4 603756      9999 20191128   35211.4   56811.4  402429.4  33.8636631  -91.2271751    663987.63   3748453.33    438219.61   1210747.64  166.34  167.91  121.84  121.52   44.88  49388.478     90.752  123.51    2.31    3.10   -1.80   93.37 -108.00  -50.00  120.00 -109.23  -49.98 -108.49   -1.92  -49.65   -0.17    1.85   -4.98   92.27    8.378769    6.694843    5.609116    4.668433    3.772906    3.016202    2.344694    1.738364    1.219517    0.794642    0.473109    0.254836    0.118946    0.043388    0.013298    9.547439    7.500635    6.228783    5.136083    4.121086    3.266721    2.514642    1.843420    1.275347    0.815921    0.477159    0.251297    0.114872    0.040824    0.013719     0.000     1.715     4.444    31.597     4.010     3.994     3.870     3.856   0.97311    8.871162    7.899842    7.124214    6.357874    5.514080    4.724445    3.965287    3.225848    2.510383    1.849788    1.272388    0.800673    0.453840    0.226300    0.085912   10.288094    9.115591    8.176319    7.262803    6.257675    5.328042    4.440278    3.585558    2.767297    2.021207    1.377533    0.857610    0.480033    0.236771    0.088604     0.000     2.202     4.215    15.310     3.765     3.727     3.650     3.605   1.04237
    225401  10  9351.4 603756      9999 20191128   35215.4   56815.4  402433.4  33.8635304  -91.2248022    664207.40   3748442.40    438438.04   1210743.78  168.19  169.77  123.06  122.93   45.53  49388.583     90.954  124.73    2.43   -0.20   -2.13   93.45 -108.00  -50.00  120.00 -108.43  -50.92 -107.41   -0.95  -52.00    1.71    3.00   -4.37   92.97    7.941807    6.254818    5.203454    4.329307    3.493405    2.793612    2.180444    1.641661    1.177491    0.788214    0.486322    0.265082    0.128730    0.051421    0.015860    8.945398    6.997438    5.771151    4.756330    3.795953    3.001661    2.316083    1.723101    1.221133    0.805752    0.488650    0.262386    0.123810    0.048211    0.015516    27.314     2.153     4.624    32.263     4.012     4.006     3.895     3.870   0.99363    8.789804    7.706587    6.923738    6.191302    5.409027    4.666923    3.935096    3.216151    2.523052    1.873624    1.295733    0.814623    0.457191    0.223709    0.081813   10.172577    8.820204    7.874069    7.006736    6.087410    5.226460    4.385922    3.565025    2.778979    2.047406    1.404398    0.873579    0.485050    0.234529    0.084809     0.000     1.642     4.705    14.958     3.765     3.728     3.629     3.592   1.01834
    225401  10  9355.4 603756      9999 20191128   35219.4   56819.4  402437.4  33.8634212  -91.2224524    664424.99   3748434.04    438654.21   1210742.43  168.97  170.55  123.76  122.96   45.61  49388.877     91.331  125.44    2.24    1.86   -2.09   93.28 -108.00  -50.00  120.00 -108.77  -50.03 -107.90   -3.70  -50.93    0.89   -1.20   -4.43   91.22    7.333540    5.752936    4.826772    4.078850    3.368130    2.740939    2.154119    1.612167    1.145406    0.765409    0.456721    0.259441    0.127409    0.056256    0.018540    8.559689    6.569075    5.461548    4.584655    3.764187    3.042503    2.368459    1.746159    1.217777    0.795937    0.462990    0.255325    0.122955    0.051959    0.017703     0.000     2.074     4.601    31.951     4.004     3.986     3.870     3.863   0.98400    8.534207    7.427209    6.652154    5.948674    5.224172    4.535818    3.840016    3.142561    2.471042    1.859450    1.288512    0.824304    0.466868    0.225675    0.081913   10.087547    8.728399    7.777033    6.913424    6.036228    5.207623    4.376223    3.548512    2.757334    2.049088    1.403028    0.887890    0.494646    0.235868    0.084029     0.000     1.846     5.177    15.393     3.767     3.749     3.640     3.612   1.04802
    225401  10  9359.4 603756      9999 20191128   35223.4   56823.4  402441.4  33.8633059  -91.2201079    664642.11   3748425.01    438869.94   1210740.39  171.34  172.91  125.96  126.06   45.78  49389.657     92.198  127.63    2.44   -1.37   -1.28   92.68 -108.00  -50.00  120.00 -108.69  -50.51 -107.78   -1.49  -51.20    1.35    2.41   -4.66   91.91    6.795758    5.313312    4.448990    3.769350    3.130846    2.563141    2.012582    1.493860    1.050136    0.677251    0.413726    0.225543    0.107044    0.042907    0.013664    8.401909    6.446339    5.341904    4.464410    3.666017    2.961629    2.291219    1.669035    1.149560    0.722345    0.432074    0.227571    0.104833    0.039753    0.013410     0.000     2.140     5.681    31.977     4.005     4.011     3.886     3.872   0.98483    8.070742    6.989500    6.294292    5.653560    4.974283    4.328993    3.672735    3.005441    2.348986    1.736891    1.197042    0.757905    0.427241    0.206767    0.073653    9.789737    8.434387    7.557322    6.750874    5.896997    5.094266    4.283444    3.465138    2.676098    1.950621    1.327111    0.824954    0.456773    0.216634    0.075604     0.000     1.987     5.040    15.190     3.747     3.733     3.629     3.595   1.03422
    225401  10  9363.4 603756      9999 20191128   35227.4   56827.4  402445.4  33.8632321  -91.2177706    664858.49   3748420.57    439084.78   1210742.95  173.27  174.85  127.94  128.10   45.72  49390.413     93.017  129.62    3.08    0.29   -2.30   91.91 -108.00  -50.00  120.00 -109.45  -49.41 -107.95   -3.01  -50.97    0.97   -0.80   -3.89   90.28    6.568108    5.149986    4.306392    3.658645    3.033431    2.484745    1.956051    1.465617    1.029954    0.667920    0.393209    0.207263    0.094291    0.036285    0.010585    8.584454    6.591864    5.431499    4.560699    3.731913    3.011238    2.331553    1.712458    1.173477    0.738625    0.419960    0.211947    0.091401    0.033083    0.010107    48.692     2.211     4.495    31.096     4.005     4.009     3.873     3.828   0.95769    7.782261    6.755353    6.082537    5.462308    4.811901    4.192046    3.553315    2.901257    2.264722    1.668760    1.150726    0.723475    0.403676    0.195379    0.070617    9.927192    8.554159    7.661959    6.832337    5.975961    5.161200    4.333160    3.491813    2.686207    1.945565    1.315016    0.809787    0.443335    0.210065    0.074822     0.000     2.398     5.588    15.839     3.769     3.735     3.633     3.601   1.07841
    225401  10  9367.4 603756      9999 20191128   35231.4   56831.4  402449.4  33.8631858  -91.2154459    665073.64   3748419.17    439298.31   1210748.53  171.91  173.49  127.09  125.69   45.23  49390.565     93.214  128.76    1.48    2.43   -2.41   91.90 -108.00  -50.00  120.00 -108.50  -49.72 -108.09   -4.58  -50.12    0.80   -0.47   -5.12   89.42    6.596378    5.189923    4.391291    3.749489    3.125772    2.572037    2.024160    1.503470    1.040337    0.667097    0.387806    0.197097    0.084748    0.029604    0.007645    8.697180    6.747926    5.662733    4.780719    3.935028    3.187859    2.460417    1.790287    1.207643    0.754639    0.424457    0.206657    0.083947    0.027805    0.006936   108.321     1.864     4.531    32.616     4.024     4.016     3.900     3.867   1.00449    7.935056    6.876768    6.211160    5.597741    4.965513    4.347427    3.687099    2.998648    2.321435    1.688824    1.138480    0.700761    0.384499    0.185723    0.066256    9.791278    8.438426    7.588031    6.815150    6.019739    5.244888    4.418122    3.554924    2.715849    1.942936    1.286484    0.775804    0.417386    0.198405    0.069373     0.000     1.576     5.395    15.210     3.761     3.733     3.626     3.604   1.03558
    225401  10  9371.4 603756      9999 20191128   35235.4   56835.4  402453.4  33.8631128  -91.2131022    665290.60   3748414.84    439513.72   1210751.22  170.22  171.80  126.12  125.13   44.50  49390.080     92.791  127.80    2.15    4.14   -1.20   93.04 -108.00  -50.00  120.00 -109.25  -48.99 -108.19   -2.85  -50.30    0.69    2.76   -6.19   91.46    7.400001    5.960642    5.079017    4.357546    3.638293    2.976016    2.312591    1.684758    1.129143    0.689401    0.379277    0.183797    0.079404    0.030165    0.009022    9.593816    7.637723    6.446812    5.469095    4.508018    3.634170    2.772177    1.977095    1.291305    0.763019    0.403755    0.188755    0.077217    0.028040    0.008749     0.000     2.021     4.420    31.636     3.992     3.993     3.874     3.839   0.97431    8.293825    7.320359    6.646173    6.018268    5.335575    4.650616    3.918602    3.150379    2.393016    1.702771    1.125473    0.666822    0.352361    0.166829    0.053786   10.375938    9.093840    8.222169    7.411261    6.533654    5.657586    4.727442    3.752779    2.805658    1.956744    1.267424    0.732831    0.379162    0.176921    0.055705     0.000     1.662     5.264    15.626     3.764     3.738     3.641     3.626   1.06389
    225401  10  9375.4 603756      9999 20191128   35239.4   56839.4  402457.4  33.8629728  -91.2107540    665508.11   3748403.10    439729.93   1210746.46  170.02  171.60  126.49  124.92   43.94  49389.994     92.807  128.16    1.82    0.36   -1.22   93.76 -108.00  -50.00  120.00 -108.88  -50.26 -107.91    1.04  -50.82    1.30    5.58   -4.66   94.34    7.941788    6.703922    5.794299    4.962709    4.070607    3.255242    2.478533    1.757130    1.151111    0.682044    0.356440    0.168617    0.065455    0.023308    0.006498   10.171692    8.533252    7.312323    6.211433    5.021874    3.954621    2.952487    2.046631    1.304780    0.749115    0.376531    0.170624    0.063859    0.021711    0.006470    65.030     1.420     4.531    32.288     4.035     4.004     3.857     3.854   0.99439    8.652999    7.729823    7.080808    6.433907    5.707552    4.963312    4.166160    3.323132    2.488484    1.726762    1.100236    0.631237    0.326597    0.150591    0.049592   10.683200    9.530038    8.709295    7.879153    6.937946    5.983395    4.971353    3.914920    2.885852    1.966988    1.229401    0.692426    0.351761    0.159889    0.052675     0.000     1.542     4.911    14.945     3.758     3.729     3.631     3.600   1.01753
    225401  10  9379.4 603756      9999 20191128   35243.4   56843.4  402461.4  33.8628352  -91.2083988    665726.27   3748391.63    439946.77   1210742.00  169.67  171.24  126.40  125.62   43.67  49390.427     93.339  128.08    1.32   -0.36   -2.44   93.61 -108.00  -50.00  120.00 -109.26  -49.27 -108.47   -2.85  -49.76    0.78   -1.95   -3.01   92.07    7.969681    6.759670    5.875448    5.074618    4.203798    3.389658    2.593194    1.844045    1.211901    0.716900    0.374354    0.175217    0.074477    0.030516    0.010992   10.266691    8.602789    7.420458    6.353205    5.200465    4.141164    3.120587    2.178559    1.400796    0.806965    0.408207    0.185308    0.075780    0.030653    0.011228     0.000     1.972     4.471    32.126     4.014     3.998     3.884     3.871   0.98938    8.872368    8.030569    7.403571    6.756129    6.001927    5.214537    4.367778    3.474226    2.589097    1.785733    1.126281    0.644211    0.336615    0.161395    0.060899   10.874046    9.799824    9.009875    8.192517    7.241418    6.250935    5.191676    4.083732    3.000724    2.034853    1.258872    0.705225    0.360989    0.169998    0.062485     0.000     2.036     4.627    15.317     3.771     3.751     3.631     3.613   1.04287
    225401  10  9383.4 603756      9999 20191128   35247.4   56847.4  402465.4  33.8627306  -91.2060204    665946.50   3748383.87    440165.55   1210741.34  168.23  169.80  124.73  122.62   43.91  49390.569     93.563  126.40    1.55    2.45   -1.22   93.31 -108.00  -50.00  120.00 -109.44  -49.11 -108.79   -4.41  -48.85    0.08   -0.51   -5.07   90.94    8.247118    6.975229    6.082727    5.236919    4.341979    3.513525    2.707125    1.947285    1.300406    0.784817    0.416422    0.194862    0.082631    0.037687    0.014892   10.327538    8.660355    7.495272    6.394845    5.227569    4.167522    3.156772    2.226971    1.454380    0.855732    0.440889    0.199761    0.082808    0.036810    0.015005     0.000     1.747     4.326    31.791     4.004     3.999     3.861     3.853   0.97905    8.714189    7.914129    7.304170    6.688806    5.972697    5.216856    4.392373    3.517738    2.644556    1.828470    1.139409    0.633086    0.317576    0.143870    0.046675   10.511116    9.519316    8.750656    7.982868    7.087654    6.150171    5.134183    4.070502    3.023468    2.059524    1.260044    0.685763    0.335771    0.148896    0.046735     0.000     1.952     4.316    15.452     3.749     3.743     3.632     3.619   1.05208
    225401  10  9387.4 603756      9999 20191128   35251.4   56851.4  402469.4  33.8626025  -91.2036270    666168.18   3748373.53    440385.84   1210738.14  165.78  167.36  122.12  120.52   44.08  49391.074     94.163  123.79    1.91   -0.44   -1.39   93.25 -108.00  -50.00  120.00 -109.63  -49.26 -108.64    0.55  -49.39    0.46    4.26   -4.37   93.58    8.871330    7.567004    6.605590    5.673075    4.658584    3.713045    2.814824    2.003231    1.319168    0.777318    0.402248    0.181915    0.075620    0.029329    0.010879   10.455351    8.844054    7.662015    6.525790    5.291689    4.160822    3.102992    2.168483    1.398294    0.803549    0.404212    0.177695    0.071193    0.026170    0.010274    75.091     1.847     4.146    31.474     4.069     4.036     3.910     3.898   0.96930    9.091240    8.311269    7.682990    7.026288    6.237888    5.410366    4.523548    3.603842    2.695540    1.852323    1.137363    0.615212    0.294585    0.126014    0.035930   10.719424    9.759108    8.987840    8.190069    7.230746    6.224335    5.157769    4.068306    3.002323    2.031250    1.226595    0.653248    0.307934    0.130192    0.036981     0.000     1.490     3.945    15.503     3.766     3.743     3.622     3.617   1.05560
    225401  10  9391.4 603756      9999 20191128   35255.4   56855.4  402473.4  33.8624976  -91.2012245    666390.64   3748365.79    440606.83   1210737.57  165.57  167.14  122.01  119.96   43.98  49391.300     94.470  123.68    1.97   -0.69   -1.39   92.42 -108.00  -50.00  120.00 -107.79  -51.59 -107.62    0.45  -51.11    0.50    0.20   -2.58   92.63    9.409242    8.012797    6.969035    5.956476    4.855242    3.835902    2.868833    2.006130    1.289115    0.739236    0.373376    0.169263    0.073866    0.031895    0.013936   10.438837    8.836158    7.639705    6.493960    5.251275    4.110964    3.037848    2.095166    1.322359    0.741674    0.365058    0.161335    0.069440    0.029339    0.014041     0.000     2.051     3.940    33.156     4.024     4.015     3.882     3.883   1.02108    9.653786    8.852339    8.173230    7.457433    6.584959    5.669808    4.697274    3.697971    2.720043    1.829996    1.104629    0.595596    0.292350    0.128712    0.044073   10.837695    9.891029    9.114967    8.289590    7.296207    6.251459    5.148782    4.026077    2.935176    1.953393    1.167227    0.624234    0.304783    0.134524    0.046505     0.000     2.064     3.694    14.409     3.747     3.718     3.625     3.595   0.98110
    225401  10  9395.4 603756      9999 20191128   35259.4   56859.4  402477.4  33.8624336  -91.1988281    666612.46   3748362.57    440827.03   1210741.54  166.15  167.72  122.52  120.66   44.04  49391.570     94.797  124.19    3.05    0.03   -0.81   91.42 -108.00  -50.00  120.00 -109.11  -50.03 -107.96   -2.66  -51.01    0.83   -2.78   -2.94   89.93    9.189244    7.783312    6.763868    5.790294    4.739633    3.763046    2.811805    1.950624    1.236852    0.694189    0.343899    0.152844    0.064904    0.024213    0.008921   10.594010    8.874737    7.652016    6.491558    5.250131    4.116625    3.027971    2.060476    1.277034    0.696158    0.331976    0.141119    0.057701    0.020777    0.008423     0.000     2.073     3.759    31.134     4.002     3.989     3.861     3.864   0.95881    9.375064    8.627644    7.976536    7.287466    6.449386    5.564801    4.612467    3.618232    2.640608    1.758672    1.056286    0.574879    0.289026    0.135617    0.051749   11.102674   10.153335    9.345426    8.494251    7.475101    6.403012    5.257244    4.080332    2.937741    1.926325    1.139552    0.612637    0.304560    0.142526    0.054042     0.000     2.076     3.501    15.743     3.770     3.756     3.637     3.615   1.07193
    225401  10  9399.4 603756      9999 20191128   35263.4   56863.4  402481.4  33.8624110  -91.1964612    666831.47   3748363.90    441044.29   1210750.00  172.11  173.69  128.47  126.84   44.05  49391.981     95.242  130.14    3.02    3.33   -0.58   91.07 -108.00  -50.00  120.00 -106.52  -52.94 -105.77   -2.99  -54.56    2.43   -1.35   -4.54   89.37    8.197000    6.924052    5.951815    5.058166    4.183782    3.311293    2.483337    1.723440    1.097423    0.622994    0.313864    0.138391    0.054376    0.016316    0.004275   10.244066    8.580293    7.314927    6.165373    5.026807    3.915709    2.881894    1.956666    1.212454    0.667874    0.325725    0.137961    0.051044    0.015859    0.004152     0.000     2.164     3.640    33.771     4.032     4.022     3.904     3.868   1.04002    9.388702    8.488174    7.790083    7.062581    6.212955    5.337426    4.407671    3.449874    2.517554    1.680109    1.009471    0.549261    0.275860    0.127732    0.046478   11.476488   10.357867    9.478172    8.560013    7.484809    6.379768    5.217304    4.036327    2.903360    1.902126    1.120420    0.597451    0.294210    0.133120    0.047488     0.000     1.896     3.339    14.095     3.756     3.736     3.616     3.584   0.95971
    225401  10  9403.4 603756      9999 20191128   35267.4   56867.4  402485.4  33.8623687  -91.1941255    667047.64   3748363.01    441258.80   1210756.12  177.42  179.00  133.70  133.12   44.12  49391.996     95.302  135.38    2.59    4.73   -0.91   92.29 -108.00  -50.00  120.00 -107.82  -52.51 -106.59    0.76  -53.62    1.93    5.07   -4.44   92.67    7.006791    5.969312    5.181238    4.444713    3.628870    2.869906    2.153001    1.512745    0.985149    0.577962    0.299156    0.135096    0.057426    0.020880    0.007111   10.249278    8.620302    7.389084    6.257833    4.999761    3.861483    2.816018    1.918579    1.208724    0.682264    0.336128    0.143417    0.057924    0.020312    0.007178     0.000     1.894     3.457    32.616     4.010     3.991     3.871     3.843   1.00445    8.196596    7.444006    6.859748    6.243819    5.509266    4.745064    3.934760    3.110648    2.306661    1.577297    0.974969    0.544257    0.273723    0.124876    0.039969   11.099615   10.039989    9.208087    8.335855    7.291119    6.218627    5.089894    3.957110    2.875236    1.920177    1.154731    0.625067    0.304982    0.134148    0.040772     0.000     2.284     3.290    13.960     3.741     3.708     3.636     3.593   0.95054
    225401  10  9407.4 603756      9999 20191128   35271.4   56871.4  402489.4  33.8622586  -91.1918092    667262.15   3748354.57    441471.92   1210754.59  184.98  186.55  141.04  141.10   44.34  49392.042     95.432  142.72    3.08    1.74    0.27   93.52 -108.00  -50.00  120.00 -108.09  -51.60 -107.19    4.12  -52.27    3.02    5.91   -3.25   95.73    5.480409    4.770998    4.161843    3.592032    2.933514    2.314258    1.738051    1.239997    0.825725    0.491892    0.256142    0.117011    0.050626    0.022269    0.009930    9.693181    8.263003    7.055891    5.968891    4.732204    3.614872    2.615676    1.793745    1.139319    0.638537    0.309800    0.130695    0.051859    0.020810    0.009157     0.000     2.396     3.424    32.284     4.000     3.988     3.861     3.836   0.99421    7.301532    6.653890    6.134614    5.574356    4.901759    4.197970    3.471253    2.753047    2.064166    1.424807    0.881497    0.482908    0.238081    0.102932    0.029222   10.993612    9.974347    9.163784    8.272886    7.200864    6.083326    4.944371    3.833223    2.797495    1.867680    1.111949    0.585804    0.279294    0.118281    0.033774     0.000     2.567     3.305    14.739     3.722     3.702     3.627     3.568   1.00360
    225401  10  9411.4 603756      9999 20191128   35275.4   56875.4  402493.4  33.8621122  -91.1895211    667474.12   3748342.05    441682.66   1210748.88  190.41  191.99  146.33  145.95   44.49  49392.234     95.729  148.00    1.03    0.63   -0.61   94.21 -108.00  -50.00  120.00 -109.00  -50.50 -106.96    1.90  -52.82    1.71    1.08   -1.64   95.18    4.749960    3.915407    3.331747    2.841913    2.323301    1.860080    1.412820    1.013349    0.679613    0.407771    0.213975    0.101124    0.046648    0.018820    0.007139    9.404832    7.436987    6.140745    5.094095    4.035574    3.130196    2.279851    1.557903    0.987316    0.555711    0.272545    0.120160    0.052700    0.018715    0.006753     0.000     2.021     3.588    32.679     3.996     3.980     3.855     3.853   1.00638    6.503997    5.844845    5.335814    4.817252    4.228272    3.633955    3.021307    2.408427    1.817918    1.266417    0.798031    0.449088    0.228345    0.105834    0.033054   10.541484    9.390630    8.499519    7.588359    6.574010    5.560686    4.523694    3.507989    2.561857    1.714437    1.033932    0.555739    0.269711    0.120252    0.036130     0.000     2.016     3.280    14.407     3.723     3.709     3.607     3.577   0.98100
    225401  10  9415.4 603756      9999 20191128   35279.4   56879.4  402497.4  33.8619781  -91.1872230    667686.98   3748330.94    441894.24   1210744.61  184.00  185.58  140.03  139.18   44.38  49392.287     95.880  141.70   -0.38    1.99   -1.36   93.99 -108.00  -50.00  120.00 -111.16  -44.83 -110.98   -1.38  -44.34    0.52    1.17   -3.04   93.24    4.666042    3.756858    3.133464    2.654133    2.168314    1.731735    1.287550    0.887505    0.565700    0.321844    0.159018    0.074655    0.030639    0.010935    0.003841    9.377336    7.287532    5.931515    4.918969    3.911463    3.029965    2.166143    1.427797    0.861260    0.458983    0.210632    0.092200    0.035376    0.010018    0.003628    58.080     1.976     3.696    31.004     3.990     3.987     3.861     3.867   0.95479    6.600099    5.780791    5.179924    4.629321    4.051562    3.479818    2.869610    2.249952    1.662616    1.141046    0.716995    0.405872    0.212983    0.101189    0.035553   10.314470    8.981207    7.985168    7.068186    6.111413    5.171567    4.174883    3.186931    2.278657    1.506050    0.909893    0.494426    0.249713    0.115964    0.039729     0.000     1.705     3.386    16.882     3.777     3.747     3.637     3.623   1.14953
    225401  10  9419.4 603756      9999 20191128   35283.4   56883.4  402501.4  33.8618395  -91.1848710    667904.85   3748319.40    442110.79   1210740.07  176.46  178.04  132.19  131.43   44.67  49392.425     96.118  133.87    0.21    0.13   -0.84   93.59 -108.00  -50.00  120.00 -111.05  -46.41 -110.70   -0.46  -44.61   -1.49    0.98   -3.24   93.32    5.974781    4.846995    4.065923    3.436280    2.811614    2.253744    1.696608    1.171117    0.743882    0.412309    0.213195    0.101470    0.050395    0.027983    0.013587    9.564170    7.558841    6.243775    5.168358    4.139062    3.241526    2.370597    1.585145    0.971995    0.519511    0.258776    0.117542    0.055995    0.032066    0.014640   330.980     2.000     3.865    30.910     4.024     4.031     3.967     3.969   0.95190    6.957360    6.119894    5.489628    4.921361    4.302713    3.691244    3.030093    2.345261    1.696393    1.132805    0.689265    0.385411    0.200998    0.096968    0.036225    9.760944    8.530037    7.588385    6.747816    5.835296    4.944223    3.991037    3.022163    2.128087    1.376534    0.808785    0.437267    0.221776    0.104032    0.038318     0.000     2.040     3.494    16.265     3.770     3.749     3.629     3.626   1.10756
    225401  10  9423.4 603756      9999 20191128   35287.4   56887.4  402505.4  33.8617275  -91.1824986    668124.56   3748310.86    442329.07   1210738.62  171.09  172.67  126.49  128.69   45.00  49392.553     96.333  128.17    1.81    1.36   -1.37   92.66 -108.00  -50.00  120.00 -110.65  -46.63 -110.14    0.01  -46.30    0.14    0.98   -2.56   92.64    6.982092    5.590827    4.675351    3.916516    3.173563    2.506929    1.848542    1.254583    0.786471    0.443092    0.220307    0.099731    0.045106    0.020016    0.008773    9.572539    7.499921    6.189747    5.099518    4.062867    3.149333    2.271841    1.496122    0.907685    0.492852    0.235084    0.103158    0.044382    0.019849    0.008627     0.000     1.749     4.053    30.263     3.985     3.974     3.854     3.837   0.93196    7.884506    6.954822    6.236623    5.567356    4.851041    4.140572    3.378366    2.593599    1.855098    1.218355    0.725853    0.396385    0.201479    0.096631    0.036833   10.219129    8.965167    7.979190    7.074672    6.109128    5.159560    4.151727    3.132659    2.194196    1.407941    0.818262    0.436240    0.216561    0.101329    0.037463     0.000     1.725     3.714    16.915     3.796     3.762     3.660     3.632   1.15185
    225401  10  9427.4 603756      9999 20191128   35291.4   56891.4  402509.4  33.8616519  -91.1801388    668343.02   3748306.34    442545.98   1210741.17  171.43  173.00  126.77  129.05   45.05  49392.799     96.643  128.45    1.62    0.53   -1.36   91.64 -108.00  -50.00  120.00 -107.89  -52.36 -107.17   -1.50  -52.00    0.21   -0.59   -2.83   90.84    7.527952    5.927356    4.914250    4.113262    3.342293    2.646072    1.950598    1.322263    0.814916    0.447342    0.212162    0.092323    0.038336    0.015632    0.006542    9.179538    7.115707    5.829320    4.833997    3.885247    3.037692    2.205853    1.465605    0.883958    0.473956    0.218134    0.092486    0.035659    0.015288    0.006088     0.000     1.893     4.260    33.311     4.037     4.033     3.902     3.878   1.02584    8.407396    7.337127    6.570755    5.857789    5.109006    4.372759    3.569835    2.733140    1.947141    1.273522    0.760507    0.414730    0.211143    0.103217    0.039376   10.101960    8.745226    7.791823    6.907851    5.989428    5.092910    4.120061    3.118662    2.189691    1.409405    0.826458    0.442799    0.222702    0.106443    0.039838     0.000     1.525     3.987    13.715     3.726     3.709     3.608     3.592   0.93392
    225401  10  9431.4 603756      9999 20191128   35295.4   56895.4  402513.4  33.8616215  -91.1777982    668559.62   3748306.81    442760.88   1210748.68  170.91  172.48  125.67  127.00   45.64  49392.855     96.737  127.34    1.27    2.48   -1.04   91.43 -108.00  -50.00  120.00 -109.04  -49.67 -108.45   -1.47  -49.85    2.06   -0.50   -3.29   90.59    7.068190    5.474751    4.552536    3.827755    3.138902    2.507677    1.866104    1.280158    0.809976    0.460331    0.234348    0.109167    0.047741    0.019575    0.007044    8.743839    6.680667    5.490440    4.564841    3.692674    2.909453    2.130683    1.432918    0.887077    0.491670    0.244377    0.110792    0.047552    0.019971    0.007625     0.000     2.208     4.813    31.980     4.002     4.002     3.876     3.869   0.98484    8.420105    7.272862    6.500822    5.813870    5.104150    4.392818    3.606712    2.782533    1.997809    1.317795    0.789488    0.433432    0.224161    0.109211    0.040775   10.200255    8.743530    7.782032    6.919864    6.043355    5.164391    4.201414    3.203003    2.266355    1.472565    0.867337    0.467599    0.238006    0.113235    0.040724     0.000     2.517     4.632    15.304     3.760     3.735     3.637     3.608   1.04213
    225401  10  9435.4 603756      9999 20191128   35299.4   56899.4  402517.4  33.8615666  -91.1754745    668774.70   3748304.53    442974.35   1210753.38  169.24  170.82  123.26  123.20   46.37  49393.238     97.172  124.94    2.81    4.57   -1.49   92.23 -108.00  -50.00  120.00 -109.87  -49.19 -108.54    2.54  -49.79    0.61    6.14   -3.20   93.57    7.498848    5.876964    4.916133    4.174629    3.451541    2.785790    2.109871    1.483842    0.970710    0.571429    0.299498    0.143553    0.066488    0.025000    0.009061    8.906012    6.872170    5.699087    4.793834    3.920167    3.125685    2.333953    1.612991    1.031537    0.590834    0.299943    0.137605    0.060947    0.022272    0.008525     0.000     1.940     4.984    30.575     3.987     3.975     3.845     3.842   0.94158    8.141907    7.095014    6.389431    5.743599    5.072879    4.399662    3.648686    2.853549    2.085020    1.402252    0.855264    0.473338    0.239375    0.112845    0.036528    9.797467    8.477271    7.592379    6.788437    5.958969    5.130252    4.221529    3.269833    2.362573    1.569135    0.943193    0.514382    0.255635    0.118753    0.037209     0.000     2.075     4.955    15.864     3.763     3.740     3.650     3.618   1.08024
    225401  10  9439.4 603756      9999 20191128   35303.4   56903.4  402521.4  33.8614733  -91.1731832    668986.87   3748297.94    443185.08   1210753.65  171.45  173.03  124.81  125.86   47.03  49394.323     98.332  126.49    2.63    2.65   -0.16   93.17 -108.00  -50.00  120.00 -107.53  -52.93 -106.52    0.08  -53.33    0.63    0.52   -2.92   93.09    7.776302    6.362467    5.443385    4.666743    3.839317    3.093112    2.358564    1.686376    1.126752    0.683392    0.372792    0.201481    0.091062    0.052556    0.016964    9.058496    7.419335    6.343586    5.401824    4.400171    3.503463    2.636436    1.861799    1.224223    0.723263    0.375185    0.195918    0.101332    0.054067    0.023207   947.720     2.421     5.121    33.222     4.204     4.133     4.216     4.240   1.02308    8.639100    7.636747    6.914450    6.258221    5.531371    4.789246    3.983064    3.142307    2.327338    1.587496    0.977567    0.541639    0.269168    0.120913    0.037970    9.903719    8.739556    7.904553    7.143617    6.294182    5.427627    4.494213    3.525189    2.593044    1.754168    1.071302    0.586240    0.285721    0.127057    0.038453     0.000     1.805     5.284    13.700     3.735     3.703     3.638     3.616   0.93289
    225401  10  9443.4 603756      9999 20191128   35307.4   56907.4  402525.4  33.8613455  -91.1709135    669197.10   3748287.51    443394.03   1210749.98  173.20  174.77  125.79  127.65   47.79  49395.202     99.305  127.46    1.11   -0.83   -1.78   93.23 -108.00  -50.00  120.00 -107.55  -52.94 -107.26    1.38  -51.49    0.49    3.53   -2.51   93.99    7.295049    6.271847    5.504117    4.781866    3.962867    3.177121    2.425370    1.769770    1.220695    0.762303    0.423116    0.208342    0.096279    0.047091    0.017952    8.502268    7.230421    6.300473    5.437652    4.475047    3.559356    2.688560    1.942360    1.324994    0.816390    0.447305    0.217954    0.095982    0.044604    0.015811     0.000     2.786     5.206    33.743     4.054     4.015     3.907     3.867   1.03911    8.466608    7.662722    7.066749    6.439860    5.705621    4.928665    4.121639    3.306235    2.506072    1.747998    1.094529    0.607503    0.291413    0.124424    0.032605    9.740498    8.771876    8.062718    7.329454    6.473128    5.566997    4.634709    3.696289    2.783272    1.926176    1.195515    0.655303    0.308300    0.130869    0.033049     0.000     2.101     5.667    13.313     3.684     3.657     3.565     3.542   0.90661
    225401  10  9447.4 603756      9999 20191128   35311.4   56911.4  402529.4  33.8612509  -91.1686404    669407.59   3748280.76    443603.10   1210750.03  170.93  172.50  124.91  122.50   46.39  49391.134     95.312  126.58    2.59   -0.83   -0.77   92.61 -108.00  -50.00  120.00 -110.17  -48.95 -108.82   -2.06  -49.26   -0.10   -2.09   -2.82   91.46    6.442575    4.965460    4.250344    3.721241    3.181457    2.648791    2.101936    1.591754    1.136252    0.741625    0.439603    0.232385    0.104952    0.044733    0.010406    7.902192    5.895877    4.980536    4.325228    3.672269    3.020510    2.359213    1.751538    1.219158    0.775325    0.456051    0.232847    0.097255    0.038768    0.009387    26.710     2.515     5.994    30.497     3.988     3.980     3.864     3.853   0.93914    7.405722    6.508529    5.949096    5.434737    4.866816    4.288569    3.660653    3.011269    2.359175    1.716632    1.118030    0.637356    0.320944    0.141888    0.040422    9.039189    7.841135    7.115930    6.473164    5.767856    5.057766    4.290626    3.497140    2.710925    1.946370    1.248749    0.702245    0.347038    0.153457    0.043706     0.000     2.572     5.916    15.932     3.792     3.765     3.676     3.637   1.08492
    225401  10  9451.4 603756      9999 20191128   35315.4   56915.4  402533.4  33.8611813  -91.1663716    669617.63   3748276.78    443811.63   1210752.85  173.43  175.00  127.13  125.70   46.66  49392.104     96.344  128.80    1.81    3.21   -0.79   92.48 -108.00  -50.00  120.00 -107.34  -52.79 -106.23   -3.51  -53.62    1.35   -2.90   -4.26   90.44    5.702732    4.196492    3.518553    3.053311    2.600499    2.149140    1.688563    1.256506    0.880150    0.568192    0.332435    0.173167    0.085168    0.039092    0.011878    6.803152    4.905524    4.059382    3.498217    2.942671    2.407876    1.865594    1.365954    0.940181    0.595828    0.341580    0.177726    0.085193    0.038234    0.012467     0.000     2.346     5.152    33.787     4.008     4.011     3.874     3.861   1.04047    7.607198    6.319586    5.648731    5.127475    4.582257    4.030538    3.425500    2.797548    2.177309    1.580148    1.048768    0.616337    0.328964    0.155583    0.052453    8.936171    7.379227    6.560113    5.923018    5.264983    4.605304    3.883372    3.143930    2.422884    1.739572    1.142217    0.669171    0.351986    0.164738    0.055020     0.000     2.278     5.874    13.523     3.724     3.694     3.605     3.586   0.92089
    225401  10  9455.4 603756      9999 20191128   35319.4   56919.4  402537.4  33.8610893  -91.1640982    669828.13   3748270.33    444020.71   1210753.20  172.66  174.23  124.95  125.51   48.06  49392.927     97.240  126.63    1.59    0.64   -1.78   92.78 -108.00  -50.00  120.00 -109.65  -49.46 -108.48    2.70  -49.99    1.44    5.48   -3.41   94.24    5.589580    4.011632    3.351739    2.868048    2.421160    2.000023    1.564937    1.154481    0.805920    0.515802    0.296902    0.154678    0.070882    0.026100    0.007525    6.847092    4.827059    3.986588    3.395548    2.843224    2.328520    1.799279    1.303733    0.890460    0.553802    0.307691    0.153849    0.066399    0.023120    0.006765     0.000     1.925     5.114    31.598     3.988     3.981     3.871     3.844   0.97304    7.125888    5.840735    5.162586    4.653677    4.130674    3.613794    3.058699    2.489155    1.939738    1.424790    0.968816    0.598296    0.330044    0.161189    0.057124    8.613775    6.965440    6.127165    5.493803    4.848354    4.216206    3.539331    2.851825    2.196866    1.593483    1.068603    0.650757    0.354035    0.170206    0.059391     0.000     1.763     5.444    15.266     3.765     3.746     3.632     3.603   1.03957
    225401  10  9459.4 603756      9999 20191128   35323.4   56923.4  402541.4  33.8609951  -91.1618250    670038.63   3748263.65    444229.78   1210753.32  170.51  172.08  125.12  125.99   45.73  49393.128     97.516  126.79    1.30    2.25   -1.52   93.12 -108.00  -50.00  120.00 -109.64  -48.95 -108.91    1.16  -48.74    0.90    2.20   -3.10   93.68    5.325005    3.894176    3.297233    2.933455    2.530028    2.120801    1.668904    1.230920    0.852303    0.535840    0.298212    0.148047    0.062216    0.022395    0.005541    6.485453    4.624968    3.882902    3.428473    2.935174    2.433558    1.891034    1.369747    0.932502    0.574245    0.311336    0.149504    0.059448    0.020896    0.004879   108.435     2.449     4.998    31.720     4.079     4.043     3.892     3.877   0.97678    7.012454    5.753825    5.164435    4.708009    4.235431    3.741724    3.179745    2.575088    1.983709    1.432162    0.951309    0.572301    0.309272    0.147017    0.050347    8.302432    6.761802    6.060143    5.515327    4.945635    4.349996    3.669584    2.944575    2.242469    1.597669    1.045082    0.618045    0.329333    0.154418    0.052283     0.000     2.435     5.080    15.432     3.748     3.744     3.637     3.598   1.05088
    225401  10  9463.4 603756      9999 20191128   35327.4   56927.4  402545.4  33.8608835  -91.1595496    670249.36   3748255.04    444439.16   1210751.51  166.99  168.56  121.92  121.55   45.41  49393.143     97.616  123.59    1.82    2.20   -2.97   93.62 -108.00  -50.00  120.00 -109.31  -49.50 -108.93   -2.08  -48.66   -0.28   -0.92   -2.76   92.45    6.264115    4.519876    3.813390    3.358039    2.871763    2.383304    1.844917    1.333635    0.904783    0.556575    0.304560    0.152348    0.069948    0.029660    0.010135    7.127877    5.066734    4.247535    3.713684    3.150700    2.587027    1.977617    1.405826    0.936473    0.562834    0.300412    0.146184    0.064674    0.026611    0.009568     0.000     2.159     4.801    31.591     3.992     3.997     3.859     3.841   0.97283    7.277828    5.962036    5.364681    4.899274    4.422677    3.902762    3.298796    2.648611    2.012927    1.427198    0.929978    0.544971    0.287775    0.135023    0.043761    8.436909    6.862330    6.122709    5.565677    4.995530    4.382354    3.674040    2.920989    2.193958    1.535705    0.986348    0.568924    0.296566    0.137489    0.044023     0.000     2.212     4.783    15.462     3.748     3.729     3.617     3.597   1.05295
    225401  10  9467.4 603756      9999 20191128   35331.4   56931.4  402549.4  33.8607619  -91.1572795    670459.62   3748245.31    444648.10   1210748.55  166.88  168.46  122.29  121.37   44.92  49392.899     97.464  123.96    3.59    2.17   -1.55   94.20 -108.00  -50.00  120.00 -108.74  -52.48 -106.88   -1.30  -53.09    0.07    1.96   -4.04   93.43    7.166337    5.207881    4.423705    3.875817    3.298720    2.703827    2.055164    1.441855    0.936024    0.538757    0.266599    0.120659    0.051934    0.018294    0.006284    7.700615    5.505606    4.640867    4.042458    3.416448    2.777898    2.087428    1.441327    0.915175    0.511920    0.242997    0.105136    0.043912    0.016558    0.006494    67.840     2.632     4.638    31.472     4.016     4.002     3.897     3.837   0.96914    7.549652    6.274546    5.665005    5.175443    4.654277    4.086148    3.417835    2.704938    2.013353    1.389657    0.877512    0.501628    0.256415    0.118256    0.036817    8.599760    7.084124    6.361396    5.790552    5.183613    4.525143    3.761209    2.948556    2.171848    1.481128    0.922611    0.520460    0.262481    0.120014    0.037114     0.000     2.206     4.442    14.338     3.738     3.720     3.608     3.596   0.97644
    225401  10  9471.4 603756      9999 20191128   35335.4   56935.4  402553.4  33.8606007  -91.1550408    670667.06   3748231.16    444854.40   1210741.04  171.41  172.98  125.97  125.74   45.73  49392.394     97.072  127.65    3.30   -0.53   -2.48   94.53 -108.00  -50.00  120.00 -106.69  -53.27 -105.78   -0.67  -54.59    2.43    3.16   -3.96   94.18    6.235149    4.633378    3.988025    3.516225    3.006865    2.472433    1.885869    1.320207    0.849261    0.481012    0.236237    0.103315    0.041130    0.017460    0.006925    7.260060    5.336428    4.570548    4.007679    3.400952    2.768127    2.083843    1.430877    0.901475    0.498080    0.238033    0.101898    0.039241    0.018633    0.008158     0.000     1.856     4.486    33.486     4.022     4.006     3.886     3.875   1.03118    7.948549    6.601440    5.960152    5.454062    4.906231    4.300548    3.585188    2.812666    2.053700    1.371041    0.824478    0.451099    0.229793    0.105123    0.036591    9.389226    7.750435    6.981059    6.367110    5.705466    4.977054    4.121341    3.203708    2.311627    1.520981    0.899878    0.486133    0.246154    0.113151    0.041198     0.000     2.017     4.159    14.023     3.747     3.727     3.618     3.596   0.95501
    225401  10  9475.4 603756      9999 20191128   35339.4   56939.4  402557.4  33.8604591  -91.1528261    670872.25   3748219.13    445058.38   1210735.61  173.94  175.51  128.66  128.76   45.56  49392.228     97.008  130.34    3.20    0.17   -3.02   94.00 -108.00  -50.00  120.00 -108.37  -51.38 -106.95   -4.13  -52.87    1.46   -0.42   -3.79   91.75    5.911819    4.586303    3.995012    3.525684    3.026658    2.500723    1.923578    1.361498    0.875404    0.496637    0.240301    0.101803    0.046141    0.021095    0.010560    7.884211    5.991816    5.148146    4.485836    3.798394    3.087138    2.324185    1.603284    0.995978    0.543358    0.250168    0.102422    0.043631    0.019666    0.010289     0.000     2.250     4.344    31.921     4.009     3.998     3.858     3.885   0.98298    7.253452    6.192782    5.661427    5.218585    4.715726    4.154309    3.490795    2.759898    2.026645    1.355558    0.815084    0.445344    0.227623    0.112778    0.043493    9.305123    7.901805    7.179081    6.586989    5.910644    5.164674    4.291298    3.343664    2.409347    1.574701    0.923687    0.491674    0.245502    0.119735    0.045276     0.000     2.238     4.034    14.999     3.741     3.719     3.628     3.599   1.02145
    225401  10  9479.4 603756      9999 20191128   35343.4   56943.4  402561.4  33.8603373  -91.1506188    671076.70   3748209.29    445261.57   1210732.35  176.17  177.74  132.85  131.12   43.59  49391.990     96.861  134.52    1.10   -2.24   -3.62   92.92 -108.00  -50.00  120.00 -107.68  -52.33 -106.57   -5.08  -53.10    1.81    0.57   -5.42   90.24    6.081818    4.713436    4.024381    3.478391    2.922394    2.386260    1.815067    1.274967    0.818951    0.469550    0.240575    0.118920    0.062171    0.035352    0.017850    8.725928    6.653811    5.587141    4.749181    3.922111    3.144645    2.336702    1.599013    0.996088    0.552189    0.273869    0.131542    0.066878    0.036487    0.017568     0.000     2.176     4.220    34.007     4.019     4.019     3.876     3.848   1.04719    7.662793    6.594057    5.972591    5.436589    4.858449    4.241517    3.536795    2.769510    2.008907    1.319557    0.777746    0.415498    0.208014    0.099289    0.037915    9.907785    8.491658    7.652964    6.930127    6.148928    5.324087    4.387765    3.384242    2.407535    1.546093    0.888093    0.463414    0.227322    0.107535    0.041540     0.000     1.537     3.843    13.369     3.714     3.690     3.576     3.554   0.91049
    225401  10  9483.4 603756      9999 20191128   35347.4   56947.4  402565.4  33.8602724  -91.1483770    671284.24   3748205.83    445467.60   1210735.62  171.14  172.72  131.83  129.86   39.57  49392.017     96.946  133.51    0.42    0.98   -3.03   91.94 -108.00  -50.00  120.00 -110.69  -47.00 -109.96   -8.23  -46.00   -0.73   -2.91   -5.73   87.57    6.279334    4.983417    4.252716    3.654932    3.058098    2.484002    1.885817    1.318489    0.840533    0.477053    0.240023    0.119232    0.062541    0.036457    0.019151    9.087944    7.060645    5.950522    5.058417    4.182101    3.343190    2.480791    1.689440    1.040653    0.567229    0.274216    0.129932    0.065306    0.037503    0.018957     0.000     2.113     3.971    30.935     4.004     3.986     3.866     3.840   0.95259    7.407131    6.474219    5.843378    5.308049    4.721932    4.118818    3.429684    2.679633    1.936532    1.274172    0.758641    0.415531    0.217976    0.114245    0.052560    9.762382    8.484749    7.627705    6.898345    6.095100    5.268901    4.329997    3.325079    2.350685    1.508441    0.874037    0.466284    0.239063    0.123454    0.055972     0.000     2.108     3.669    16.237     3.771     3.752     3.642     3.632   1.10576
    225401  10  9487.4 603756      9999 20191128   35351.4   56951.4  402569.4  33.8602178  -91.1460844    671496.45   3748203.59    445678.23   1210740.27  166.48  168.05  126.58  126.08   40.14  49392.042     97.024  128.26    1.51    0.08   -3.26   91.25 -108.00  -50.00  120.00 -110.06  -49.24 -108.86   -5.43  -48.70   -0.96    1.58   -6.26   88.40    5.815589    4.607297    4.059217    3.656976    3.169430    2.614188    1.988273    1.375748    0.869583    0.481272    0.231933    0.101897    0.048077    0.023251    0.011943    7.509379    5.809277    5.092209    4.549081    3.902314    3.173093    2.364060    1.595908    0.977324    0.521222    0.240313    0.101356    0.047048    0.021195    0.011832     0.000     1.903     3.838    31.384     4.000     3.973     3.862     3.823   0.96643    7.076364    6.157208    5.668326    5.233304    4.733755    4.163652    3.475378    2.712310    1.955837    1.285505    0.761666    0.413121    0.214295    0.111448    0.049403    8.681180    7.534737    6.915570    6.382320    5.752334    5.027134    4.154242    3.197603    2.267217    1.462410    0.848974    0.452108    0.230179    0.118749    0.051725     0.000     1.832     3.522    15.230     3.738     3.718     3.618     3.593   1.03721
    225401  10  9491.4 603756      9999 20191128   35355.4   56955.4  402573.4  33.8601852  -91.1437672    671710.89   3748203.85    445890.99   1210747.50  164.46  166.03  120.97  124.24   43.73  49391.945     96.967  122.64    1.38    0.31   -2.53   90.82 -108.00  -50.00  120.00 -108.87  -49.81 -108.20   -4.24  -49.89    0.54    0.52   -5.23   88.59    6.160444    4.905941    4.370414    3.923394    3.382556    2.775337    2.088225    1.423461    0.876531    0.475060    0.230414    0.100144    0.041236    0.017279    0.006591    7.525915    5.929293    5.264769    4.694916    4.015661    3.258963    2.412925    1.614689    0.971326    0.512355    0.241019    0.102279    0.041742    0.017996    0.007377     0.000     2.030     3.724    32.551     3.996     3.992     3.868     3.859   1.00235    7.700709    6.639633    6.149075    5.710843    5.182440    4.546171    3.764109    2.898140    2.049884    1.312259    0.754353    0.401513    0.207325    0.104777    0.046707    9.126620    7.844662    7.241664    6.708999    6.063960    5.290280    4.346474    3.306330    2.304409    1.450037    0.819170    0.429452    0.218252    0.109112    0.048224     0.000     2.027     3.383    15.017     3.760     3.725     3.628     3.606   1.02275
    225401  10  9495.4 603756      9999 20191128   35359.4   56959.4  402577.4  33.8601694  -91.1414326    671926.91   3748206.00    446105.25   1210756.70  163.68  165.25  124.79  123.83   39.11  49391.848     96.901  126.47    0.86    3.79   -0.90   91.66 -108.00  -50.00  120.00 -109.34  -49.34 -108.45   -5.13  -49.68    0.44   -0.86   -5.25   88.83    6.475126    5.234522    4.662692    4.185468    3.604731    2.947654    2.206180    1.496017    0.910962    0.481901    0.214934    0.088329    0.038374    0.016911    0.009162    7.779075    6.195428    5.482725    4.888058    4.174066    3.372799    2.483099    1.650229    0.982831    0.505434    0.217756    0.087496    0.037612    0.017134    0.009833     0.000     2.061     3.626    32.113     4.009     4.008     3.865     3.841   0.98886    7.648786    6.741452    6.280866    5.856045    5.320126    4.671643    3.868668    2.972856    2.095637    1.334074    0.765071    0.407634    0.213508    0.113584    0.054461    9.041712    7.943379    7.364856    6.841087    6.188953    5.400118    4.436119    3.369237    2.342150    1.467484    0.827915    0.434028    0.224819    0.118411    0.056285     0.000     2.151     3.318    15.043     3.744     3.710     3.626     3.601   1.02451
    225401  10  9499.4 603756      9999 20191128   35363.4   56963.4  402581.4  33.8600898  -91.1390791    672144.82   3748201.11    446321.62   1210758.86  161.52  163.09  116.54  115.38   45.20  49391.716     96.837  118.21    2.50    3.36    1.21   93.34 -108.00  -50.00  120.00 -110.91  -45.94 -109.97    1.59  -46.53    0.87    7.75   -5.97   94.10    6.265919    4.964107    4.431116    3.979527    3.419827    2.791290    2.083764    1.419753    0.869931    0.471772    0.220957    0.097526    0.040873    0.026009    0.010860    7.087056    5.554115    4.929843    4.407399    3.756207    3.032222    2.234640    1.497157    0.899283    0.475813    0.217767    0.094399    0.039172    0.025478    0.011647   141.352     1.753     3.532    29.570     4.020     4.009     3.862     3.834   0.91056    7.403670    6.506096    6.048897    5.642697    5.127112    4.494120    3.716245    2.854816    2.011819    1.279441    0.736883    0.392580    0.205340    0.105433    0.047504    8.647682    7.522171    6.969273    6.474306    5.856871    5.100041    4.182448    3.179822    2.213685    1.390965    0.791448    0.417654    0.215713    0.110999    0.049475     0.000     2.063     3.099    17.348     3.802     3.776     3.656     3.631   1.18150
    225401  10  9503.4 603756      9999 20191128   35367.4   56967.4  402585.4  33.8599247  -91.1367446    672361.13   3748186.71    446536.72   1210751.41  159.76  161.33  121.83  120.35   38.14  49391.194     96.433  123.50    1.59    0.76   -1.63   94.18 -108.00  -50.00  120.00 -109.34  -49.64 -108.55    4.52  -49.24    0.66    5.78   -2.46   96.57    5.832347    4.811274    4.334073    3.914561    3.370933    2.751741    2.060064    1.405628    0.868759    0.473506    0.232968    0.110297    0.053628    0.031507    0.014961    6.400456    5.235633    4.695277    4.223712    3.612045    2.921002    2.161994    1.451298    0.878526    0.466643    0.222553    0.102122    0.048311    0.027205    0.013830   145.656     1.912     3.452    31.790     4.035     4.015     3.903     3.875   0.97892    7.308580    6.421348    6.008705    5.617662    5.104998    4.472444    3.697853    2.845394    2.010814    1.289524    0.746735    0.403030    0.213614    0.114175    0.053506    8.285944    7.244728    6.766963    6.305744    5.705410    4.968495    4.078229    3.105440    2.168428    1.372252    0.783162    0.417369    0.218823    0.116386    0.054367     0.000     1.663     3.021    15.291     3.749     3.731     3.644     3.614   1.04138
    225401  10  9507.4 603756      9999 20191128   35371.4   56971.4  402589.4  33.8597887  -91.1344122    672577.19   3748175.55    446751.47   1210747.20  158.10  159.68  120.33  118.95   37.98  49390.981     96.319  122.00    0.83    0.96   -2.33   93.78 -108.00  -50.00  120.00 -108.74  -50.43 -108.12   -3.78  -50.24    0.66   -5.63   -2.25   91.65    6.101100    4.998955    4.504741    4.060257    3.481401    2.821556    2.083949    1.392858    0.843770    0.454510    0.220883    0.102805    0.054944    0.028394    0.014810    6.422339    5.218199    4.686655    4.212276    3.593252    2.892763    2.119486    1.401368    0.838896    0.446596    0.214496    0.098411    0.050763    0.026491    0.013824     0.000     2.079     3.424    32.838     4.004     3.986     3.856     3.838   1.01117    7.596392    6.698108    6.296485    5.873316    5.323639    4.643198    3.811505    2.903452    2.030805    1.289000    0.738620    0.398072    0.209828    0.113206    0.054593    8.250396    7.270445    6.805239    6.333932    5.719907    4.965098    4.051848    3.060667    2.120705    1.333744    0.757856    0.405033    0.212613    0.113200    0.053908     0.000     2.196     3.075    14.542     3.727     3.714     3.607     3.575   0.99039
    225401  10  9511.4 603756      9999 20191128   35375.4   56975.4  402593.4  33.8596777  -91.1320650    672794.57   3748167.18    446967.43   1210745.85  153.05  154.63  115.16  114.00   38.09  49390.548     95.973  116.83    3.13    1.34   -2.84   93.40 -108.00  -50.00  120.00 -110.22  -47.84 -110.22   -2.00  -46.10   -0.60    2.47   -5.03   92.30    6.574250    5.316415    4.824288    4.337410    3.702488    2.979265    2.178281    1.440956    0.862322    0.460679    0.218344    0.104455    0.048905    0.026082    0.012157    6.686340    5.345834    4.838885    4.331975    3.676297    2.933922    2.120510    1.383573    0.813692    0.423673    0.193884    0.087597    0.037516    0.019942    0.010127     0.000     2.329     3.384    29.624     3.968     3.962     3.871     3.890   0.91220    7.483493    6.636957    6.220983    5.810572    5.260744    4.571160    3.726831    2.810945    1.947738    1.227349    0.702939    0.378840    0.199481    0.103503    0.045737    8.174800    7.210812    6.730969    6.272196    5.649970    4.878724    3.951664    2.955350    2.030311    1.270171    0.723847    0.388552    0.204167    0.105659    0.046288     0.000     2.270     3.042    17.058     3.796     3.769     3.657     3.627   1.16179
    225401  10  9515.4 603756      9999 20191128   35379.4   56979.4  402597.4  33.8595547  -91.1297483    673009.16   3748157.44    447180.67   1210743.02  161.85  163.43  123.79  122.88   38.26  49389.932     95.450  125.46    4.72   -0.15   -3.25   93.19 -108.00  -50.00  120.00 -105.83  -55.94 -103.47   -0.11  -58.87    2.52    2.68   -4.10   93.15    6.398569    5.195404    4.667256    4.189201    3.559059    2.850989    2.067812    1.353664    0.800840    0.410427    0.177498    0.068252    0.027095    0.007018    0.004803    6.584969    5.286642    4.719423    4.218686    3.554905    2.817092    2.014810    1.295412    0.751107    0.375480    0.157345    0.058110    0.022231    0.007072    0.004306     0.000     1.738     3.354    33.657     4.018     4.008     3.871     3.859   1.03639    7.571911    6.657315    6.239281    5.814445    5.241983    4.532192    3.671903    2.755538    1.900360    1.191166    0.678055    0.358903    0.181937    0.089422    0.034578    8.589400    7.498862    7.005995    6.502175    5.832450    5.007405    4.023729    2.985887    2.033374    1.256421    0.702757    0.365097    0.183355    0.087791    0.033571     0.000     1.437     2.838    12.893     3.710     3.679     3.579     3.581   0.87812
    225401  10  9519.4 603756      9999 20191128   35383.4   56983.4  402601.4  33.8594649  -91.1274947    673217.85   3748151.28    447387.92   1210743.61  167.20  168.77  129.25  128.19   38.14  49389.529     95.120  130.92    2.43   -0.16   -2.09   92.56 -108.00  -50.00  120.00 -106.50  -54.43 -105.49   -4.90  -55.35    2.94   -4.94   -3.33   89.79    5.073315    4.080727    3.675364    3.291662    2.792893    2.230644    1.631874    1.088944    0.663398    0.358508    0.171184    0.081677    0.039407    0.021727    0.010367    6.285394    4.993632    4.478775    3.982340    3.345371    2.636109    1.896021    1.233525    0.731025    0.379828    0.174967    0.081086    0.038904    0.021917    0.011159     0.000     2.132     3.356    34.300     4.014     4.004     3.867     3.860   1.05616    7.259850    6.324237    5.910982    5.487492    4.927436    4.247321    3.442667    2.598345    1.810597    1.148688    0.657193    0.351906    0.185233    0.097600    0.044321    8.608869    7.473078    6.963420    6.453348    5.771034    4.949215    3.980091    2.976870    2.050165    1.283966    0.724822    0.384325    0.201581    0.106201    0.048206     0.000     2.145     3.003    12.781     3.705     3.686     3.609     3.544   0.87047
    225401  10  9523.4 603756      9999 20191128   35387.4   56987.4  402605.4  33.8593941  -91.1252323    673427.30   3748147.24    447595.87   1210746.36  167.93  169.50  129.85  128.78   38.27  49388.870     94.523  131.52    3.37    3.92   -1.97   92.79 -108.00  -50.00  120.00 -108.80  -50.35 -108.11   -3.96  -50.39    0.76    2.61   -6.10   90.63    4.705562    3.860474    3.472854    3.117668    2.646022    2.126571    1.568434    1.050753    0.645367    0.349850    0.172527    0.081498    0.039346    0.019526    0.009109    6.440593    5.169861    4.614492    4.094915    3.422261    2.693632    1.929055    1.245566    0.731874    0.376469    0.174507    0.077622    0.036924    0.018387    0.009691    52.465     2.338     3.354    31.087     3.996     3.992     3.884     3.871   0.95723    6.368164    5.604752    5.245674    4.882979    4.392741    3.799985    3.101941    2.362813    1.660170    1.065451    0.623377    0.348265    0.193664    0.110113    0.055362    8.277481    7.240115    6.743841    6.252320    5.581429    4.781094    3.847577    2.877479    1.977979    1.240419    0.709533    0.389154    0.212408    0.119747    0.059316     0.000     1.854     2.722    15.746     3.738     3.700     3.625     3.601   1.07245
    225401  10  9527.4 603756      9999 20191128   35391.4   56991.4  402609.4  33.8592914  -91.1229847    673635.45   3748139.64    447802.66   1210745.48  173.52  175.09  133.85  133.25   39.86  49388.231     93.965  135.52    5.14    2.89   -1.35   93.59 -108.00  -50.00  120.00 -106.60  -55.11 -104.72   -2.16  -56.76    1.39    2.30   -5.22   92.37    4.877824    3.995765    3.591008    3.201349    2.690067    2.119818    1.511808    0.977053    0.583252    0.313912    0.153745    0.075489    0.040719    0.028160    0.013446    6.534002    5.240841    4.661045    4.106931    3.389332    2.605790    1.797021    1.112239    0.633457    0.323633    0.148840    0.069429    0.037130    0.024505    0.013309     0.000     1.904     3.346    32.795     4.019     4.004     3.879     3.853   1.00982    6.157230    5.433864    5.079991    4.715207    4.217355    3.612322    2.906138    2.176151    1.508805    0.961470    0.568489    0.320044    0.175462    0.094201    0.041375    8.093409    7.062959    6.588514    6.078552    5.390655    4.562520    3.606515    2.643409    1.788002    1.111213    0.640458    0.352073    0.188697    0.098601    0.041970     0.000     2.504     2.746    13.436     3.711     3.694     3.589     3.568   0.91511
    225401  10  9531.4 603756      9999 20191128   35395.4   56995.4  402613.4  33.8591487  -91.1207922    673838.59   3748127.53    448004.61   1210739.89  179.64  181.22  134.54  133.71   45.28  49387.657     93.494  136.21    2.41    0.67   -3.00   94.38 -108.00  -50.00  120.00 -104.74  -55.98 -104.03   -0.25  -57.40    3.96    3.86   -4.93   94.27    4.172030    3.234122    2.894724    2.579497    2.154024    1.692876    1.199941    0.768378    0.460978    0.250325    0.124373    0.063565    0.030213    0.014417    0.005579    5.541845    4.214644    3.740407    3.304524    2.723819    2.107095    1.460690    0.910445    0.530551    0.279239    0.133893    0.065129    0.026940    0.012582    0.004028   265.001     2.002     3.364    35.907     4.118     4.072     3.982     3.988   1.10565    6.447880    5.611296    5.196923    4.797486    4.252490    3.595899    2.842155    2.091524    1.428102    0.900342    0.527975    0.295376    0.163107    0.085345    0.037286    8.096341    6.982414    6.439063    5.926803    5.226543    4.385036    3.427726    2.485464    1.665942    1.027639    0.589079    0.322855    0.176355    0.090955    0.039608     0.000     2.252     2.652    11.830     3.678     3.656     3.558     3.550   0.80576
    225401  10  9535.4 603756      9999 20191128   35399.4   56999.4  402617.4  33.8590041  -91.1186014    674041.57   3748115.20    448206.42   1210734.09  176.48  178.06  131.74  128.29   44.92  49387.101     93.043  133.41    3.36   -2.90   -1.16   93.84 -108.00  -50.00  120.00 -109.81  -48.73 -108.34   -2.01  -50.36    0.91    0.77   -3.49   92.78    4.183731    3.357202    2.980704    2.688005    2.279621    1.834204    1.348488    0.910187    0.566775    0.311551    0.152317    0.067317    0.034122    0.013932    0.006608    6.070150    4.724544    4.138577    3.696823    3.083994    2.431203    1.739077    1.135760    0.679168    0.354429    0.163760    0.069552    0.032309    0.013904    0.006465     0.000     2.057     3.317    30.429     3.977     3.958     3.835     3.830   0.93698    5.926576    5.112818    4.752175    4.404622    3.937127    3.376853    2.728070    2.058214    1.439854    0.926861    0.549322    0.309216    0.171162    0.095414    0.042905    8.060780    6.867829    6.354523    5.857651    5.192073    4.403325    3.504261    2.592733    1.770569    1.109835    0.638562    0.349992    0.189659    0.104240    0.046419     0.000     2.361     2.850    16.386     3.760     3.728     3.650     3.617   1.11608
    225401  10  9539.4 603756      9999 20191128   35403.4   57003.4  402621.4  33.8588987  -91.1164052    674244.98   3748107.22    448408.50   1210732.68  178.16  179.74  128.48  129.34   49.85  49386.533     92.557  130.15    2.29    2.14   -3.54   93.19 -108.00  -50.00  120.00 -104.73  -57.83 -104.04   -4.73  -56.94    0.73   -2.04   -3.70   90.50    4.806891    3.672959    3.243553    2.897592    2.457822    1.980003    1.462517    0.992318    0.612023    0.333469    0.158578    0.070264    0.033818    0.016410    0.008651    6.123047    4.597066    4.018811    3.567159    2.992114    2.378800    1.725723    1.145154    0.686923    0.362228    0.166241    0.072444    0.033588    0.016432    0.008762     0.000     2.292     3.304    35.975     4.038     4.028     3.892     3.885   1.10774    6.367656    5.384532    4.972055    4.598301    4.106261    3.532109    2.869151    2.181046    1.536231    0.991080    0.585896    0.328357    0.180511    0.100330    0.046971    7.791415    6.524102    5.999991    5.528886    4.915428    4.197040    3.377372    2.534368    1.757901    1.112426    0.643934    0.353956    0.191781    0.104389    0.048189     0.000     2.497     2.719    10.477     3.647     3.622     3.516     3.504   0.71363
    225401  10  9543.4 603756      9999 20191128   35407.4   57007.4  402625.4  33.8588116  -91.1141952    674449.62   3748101.32    448611.74   1210733.40  176.15  177.73  131.06  127.74   45.26  49386.026     92.122  132.73    2.98   -0.03   -1.62   92.67 -108.00  -50.00  120.00 -108.48  -51.10 -107.28   -4.63  -51.99    0.98   -0.22   -5.78   90.18    4.672527    3.496026    3.084685    2.726662    2.302412    1.847197    1.362361    0.916075    0.569823    0.315654    0.155192    0.071233    0.031429    0.014514    0.005844    6.506450    4.731746    4.115974    3.594189    2.987318    2.348247    1.686760    1.093994    0.652753    0.344204    0.159385    0.068026    0.028232    0.013099    0.005402     0.000     2.299     3.245    32.068     3.995     3.993     3.861     3.839   0.98742    6.473951    5.416772    4.975273    4.583862    4.093891    3.522531    2.868899    2.186957    1.540599    0.990677    0.581968    0.322271    0.177694    0.098111    0.046950    8.484053    7.012101    6.401983    5.861736    5.194433    4.421334    3.550405    2.659464    1.833132    1.151284    0.660669    0.358325    0.193782    0.106128    0.049906     0.000     1.840     2.836    14.957     3.765     3.754     3.607     3.616   1.01872
    225401  10  9547.4 603756      9999 20191128   35411.4   57011.4  402629.4  33.8587252  -91.1119671    674655.93   3748095.52    448816.64   1210734.27  177.39  178.97  133.15  129.52   44.40  49385.298     91.465  134.82    1.84    1.04   -2.71   92.57 -108.00  -50.00  120.00 -107.70  -53.66 -106.43   -2.79  -53.72   -0.05    0.66   -5.16   91.02    5.210005    3.815553    3.277062    2.870873    2.390280    1.895458    1.379331    0.907817    0.548736    0.288260    0.132782    0.058363    0.033414    0.014794    0.010477    7.338380    5.196631    4.407664    3.803384    3.112969    2.415459    1.711458    1.090399    0.635200    0.320083    0.141380    0.060152    0.033010    0.015308    0.010411     0.000     2.460     3.236    33.471     4.020     4.014     3.893     3.871   1.03063    6.551051    5.436527    4.929254    4.504200    3.990458    3.409334    2.752673    2.082700    1.456750    0.931127    0.544403    0.301647    0.165027    0.088718    0.039411    8.532642    7.014014    6.302035    5.726834    5.028775    4.246365    3.378438    2.509465    1.715965    1.070119    0.609761    0.330288    0.177442    0.093032    0.040645     0.000     2.195     2.729    12.969     3.720     3.689     3.619     3.590   0.88334
    225401  10  9551.4 603756      9999 20191128   35415.4   57015.4  402633.4  33.8586407  -91.1097157    674864.41   3748089.97    449023.67   1210735.48  175.07  176.64  131.96  126.96   43.26  49384.591     90.828  133.63    1.52    0.29   -3.54   92.25 -108.00  -50.00  120.00 -108.65  -51.42 -107.57   -2.47  -51.39    0.82    2.22   -4.44   90.94    5.413156    3.884416    3.239065    2.750995    2.235788    1.730109    1.226089    0.794679    0.481449    0.259372    0.132208    0.066300    0.034713    0.019819    0.008517    7.625183    5.320530    4.354368    3.644393    2.901961    2.198233    1.513832    0.948871    0.554451    0.286912    0.140258    0.067800    0.034792    0.019189    0.008663     0.000     2.354     3.265    32.711     3.992     3.988     3.852     3.844   1.00721    6.955839    5.693318    5.086912    4.581921    4.000650    3.364832    2.677634    1.995693    1.377045    0.870315    0.508309    0.284249    0.159231    0.086642    0.040660    8.998333    7.294979    6.467969    5.783114    4.999487    4.154066    3.256014    2.382904    1.610358    0.995445    0.569492    0.312478    0.173035    0.093628    0.043703     0.000     2.003     2.766    14.148     3.730     3.703     3.611     3.587   0.96367
    225401  10  9555.4 603756      9999 20191128   35419.4   57019.4  402637.4  33.8585787  -91.1074395    675075.13   3748086.98    449232.84   1210739.32  172.13  173.71  127.03  128.17   45.24  49384.139     90.434  128.70    2.48   -0.05   -2.14   91.68 -108.00  -50.00  120.00 -109.45  -50.31 -108.51   -5.53  -49.55   -0.28   -1.06   -5.10   88.73    5.529494    3.887702    3.229479    2.732883    2.195966    1.696229    1.206801    0.790261    0.479820    0.258807    0.128786    0.062316    0.032853    0.016935    0.008130    7.108581    4.829412    3.958776    3.295416    2.603706    1.974030    1.374581    0.875230    0.515234    0.267185    0.127393    0.059832    0.031497    0.016395    0.008396     0.000     2.186     3.268    31.218     3.988     3.979     3.854     3.843   0.96125    6.817327    5.535393    4.899729    4.355312    3.760221    3.136630    2.484572    1.850484    1.278894    0.821019    0.490143    0.282736    0.162719    0.094007    0.045775    8.463078    6.810379    5.981182    5.286556    4.525744    3.734864    2.923061    2.146810    1.461011    0.923679    0.543172    0.307916    0.175244    0.101149    0.049273     0.000     2.434     2.724    15.251     3.732     3.708     3.604     3.580   1.03879
    225401  10  9559.4 603756      9999 20191128   35423.4   57023.4  402641.4  33.8585300  -91.1051641    675285.75   3748085.45    449441.86   1210744.64  172.59  174.17  129.04  127.30   43.68  49383.707     90.052  130.71    2.67    2.27   -3.15   91.52 -108.00  -50.00  120.00 -107.34  -53.22 -106.22   -5.06  -53.96    0.45   -0.96   -5.17   88.72    5.884155    4.256430    3.465123    2.873024    2.247111    1.692526    1.182140    0.763497    0.457700    0.244510    0.121937    0.053621    0.022513    0.010865    0.003526    7.553540    5.409733    4.335505    3.543985    2.709773    1.995249    1.354872    0.851135    0.495114    0.257886    0.125121    0.053055    0.019956    0.010016    0.002350    48.043     2.109     3.236    33.384     4.060     4.035     3.909     3.872   1.02792    7.332024    5.986725    5.258095    4.620246    3.924488    3.224374    2.525330    1.863414    1.278131    0.810318    0.478096    0.277005    0.159469    0.090812    0.043697    9.066623    7.364673    6.441924    5.626307    4.735416    3.842824    2.965224    2.151673    1.448473    0.900137    0.520936    0.297042    0.169143    0.094313    0.044590     0.000     1.777     2.759    13.590     3.737     3.717     3.581     3.581   0.92566
    225401  10  9563.4 603756      9999 20191128   35427.4   57027.4  402645.4  33.8584829  -91.1028908    675496.17   3748084.11    449650.68   1210750.14  172.69  174.26  130.38  130.30   42.42  49383.150     89.544  132.05    2.11    1.88   -2.97   91.68 -108.00  -50.00  120.00 -107.65  -52.34 -106.80   -3.12  -52.92    1.52    2.85   -6.41   90.01    7.069993    5.865095    4.976967    4.067309    3.040290    2.132876    1.403337    0.881263    0.527110    0.284523    0.142063    0.064657    0.034434    0.017599    0.007953    9.672899    7.955445    6.673874    5.384273    3.938755    2.689574    1.716595    1.043019    0.605696    0.315435    0.151328    0.067042    0.035081    0.019093    0.009082     0.000     1.609     3.293    33.162     4.025     4.022     3.874     3.851   1.02110    8.173092    7.118139    6.334762    5.520195    4.565056    3.611869    2.730529    1.971923    1.335781    0.835509    0.488947    0.279800    0.159969    0.088866    0.042105   10.494386    9.187295    8.168965    7.076278    5.783424    4.496098    3.325667    2.351771    1.558148    0.951307    0.542172    0.302863    0.169940    0.091986    0.042975     0.000     1.698     2.757    13.999     3.727     3.718     3.618     3.574   0.95355
    225401  10  9567.4 603756      9999 20191128   35431.4   57031.4  402649.4  33.8584213  -91.1006046    675707.82   3748081.18    449860.76   1210754.09  171.79  173.37  128.77  129.02   43.11  49382.426     88.878  130.45    2.55    1.98   -0.56   92.52 -108.00  -50.00  120.00 -108.39  -51.42 -107.34   -3.51  -52.13    0.75    1.94   -5.59   90.59    7.232337    5.897823    4.914048    3.972302    2.938669    2.061821    1.375396    0.884954    0.542739    0.301298    0.151606    0.074629    0.036565    0.020815    0.009548    9.815980    7.827763    6.412382    5.070726    3.653039    2.491229    1.615955    1.008331    0.598169    0.319106    0.153619    0.071898    0.033058    0.018221    0.008689     0.000     2.429     3.325    32.196     4.006     4.003     3.881     3.853   0.99134    8.194564    7.322737    6.582011    5.760771    4.758495    3.748891    2.828325    2.056367    1.411387    0.892917    0.522789    0.295968    0.168118    0.096867    0.048152   10.553481    9.378755    8.381394    7.271380    5.933424    4.607808    3.419077    2.443259    1.646383    1.021292    0.585523    0.325770    0.181757    0.103642    0.050860     0.000     1.907     2.752    14.662     3.732     3.717     3.609     3.570   0.99872
    225401  10  9571.4 603756      9999 20191128   35435.4   57035.4  402653.4  33.8583159  -91.0982987    675921.37   3748073.44    450072.91   1210753.24  174.44  176.01  131.08  130.62   43.43  49382.055     88.590  132.76    2.50    2.50   -1.94   93.64 -108.00  -50.00  120.00 -106.50  -54.65 -105.56   -0.95  -55.02    0.97    2.45   -5.40   93.07    6.804598    5.174165    4.198579    3.318235    2.463660    1.777060    1.222351    0.799194    0.492677    0.269313    0.133208    0.061063    0.027722    0.011448    0.005253    8.819323    6.512718    5.193275    4.030373    2.939598    2.088473    1.407640    0.897183    0.537387    0.284624    0.136752    0.061547    0.027020    0.012502    0.005526     0.000     2.385     3.407    34.320     4.018     4.013     3.888     3.889   1.05674    8.104177    6.997093    6.153242    5.304586    4.349243    3.454174    2.649077    1.955722    1.359944    0.877482    0.527172    0.302918    0.172087    0.100288    0.048849   10.023359    8.571665    7.485714    6.402390    5.203491    4.093160    3.105202    2.263281    1.550511    0.984579    0.581674    0.329094    0.185536    0.107055    0.051672     0.000     1.918     2.828    12.532     3.718     3.697     3.602     3.575   0.85366
    225401  10  9575.4 603756      9999 20191128   35439.4   57039.4  402657.4  33.8581673  -91.0959767    676136.51   3748060.94    450286.78   1210747.66  174.91  176.49  130.13  130.61   44.84  49381.230     87.874  131.81    1.95    1.04   -2.33   94.35 -108.00  -50.00  120.00 -109.11  -50.59 -107.72    1.22  -51.47    1.48    6.27   -4.31   95.03    5.400306    3.800524    2.955638    2.360267    1.816817    1.377843    0.975197    0.640751    0.395714    0.223298    0.120603    0.058390    0.033908    0.016121    0.007256    7.446414    5.068634    3.869588    3.029297    2.287018    1.697385    1.171501    0.744545    0.443076    0.239378    0.122896    0.057487    0.033156    0.016357    0.007723     0.000     2.023     3.419    32.037     4.005     3.981     3.861     3.859   0.98643    7.289691    5.936472    5.135570    4.407063    3.669404    2.994775    2.353270    1.758695    1.234271    0.808804    0.494287    0.292033    0.169157    0.097499    0.046999    9.369060    7.514627    6.434866    5.469586    4.510729    3.640685    2.823845    2.075219    1.429522    0.918222    0.550582    0.319235    0.182013    0.102412    0.047819     0.000     2.070     2.841    14.730     3.735     3.717     3.647     3.613   1.00340
    225401  10  9579.4 603756      9999 20191128   35443.4   57043.4  402661.4  33.8580130  -91.0936343    676353.56   3748047.85    450502.57   1210741.55  171.31  172.88  125.47  126.66   45.88  49380.319     87.076  127.14    1.16    0.88   -1.57   94.50 -108.00  -50.00  120.00 -108.74  -49.97 -109.08   -3.23  -48.12    0.48   -1.73   -3.20   92.69    5.262935    3.600229    2.804333    2.277723    1.786138    1.375492    0.984747    0.641729    0.387627    0.215332    0.110119    0.051954    0.022470    0.011866    0.004093    6.570275    4.375853    3.356079    2.698244    2.091915    1.590431    1.119751    0.714904    0.421774    0.229478    0.113836    0.052562    0.020971    0.012279    0.004291     0.000     2.252     3.472    32.452     4.016     3.995     3.864     3.852   0.99921    7.135650    5.657617    4.848220    4.164858    3.498281    2.881678    2.267374    1.681735    1.163878    0.751195    0.457177    0.269226    0.155173    0.084587    0.037658    8.687343    6.796036    5.783659    4.932664    4.111631    3.358748    2.612022    1.909038    1.300003    0.823630    0.492235    0.285334    0.162845    0.087389    0.038533     0.000     2.285     2.935    15.086     3.765     3.746     3.626     3.598   1.02760
    225401  10  9583.4 603756      9999 20191128   35447.4   57047.4  402665.4  33.8578556  -91.0912784    676571.85   3748034.43    450719.60   1210735.15  170.11  171.68  125.26  125.68   44.87  49379.235     86.106  126.93    2.55   -0.74   -2.76   93.83 -108.00  -50.00  120.00 -108.77  -50.87 -107.81   -0.78  -50.91    0.27    2.10   -3.91   93.45    5.385333    3.623232    2.922021    2.442260    1.970071    1.535100    1.099194    0.715110    0.428529    0.232450    0.112072    0.054174    0.032155    0.014619    0.007734    6.356029    4.146256    3.317041    2.748231    2.197078    1.689731    1.186904    0.755219    0.442862    0.233711    0.110665    0.052368    0.028836    0.015137    0.007786     0.000     2.090     3.516    31.831     4.028     3.993     3.873     3.865   0.98009    6.814117    5.358750    4.626236    4.045330    3.459984    2.883025    2.276776    1.683214    1.158945    0.740536    0.444772    0.259094    0.146026    0.078273    0.034203    8.159810    6.316564    5.420506    4.714369    4.005443    3.310753    2.586360    1.887199    1.280790    0.806329    0.476191    0.273652    0.152538    0.080562    0.034966     0.000     2.098     2.864    15.033     3.753     3.717     3.618     3.598   1.02401
    225401  10  9587.4 603756      9999 20191128   35451.4   57051.4  402669.4  33.8577397  -91.0889471    676787.78   3748025.58    450934.14   1210733.27  170.81  172.39  125.88  126.14   44.93  49378.360     85.321  127.56    3.06   -0.71   -5.15   92.65 -108.00  -50.00  120.00 -108.75  -50.50 -107.56   -1.93  -51.80    1.22   -0.01   -2.85   91.65    4.804182    3.312407    2.714002    2.340945    1.924373    1.520153    1.110374    0.741716    0.455827    0.246245    0.120798    0.056022    0.030115    0.015721    0.008406    5.761447    3.879917    3.141200    2.682627    2.178328    1.697313    1.218511    0.797966    0.476571    0.247250    0.115161    0.050143    0.026454    0.014270    0.008306     0.000     1.830     3.583    31.665     3.993     3.972     3.852     3.834   0.97498    6.708690    5.239083    4.585897    4.072257    3.520960    2.955120    2.348363    1.747051    1.203955    0.761870    0.449331    0.255087    0.146119    0.079689    0.037634    8.061151    6.214196    5.422296    4.791184    4.118308    3.430149    2.702249    1.988725    1.354462    0.845781    0.491256    0.275799    0.156944    0.085970    0.040840     0.000     1.828     2.950    15.389     3.766     3.732     3.616     3.615   1.04828
    225401  10  9591.4 603756      9999 20191128   35455.4   57055.4  402673.4  33.8576875  -91.0866438    677000.99   3748023.76    451145.74   1210738.38  172.93  174.50  127.58  126.33   45.34  49377.773     84.787  129.26    1.35    1.62   -3.65   91.99 -108.00  -50.00  120.00 -107.71  -52.11 -107.08   -6.72  -52.05    1.25   -2.94   -4.90   88.33    4.557029    3.123594    2.604547    2.207788    1.786957    1.399921    1.032604    0.703774    0.440359    0.243080    0.123227    0.057426    0.028552    0.012270    0.006434    5.475957    3.686470    3.037986    2.543360    2.033094    1.570183    1.137652    0.761157    0.467872    0.252092    0.125406    0.057084    0.027081    0.012337    0.006237     0.000     2.253     3.647    33.336     4.017     3.997     3.890     3.862   1.02641    6.359422    5.009411    4.421846    3.919144    3.390105    2.853994    2.296041    1.746747    1.230700    0.793520    0.470472    0.272981    0.158594    0.093735    0.047761    7.564615    5.893989    5.173974    4.560608    3.912868    3.266452    2.603483    1.959608    1.364519    0.867565    0.506849    0.290493    0.167528    0.098266    0.049794     0.000     2.181     2.926    13.967     3.719     3.691     3.599     3.571   0.95144
    225401  10  9595.4 603756      9999 20191128   35459.4   57059.4  402677.4  33.8576227  -91.0843383    677214.43   3748020.55    451357.61   1210742.11  170.34  171.92  126.14  124.70   44.18  49377.023     84.097  127.82    2.56    2.56   -2.58   92.37 -108.00  -50.00  120.00 -110.27  -48.05 -108.74   -4.38  -49.20    0.35    2.88   -6.50   90.01    4.723276    3.295035    2.705877    2.270775    1.812553    1.402174    1.017467    0.688396    0.437943    0.253055    0.135403    0.068534    0.036752    0.021816    0.010616    5.862081    3.998579    3.223871    2.672645    2.099230    1.595504    1.133484    0.748265    0.465106    0.262208    0.137563    0.066984    0.035002    0.021187    0.010917     0.000     2.330     3.692    30.550     3.978     3.976     3.849     3.829   0.94063    6.168384    4.937337    4.351071    3.845779    3.298169    2.754966    2.203374    1.667121    1.173120    0.764830    0.463975    0.274395    0.162068    0.094553    0.046135    7.594779    6.001931    5.249292    4.604465    3.912042    3.231828    2.551901    1.902523    1.319354    0.848426    0.507628    0.296888    0.173238    0.100080    0.047985     0.000     2.120     3.051    16.228     3.782     3.764     3.645     3.617   1.10544
    225401  10  9599.4 603756      9999 20191128   35463.4   57063.4  402681.4  33.8575237  -91.0820317    677428.05   3748013.55    451569.79   1210742.01  168.22  169.80  118.70  121.16   49.50  49376.255     83.409  120.37    1.68    1.41   -3.88   92.86 -108.00  -50.00  120.00 -108.71  -50.41 -108.12   -2.09  -50.21    0.80    4.50   -5.53   91.79    4.749734    3.297503    2.722189    2.281784    1.825591    1.406833    1.000487    0.651859    0.400663    0.227323    0.121244    0.064917    0.032033    0.016209    0.005922    5.092351    3.488897    2.863013    2.387543    1.898841    1.452406    1.020144    0.653773    0.393577    0.217257    0.112660    0.058978    0.027399    0.014097    0.005047     0.000     1.875     3.735    32.555     3.999     3.992     3.864     3.848   1.00237    6.513975    5.169029    4.545920    4.006005    3.419209    2.839136    2.241694    1.668888    1.163470    0.756165    0.462912    0.274759    0.163604    0.094867    0.046267    7.149974    5.632368    4.935858    4.337739    3.687652    3.048051    2.390361    1.763778    1.219586    0.786487    0.477644    0.282123    0.166969    0.096101    0.046264     0.000     1.776     3.035    14.783     3.737     3.701     3.632     3.585   1.00700
    225401  10  9603.4 603756      9999 20191128   35467.4   57067.4  402685.4  33.8574256  -91.0797017    677643.82   3748006.69    451784.11   1210742.14  167.32  168.89  119.79  120.37   47.50  49375.375     82.608  121.46    1.72    1.33   -4.00   92.88 -108.00  -50.00  120.00 -108.20  -52.03 -107.47   -5.53  -51.08   -0.13   -2.28   -4.98   89.87    5.384867    3.787762    3.167643    2.672582    2.157786    1.672497    1.188225    0.763831    0.448765    0.241958    0.116661    0.053985    0.026002    0.010750    0.004444    5.509408    3.851005    3.200175    2.688162    2.160715    1.664048    1.175877    0.750259    0.436600    0.231166    0.107952    0.046987    0.022185    0.009694    0.003898     0.000     1.699     3.788    33.101     4.005     3.995     3.872     3.840   1.01916    6.743144    5.400585    4.782820    4.225772    3.624945    3.004806    2.349205    1.717153    1.169736    0.745090    0.450343    0.263725    0.150622    0.082947    0.036802    7.185789    5.731204    5.055226    4.458194    3.815057    3.153197    2.453404    1.784395    1.208614    0.765630    0.460105    0.268724    0.153472    0.084234    0.037308     0.000     2.324     3.086    13.824     3.735     3.713     3.602     3.587   0.94173
    225401  10  9607.4 603756      9999 20191128   35471.4   57071.4  402689.4  33.8573290  -91.0773603    677860.65   3748000.02    451999.46   1210742.49  169.92  171.50  126.12  124.07   43.76  49374.871     82.183  127.80    1.59    1.38   -2.81   92.92 -108.00  -50.00  120.00 -107.91  -51.59 -106.89   -4.24  -52.55    1.69    1.79   -6.27   90.59    5.914681    4.228842    3.500636    2.920068    2.300902    1.733029    1.208292    0.769912    0.453777    0.239265    0.114515    0.049439    0.021193    0.008346    0.003179    7.094001    4.991395    4.090105    3.362251    2.611563    1.931405    1.321961    0.824745    0.476678    0.246633    0.117073    0.049796    0.021316    0.008941    0.003238     0.000     2.200     3.838    33.339     4.019     4.000     3.862     3.860   1.02650    7.252541    5.942711    5.264375    4.652821    3.970168    3.270406    2.546938    1.857541    1.258947    0.789153    0.461442    0.261325    0.147323    0.081183    0.036795    8.575868    6.995420    6.160644    5.410392    4.579221    3.733180    2.870895    2.064573    1.378072    0.849221    0.486982    0.270351    0.150133    0.081445    0.036611     0.000     1.939     3.174    14.143     3.732     3.714     3.605     3.588   0.96345
    225401  10  9611.4 603756      9999 20191128   35475.4   57075.4  402693.4  33.8572287  -91.0750094    678078.37   3747992.97    452215.71   1210742.48  172.38  173.95  133.44  130.79   38.89  49373.763     81.157  135.11    1.14    0.53   -2.78   92.59 -108.00  -50.00  120.00 -109.78  -50.01 -108.41   -2.99  -50.07    1.15    2.32   -5.56   91.02    6.150081    4.809953    4.020556    3.328068    2.585443    1.908973    1.313506    0.835345    0.496536    0.261355    0.124931    0.052243    0.024422    0.007938    0.004190    8.883694    6.856283    5.650297    4.612515    3.507502    2.525851    1.688200    1.037279    0.593923    0.298952    0.135330    0.053325    0.024038    0.007985    0.004353     0.000     2.609     3.920    31.834     3.994     3.988     3.850     3.851   0.98015    7.102176    5.999189    5.325114    4.705209    3.992660    3.268339    2.536348    1.857822    1.268692    0.803550    0.475355    0.272166    0.152262    0.084691    0.037789    9.487102    7.989062    7.034029    6.159029    5.160497    4.155611    3.164162    2.268010    1.511678    0.930613    0.534813    0.298877    0.164431    0.089246    0.039525     0.000     2.521     3.233    14.689     3.751     3.721     3.633     3.615   1.00068
    225401  10  9615.4 603756      9999 20191128   35479.4   57079.4  402697.4  33.8571495  -91.0726401    678297.75   3747988.30    452433.53   1210744.93  172.19  173.76  134.14  132.38   38.00  49372.182     79.645  135.81    0.73    1.84   -1.56   92.52 -108.00  -50.00  120.00 -110.65  -46.89 -109.72   -5.53  -46.89    0.15   -2.85   -5.14   89.52    4.460083    3.440897    2.941051    2.512932    2.016238    1.542572    1.101331    0.726112    0.450902    0.258664    0.136020    0.067345    0.032408    0.017012    0.006224    6.989770    5.240956    4.382097    3.695710    2.891858    2.152856    1.485365    0.942332    0.561266    0.309205    0.156274    0.075468    0.035257    0.017402    0.006351     0.000     2.121     4.021    31.004     3.981     3.966     3.835     3.819   0.95460    6.494684    5.537689    4.971339    4.427960    3.785219    3.114326    2.432626    1.797377    1.238694    0.789416    0.466077    0.262976    0.145004    0.079631    0.035068    8.913977    7.523296    6.707495    5.935197    5.020035    4.072505    3.125145    2.261950    1.524859    0.948877    0.549596    0.303947    0.164226    0.089006    0.037919     0.000     2.148     3.321    16.232     3.760     3.729     3.625     3.600   1.10575
    225401  10  9619.4 603756      9999 20191128   35483.4   57083.4  402701.4  33.8570608  -91.0702381    678520.17   3747982.63    452654.40   1210746.46  166.24  167.82  128.14  126.58   38.05  49371.832     79.371  129.82    0.83    1.21   -1.60   92.69 -108.00  -50.00  120.00 -110.96  -46.68 -110.69   -0.48  -44.62   -1.08    4.65   -5.46   92.43    4.856088    3.702946    3.119042    2.623684    2.065818    1.549129    1.085298    0.705750    0.433561    0.244628    0.124670    0.055790    0.025648    0.008298    0.003135    6.726660    5.019264    4.149618    3.433696    2.645536    1.938798    1.322425    0.835627    0.498074    0.272121    0.133100    0.056278    0.024255    0.007320    0.002624     0.000     2.033     4.113    30.602     3.992     3.986     3.842     3.846   0.94222    6.218318    5.261193    4.719715    4.191270    3.563279    2.917411    2.268394    1.676991    1.169014    0.762873    0.468914    0.278397    0.160430    0.089382    0.040249    8.043399    6.716724    5.985805    5.263487    4.419898    3.567184    2.727494    1.981303    1.356299    0.869061    0.525780    0.307264    0.174002    0.095822    0.042436     0.000     2.018     3.393    16.370     3.754     3.732     3.618     3.589   1.11517
    225401  10  9623.4 603756      9999 20191128   35487.4   57087.4  402705.4  33.8569571  -91.0678093    678745.11   3747975.35    452877.81   1210746.46  162.22  163.79  124.20  122.58   37.96  49371.139     78.762  125.88    0.97    1.05   -1.89   92.85 -108.00  -50.00  120.00 -109.37  -49.48 -108.81    1.66  -48.83   -0.03    3.12   -3.27   93.69    5.180137    3.852495    3.198316    2.619206    2.007423    1.486979    1.035861    0.677447    0.422735    0.240327    0.125637    0.059151    0.028992    0.011776    0.004720    6.105375    4.466503    3.667140    2.966369    2.241783    1.635696    1.122142    0.721177    0.444085    0.248588    0.129163    0.059561    0.028915    0.012661    0.004983     0.000     2.021     4.153    32.170     3.992     3.991     3.845     3.856   0.99049    6.651280    5.610433    4.973914    4.369600    3.668118    2.977314    2.310509    1.711808    1.203521    0.795350    0.494799    0.296294    0.170438    0.095975    0.043703    7.868728    6.573538    5.794676    5.051389    4.204607    3.377074    2.592887    1.900002    1.321761    0.863742    0.531137    0.315278    0.180542    0.100941    0.046140     0.000     1.919     3.534    15.054     3.746     3.730     3.627     3.610   1.02556
    225401  10  9627.4 603756      9999 20191128   35491.4   57091.4  402709.4  33.8568556  -91.0653765    678970.41   3747968.32    453101.58   1210746.73  159.98  161.55  121.89  119.91   38.03  49370.445     78.151  123.57    1.44   -0.60   -1.58   92.41 -108.00  -50.00  120.00 -109.99  -47.90 -109.46   -1.01  -47.87    0.70   -0.39   -2.88   91.83    5.033413    3.934194    3.341803    2.756181    2.114219    1.549683    1.085490    0.723385    0.458083    0.264046    0.142523    0.065704    0.041795    0.018119    0.009574    5.625940    4.368631    3.694465    3.022894    2.295322    1.658537    1.142954    0.750283    0.468473    0.264408    0.139504    0.062621    0.037971    0.016786    0.008958    97.460     1.647     4.260    31.024     4.037     4.027     3.903     3.951   0.95521    6.693194    5.710213    5.082683    4.471315    3.745746    3.028346    2.354101    1.756201    1.241688    0.823361    0.512405    0.308028    0.177506    0.099395    0.046468    7.673639    6.517076    5.782990    5.061612    4.212143    3.373409    2.597455    1.918761    1.342922    0.880658    0.540575    0.321371    0.183470    0.101225    0.046630     0.000     1.813     3.680    16.261     3.764     3.729     3.629     3.608   1.10780
    225401  10  9631.4 603756      9999 20191128   35495.4   57095.4  402713.4  33.8567862  -91.0629623    679193.92   3747964.83    453323.45   1210750.50  158.51  160.09  119.94  118.28   38.51  49369.509     77.280  121.61    3.69    1.19   -2.70   92.08 -108.00  -50.00  120.00 -110.25  -47.87 -109.14   -3.81  -48.63    0.17   -1.17   -4.25   90.01    5.251720    4.163215    3.601268    3.027999    2.355416    1.720425    1.187849    0.782886    0.495672    0.282294    0.146709    0.070022    0.035744    0.019560    0.010201    5.764010    4.493016    3.862898    3.213985    2.466509    1.774039    1.200426    0.773201    0.476878    0.263279    0.131607    0.059722    0.029604    0.017033    0.009721     0.000     1.664     4.352    29.236     3.963     3.956     3.840     3.810   0.90015    6.452357    5.613653    5.053594    4.485189    3.771905    3.034989    2.343678    1.751999    1.248512    0.837215    0.523288    0.312501    0.180877    0.102345    0.048484    7.551739    6.517880    5.833802    5.144830    4.288072    3.415136    2.605584    1.923496    1.355687    0.899262    0.555522    0.328156    0.186999    0.105273    0.049326     0.000     2.040     3.886    17.252     3.775     3.758     3.657     3.620   1.17528
    225401  10  9635.4 603756      9999 20191128   35499.4   57099.4  402717.4  33.8567236  -91.0606026    679412.38   3747962.01    453540.30   1210754.78  163.94  165.51  125.70  124.10   38.17  49368.240     76.070  127.38    3.68    3.93   -2.34   92.59 -108.00  -50.00  120.00 -107.06  -52.53 -105.63   -3.75  -55.28    2.43    0.89   -5.86   90.47    4.907538    3.853786    3.238502    2.676395    2.036393    1.477674    1.015506    0.665251    0.419655    0.244065    0.130805    0.063626    0.033134    0.016282    0.007510    5.579654    4.306983    3.582287    2.924295    2.191552    1.562610    1.052131    0.672494    0.413731    0.234832    0.122815    0.058275    0.030237    0.016657    0.008425     0.000     1.772     4.482    32.738     4.001     3.983     3.868     3.849   1.00796    6.666581    5.691263    5.124419    4.512227    3.769822    3.015119    2.316232    1.722320    1.225334    0.819064    0.511368    0.303781    0.175347    0.097018    0.045229    7.865315    6.658315    5.958909    5.205290    4.311129    3.414110    2.598053    1.913497    1.348867    0.893041    0.551401    0.324929    0.185729    0.101776    0.046904     0.000     1.603     4.210    14.532     3.732     3.709     3.626     3.598   0.99004
    225401  10  9639.4 603756      9999 20191128   35503.4   57103.4  402721.4  33.8566101  -91.0582862    679626.93   3747953.47    453753.45   1210753.17  165.53  167.10  127.22  125.51   38.24  49367.374     75.294  128.90    3.18   -0.11   -1.07   93.07 -108.00  -50.00  120.00 -108.43  -51.63 -106.91   -0.34  -53.20    2.04    4.56   -5.16   92.86    4.670601    3.595861    3.041470    2.514215    1.965960    1.447151    1.011253    0.669392    0.420197    0.244843    0.132413    0.065826    0.037452    0.026113    0.014465    5.692765    4.305462    3.594195    2.945854    2.269813    1.642415    1.122778    0.724271    0.440719    0.245968    0.127812    0.060103    0.034716    0.022998    0.013719   339.350     1.990     4.654    31.818     4.064     3.992     3.901     3.903   0.97964    6.450416    5.467098    4.901464    4.307837    3.608389    2.906320    2.250383    1.680645    1.197840    0.804016    0.507701    0.305735    0.175687    0.098187    0.044518    7.847521    6.584544    5.867864    5.121670    4.257939    3.396418    2.602381    1.919962    1.351197    0.894344    0.557213    0.331010    0.188318    0.104919    0.047363     0.000     1.943     4.526    14.877     3.733     3.707     3.610     3.599   1.01353
    225401  10  9643.4 603756      9999 20191128   35507.4   57107.4  402725.4  33.8564931  -91.0559800    679840.56   3747944.53    453965.70   1210751.13  169.40  170.98  125.84  124.94   43.50  49367.103     75.115  127.51    3.04   -5.75   -2.87   90.99 -108.00  -50.00  120.00 -106.95  -52.57 -105.81    0.78  -54.49    1.69    0.22   -1.41   91.45    4.777830    3.598944    2.954054    2.468629    1.935790    1.451765    1.029725    0.687477    0.440804    0.258891    0.143694    0.072157    0.039288    0.023124    0.012009    5.725447    4.196064    3.412787    2.808682    2.171333    1.600043    1.113144    0.727475    0.457352    0.261461    0.141354    0.068288    0.036386    0.021146    0.011594    55.054     2.384     4.768    33.383     4.069     4.042     3.905     3.913   1.02782    6.508147    5.472057    4.881457    4.300932    3.632128    2.945193    2.285763    1.699035    1.199513    0.794588    0.496314    0.296696    0.173155    0.094191    0.042441    7.638421    6.387430    5.669864    4.972688    4.172835    3.358067    2.583661    1.902088    1.330598    0.873046    0.540305    0.320622    0.185029    0.100573    0.044940     0.000     2.283     4.880    13.843     3.716     3.697     3.574     3.564   0.94306
    225401  10  9647.4 603756      9999 20191128   35511.4   57111.4  402729.4  33.8565174  -91.0536952    680051.90   3747951.21    454175.16   1210764.75  171.43  173.00  123.68  124.34   47.68  49366.959     74.979  125.36    3.18   -8.42   -3.80   85.88 -108.00  -50.00  120.00 -108.06  -49.50 -107.11   -5.75  -52.19    1.23   -8.90   -0.32   82.80    5.060035    3.670311    2.993716    2.455091    1.881347    1.377288    0.954788    0.626351    0.401283    0.238460    0.131134    0.065689    0.034039    0.016681    0.006886    6.048966    4.321485    3.467025    2.810388    2.118924    1.521529    1.031727    0.660577    0.412597    0.237931    0.126396    0.061341    0.029463    0.014852    0.005863    29.984     2.039     4.583    31.820     3.999     3.989     3.861     3.848   0.97968    6.812423    5.555568    4.855757    4.235336    3.540791    2.855555    2.206755    1.644785    1.167494    0.781975    0.488496    0.290724    0.166658    0.092026    0.039814    8.203255    6.638274    5.757338    4.987544    4.130789    3.296054    2.518473    1.854111    1.299806    0.859679    0.529853    0.310922    0.176914    0.097702    0.042113     0.000     1.602     5.262    15.181     3.759     3.739     3.609     3.601   1.03424
    225401  10  9651.4 603756      9999 20191128   35515.4   57115.4  402733.4  33.8567690  -91.0514523    680258.89   3747983.05    454379.46   1210803.55  173.74  175.31  128.89  131.48   44.79  49364.920     72.817  130.56    2.89   -8.41   -3.05   79.23 -108.00  -50.00  120.00 -107.09  -51.54 -106.34   -9.69  -52.97    0.68  -11.76   -1.98   73.99    6.032848    4.419255    3.571454    2.944333    2.300615    1.734798    1.241474    0.841573    0.540991    0.312762    0.157179    0.066929    0.027063    0.008082    0.002052    7.922618    5.676484    4.521372    3.681061    2.831753    2.105089    1.479493    0.981058    0.612084    0.339502    0.160035    0.063058    0.023032    0.007177    0.001600     0.000     1.858     5.738    33.017     4.015     4.010     3.892     3.855   1.01653    6.801701    5.565203    4.850777    4.214303    3.513250    2.818416    2.164835    1.607078    1.145718    0.773550    0.495075    0.301397    0.171713    0.091024    0.036041    8.729238    7.086998    6.125199    5.290296    4.370273    3.471734    2.634443    1.926576    1.349471    0.890472    0.554552    0.328349    0.182844    0.093684    0.036466     0.000     1.669     4.921    13.988     3.722     3.710     3.617     3.598   0.95297
    225401  10  9655.4 603756      9999 20191128   35519.4   57119.4  402737.4  33.8572329  -91.0492684    680459.98   3748038.33    454577.11   1210865.76  175.44  177.02  129.70  131.39   45.68  49365.581     73.229  131.38    2.16   -8.45   -1.45   73.12 -108.00  -50.00  120.00 -107.52  -51.83 -106.43   -5.78  -53.56    0.99   -6.07   -2.88   70.04    5.601417    4.055226    3.282322    2.721690    2.135175    1.613318    1.156388    0.789523    0.513062    0.307768    0.171369    0.089324    0.046982    0.024344    0.009943    7.565024    5.346734    4.255598    3.480824    2.681824    1.986253    1.392797    0.928543    0.586529    0.341511    0.184352    0.093738    0.048794    0.025172    0.011121     0.000     1.586     4.639    33.237     4.012     4.013     3.898     3.858   1.02330    7.240334    5.905337    5.160695    4.500933    3.790625    3.086078    2.411199    1.811740    1.296806    0.865750    0.536299    0.315291    0.170343    0.086536    0.033072    9.266919    7.485163    6.504875    5.627762    4.698126    3.778698    2.912901    2.157220    1.520907    0.998289    0.608047    0.351490    0.186679    0.094142    0.035346     0.000     1.824     5.263    13.630     3.717     3.704     3.598     3.583   0.92861
    225401  10  9659.4 603756      9999 20191128   35523.4   57123.4  402741.4  33.8578889  -91.0471315    680656.31   3748114.83    454769.33   1210949.18  174.80  176.38  129.26  129.12   45.45  49366.174     73.462  130.94    1.70   -4.49   -0.63   68.52 -108.00  -50.00  120.00 -108.65  -50.60 -108.17   -4.18  -50.39    0.39   -5.61   -2.31   66.27    5.881619    4.338948    3.520672    2.864401    2.238272    1.684064    1.211212    0.831833    0.544435    0.324505    0.180245    0.085488    0.039279    0.012852    0.003866    8.010673    5.776820    4.628550    3.690076    2.835460    2.088738    1.468952    0.984857    0.630013    0.365239    0.196341    0.093517    0.042390    0.013460    0.004706    47.277     2.251     4.834    32.379     4.020     4.044     3.914     3.858   0.99689    7.168460    5.933680    5.192362    4.535007    3.824225    3.129476    2.463232    1.868968    1.350288    0.910243    0.567486    0.334769    0.192094    0.105535    0.046291    9.163065    7.512737    6.528327    5.649526    4.715052    3.811018    2.958675    2.212557    1.573324    1.041969    0.638003    0.369478    0.208067    0.112124    0.047989     0.000     1.877     4.858    14.680     3.739     3.720     3.635     3.594   1.00011
    225401  10  9663.4 603756      9999 20191128   35527.4   57127.4  402745.4  33.8586598  -91.0450236    680849.72   3748204.04    454958.21   1211045.30  173.98  175.56  129.05  128.56   44.82  49366.510     73.371  130.72    2.66    1.90   -1.17   66.20 -108.00  -50.00  120.00 -109.41  -49.80 -108.46   -1.51  -49.84    0.09   -2.47   -2.65   65.30    6.104392    4.485206    3.670661    3.000959    2.355157    1.787377    1.295954    0.898359    0.594289    0.360123    0.202369    0.104188    0.053062    0.020218    0.008913    8.204441    5.871444    4.713343    3.796973    2.920577    2.171319    1.538712    1.039806    0.669614    0.394463    0.213909    0.106360    0.052711    0.020163    0.009687     0.000     2.381     4.808    31.271     3.993     4.007     3.904     3.841   0.96278    7.131844    5.950902    5.212730    4.554582    3.844191    3.156597    2.500451    1.913753    1.400235    0.956842    0.604769    0.357440    0.199535    0.105001    0.041359    9.206444    7.606374    6.610312    5.723553    4.779592    3.876420    3.028092    2.282730    1.643490    1.104558    0.685615    0.397822    0.218432    0.112956    0.043685     0.000     1.999     4.457    15.530     3.739     3.721     3.616     3.596   1.05806
    225401  10  9667.4 603756      9999 20191128   35531.4   57131.4  402749.4  33.8594491  -91.0429376    681041.04   3748295.24    455144.97   1211143.36  173.44  175.02  128.75  129.25   44.54  49366.755     73.178  130.42    2.59   -0.40    0.32   65.16 -108.00  -50.00  120.00 -108.25  -51.45 -107.31    4.05  -51.86    1.14    3.97   -2.24   67.32    6.093644    4.490558    3.622270    2.952331    2.290925    1.728108    1.265868    0.903289    0.624606    0.395547    0.227019    0.117468    0.060197    0.032457    0.016247    8.029725    5.789977    4.582922    3.672838    2.788524    2.057560    1.474069    1.028831    0.698195    0.432099    0.240232    0.119474    0.058476    0.030486    0.015804     0.000     1.972     4.820    32.322     4.012     4.029     3.929     3.860   0.99512    7.496822    6.178849    5.418886    4.714602    3.966634    3.252997    2.588068    2.005384    1.493007    1.036998    0.661258    0.393315    0.219423    0.113264    0.045053    9.547284    7.797287    6.787381    5.856687    4.877307    3.951734    3.104463    2.376184    1.745189    1.194197    0.747681    0.435735    0.238178    0.121330    0.047859     0.000     1.605     3.422    14.755     3.764     3.730     3.625     3.592   1.00525
    225401  10  9671.4 603756      9999 20191128   35535.4   57135.4  402753.4  33.8602567  -91.0408761    681230.06   3748388.44    455329.37   1211243.36  174.30  175.88  130.37  132.37   43.76  49367.102     73.076  132.05    2.71   -0.69   -1.19   64.30 -108.00  -50.00  120.00 -107.72  -52.05 -106.76    2.09  -53.16    1.53   -0.68   -0.66   65.38    6.079661    4.470615    3.618191    2.943250    2.271822    1.712833    1.255507    0.894024    0.622465    0.397422    0.227044    0.114553    0.055440    0.025549    0.011345    8.248650    5.954498    4.724271    3.781312    2.855305    2.102900    1.504046    1.042596    0.703450    0.433726    0.239697    0.116903    0.053529    0.023999    0.010582     0.000     2.338     4.849    32.791     4.010     4.021     3.928     3.850   1.00954    7.561145    6.297645    5.498826    4.795231    4.023741    3.287417    2.617657    2.051507    1.554538    1.103909    0.716639    0.426554    0.238216    0.127510    0.056113    9.683920    8.020574    6.948391    6.016684    4.998510    4.035399    3.169842    2.449451    1.829319    1.278926    0.815267    0.476966    0.261937    0.138635    0.060763     0.000     1.621     4.262    14.471     3.743     3.715     3.605     3.595   0.98594
    225401  10  9675.4 603756      9999 20191128   35539.4   57139.4  402757.4  33.8610982  -91.0388421    681416.47   3748485.35    455511.05   1211347.00  175.57  177.14  133.20  132.93   42.19  49367.266     72.770  134.87    1.99   -0.53    0.30   63.34 -108.00  -50.00  120.00 -107.61  -52.90 -107.00    0.03  -52.73    0.17   -2.16   -1.22   63.27    6.188183    4.706453    3.854730    3.135569    2.426982    1.820362    1.306717    0.903073    0.607453    0.380402    0.219952    0.114037    0.055420    0.022876    0.007393    8.860345    6.602535    5.305134    4.235448    3.203399    2.338589    1.628934    1.089267    0.709982    0.431191    0.240961    0.119318    0.054395    0.021738    0.006776     0.000     2.637     4.972    33.143     4.013     4.026     3.930     3.848   1.02040    7.485673    6.326576    5.562912    4.849810    4.075093    3.325403    2.622943    2.021384    1.512061    1.065418    0.687963    0.409448    0.224985    0.117678    0.047171    9.901313    8.309214    7.260451    6.281364    5.220954    4.201176    3.257324    2.461069    1.804193    1.245541    0.787005    0.459096    0.248323    0.127277    0.049975     0.000     1.849     4.660    13.775     3.731     3.713     3.591     3.592   0.93856
    225401  10  9679.4 603756      9999 20191128   35543.4   57143.4  402761.4  33.8619618  -91.0368114    681602.52   3748584.71    455692.29   1211453.10  177.04  178.62  134.36  131.34   42.52  49367.494     72.517  136.04    3.33    0.11   -0.68   62.53 -108.00  -50.00  120.00 -108.39  -51.72 -107.06    1.70  -52.70    1.52    1.33   -2.11   63.42    5.900820    4.570227    3.740144    3.060327    2.368557    1.766381    1.239479    0.830668    0.546371    0.335917    0.191798    0.093479    0.043875    0.019293    0.006253    8.687808    6.569130    5.270267    4.224674    3.187118    2.307459    1.568108    1.012761    0.643551    0.379600    0.208674    0.097343    0.044739    0.020604    0.007922     0.000     2.288     5.130    31.870     3.979     4.007     3.915     3.833   0.98118    7.286498    6.214579    5.476509    4.775795    4.012168    3.264457    2.547291    1.930402    1.427399    1.008647    0.662695    0.402185    0.227078    0.118663    0.045384    9.994806    8.464071    7.396779    6.396164    5.305900    4.248820    3.252716    2.411452    1.741856    1.203090    0.771412    0.456911    0.252018    0.128457    0.047447     0.000     2.352     4.981    14.829     3.770     3.753     3.640     3.621   1.01034
    225401  10  9683.4 603756      9999 20191128   35547.4   57147.4  402765.4  33.8628450  -91.0348190    681784.98   3748686.18    455869.90   1211561.21  180.68  182.25  138.65  135.71   41.89  49366.672     71.201  140.32    3.97    0.57   -0.91   61.99 -108.00  -50.00  120.00 -107.83  -51.61 -106.96    0.40  -52.92    2.08   -0.03   -2.14   62.16    5.445774    4.381029    3.693670    3.070887    2.411332    1.801288    1.264786    0.845913    0.553228    0.341144    0.193563    0.096374    0.044143    0.018582    0.005195    8.763751    6.935485    5.760511    4.689792    3.573650    2.574574    1.728151    1.103136    0.689077    0.404269    0.216451    0.100061    0.041590    0.017422    0.004682    28.282     2.125     5.360    31.975     4.013     4.020     3.903     3.854   0.98443    7.086407    6.159711    5.479636    4.839634    4.094556    3.341596    2.602085    1.948817    1.410510    0.972752    0.625176    0.377063    0.214047    0.110571    0.043338   10.255702    8.881847    7.847698    6.879600    5.746025    4.605940    3.505612    2.556625    1.798179    1.203621    0.749739    0.439443    0.243646    0.122816    0.047540     0.000     1.962     5.322    15.251     3.734     3.715     3.620     3.596   1.03908
    225401  10  9687.4 603756      9999 20191128   35551.4   57151.4  402769.4  33.8637214  -91.0328658    681963.82   3748786.83    456043.95   1211668.37  188.67  190.25  146.07  141.14   42.48  49364.970     69.010  147.75    3.38    1.75   -0.12   62.15 -108.00  -50.00  120.00 -106.42  -53.98 -105.33    0.14  -55.91    2.54    0.45   -3.33   62.17    5.206397    4.423908    3.806261    3.214313    2.513927    1.858951    1.286461    0.841222    0.538331    0.321969    0.176065    0.085139    0.043327    0.017151    0.007231    9.436749    7.839213    6.572577    5.406505    4.078853    2.887970    1.901647    1.178216    0.713621    0.402738    0.208813    0.096303    0.046425    0.018292    0.008000     0.000     1.878     5.570    33.601     4.010     4.036     3.931     3.846   1.03448    6.790515    6.032938    5.485253    4.871727    4.131490    3.352796    2.585698    1.921436    1.380609    0.947356    0.607821    0.364663    0.204856    0.107942    0.041592   10.543576    9.334203    8.436938    7.418269    6.197566    4.920650    3.690501    2.657318    1.846397    1.222240    0.755653    0.437322    0.238670    0.121662    0.045695     0.000     1.953     5.710    13.651     3.708     3.681     3.598     3.555   0.93007
    225401  10  9691.4 603756      9999 20191128   35555.4   57155.4  402773.4  33.8645685  -91.0309236    682141.71   3748884.22    456217.16   1211772.23  191.57  193.15  145.98  144.72   45.50  49362.655     66.221  147.65    2.73    4.26   -1.02   63.51 -108.00  -50.00  120.00 -107.83  -51.38 -107.18    0.78  -52.52    1.66    3.22   -3.90   63.89    4.674271    3.855180    3.225251    2.679920    2.072867    1.546653    1.095268    0.734912    0.482193    0.293862    0.171334    0.088170    0.044209    0.021938    0.008536    9.552309    7.653656    6.200199    4.997535    3.703116    2.637026    1.774554    1.122673    0.693139    0.394374    0.214302    0.101889    0.048636    0.021659    0.008420     0.000     1.577     5.597    32.455     3.996     4.030     3.927     3.850   0.99920    6.396978    5.725187    5.149469    4.564964    3.865347    3.152853    2.459461    1.845751    1.334720    0.915347    0.588307    0.355080    0.195686    0.103039    0.041125   10.556162    9.386820    8.368877    7.326382    6.101854    4.865799    3.693853    2.688178    1.876293    1.241921    0.767843    0.446950    0.238227    0.121482    0.047498     0.000     1.644     6.047    14.758     3.726     3.697     3.604     3.586   1.00551
    225401  10  9695.4 603756      9999 20191128   35559.4   57159.4  402777.4  33.8653636  -91.0289468    682322.90   3748975.90    456393.84   1211870.43  191.37  192.95  146.28  145.08   45.01  49362.936     66.059  147.96    3.23    6.79   -0.72   66.51 -108.00  -50.00  120.00 -108.27  -50.05 -107.72   -0.06  -51.42    0.43    4.37   -5.31   66.39    4.687006    3.997026    3.423462    2.874808    2.260232    1.685420    1.184442    0.787773    0.508928    0.297681    0.162620    0.078973    0.040450    0.015801    0.007468   10.067928    8.330060    6.994950    5.707117    4.303675    3.048005    2.014952    1.251423    0.754583    0.408061    0.204939    0.090766    0.043473    0.015412    0.007380   104.144     1.807     5.556    31.657     4.019     4.041     3.931     3.867   0.97461    6.153931    5.491734    4.972142    4.423789    3.769091    3.091827    2.422945    1.830636    1.330937    0.911776    0.586174    0.355597    0.200599    0.101891    0.041392   10.504702    9.310142    8.380508    7.369287    6.172927    4.945289    3.754987    2.737206    1.910701    1.256232    0.771108    0.448139    0.242686    0.117165    0.045790     0.000     2.029     6.332    15.186     3.742     3.717     3.610     3.588   1.03473
    225401  10  9699.4 603756      9999 20191128   35563.4   57163.4  402781.4  33.8660355  -91.0268993    682510.89   3749054.05    456577.72   1211955.25  191.61  193.19  146.97  146.04   44.58  49369.989     72.743  148.64    2.05    8.33    0.25   71.01 -108.00  -50.00  120.00 -107.52  -51.56 -106.68    1.88  -53.22    0.78    8.16   -6.55   71.98    4.800687    4.106732    3.587911    3.044361    2.410668    1.807275    1.262142    0.819459    0.522806    0.313451    0.159910    0.082818    0.041480    0.014235    0.006767   10.189332    8.479319    7.244946    5.981189    4.548624    3.255393    2.148673    1.310864    0.791414    0.456560    0.211324    0.103815    0.053761    0.016508    0.008768     0.000     2.703     6.438    33.303     4.000     4.011     3.898     3.842   1.02528    6.275503    5.656686    5.171806    4.635141    3.969847    3.255512    2.538320    1.893673    1.341524    0.906244    0.578600    0.347972    0.209553    0.113991    0.050291   10.459974    9.390248    8.523212    7.567067    6.383147    5.124962    3.877255    2.792567    1.899472    1.231742    0.757217    0.437507    0.251585    0.133100    0.055083     0.000     2.505     6.305    13.512     3.706     3.682     3.593     3.569   0.92068
    225401  10  9703.4 603756      9999 20191128   35567.4   57167.4  402785.4  33.8665588  -91.0247558    682708.08   3749115.89    456771.28   1212023.94  184.47  186.04  140.08  140.11   44.33  49367.243     69.715  141.75    1.04    7.94   -0.41   76.10 -108.00  -50.00  120.00 -109.31  -48.07 -109.15    2.80  -48.19    0.14    8.90   -5.90   77.50    4.910567    4.071544    3.483537    2.921862    2.307427    1.727081    1.207129    0.785880    0.493056    0.293752    0.161562    0.078981    0.035025    0.011710    0.003416    9.418988    7.595318    6.329791    5.174245    3.950085    2.844279    1.904734    1.178826    0.701084    0.392159    0.202399    0.092489    0.039973    0.011553    0.003768    28.177     1.764     5.549    32.201     4.003     4.012     3.907     3.883   0.99135    6.487390    5.814004    5.263977    4.698278    4.005932    3.282247    2.552375    1.888967    1.341040    0.914666    0.592626    0.360114    0.212635    0.115256    0.050750   10.042969    8.942481    8.036515    7.105472    5.974344    4.805773    3.647103    2.620153    1.800977    1.185255    0.743530    0.436956    0.250243    0.131418    0.055737     0.000     1.605     6.071    14.930     3.744     3.713     3.627     3.576   1.01729
    225401  10  9707.4 603756      9999 20191128   35571.4   57171.4  402789.4  33.8669309  -91.0225074    682915.29   3749161.15    456975.34   1212076.26  176.37  177.95  132.43  131.96   43.89  49365.716     67.995  134.10    1.26    7.60   -1.33   81.01 -108.00  -50.00  120.00 -109.10  -48.29 -109.39    2.32  -47.43   -0.50    8.79   -5.84   82.19    5.332186    4.151062    3.436017    2.844584    2.239455    1.680043    1.184114    0.783263    0.497585    0.295421    0.164922    0.084244    0.041735    0.013877    0.005181    8.230594    6.178866    5.013804    4.067501    3.128394    2.281357    1.559357    0.996226    0.612967    0.350714    0.189310    0.092637    0.044390    0.013225    0.005127    70.379     1.719     5.224    31.990     4.049     4.045     3.936     3.907   0.98487    6.790038    5.879119    5.272452    4.666026    3.973988    3.276273    2.562580    1.903984    1.354053    0.911099    0.577433    0.351153    0.203069    0.107617    0.043223    9.296447    7.971177    7.082470    6.221356    5.242609    4.263400    3.277816    2.385612    1.658003    1.090815    0.674089    0.399990    0.226396    0.117293    0.045534     0.000     1.979     5.663    15.180     3.759     3.724     3.624     3.597   1.03434
    225401  10  9711.4 603756      9999 20191128   35575.4   57175.4  402793.4  33.8671467  -91.0201940    683128.84   3749189.21    457186.26   1212111.48  173.25  174.82  128.88  127.78   44.30  49363.700     65.877  130.56    2.40    8.03   -2.13   85.70 -108.00  -50.00  120.00 -108.37  -49.49 -107.93    0.32  -50.74    0.76    7.19   -6.36   85.84    5.460698    4.036055    3.367664    2.804624    2.237549    1.743803    1.263599    0.857180    0.548492    0.309818    0.160653    0.072275    0.034706    0.010974    0.005939    7.272410    5.247117    4.306012    3.547565    2.781604    2.131187    1.512715    0.999204    0.621663    0.337601    0.167333    0.072700    0.034912    0.012200    0.006951     0.000     1.993     5.226    32.168     4.008     3.996     3.860     3.855   0.99033    6.869109    5.644059    4.968708    4.351918    3.689313    3.033210    2.376850    1.789106    1.298367    0.901754    0.587947    0.362078    0.207175    0.112180    0.041578    8.919719    7.265327    6.345876    5.503911    4.617964    3.761178    2.903384    2.143846    1.517604    1.024227    0.647285    0.388932    0.219078    0.116292    0.043191     0.000     1.706     5.355    14.963     3.754     3.723     3.623     3.589   1.01953
    225401  10  9715.4 603756      9999 20191128   35579.4   57179.4  402797.4  33.8672127  -91.0178615    683344.49   3749200.68    457399.83   1212130.06  172.12  173.69  127.79  127.22   44.26  49359.178     61.341  129.46    2.45   10.33   -3.84   91.14 -108.00  -50.00  120.00 -107.90  -48.58 -108.17   -3.01  -50.23    0.91    6.73   -7.86   89.49    5.676667    3.970907    3.137420    2.530230    1.956104    1.458506    1.031458    0.699057    0.470043    0.290983    0.171216    0.094142    0.052864    0.025411    0.010551    7.831208    5.329841    4.104240    3.237627    2.436458    1.770697    1.217842    0.802189    0.521909    0.312314    0.175966    0.092569    0.050567    0.022893    0.010123     0.000     1.957     5.092    32.145     4.016     4.006     3.886     3.850   0.98962    6.981809    5.620984    4.881769    4.229799    3.554736    2.916311    2.297451    1.743747    1.273579    0.884166    0.574083    0.355957    0.210727    0.118150    0.049362    9.010443    7.192384    6.185590    5.306200    4.403042    3.558783    2.758405    2.059721    1.481763    1.013085    0.647204    0.394950    0.230720    0.126900    0.051961     0.000     1.616     5.087    15.099     3.755     3.731     3.617     3.593   1.02884
    225401  10  9719.4 603756      9999 20191128   35583.4   57183.4  402801.4  33.8670759  -91.0155219    683561.23   3749189.69    457615.22   1212126.06  175.24  176.81  131.55  131.58   43.62  49361.871     64.138  133.22    2.38   12.31   -2.53   97.64 -108.00  -50.00  120.00 -107.38  -49.67 -106.76   -1.41  -53.18    1.53   10.99  -10.16   96.85    5.952951    4.216344    3.250196    2.517397    1.836612    1.304279    0.883092    0.581000    0.383071    0.232252    0.129215    0.066975    0.039097    0.018414    0.008435    8.601419    5.896522    4.419393    3.331444    2.351921    1.617351    1.058054    0.673818    0.431027    0.250494    0.133568    0.066144    0.037632    0.017428    0.008301     0.000     1.675     4.901    32.455     4.027     3.998     3.871     3.847   0.99915    7.230174    5.924745    5.054236    4.261150    3.457139    2.735759    2.090979    1.558174    1.128836    0.780137    0.508229    0.315225    0.182926    0.096495    0.037268    9.779467    7.937302    6.707628    5.585937    4.458658    3.463526    2.594374    1.895564    1.347245    0.914003    0.584893    0.356685    0.203522    0.105586    0.040326     0.000     1.693     4.919    14.050     3.740     3.720     3.633     3.581   0.95732
    225401  10  9723.4 603756      9999 20191128   35587.4   57187.4  402805.4  33.8666808  -91.0132151    683775.48   3749149.99    457829.13   1212093.08  178.20  179.78  134.26  135.52   43.86  49364.525     67.046  135.94    2.79    8.81   -1.73  104.07 -108.00  -50.00  120.00 -109.31  -48.38 -108.11    2.20  -50.75    2.18   13.62   -8.34  105.18    5.301683    3.823563    2.929618    2.237004    1.607701    1.125176    0.755938    0.496575    0.322001    0.195088    0.111907    0.059330    0.034220    0.022321    0.012419    8.352602    5.778465    4.291571    3.183226    2.208442    1.489861    0.958998    0.601042    0.373280    0.215159    0.115742    0.058180    0.033243    0.020572    0.011645     0.000     1.973     4.663    30.981     4.007     3.971     3.847     3.840   0.95377    6.669280    5.333823    4.521816    3.771011    3.034576    2.390135    1.826572    1.363683    0.988044    0.685123    0.456775    0.294784    0.180176    0.102122    0.044810    9.500905    7.512152    6.281090    5.163901    4.073928    3.141406    2.347742    1.714502    1.216555    0.826994    0.541283    0.343328    0.206332    0.116246    0.050432     0.000     1.896     4.828    15.350     3.754     3.732     3.641     3.598   1.04595
    225401  10  9727.4 603756      9999 20191128   35591.4   57191.4  402809.4  33.8660881  -91.0109550    683985.84   3749088.31    458039.91   1212037.83  183.11  184.68  139.16  140.11   43.85  49363.168     66.058  140.84    1.40    4.15   -3.79  108.35 -108.00  -50.00  120.00 -108.15  -51.07 -107.66    0.55  -51.28    1.78    8.05   -5.86  108.66    4.331534    2.931288    2.241013    1.728725    1.277477    0.923150    0.641626    0.429462    0.280925    0.172805    0.104577    0.059295    0.034963    0.022268    0.011490    7.340865    4.740064    3.491898    2.603312    1.848226    1.287862    0.863772    0.556158    0.348701    0.205436    0.118733    0.064273    0.036182    0.021042    0.010295     0.000     2.081     4.382    33.029     3.995     3.973     3.860     3.835   1.01683    6.195716    4.901195    4.103517    3.424414    2.745555    2.154831    1.645266    1.226587    0.888358    0.621647    0.419214    0.274316    0.168079    0.095000    0.040632    9.024473    7.023982    5.800861    4.758473    3.737723    2.872196    2.142887    1.559273    1.103105    0.753471    0.496120    0.316727    0.189375    0.104283    0.043442     0.000     1.681     4.953    14.105     3.723     3.693     3.602     3.559   0.96115
    225401  10  9731.4 603756      9999 20191128   35595.4   57195.4  402813.4  33.8654149  -91.0087089    684195.09   3749017.68    458249.88   1211973.55  184.20  185.78  140.09  140.99   44.01  49361.441     64.746  141.76    0.97    6.87   -4.56  111.45 -108.00  -50.00  120.00 -109.70  -47.82 -108.48   -7.29  -49.30    0.55   -0.69   -6.89  107.49    4.337513    2.993213    2.237887    1.685544    1.209904    0.869025    0.600881    0.392750    0.257963    0.157110    0.094689    0.049527    0.028576    0.011895    0.005381    7.759251    5.083404    3.666834    2.667237    1.841697    1.273705    0.844145    0.528152    0.332974    0.192860    0.111405    0.057258    0.031326    0.011370    0.005140     0.000     1.986     3.777    31.700     3.993     3.962     3.872     3.850   0.97589    5.899800    4.650677    3.866786    3.207453    2.573477    2.046226    1.590863    1.199193    0.874262    0.613353    0.411018    0.263347    0.155058    0.084638    0.035070    8.988005    6.941467    5.683026    4.618405    3.621842    2.817738    2.140576    1.572668    1.116967    0.762631    0.498242    0.310357    0.176819    0.093459    0.037444     0.000     2.158     5.187    15.366     3.736     3.720     3.634     3.606   1.04706
    225401  10  9735.4 603756      9999 20191128   35599.4   57199.4  402817.4  33.8646313  -91.0064889    684402.16   3748934.75    458458.12   1211896.82  176.32  177.90  132.01  131.42   44.19  49359.817     63.601  133.69    0.82    7.62   -3.25  114.61 -108.00  -50.00  120.00 -110.75  -45.60 -110.72   -4.77  -44.56   -0.58    8.52   -9.57  112.09    4.621708    3.106089    2.366762    1.821218    1.376521    1.036362    0.735403    0.482374    0.305185    0.174050    0.094033    0.050703    0.028305    0.012192    0.006196    7.366344    4.726567    3.511255    2.626760    1.938963    1.425127    0.985349    0.625666    0.380839    0.207387    0.106863    0.054665    0.029405    0.013045    0.006524     0.000     2.286     4.430    30.392     3.973     3.948     3.829     3.829   0.93562    6.097808    4.846937    4.053852    3.396713    2.776754    2.244640    1.755661    1.316046    0.942283    0.647421    0.424666    0.268429    0.159292    0.083840    0.035257    8.547128    6.680507    5.520827    4.569894    3.684857    2.936397    2.254863    1.651505    1.152994    0.769974    0.490738    0.303352    0.176307    0.090914    0.037653     0.000     1.702     5.222    16.637     3.772     3.749     3.651     3.600   1.13370
    225401  10  9739.4 603756      9999 20191128   35603.4   57203.4  402821.4  33.8637081  -91.0042985    684606.79   3748836.30    458664.45   1211804.37  171.56  173.14  127.78  126.02   43.64  49358.164     62.509  129.45    1.75    1.78   -3.99  116.89 -108.00  -50.00  120.00 -109.61  -50.32 -108.71   -0.69  -49.17   -0.14    7.68   -6.49  116.58    5.549431    3.729106    2.737422    2.064283    1.508936    1.118972    0.796850    0.531439    0.348031    0.209687    0.118699    0.065266    0.035137    0.017261    0.007263    7.222349    4.696442    3.342498    2.464530    1.759586    1.279154    0.892957    0.583996    0.376386    0.223975    0.124586    0.065800    0.034838    0.017124    0.007315    28.434     1.744     4.968    31.545     4.010     3.996     3.856     3.869   0.97113    6.692461    5.285687    4.402434    3.648757    2.952600    2.374654    1.846395    1.365271    0.952413    0.632797    0.408441    0.261288    0.161556    0.090261    0.040667    8.485614    6.557852    5.369001    4.369895    3.472386    2.753679    2.117143    1.549744    1.069962    0.705653    0.453596    0.288880    0.176645    0.099655    0.043546     0.000     1.763     5.133    14.838     3.746     3.729     3.646     3.603   1.01106
    225401  10  9743.4 603756      9999 20191128   35607.4   57207.4  402825.4  33.8627608  -91.0021208    684810.30   3748735.16    458869.77   1211709.18  171.15  172.72  126.77  126.56   44.20  49355.800     60.719  128.44    2.25    1.59   -4.16  117.67 -108.00  -50.00  120.00 -108.83  -50.09 -107.60   -6.23  -51.27    1.16   -0.38   -5.73  114.32    5.557395    3.647759    2.661826    1.983515    1.434072    1.046692    0.733856    0.488746    0.317703    0.194135    0.112023    0.061888    0.036948    0.019132    0.009154    6.992502    4.406228    3.142341    2.286656    1.614576    1.152372    0.791325    0.516352    0.329551    0.195919    0.110148    0.059721    0.034573    0.018265    0.009035     0.000     2.002     4.337    32.100     4.005     3.975     3.875     3.843   0.98821    7.170275    5.544921    4.565577    3.732040    2.959952    2.338778    1.793187    1.316715    0.928262    0.631254    0.414692    0.266062    0.161947    0.091991    0.040049    8.844888    6.779498    5.516245    4.471857    3.503047    2.733377    2.066575    1.496286    1.039891    0.697743    0.452059    0.286099    0.172493    0.096926    0.041831     0.000     2.080     4.749    15.179     3.756     3.728     3.622     3.605   1.03432
    225401  10  9747.4 603756      9999 20191128   35611.4   57211.4  402829.4  33.8618053  -90.9999522    685013.00   3748633.10    459074.31   1211613.04  171.22  172.80  126.50  126.12   44.52  49353.682     59.180  128.18    1.54    2.22   -5.33  118.58 -108.00  -50.00  120.00 -108.97  -48.97 -108.35   -9.03  -49.08    0.78    0.79   -7.64  113.83    4.853564    3.060988    2.209347    1.636812    1.185848    0.868447    0.619427    0.423535    0.285681    0.180684    0.111597    0.066664    0.041154    0.020142    0.009586    6.091985    3.735291    2.646633    1.928606    1.376000    0.988213    0.690359    0.460180    0.303020    0.185084    0.110774    0.063554    0.037326    0.016701    0.008055    63.424     1.878     4.389    32.129     4.014     3.982     3.894     3.874   0.98909    6.779224    5.155216    4.183580    3.404395    2.704009    2.154981    1.674137    1.250741    0.898142    0.622718    0.418277    0.274371    0.171422    0.098077    0.043689    8.210023    6.159911    4.946778    3.984155    3.128044    2.467117    1.895392    1.402146    0.995441    0.682789    0.453754    0.294068    0.181866    0.103030    0.045376     0.000     1.655     4.519    15.545     3.760     3.719     3.621     3.599   1.05930
    225401  10  9751.4 603756      9999 20191128   35615.4   57215.4  402833.4  33.8608117  -90.9977956    685214.67   3748526.79    459277.97   1211512.58  168.89  170.46  125.30  124.79   43.39  49351.063     57.162  126.98    3.36    9.58   -5.61  121.75 -108.00  -50.00  120.00 -108.86  -47.10 -108.16   -9.17  -49.61    0.31    5.10  -10.62  116.86    5.243227    3.440866    2.556646    1.963198    1.473038    1.105318    0.789802    0.525569    0.335422    0.196537    0.106997    0.048308    0.024315    0.007208    0.002730    6.819030    4.352012    3.181652    2.399847    1.768094    1.296114    0.901248    0.581511    0.358291    0.200848    0.102931    0.042523    0.021039    0.005812    0.002399   228.849     1.818     4.454    30.631     4.018     4.008     3.927     3.909   0.94296    6.642035    5.048552    4.128261    3.387786    2.716924    2.177928    1.695268    1.261802    0.898170    0.616822    0.410625    0.266922    0.164170    0.093420    0.040747    8.413846    6.302462    5.081961    4.138243    3.288191    2.614898    2.014330    1.479293    1.036091    0.699464    0.458489    0.294771    0.178213    0.100450    0.042980     0.000     1.695     4.346    16.220     3.777     3.744     3.643     3.625   1.10526
    225401  10  9755.4 603756      9999 20191128   35619.4   57219.4  402837.4  33.8596608  -90.9957564    685405.83   3748402.83    459471.80   1211394.02  171.78  173.35  127.98  128.46   43.60  49349.190     55.980  129.66    2.41   12.18   -4.48  127.44 -108.00  -50.00  120.00 -106.55  -50.82 -106.11   -4.57  -54.13    2.16   10.65  -11.59  124.93    5.517182    3.580145    2.620232    2.024525    1.534575    1.160474    0.829731    0.547163    0.347478    0.201787    0.108803    0.055924    0.028165    0.012945    0.005141    7.197335    4.531108    3.246990    2.461696    1.829293    1.359982    0.952749    0.612662    0.379960    0.214062    0.113443    0.057121    0.027985    0.013494    0.005348    28.381     1.806     4.540    33.602     4.043     4.008     3.910     3.889   1.03445    6.944933    5.303677    4.397356    3.672257    3.004626    2.422572    1.875532    1.379311    0.962272    0.644858    0.419589    0.270400    0.164378    0.092129    0.040036    8.786605    6.615628    5.426164    4.487650    3.641022    2.908550    2.228136    1.618478    1.112800    0.733698    0.470503    0.299692    0.181111    0.101245    0.043795     0.000     1.432     4.212    13.398     3.723     3.708     3.600     3.564   0.91299
    225401  10  9759.4 603756      9999 20191128   35623.4   57223.4  402841.4  33.8582953  -90.9938855    685581.88   3748254.77    459651.45   1211250.71  172.79  174.36  130.16  128.76   42.47  49346.785     54.390  131.83    1.81    6.73   -2.67  132.90 -108.00  -50.00  120.00 -108.58  -50.45 -108.07    1.39  -50.54    1.99   14.07   -9.01  133.63    5.067242    3.502090    2.692581    2.129563    1.621785    1.205305    0.846897    0.551909    0.343519    0.198373    0.109668    0.058398    0.032579    0.014932    0.007153    6.915348    4.700626    3.560186    2.754571    2.045253    1.480569    1.008580    0.637218    0.382633    0.213239    0.113700    0.058287    0.030328    0.014031    0.006423     0.000     2.257     4.737    32.131     3.991     3.965     3.880     3.827   0.98915    6.886549    5.401455    4.565802    3.837325    3.149393    2.538825    1.962528    1.437904    1.001895    0.666198    0.431795    0.276771    0.172071    0.101136    0.047549    8.778871    6.859964    5.761149    4.814331    3.912172    3.113332    2.369275    1.704722    1.165944    0.761504    0.485576    0.306411    0.188322    0.109722    0.051232     0.000     1.710     4.237    14.445     3.738     3.734     3.647     3.581   0.98435
    225401  10  9763.4 603756      9999 20191128   35627.4   57227.4  402845.4  33.8567897  -90.9921254    685747.99   3748090.98    459821.77   1211091.22  171.70  173.28  131.07  130.09   40.53  49344.261     52.762  132.75    2.33    0.31   -4.45  134.49 -108.00  -50.00  120.00 -109.31  -50.45 -108.29    1.77  -50.12    0.39    6.31   -4.28  135.38    6.605696    5.240166    4.252596    3.347348    2.446835    1.725972    1.164861    0.745566    0.447465    0.242428    0.122439    0.057529    0.031213    0.010539    0.005821    9.626056    7.520067    6.011361    4.638651    3.300364    2.253511    1.473232    0.908751    0.525193    0.273044    0.131333    0.059478    0.030698    0.010803    0.005705     0.000     2.189     4.944    31.433     3.992     3.969     3.896     3.830   0.96765    7.354877    6.249092    5.438889    4.624042    3.751378    2.957106    2.242559    1.613893    1.099072    0.714520    0.448407    0.276451    0.165859    0.096966    0.044379   10.034878    8.514912    7.381129    6.214738    4.958778    3.829008    2.837490    1.991633    1.320728    0.834619    0.508289    0.305295    0.178515    0.101790    0.045161     0.000     1.864     4.559    15.119     3.741     3.715     3.625     3.595   1.03032
    225401  10  9767.4 603756      9999 20191128   35631.4   57231.4  402849.4  33.8553135  -90.9903340    685916.94   3747930.50    459994.79   1210935.17  176.31  177.88  137.38  134.86   38.88  49341.025     50.404  139.06    2.49  -14.43   -3.25  128.73 -108.00  -50.00  120.00 -106.92  -48.61 -106.14   -2.24  -54.14    1.22   -8.71    1.25  127.47    6.504191    5.401936    4.465293    3.604494    2.673774    1.897770    1.289551    0.827090    0.494399    0.261812    0.129302    0.058472    0.028390    0.013411    0.006736   11.424513    9.316852    7.541095    5.949149    4.257785    2.902811    1.887499    1.152653    0.652059    0.324309    0.150697    0.063978    0.029496    0.013958    0.007123    18.250     1.916     5.045    32.870     4.031     3.996     3.924     3.923   1.01187    7.753837    6.831306    6.062681    5.240894    4.279547    3.367807    2.543962    1.833537    1.238741    0.778211    0.458528    0.268816    0.159314    0.091099    0.043706   11.575477   10.200155    9.027873    7.744291    6.238074    4.813031    3.552382    2.491150    1.628879    0.986977    0.560030    0.318579    0.185089    0.103310    0.048931     0.000     1.896     5.022    13.846     3.733     3.720     3.617     3.575   0.94354
    225401  10  9771.4 603756      9999 20191128   35635.4   57235.4  402853.4  33.8541520  -90.9883034    686107.34   3747805.37    460187.91   1210815.41  182.01  183.58  142.07  141.36   39.92  49338.663     48.740  143.74    2.65  -22.67   -7.32  116.04 -108.00  -50.00  120.00 -107.52  -38.62 -107.46  -11.27  -50.57    1.18  -22.81    4.69  110.14    5.291094    4.345661    3.707502    3.012441    2.272406    1.630539    1.104342    0.704735    0.421585    0.234541    0.123878    0.063632    0.035595    0.017939    0.008499   12.774341   10.155262    8.387478    6.588306    4.719524    3.197135    2.019333    1.198640    0.664409    0.342715    0.168767    0.082320    0.044850    0.019822    0.009079     0.000     2.305     5.095    30.033     3.976     3.953     3.866     3.832   0.92455    6.410280    5.727543    5.110599    4.476758    3.698961    2.930435    2.216777    1.594618    1.079272    0.688611    0.416707    0.248505    0.146735    0.085079    0.040703   11.576443   10.320034    9.158403    7.932116    6.427241    4.949739    3.608866    2.488468    1.609715    0.983222    0.571032    0.328697    0.186965    0.105890    0.048948     0.000     2.525     5.306    15.932     3.762     3.743     3.655     3.602   1.08570
    225401  10  9775.4 603756      9999 20191128   35639.4   57239.4  402857.4  33.8535631  -90.9860185    686320.04   3747744.20    460401.00   1210760.76  185.33  186.90  145.91  143.92   39.41  49337.659     48.103  147.58    2.22  -10.50   -9.24  103.30 -108.00  -50.00  120.00 -109.17  -50.14 -106.02  -24.84  -48.32    0.42  -27.90   -1.53   90.03    4.693075    3.886806    3.253093    2.639310    1.953429    1.352398    0.872114    0.529483    0.314966    0.176088    0.094677    0.050747    0.024535    0.008307    0.003523    9.584486    7.645702    6.224157    4.865034    3.412857    2.216492    1.331670    0.753126    0.419275    0.218754    0.110687    0.055790    0.023868    0.007377    0.003065    89.357     2.493     4.876    31.428     3.998     3.991     3.909     3.909   0.96749    5.416009    4.796869    4.295622    3.741509    3.087962    2.430407    1.815766    1.293965    0.882418    0.577214    0.364527    0.224612    0.129749    0.071485    0.029860    8.867805    7.776100    6.875773    5.900548    4.753823    3.630569    2.614842    1.792524    1.177515    0.743029    0.455132    0.273627    0.151031    0.079601    0.031022     0.000     2.953     5.482    13.730     3.724     3.731     3.679     3.601   0.93567
    225401  10  9779.4 603756      9999 20191128   35643.4   57243.4  402861.4  33.8533283  -90.9836594    686538.83   3747722.44    460618.80   1210745.99  184.13  185.71  143.47  141.71   40.66  49337.422     48.028  145.14    0.96    1.17   -3.53   96.65 -108.00  -50.00  120.00 -108.57  -51.85 -106.47  -16.01  -50.58   -0.71   -6.52   -9.54   88.02    4.924437    3.927077    3.194362    2.511964    1.794614    1.198488    0.756970    0.461438    0.277381    0.154687    0.083612    0.039906    0.021773    0.008097    0.004223    9.564231    7.288705    5.743984    4.342402    2.949030    1.869139    1.119893    0.648027    0.373141    0.198196    0.100821    0.045439    0.022097    0.007966    0.003967     0.000     1.807     4.709    33.230     4.015     3.990     3.867     3.845   1.02295    5.986168    5.216487    4.562312    3.899980    3.138451    2.408902    1.764695    1.249233    0.860751    0.576566    0.374612    0.233203    0.136092    0.073635    0.029818    9.477640    8.165904    7.044446    5.917437    4.644389    3.459209    2.451956    1.679862    1.121256    0.728923    0.460721    0.281430    0.162872    0.086526    0.034872     0.000     2.004     5.544    13.556     3.706     3.699     3.596     3.556   0.92384
    225401  10  9783.4 603756      9999 20191128   35647.4   57247.4  402865.4  33.8531324  -90.9812559    686761.65   3747705.08    460840.45   1210735.79  174.54  176.12  132.89  131.49   41.65  49337.617     48.364  134.56    1.82   -2.92   -2.84   93.65 -108.00  -50.00  120.00 -111.56  -47.26 -110.49    3.11  -45.21    0.28   11.04   -5.19   95.42    5.096394    3.683737    2.826442    2.102822    1.458919    1.000865    0.678434    0.448148    0.297660    0.185225    0.108755    0.057579    0.025835    0.019319    0.005676    8.374793    5.796255    4.285731    3.070160    2.046615    1.351674    0.886329    0.566150    0.361349    0.214581    0.119051    0.059405    0.024809    0.018244    0.005453     0.000     1.739     4.947    29.784     3.968     3.966     3.837     3.829   0.91685    6.704705    5.691736    4.871091    4.059929    3.193045    2.430161    1.794751    1.294811    0.907759    0.613242    0.396072    0.244467    0.138272    0.066658    0.026625    9.534563    7.967931    6.730771    5.520195    4.258387    3.179008    2.303129    1.629198    1.119585    0.740501    0.467807    0.280368    0.152595    0.070860    0.026551     0.000     1.967     5.562    16.115     3.763     3.752     3.643     3.597   1.09818
    225401  10  9787.4 603756      9999 20191128   35651.4   57251.4  402869.4  33.8530549  -90.9788224    686986.99   3747700.91    461064.15   1210738.94  174.44  176.02  132.32  130.77   42.13  49336.209     47.026  134.00    0.64   -0.22   -5.94   91.02 -108.00  -50.00  120.00 -107.18  -53.99 -106.39   -5.33  -53.01    0.20   -6.36   -1.27   88.08    6.150954    4.335226    3.233945    2.373843    1.635762    1.118706    0.751198    0.479359    0.301249    0.178928    0.100242    0.054639    0.033516    0.020449    0.009526    8.277711    5.626186    4.100135    2.945786    1.993122    1.342839    0.886365    0.554731    0.344834    0.204024    0.114896    0.062477    0.036280    0.022520    0.010081     0.000     1.581     5.392    34.063     4.030     4.010     3.884     3.864   1.04858    7.339620    6.003466    5.033836    4.133816    3.232334    2.493726    1.873722    1.366670    0.958596    0.643365    0.404340    0.237606    0.124235    0.054098    0.019274    9.389420    7.589333    6.279197    5.090459    3.919672    2.979021    2.201608    1.577432    1.084513    0.718023    0.446632    0.259795    0.133314    0.056454    0.019461     0.000     2.107     5.882    12.673     3.713     3.695     3.599     3.576   0.86362
    225401  10  9791.4 603756      9999 20191128   35655.4   57255.4  402873.4  33.8530914  -90.9763868    687212.27   3747709.39    461287.38   1210754.83  171.19  172.77  129.50  128.39   41.70  49335.738     46.561  131.18    2.84    4.18   -3.12   90.05 -108.00  -50.00  120.00 -110.66  -47.43 -108.76  -11.97  -48.08    0.76   -6.62   -6.94   83.63    5.869983    4.155780    3.241578    2.549112    1.936053    1.471087    1.077707    0.744135    0.500781    0.308517    0.168968    0.083189    0.040246    0.021468    0.008617    8.351182    5.717180    4.348197    3.346088    2.479796    1.835997    1.307701    0.876140    0.567704    0.336577    0.178995    0.087752    0.043499    0.022492    0.009971     0.000     2.036     5.616    29.414     3.968     3.968     3.849     3.865   0.90546    7.254793    5.950274    5.065644    4.245485    3.439001    2.742677    2.115674    1.570295    1.116231    0.753498    0.475439    0.282446    0.163811    0.083945    0.031874    9.818392    7.984393    6.735163    5.588453    4.474072    3.522433    2.681130    1.965038    1.368225    0.901833    0.553019    0.321310    0.185432    0.095830    0.036584     0.000     2.120     5.849    16.795     3.803     3.778     3.677     3.650   1.14456
    225401  10  9795.4 603756      9999 20191128   35659.4   57259.4  402877.4  33.8530698  -90.9739653    687436.37   3747711.40    461509.64   1210764.17  173.05  174.63  129.46  128.80   43.60  49334.392     45.254  131.14    2.81    4.15   -3.14   91.47 -108.00  -50.00  120.00 -108.14  -51.64 -106.96   -0.59  -52.70    1.86    9.62   -8.07   91.24    6.269537    4.635500    3.623981    2.861199    2.177263    1.654694    1.199517    0.804222    0.494224    0.269079    0.131190    0.068605    0.039772    0.020231    0.010878    8.370894    6.031181    4.624664    3.571342    2.657985    1.980721    1.405118    0.919046    0.548587    0.285954    0.134703    0.068479    0.038826    0.020183    0.011289     0.000     2.020     4.182    32.357     4.006     4.005     3.874     3.861   0.99605    7.423522    6.130712    5.263791    4.477825    3.697508    3.009306    2.353661    1.743800    1.210030    0.789185    0.487972    0.284035    0.150979    0.080608    0.030182    9.525217    7.793829    6.639333    5.589308    4.566333    3.675243    2.839266    2.069571    1.407371    0.897724    0.541240    0.305472    0.160519    0.082843    0.030991     0.000     1.333     5.812    14.431     3.723     3.708     3.606     3.579   0.98351
    225401  10  9799.4 603756      9999 20191128   35663.4   57263.4  402881.4  33.8529808  -90.9715591    687659.21   3747705.92    461730.91   1210765.94  176.35  177.92  131.57  130.38   44.80  49331.841     42.781  133.25    1.34    4.36   -1.70   93.30 -108.00  -50.00  120.00 -108.46  -50.32 -107.65   -0.31  -51.42    1.96    3.35   -4.58   93.06    5.529990    3.953597    3.035231    2.377660    1.814372    1.387017    1.013956    0.695358    0.443737    0.252114    0.133839    0.070257    0.040622    0.022240    0.011493    7.657880    5.268817    3.952128    3.034635    2.274783    1.712976    1.225907    0.822723    0.511826    0.284066    0.147308    0.075993    0.043976    0.024663    0.012816     0.000     1.525     4.763    32.839     4.000     3.993     3.851     3.840   1.01091    7.461645    6.127526    5.233772    4.419786    3.640345    2.976046    2.356427    1.766626    1.230758    0.791915    0.470300    0.284034    0.177156    0.098789    0.048383    9.576536    7.786204    6.586883    5.517357    4.498665    3.636966    2.842347    2.099145    1.440616    0.914389    0.536625    0.320436    0.203209    0.113694    0.055545     0.000     1.679     5.949    14.670     3.737     3.714     3.643     3.585   0.99981
    225401  10  9803.4 603756      9999 20191128   35667.4   57267.4  402885.4  33.8528328  -90.9691409    687883.29   3747693.93    461953.63   1210761.18  174.06  175.64  129.47  128.02   44.61  49328.940     39.992  131.15    1.59    0.69   -2.06   94.18 -108.00  -50.00  120.00 -110.74  -46.43 -110.14   -1.32  -46.28    0.21    1.99   -4.27   93.46    5.314677    3.711999    2.860972    2.246713    1.734532    1.328829    0.967120    0.660796    0.427826    0.254951    0.142656    0.082178    0.050856    0.029344    0.015137    7.604565    5.104363    3.850192    2.962372    2.241419    1.679053    1.189014    0.787991    0.492919    0.283042    0.151519    0.084584    0.049645    0.026540    0.013513     0.000     1.992     4.677    30.082     3.978     3.961     3.834     3.839   0.92603    6.922567    5.558661    4.729768    4.014321    3.343498    2.756504    2.196582    1.663061    1.187375    0.799003    0.505408    0.302176    0.192879    0.110900    0.049883    9.216737    7.307308    6.147318    5.161012    4.242434    3.447996    2.702383    2.007625    1.405437    0.927883    0.576340    0.335595    0.207568    0.116977    0.049461     0.000     2.218     6.026    17.018     3.798     3.770     3.651     3.633   1.15983
    225401  10  9807.4 603756      9999 20191128   35671.4   57271.4  402889.4  33.8526745  -90.9667166    688107.95   3747680.80    462176.96   1210755.30  171.28  172.86  127.08  125.51   44.22  49328.535     39.706  128.76    2.46    1.77   -3.16   94.43 -108.00  -50.00  120.00 -109.26  -49.62 -108.26   -2.14  -50.13    0.24    1.29   -3.91   93.24    5.897720    4.097464    3.165001    2.516012    1.948185    1.487958    1.075061    0.724186    0.459877    0.268443    0.142138    0.074349    0.040084    0.017912    0.008706    7.642957    5.178162    3.911187    3.059131    2.324953    1.740948    1.228486    0.805542    0.496587    0.282835    0.144976    0.073223    0.038098    0.017247    0.008463     0.000     1.875     4.633    31.415     4.003     3.993     3.893     3.870   0.96704    7.229936    5.822873    4.958079    4.238360    3.555972    2.945877    2.354054    1.784290    1.279447    0.867254    0.561782    0.361340    0.222013    0.136659    0.058975    9.251325    7.344673    6.200340    5.251066    4.363383    3.574991    2.820556    2.106049    1.484559    0.986415    0.629299    0.409086    0.255702    0.155600    0.069362     0.000     2.131     6.013    15.626     3.763     3.740     3.640     3.602   1.06494
    225401  10  9811.4 603756      9999 20191128   35675.4   57275.4  402893.4  33.8525197  -90.9642995    688331.94   3747668.06    462399.62   1210749.79  171.79  173.37  128.10  126.59   43.71  49327.640     38.928  129.78    1.68    1.69   -2.74   94.54 -108.00  -50.00  120.00 -107.69  -52.43 -106.78   -3.86  -52.97    1.03    0.14   -4.80   92.43    6.042170    4.106508    3.181378    2.520553    1.967474    1.519896    1.109633    0.747897    0.474229    0.271256    0.140664    0.067797    0.035409    0.012142    0.005457    7.662040    5.080961    3.866577    3.020171    2.320469    1.772244    1.268865    0.840350    0.522116    0.291206    0.145434    0.066580    0.033168    0.011488    0.005069   173.265     1.893     4.496    33.536     4.081     4.067     3.966     3.905   1.03235    7.651978    6.069225    5.173930    4.414350    3.697005    3.058369    2.434531    1.840089    1.311500    0.888487    0.583488    0.377981    0.216927    0.117920    0.047937    9.330632    7.320671    6.205686    5.254870    4.367440    3.584229    2.826284    2.111279    1.484080    0.988258    0.638081    0.406028    0.227524    0.121935    0.048529     0.000     2.074     5.985    13.630     3.718     3.708     3.598     3.581   0.92894
    225401  10  9815.4 603756      9999 20191128   35679.4   57279.4  402897.4  33.8523567  -90.9618825    688555.95   3747654.42    462622.32   1210743.36  172.42  173.99  128.93  128.85   43.51  49327.729     39.138  130.60    1.30    2.49   -2.65   94.78 -108.00  -50.00  120.00 -108.86  -49.54 -108.23   -2.56  -50.15    1.72    2.92   -5.43   93.41    5.723243    3.903523    3.047786    2.428745    1.899404    1.468696    1.082427    0.743349    0.481151    0.277651    0.147142    0.075831    0.034627    0.012713    0.004630    7.550044    5.010749    3.848322    3.017071    2.320707    1.766694    1.275288    0.855345    0.541209    0.304377    0.158621    0.080776    0.034122    0.012343    0.004093     0.000     2.088     4.765    32.443     4.015     3.991     3.878     3.845   0.99870    7.461034    5.948432    5.062303    4.337053    3.652241    3.047269    2.462790    1.895881    1.377171    0.944696    0.613324    0.380676    0.215664    0.111243    0.043574    9.361201    7.406978    6.236185    5.299529    4.417443    3.647910    2.914023    2.213063    1.586231    1.073443    0.688355    0.421243    0.231320    0.119634    0.043925     0.000     1.580     5.964    15.194     3.763     3.747     3.628     3.605   1.03550
    225401  10  9819.4 603756      9999 20191128   35683.4   57283.4  402901.4  33.8521748  -90.9594647    688780.07   3747638.68    462845.20   1210734.84  168.88  170.46  125.11  125.27   43.81  49328.192     39.734  126.78    1.61    0.98   -3.79   94.83 -108.00  -50.00  120.00 -111.04  -46.53 -110.13   -1.99  -46.46    0.02    3.03   -4.51   93.80    5.883564    4.093330    3.182628    2.553965    2.001583    1.560650    1.168691    0.820440    0.540184    0.320146    0.171605    0.082664    0.037462    0.015823    0.005838    7.648843    5.168872    3.944408    3.110580    2.394903    1.837295    1.348961    0.928394    0.595899    0.342115    0.176452    0.081889    0.036231    0.015691    0.006159     0.000     1.938     4.006    29.929     3.980     3.967     3.840     3.827   0.92129    7.273896    5.869934    5.005742    4.307648    3.631226    3.037293    2.461364    1.903864    1.396867    0.968193    0.637863    0.398363    0.227741    0.125176    0.049007    9.115412    7.268976    6.136083    5.229678    4.363970    3.610848    2.892222    2.208684    1.597017    1.091460    0.708056    0.434362    0.241267    0.132606    0.049618     0.000     2.163     5.919    16.871     3.779     3.751     3.647     3.627   1.14981
    225401  10  9823.4 603756      9999 20191128   35687.4   57287.4  402905.4  33.8520109  -90.9570439    689004.43   3747624.96    463068.26   1210728.34  167.53  169.11  123.97  122.00   43.60  49329.005     40.669  125.64    1.41    0.20   -4.15   94.41 -108.00  -50.00  120.00 -109.16  -49.33 -108.46   -4.90  -49.60    0.70   -0.25   -5.01   91.82    6.655731    4.606579    3.595431    2.835967    2.200125    1.689601    1.238416    0.846107    0.539622    0.304758    0.140317    0.091662    0.035855    0.010107    0.005574    7.996368    5.427145    4.179078    3.252832    2.486096    1.883399    1.357401    0.913831    0.573441    0.320671    0.144754    0.092740    0.036555    0.011091    0.006067   881.451     2.141     3.990    32.030     4.210     4.208     4.112     4.034   0.98596    7.876810    6.333027    5.412737    4.622696    3.883600    3.233224    2.612913    2.022182    1.478585    1.011797    0.638054    0.375757    0.214724    0.107813    0.041075    9.399513    7.485136    6.348923    5.378454    4.479260    3.693113    2.952447    2.256796    1.629704    1.101097    0.687744    0.401977    0.226071    0.109919    0.041367     0.000     1.562     5.976    15.422     3.781     3.748     3.621     3.621   1.05109
    225401  10  9827.4 603756      9999 20191128   35691.4   57291.4  402909.4  33.8518685  -90.9546231    689228.73   3747613.61    463291.18   1210724.25  165.83  167.41  122.31  120.71   43.56  49330.738     42.511  123.99    1.37    1.88   -2.91   94.12 -108.00  -50.00  120.00 -109.59  -48.52 -108.87   -5.97  -48.77    0.53   -0.33   -6.21   90.91    6.871912    4.844836    3.833499    3.080891    2.448710    1.928542    1.486955    1.093679    0.767993    0.485355    0.258521    0.115784    0.040440    0.016483    0.001310    7.964826    5.484147    4.277640    3.384232    2.635356    2.039806    1.546618    1.121571    0.779022    0.488143    0.262374    0.121881    0.044377    0.020224    0.003485     0.000     2.096     5.334    31.532     4.018     3.994     3.862     3.850   0.97063    8.195456    6.709492    5.748018    4.946026    4.159834    3.471916    2.817163    2.203574    1.639793    1.148278    0.743253    0.437210    0.222708    0.092601    0.030065    9.533355    7.746153    6.605128    5.655613    4.740020    3.942340    3.185599    2.476892    1.827492    1.263070    0.802716    0.460384    0.229077    0.094790    0.028993     0.000     2.023     5.984    15.873     3.831     3.776     3.642     3.638   1.08180
    225401  10  9831.4 603756      9999 20191128   35695.4   57295.4  402913.4  33.8517183  -90.9521989    689453.38   3747601.42    463514.46   1210719.32  164.27  165.85  121.04  121.44   43.27  49331.453     43.341  122.71    2.06   -2.27   -2.79   93.47 -108.00  -50.00  120.00 -110.13  -48.64 -108.84   -2.54  -49.19    0.41    2.36   -5.04   92.19    7.354976    5.123157    4.009593    3.153708    2.413742    1.822870    1.324175    0.908430    0.592222    0.340751    0.181024    0.092469    0.047837    0.019295    0.008553    8.405284    5.740098    4.438828    3.450235    2.610656    1.952192    1.399021    0.944119    0.600471    0.334623    0.171426    0.084715    0.043388    0.017664    0.008754     0.000     1.897     4.190    30.886     4.002     3.988     3.872     3.845   0.95073    8.301018    6.826759    5.838071    5.001937    4.179034    3.461496    2.801465    2.196150    1.640535    1.152666    0.743565    0.426344    0.201696    0.084954    0.023763    9.659630    7.866918    6.677393    5.676778    4.702681    3.863948    3.097371    2.400841    1.769845    1.227331    0.779460    0.439511    0.199355    0.083693    0.022125     0.000     2.111     5.951    15.856     3.778     3.751     3.645     3.615   1.08064
    225401  10  9835.4 603756      9999 20191128   35699.4   57299.4  402917.4  33.8516214  -90.9497744    689677.94   3747595.14    463737.46   1210720.32  168.06  169.64  125.07  125.71   43.03  49331.041     43.012  126.75    1.49    3.06   -4.29   93.05 -108.00  -50.00  120.00 -107.36  -52.13 -107.15   -5.23  -51.40    1.70   -2.42   -4.42   90.17    6.918606    4.782658    3.741827    2.930085    2.245188    1.714236    1.260782    0.874558    0.569131    0.327655    0.167548    0.078933    0.034149    0.012451    0.004427    7.811197    5.298532    4.108934    3.186375    2.414796    1.826807    1.329121    0.910795    0.586200    0.333208    0.167529    0.077569    0.030010    0.011989    0.003948     0.000     2.374     4.619    33.821     4.018     4.010     3.888     3.879   1.04108    8.378545    6.834763    5.843277    5.000686    4.180065    3.459816    2.779057    2.144837    1.560488    1.054681    0.658412    0.382679    0.208012    0.099024    0.034436    9.523279    7.727174    6.564600    5.587771    4.644759    3.821071    3.048551    2.335195    1.684042    1.126840    0.694446    0.397266    0.217404    0.106080    0.035762     0.000     2.679     6.024    13.829     3.730     3.721     3.604     3.605   0.94252