pINDEX,sLINE_NO,E_N83WTM,N_N83WTM,TIMESTAMP,RECORD,ELEVATION,ALT,NUMDATA,LM_Data_0,LM_Data_1,LM_Data_2,LM_Data_3,LM_Data_4,LM_Data_5,LM_Data_6,LM_Data_7,LM_Data_8,LM_Data_9,LM_Data_10,LM_Data_11,LM_Data_12,LM_Data_13,LM_Data_14,LM_Data_15,LM_Data_16,LM_Data_17,LM_Data_18,LM_Data_19,LM_Data_20,LM_Data_21,LM_Data_22,LM_Data_23,LM_Data_24,LM_Data_25,LM_Data_26,LM_DataSTD_0,LM_DataSTD_1,LM_DataSTD_2,LM_DataSTD_3,LM_DataSTD_4,LM_DataSTD_5,LM_DataSTD_6,LM_DataSTD_7,LM_DataSTD_8,LM_DataSTD_9,LM_DataSTD_10,LM_DataSTD_11,LM_DataSTD_12,LM_DataSTD_13,LM_DataSTD_14,LM_DataSTD_15,LM_DataSTD_16,LM_DataSTD_17,LM_DataSTD_18,LM_DataSTD_19,LM_DataSTD_20,LM_DataSTD_21,LM_DataSTD_22,LM_DataSTD_23,LM_DataSTD_24,LM_DataSTD_25,LM_DataSTD_26,HM_Data_0,HM_Data_1,HM_Data_2,HM_Data_3,HM_Data_4,HM_Data_5,HM_Data_6,HM_Data_7,HM_Data_8,HM_Data_9,HM_Data_10,HM_Data_11,HM_Data_12,HM_Data_13,HM_Data_14,HM_Data_15,HM_Data_16,HM_Data_17,HM_Data_18,HM_Data_19,HM_Data_20,HM_Data_21,HM_DataSTD_0,HM_DataSTD_1,HM_DataSTD_2,HM_DataSTD_3,HM_DataSTD_4,HM_DataSTD_5,HM_DataSTD_6,HM_DataSTD_7,HM_DataSTD_8,HM_DataSTD_9,HM_DataSTD_10,HM_DataSTD_11,HM_DataSTD_12,HM_DataSTD_13,HM_DataSTD_14,HM_DataSTD_15,HM_DataSTD_16,HM_DataSTD_17,HM_DataSTD_18,HM_DataSTD_19,HM_DataSTD_20,HM_DataSTD_21,TX_ALTITUDE,TX_ALTITUDE_STD,RX_ALTITUDE,RX_ALTITUDE_STD,txrx_dx,txrx_dy,txrx_dz,LINE_NO
0,100100.0,724288.6,491578.8,44216.7185590278,19.0,177.1,98.63,27.0,-1.0234e-09,-6.0702e-09,2.1904e-09,1.2673e-09,5.9971e-10,4.5234e-10,2.814e-10,1.6819e-10,9.2573e-11,6.8655e-11,4.0702e-11,2.4246e-11,-9999.99,-9999.99,-9999.99,-9999.99,-9999.99,-9999.99,-9999.99,-9999.99,-9999.99,-9999.99,-9999.99,-9999.99,-9999.99,-9999.99,-9999.99,7.49e-11,2.73e-10,7.51e-11,3.93e-11,2.02e-11,1.61e-11,1.17e-11,6.37e-12,7.81e-12,3.13e-12,3.07e-12,2.31e-12,-9999.99,-9999.99,-9999.99,-9999.99,-9999.99,-9999.99,-9999.99,-9999.99,-9999.99,-9999.99,-9999.99,-9999.99,-9999.99,-9999.99,-9999.99,-9999.99,3.1754e-11,2.2614e-11,1.6418e-11,1.207e-11,8.8363e-12,6.4591e-12,4.7076e-12,3.5409e-12,2.7398e-12,2.057e-12,1.4942e-12,1.2491e-12,1.0906e-12,9.3889e-13,-9999.99,-9999.99,-9999.99,-9999.99,-9999.99,-9999.99,-9999.99,-9999.99,9.56e-13,6.83e-13,4.97e-13,3.67e-13,2.7e-13,1.99e-13,1.46e-13,1.16e-13,8.55e-14,6.81e-14,5.35e-14,5.13e-14,3.99e-14,5.3e-14,-9999.99,-9999.99,-9999.99,-9999.99,-9999.99,-9999.99,-9999.99,98.63,0.03,99.72,0.03,-13.25,0.0,1.09,100101.0
104,100200.0,721140.2,491960.7,44216.7207696759,119.0,180.3,54.11,40.0,-5.4357e-09,-1.0061e-08,7.4415e-09,1.793e-09,7.2456e-10,5.6754e-10,4.8772e-10,2.9561e-10,1.8091e-10,1.5178e-10,1.0064e-10,7.7164e-11,-9999.99,4.3947e-11,3.0088e-11,2.1038e-11,1.5149e-11,9.0556e-12,-9999.99,-9999.99,-9999.99,-9999.99,-9999.99,-9999.99,-9999.99,-9999.99,-9999.99,1.65e-10,3.2e-10,2.24e-10,5.43e-11,2.38e-11,1.98e-11,1.57e-11,9.52e-12,6.26e-12,5.08e-12,3.63e-12,3.33e-12,-9999.99,1.79e-12,1.2e-12,2.4e-12,6.68e-13,4.56e-13,-9999.99,-9999.99,-9999.99,-9999.99,-9999.99,-9999.99,-9999.99,-9999.99,-9999.99,-9999.99,9.1608e-11,6.769e-11,5.038e-11,3.7953e-11,2.7909e-11,1.8719e-11,1.3781e-11,9.5029e-12,6.6871e-12,4.9561e-12,3.7222e-12,2.8933e-12,2.1433e-12,1.4965e-12,1.0175e-12,7.0409e-13,4.4094e-13,2.7202e-13,1.7368e-13,1.0538e-13,7.0526e-14,-9999.99,2.75e-12,2.03e-12,1.52e-12,1.14e-12,8.37e-13,5.62e-13,4.15e-13,2.87e-13,2.01e-13,1.49e-13,1.12e-13,8.74e-14,6.47e-14,4.58e-14,3.13e-14,2.18e-14,1.43e-14,9.3e-15,7.66e-15,6.83e-15,9.94e-15,54.11,0.055,55.165,0.055,-13.25,0.0,1.05,100201.0
212,100200.0,724785.6,490590.8,44216.7225868056,219.0,199.3,49.59,18.0,-3.6608e-09,-5.0175e-09,6.9971e-09,1.2123e-09,2.0257e-10,2.6129e-10,-9999.99,-9999.99,1.0675e-10,-9999.99,-9999.99,-9999.99,-9999.99,-9999.99,-9999.99,-9999.99,-9999.99,-9999.99,-9999.99,-9999.99,-9999.99,-9999.99,-9999.99,-9999.99,-9999.99,-9999.99,-9999.99,1.32e-10,4e-10,2.15e-10,3.9e-11,1.93e-11,1.48e-11,-9999.99,-9999.99,5.96e-12,-9999.99,-9999.99,-9999.99,-9999.99,-9999.99,-9999.99,-9999.99,-9999.99,-9999.99,-9999.99,-9999.99,-9999.99,-9999.99,-9999.99,-9999.99,-9999.99,-9999.99,-9999.99,-9999.99,2.686e-11,2.198e-11,1.6082e-11,1.319e-11,9.7982e-12,7.3246e-12,5.4825e-12,3.6901e-12,2.8365e-12,2.1944e-12,-9999.99,-9999.99,-9999.99,-9999.99,-9999.99,-9999.99,-9999.99,-9999.99,-9999.99,-9999.99,-9999.99,-9999.99,8.14e-13,6.77e-13,5.08e-13,4.01e-13,2.95e-13,2.21e-13,1.66e-13,1.13e-13,8.76e-14,6.82e-14,-9999.99,-9999.99,-9999.99,-9999.99,-9999.99,-9999.99,-9999.99,-9999.99,-9999.99,-9999.99,-9999.99,49.585,0.061,50.69,0.061,-13.25,0.0,1.1,100201.0
322,100300.0,722165.9,490667.3,44216.7250983796,319.0,218.4,42.56,27.0,-1.143e-08,-8.5994e-09,1.55e-08,2.9561e-09,7.0994e-10,4.1842e-10,2.0082e-10,1.6333e-10,-9999.99,-9999.99,-9999.99,-9999.99,-9999.99,-9999.99,-9999.99,-9999.99,-9999.99,-9999.99,-9999.99,-9999.99,-9999.99,-9999.99,-9999.99,-9999.99,-9999.99,-9999.99,-9999.99,3.44e-10,2.94e-10,4.65e-10,8.93e-11,2.44e-11,1.87e-11,7.99e-12,6.3e-12,-9999.99,-9999.99,-9999.99,-9999.99,-9999.99,-9999.99,-9999.99,-9999.99,-9999.99,-9999.99,-9999.99,-9999.99,-9999.99,-9999.99,-9999.99,-9999.99,-9999.99,-9999.99,-9999.99,-9999.99,4.6725e-11,3.4912e-11,2.6149e-11,1.9126e-11,1.3596e-11,1.0018e-11,7.2749e-12,5.193e-12,3.7076e-12,2.9532e-12,2.2632e-12,1.7023e-12,1.1784e-12,8.7485e-13,5.7485e-13,3.9766e-13,2.4237e-13,1.3673e-13,-9999.99,-9999.99,-9999.99,-9999.99,1.41e-12,1.05e-12,7.9e-13,5.8e-13,4.11e-13,3.03e-13,2.2e-13,1.58e-13,1.12e-13,9.01e-14,6.93e-14,5.29e-14,3.72e-14,2.97e-14,2.15e-14,1.96e-14,1.42e-14,1.23e-14,-9999.99,-9999.99,-9999.99,39.765,0.0775,41.21,0.077,-13.25,0.0,1.45,100301.0
429,100400.0,720290.8,490617.8,44216.7270775463,419.0,180.5,41.9,39.0,-1.3322e-08,-1.8939e-08,1.9661e-08,4.9444e-09,1.3678e-09,8.7807e-10,6.2135e-10,4.2076e-10,2.7883e-10,2.1029e-10,1.3503e-10,1.0412e-10,-9999.99,4.5731e-11,3.1199e-11,2.1942e-11,1.2032e-11,-9999.99,-9999.99,-9999.99,-9999.99,-9999.99,-9999.99,-9999.99,-9999.99,-9999.99,-9999.99,4.01e-10,5.78e-10,5.9e-10,1.49e-10,4.17e-11,2.8e-11,1.91e-11,1.32e-11,9.03e-12,6.65e-12,4.52e-12,3.35e-12,-9999.99,1.59e-12,1.22e-12,8.51e-13,5.31e-13,-9999.99,-9999.99,-9999.99,-9999.99,-9999.99,-9999.99,-9999.99,-9999.99,-9999.99,-9999.99,-9999.99,1.3003e-10,9.4064e-11,6.6608e-11,4.5585e-11,3.2018e-11,2.2035e-11,1.5342e-11,1.1061e-11,7.9883e-12,5.9181e-12,4.2544e-12,3.152e-12,2.126e-12,1.4637e-12,9.5789e-13,6.3596e-13,3.3099e-13,2.2287e-13,1.105e-13,5.9474e-14,3.4649e-14,-9999.99,3.9e-12,2.82e-12,2e-12,1.37e-12,9.61e-13,6.61e-13,4.6e-13,3.33e-13,2.4e-13,1.78e-13,1.28e-13,9.49e-14,6.42e-14,4.42e-14,2.94e-14,1.97e-14,1.05e-14,7.58e-15,4.7e-15,4.1e-15,2.12e-14,41.895,0.0715,43.11,0.0715,-13.25,0.0,1.22,100401.0
531,100400.0,723027.8,489481.9,44216.7285243056,519.0,216.0,55.66,8.0,-6.5263e-09,-1.5912e-08,1.1418e-08,5.2281e-09,2.1266e-09,1.2553e-09,6.0614e-10,2.8383e-10,-9999.99,-9999.99,-9999.99,-9999.99,-9999.99,-9999.99,-9999.99,-9999.99,-9999.99,-9999.99,-9999.99,-9999.99,-9999.99,-9999.99,-9999.99,-9999.99,-9999.99,-9999.99,-9999.99,2.01e-10,4.9e-10,3.44e-10,1.57e-10,6.44e-11,3.85e-11,1.92e-11,9.79e-12,-9999.99,-9999.99,-9999.99,-9999.99,-9999.99,-9999.99,-9999.99,-9999.99,-9999.99,-9999.99,-9999.99,-9999.99,-9999.99,-9999.99,-9999.99,-9999.99,-9999.99,-9999.99,-9999.99,-9999.99,-9999.99,-9999.99,-9999.99,-9999.99,-9999.99,-9999.99,-9999.99,-9999.99,-9999.99,-9999.99,-9999.99,-9999.99,-9999.99,-9999.99,-9999.99,-9999.99,-9999.99,-9999.99,-9999.99,-9999.99,-9999.99,-9999.99,-9999.99,-9999.99,-9999.99,-9999.99,-9999.99,-9999.99,-9999.99,-9999.99,-9999.99,-9999.99,-9999.99,-9999.99,-9999.99,-9999.99,-9999.99,-9999.99,-9999.99,-9999.99,-9999.99,-9999.99,-9999.99,55.66,0.053,57.5,0.053,-13.25,0.0,1.84,100401.0
641,100500.0,723015.7,488628.2,44216.731244213,619.0,217.2,43.09,25.0,-9.0556e-09,-8.1404e-09,1.3801e-08,2.55e-09,4.7661e-10,2.4474e-10,2.3564e-10,-9999.99,-9999.99,-9999.99,-9999.99,-9999.99,-9999.99,-9999.99,-9999.99,-9999.99,-9999.99,-9999.99,-9999.99,-9999.99,-9999.99,-9999.99,-9999.99,-9999.99,-9999.99,-9999.99,-9999.99,2.73e-10,2.53e-10,4.14e-10,7.73e-11,1.79e-11,1.23e-11,9.21e-12,-9999.99,-9999.99,-9999.99,-9999.99,-9999.99,-9999.99,-9999.99,-9999.99,-9999.99,-9999.99,-9999.99,-9999.99,-9999.99,-9999.99,-9999.99,-9999.99,-9999.99,-9999.99,-9999.99,-9999.99,-9999.99,2.6143e-11,2.0377e-11,1.5307e-11,1.2316e-11,9.3275e-12,7.1462e-12,5.0614e-12,3.7456e-12,2.7088e-12,2.1339e-12,1.5863e-12,1.2678e-12,9.7661e-13,7.8275e-13,5.8918e-13,4.6257e-13,3.5175e-13,-9999.99,-9999.99,-9999.99,-9999.99,-9999.99,7.92e-13,6.15e-13,4.62e-13,3.71e-13,2.8e-13,2.16e-13,1.53e-13,1.14e-13,8.32e-14,6.51e-14,4.93e-14,3.9e-14,3.05e-14,2.48e-14,1.91e-14,1.67e-14,1.35e-14,-9999.99,-9999.99,-9999.99,-9999.99,43.085,0.068,44.755,0.068,-13.25,0.0,1.67,100501.0
743,100500.0,719706.4,489930.7,44216.732818287,719.0,183.9,51.02,42.0,-6.2135e-09,-9.6637e-09,9.3012e-09,1.7985e-09,6.8304e-10,5.2339e-10,3.4766e-10,2.5161e-10,2.0687e-10,1.6892e-10,1.2538e-10,8.3713e-11,-9999.99,3.152e-11,2.2798e-11,1.6161e-11,1.2716e-11,8.9181e-12,7.9503e-12,4.193e-12,-9999.99,-9999.99,-9999.99,-9999.99,-9999.99,-9999.99,-9999.99,1.87e-10,2.96e-10,2.79e-10,5.54e-11,2.27e-11,1.83e-11,1.14e-11,8.23e-12,6.76e-12,6.06e-12,4.15e-12,2.98e-12,-9999.99,1.91e-12,9.16e-13,6.76e-13,5.11e-13,5.79e-13,5.49e-13,7.51e-13,-9999.99,-9999.99,-9999.99,-9999.99,-9999.99,-9999.99,-9999.99,-9999.99,9.6608e-11,7.0673e-11,5.1111e-11,3.5936e-11,2.5614e-11,1.7997e-11,1.2433e-11,8.9415e-12,6.5614e-12,4.9327e-12,3.693e-12,2.7658e-12,1.9775e-12,1.369e-12,9.1988e-13,5.8977e-13,3.7339e-13,2.114e-13,1.4208e-13,7.5146e-14,3.9971e-14,-9999.99,2.9e-12,2.12e-12,1.53e-12,1.08e-12,7.68e-13,5.4e-13,3.73e-13,2.69e-13,1.97e-13,1.48e-13,1.11e-13,8.33e-14,5.97e-14,4.15e-14,2.81e-14,1.82e-14,1.18e-14,7.31e-15,1.66e-14,6.12e-15,7.51e-14,51.015,0.058,52.68,0.058,-13.25,0.0,1.66,100501.0
847,100600.0,719889.1,489029.5,44216.7354456018,819.0,201.0,40.37,43.0,-1.9544e-08,-6.6579e-08,1.3637e-08,1.7184e-08,1.1304e-08,8.4444e-09,6.0263e-09,3.9883e-09,2.4e-09,1.3977e-09,7.7749e-10,4.1404e-10,-9999.99,1.0105e-10,5.4649e-11,2.5152e-11,1.8687e-11,1.1968e-11,8.6082e-12,4.655e-12,2.8442e-12,-9999.99,-9999.99,-9999.99,-9999.99,-9999.99,-9999.99,5.86e-10,2e-09,4.09e-10,5.16e-10,3.39e-10,2.53e-10,1.81e-10,1.2e-10,7.2e-11,4.19e-11,2.34e-11,1.25e-11,-9999.99,3.18e-12,1.85e-12,8.93e-13,9.72e-13,7.6e-13,1.3e-12,8.01e-13,1.99e-12,-9999.99,-9999.99,-9999.99,-9999.99,-9999.99,-9999.99,-9999.99,6.0731e-10,3.155e-10,1.5953e-10,8.2164e-11,4.3567e-11,2.4883e-11,1.5322e-11,9.8421e-12,6.5994e-12,4.6082e-12,3.3392e-12,2.4953e-12,1.8544e-12,1.381e-12,9.3392e-13,6.4678e-13,3.7924e-13,2.5807e-13,1.5395e-13,9.5205e-14,5.5643e-14,-9999.99,1.82e-11,9.46e-12,4.79e-12,2.46e-12,1.31e-12,7.46e-13,4.6e-13,2.96e-13,1.99e-13,1.39e-13,1.01e-13,7.51e-14,5.6e-14,4.18e-14,2.86e-14,2.04e-14,1.24e-14,8.72e-15,6.7e-15,4.49e-15,7.73e-15,40.37,0.0725,42.4,0.0725,-13.25,0.0,2.03,100601.0
951,100600.0,722597.1,487713.6,44216.7369502315,919.0,215.8,45.96,18.0,-9999.99,-9999.99,-9999.99,-9999.99,-9999.99,-9999.99,-9999.99,-9999.99,-9999.99,-9999.99,-9999.99,-9999.99,-9999.99,-9999.99,-9999.99,-9999.99,-9999.99,-9999.99,-9999.99,-9999.99,-9999.99,-9999.99,-9999.99,-9999.99,-9999.99,-9999.99,-9999.99,-9999.99,-9999.99,-9999.99,-9999.99,-9999.99,-9999.99,-9999.99,-9999.99,-9999.99,-9999.99,-9999.99,-9999.99,-9999.99,-9999.99,-9999.99,-9999.99,-9999.99,-9999.99,-9999.99,-9999.99,-9999.99,-9999.99,-9999.99,-9999.99,-9999.99,-9999.99,-9999.99,-9999.99,3.2456e-11,2.2649e-11,1.9664e-11,1.7576e-11,1.1135e-11,7.1199e-12,7.6608e-12,4.8363e-12,3.2193e-12,2.502e-12,2.0219e-12,1.231e-12,9.8655e-13,7.2982e-13,5.8158e-13,4.7632e-13,3.1345e-13,-9999.99,-9999.99,-9999.99,-9999.99,-9999.99,9.8e-13,6.86e-13,6.04e-13,5.31e-13,3.39e-13,2.16e-13,2.35e-13,1.5e-13,9.79e-14,7.73e-14,6.33e-14,3.96e-14,5.54e-14,4.64e-14,3.12e-14,2.18e-14,1.86e-14,-9999.99,-9999.99,-9999.99,-9999.99,46.025,0.064,47.66,0.064,-13.25,0.0,1.63,100601.0
1055,100600.0,729650.2,485028.5,44216.7556770833,1019.0,178.5,62.87,37.0,-5.0468e-09,-2.2746e-08,4.0614e-09,5.076e-09,3.4503e-09,2.6877e-09,1.9523e-09,1.3965e-09,9.1813e-10,5.8626e-10,3.4298e-10,1.805e-10,-9999.99,6.1287e-11,3.2164e-11,1.9579e-11,1.4281e-11,-9999.99,-9999.99,-9999.99,-9999.99,-9999.99,-9999.99,-9999.99,-9999.99,-9999.99,-9999.99,1.58e-10,6.94e-10,1.24e-10,1.53e-10,1.04e-10,8.14e-11,5.9e-11,4.2e-11,2.77e-11,1.78e-11,1.04e-11,5.6e-12,-9999.99,2.09e-12,1.09e-11,3.8e-12,1.67e-12,-9999.99,-9999.99,-9999.99,-9999.99,-9999.99,-9999.99,-9999.99,-9999.99,-9999.99,-9999.99,-9999.99,2.6474e-10,1.4991e-10,8.2076e-11,4.3275e-11,2.3006e-11,1.2629e-11,7.2339e-12,4.2982e-12,2.564e-12,1.9117e-12,1.3968e-12,9.9561e-13,7.5263e-13,6.3713e-13,4.5088e-13,3.9181e-13,2.424e-13,1.7392e-13,1.495e-13,-9999.99,-9999.99,-9999.99,7.94e-12,4.5e-12,2.46e-12,1.3e-12,6.92e-13,3.8e-13,2.18e-13,1.34e-13,7.85e-14,5.87e-14,4.41e-14,3.18e-14,2.57e-14,2.26e-14,1.53e-14,1.52e-14,1.06e-14,9.46e-15,1.38e-14,-9999.99,-9999.99,62.87,0.047,64.78,0.047,-13.25,0.0,1.91,100602.0
1163,100700.0,723095.2,486756.2,44216.739068287,1119.0,219.5,49.76,27.0,-8.1404e-09,-1.357e-08,1.4576e-08,4.2632e-09,1.1652e-09,5.4825e-10,2.6816e-10,1.0541e-10,-9999.99,-9999.99,-9999.99,-9999.99,-9999.99,-9999.99,-9999.99,-9999.99,-9999.99,-9999.99,-9999.99,-9999.99,-9999.99,-9999.99,-9999.99,-9999.99,-9999.99,-9999.99,-9999.99,2.46e-10,4.13e-10,4.37e-10,1.28e-10,3.6e-11,2.06e-11,1.06e-11,5.52e-12,-9999.99,-9999.99,-9999.99,-9999.99,-9999.99,-9999.99,-9999.99,-9999.99,-9999.99,-9999.99,-9999.99,-9999.99,-9999.99,-9999.99,-9999.99,-9999.99,-9999.99,-9999.99,-9999.99,-9999.99,2.0787e-11,1.5924e-11,1.2912e-11,9.9123e-12,7.5322e-12,5.9912e-12,4.2749e-12,3.1023e-12,2.4105e-12,1.8146e-12,1.3889e-12,1.0427e-12,8.5409e-13,6.5643e-13,5.0468e-13,4.0088e-13,2.712e-13,1.7246e-13,-9999.99,-9999.99,-9999.99,-9999.99,6.26e-13,4.81e-13,3.94e-13,3e-13,2.29e-13,1.83e-13,1.3e-13,9.43e-14,7.33e-14,5.59e-14,4.35e-14,3.33e-14,2.7e-14,2.11e-14,1.71e-14,1.4e-14,1.19e-14,1.01e-14,-9999.99,-9999.99,-9999.99,49.295,0.06,50.47,0.06,-13.25,0.0,1.17,100701.0
1269,100700.0,719900.1,488113.0,44216.7407349537,1219.0,221.2,52.88,30.0,-5.2924e-09,-6.6813e-09,8.193e-09,1.6602e-09,4.0585e-10,1.9173e-10,1.3091e-10,7.1199e-11,-9999.99,-9999.99,-9999.99,-9999.99,-9999.99,-9999.99,-9999.99,-9999.99,-9999.99,-9999.99,-9999.99,-9999.99,-9999.99,-9999.99,-9999.99,-9999.99,-9999.99,-9999.99,-9999.99,1.6e-10,2.05e-10,2.47e-10,5.05e-11,1.65e-11,1.21e-11,9.36e-12,4.98e-12,-9999.99,-9999.99,-9999.99,-9999.99,-9999.99,-9999.99,-9999.99,-9999.99,-9999.99,-9999.99,-9999.99,-9999.99,-9999.99,-9999.99,-9999.99,-9999.99,-9999.99,-9999.99,-9999.99,-9999.99,2.9649e-11,2.3342e-11,1.8278e-11,1.3365e-11,9.962e-12,7.3246e-12,5.5409e-12,4.1082e-12,3.1287e-12,2.288e-12,1.8187e-12,1.445e-12,1.0895e-12,8.1901e-13,5.5468e-13,3.9211e-13,2.5763e-13,1.7029e-13,1.2152e-13,7.538e-14,4.2544e-14,-9999.99,8.95e-13,7.03e-13,5.5e-13,4.06e-13,3e-13,2.22e-13,1.67e-13,1.25e-13,9.48e-14,7.05e-14,5.51e-14,4.41e-14,3.3e-14,2.52e-14,1.77e-14,1.25e-14,8.68e-15,6.4e-15,5.52e-15,5.27e-15,1.11e-14,50.72,0.059,52.185,0.059,-13.25,0.0,1.47,100701.0
1371,100700.0,717251.6,489314.0,44216.7421006944,1319.0,179.8,43.02,36.0,-1.4637e-08,-3.538e-08,2.1968e-08,9.962e-09,3.7076e-09,2.193e-09,1.3389e-09,8.8596e-10,6.0409e-10,4.1316e-10,2.9678e-10,2.0325e-10,-9999.99,8.9123e-11,5.3304e-11,3.0205e-11,2.2231e-11,-9999.99,-9999.99,-9999.99,-9999.99,-9999.99,-9999.99,-9999.99,-9999.99,-9999.99,-9999.99,4.39e-10,1.06e-09,6.59e-10,2.99e-10,1.12e-10,6.64e-11,4.06e-11,2.69e-11,1.84e-11,1.26e-11,9.08e-12,6.28e-12,-9999.99,2.85e-12,1.68e-12,1.05e-12,8.67e-13,-9999.99,-9999.99,-9999.99,-9999.99,-9999.99,-9999.99,-9999.99,-9999.99,-9999.99,-9999.99,-9999.99,2.5912e-10,1.8392e-10,1.2678e-10,8.5585e-11,5.6842e-11,3.6754e-11,2.4363e-11,1.6886e-11,1.2523e-11,9.0205e-12,6.383e-12,4.6374e-12,3.1754e-12,2.2401e-12,1.4711e-12,9.5906e-13,5.8275e-13,3.7047e-13,-9999.99,-9999.99,-9999.99,-9999.99,7.77e-12,5.52e-12,3.8e-12,2.57e-12,1.71e-12,1.1e-12,7.31e-13,5.07e-13,3.76e-13,2.71e-13,1.92e-13,1.4e-13,9.56e-14,6.74e-14,4.47e-14,2.92e-14,1.83e-14,1.23e-14,-9999.99,-9999.99,-9999.99,43.09,0.069,44.38,0.069,-13.25,0.0,1.29,100701.0
1480,100700.0,729993.9,483966.6,44216.7542997685,1419.0,179.2,45.66,34.0,-8.5994e-09,-3.2105e-08,7.7076e-09,8.9795e-09,5.5994e-09,4.0819e-09,2.7427e-09,1.6263e-09,9.7924e-10,5.307e-10,2.6827e-10,1.2418e-10,-9999.99,3.5702e-11,-9999.99,-9999.99,-9999.99,-9999.99,-9999.99,-9999.99,-9999.99,-9999.99,-9999.99,-9999.99,-9999.99,-9999.99,-9999.99,2.61e-10,9.66e-10,2.32e-10,2.69e-10,1.68e-10,1.23e-10,8.26e-11,4.9e-11,2.95e-11,1.61e-11,8.37e-12,4.2e-12,-9999.99,1.63e-12,-9999.99,-9999.99,-9999.99,-9999.99,-9999.99,-9999.99,-9999.99,-9999.99,-9999.99,-9999.99,-9999.99,-9999.99,-9999.99,-9999.99,2.1518e-10,1.0713e-10,5.2222e-11,2.5974e-11,1.3585e-11,7.7018e-12,4.6959e-12,3.1257e-12,2.0699e-12,1.5404e-12,1.0757e-12,8.7251e-13,6.7339e-13,5.4152e-13,3.9766e-13,3.1053e-13,2.3556e-13,1.6599e-13,1.3778e-13,-9999.99,-9999.99,-9999.99,6.46e-12,3.21e-12,1.57e-12,7.79e-13,4.1e-13,2.33e-13,1.43e-13,9.72e-14,6.33e-14,4.84e-14,3.41e-14,2.78e-14,2.34e-14,2.29e-14,1.53e-14,1.38e-14,1.03e-14,9.69e-15,3e-14,-9999.99,-9999.99,45.665,0.065,47.305,0.065,-13.25,0.0,1.64,100702.0
1588,100800.0,718215.0,487984.7,44216.7448784722,1519.0,184.9,58.6,40.0,-5.9912e-09,-2.4412e-08,8.2807e-09,7.3947e-09,3.9327e-09,2.3851e-09,1.4544e-09,7.6316e-10,4.2661e-10,2.1904e-10,1.3868e-10,9.269e-11,-9999.99,4.1637e-11,2.8936e-11,2.1316e-11,1.2985e-11,7.4064e-12,-9999.99,-9999.99,-9999.99,-9999.99,-9999.99,-9999.99,-9999.99,-9999.99,-9999.99,1.8e-10,7.32e-10,2.48e-10,2.22e-10,1.18e-10,7.2e-11,4.39e-11,2.32e-11,1.35e-11,7.03e-12,4.62e-12,3.36e-12,-9999.99,1.59e-12,1.24e-12,7.97e-13,7.54e-13,3.82e-13,-9999.99,-9999.99,-9999.99,-9999.99,-9999.99,-9999.99,-9999.99,-9999.99,-9999.99,-9999.99,1.2222e-10,7.9649e-11,5.5468e-11,3.8772e-11,2.7173e-11,1.8485e-11,1.2968e-11,9.0526e-12,6.4444e-12,4.5819e-12,3.4152e-12,2.588e-12,1.8594e-12,1.3515e-12,9.2807e-13,6.2749e-13,4.0175e-13,2.2254e-13,1.2842e-13,8.3129e-14,5.5351e-14,-9999.99,3.67e-12,2.39e-12,1.66e-12,1.16e-12,8.15e-13,5.55e-13,3.9e-13,2.72e-13,1.94e-13,1.37e-13,1.03e-13,7.82e-14,5.63e-14,4.12e-14,2.87e-14,1.96e-14,1.28e-14,7.88e-15,5.89e-15,4.31e-15,5.49e-15,58.605,0.0505,60.26,0.0505,-13.25,0.0,1.65,100801.0
1692,100800.0,721174.9,486702.0,44216.7464409722,1619.0,214.3,53.69,26.0,-8.0029e-09,-2.2743e-08,1.4529e-08,7.9825e-09,3.2222e-09,1.7623e-09,9.4269e-10,4.7193e-10,-9999.99,-9999.99,-9999.99,-9999.99,-9999.99,-9999.99,-9999.99,-9999.99,-9999.99,-9999.99,-9999.99,-9999.99,-9999.99,-9999.99,-9999.99,-9999.99,-9999.99,-9999.99,-9999.99,2.41e-10,6.85e-10,4.36e-10,2.39e-10,9.7e-11,5.36e-11,2.88e-11,1.48e-11,-9999.99,-9999.99,-9999.99,-9999.99,-9999.99,-9999.99,-9999.99,-9999.99,-9999.99,-9999.99,-9999.99,-9999.99,-9999.99,-9999.99,-9999.99,-9999.99,-9999.99,-9999.99,-9999.99,-9999.99,5.076e-11,2.9386e-11,1.9953e-11,1.445e-11,1.0576e-11,7.9474e-12,5.7836e-12,4.1637e-12,3.0673e-12,2.169e-12,1.7819e-12,1.1895e-12,9.9649e-13,7.5263e-13,5.7456e-13,4.5058e-13,2.912e-13,-9999.99,-9999.99,-9999.99,-9999.99,-9999.99,1.52e-12,8.87e-13,6.01e-13,4.34e-13,3.2e-13,2.4e-13,1.75e-13,1.27e-13,9.29e-14,6.59e-14,5.42e-14,3.7e-14,3.11e-14,2.4e-14,1.84e-14,1.61e-14,1.56e-14,-9999.99,-9999.99,-9999.99,-9999.99,53.69,0.055,55.355,0.055,-13.25,0.0,1.67,100801.0
1796,100800.0,723321.6,485815.0,44216.7477835648,1719.0,216.2,57.9,8.0,-5.7953e-09,-1.7848e-08,1.0243e-08,4.5468e-09,2.3436e-09,1.9228e-09,8.0994e-10,5.1667e-10,-9999.99,-9999.99,-9999.99,-9999.99,-9999.99,-9999.99,-9999.99,-9999.99,-9999.99,-9999.99,-9999.99,-9999.99,-9999.99,-9999.99,-9999.99,-9999.99,-9999.99,-9999.99,-9999.99,1.75e-10,5.39e-10,3.07e-10,1.37e-10,7.12e-11,5.9e-11,2.51e-11,1.61e-11,-9999.99,-9999.99,-9999.99,-9999.99,-9999.99,-9999.99,-9999.99,-9999.99,-9999.99,-9999.99,-9999.99,-9999.99,-9999.99,-9999.99,-9999.99,-9999.99,-9999.99,-9999.99,-9999.99,-9999.99,-9999.99,-9999.99,-9999.99,-9999.99,-9999.99,-9999.99,-9999.99,-9999.99,-9999.99,-9999.99,-9999.99,-9999.99,-9999.99,-9999.99,-9999.99,-9999.99,-9999.99,-9999.99,-9999.99,-9999.99,-9999.99,-9999.99,-9999.99,-9999.99,-9999.99,-9999.99,-9999.99,-9999.99,-9999.99,-9999.99,-9999.99,-9999.99,-9999.99,-9999.99,-9999.99,-9999.99,-9999.99,-9999.99,-9999.99,-9999.99,-9999.99,-9999.99,-9999.99,57.9,0.053,56.56,0.053,-13.25,0.0,-1.34,100801.0
1904,100800.0,726164.5,484694.4,44216.7494502315,1819.0,217.1,57.45,20.0,-4.348e-09,-8.9883e-09,8.9591e-09,3.0643e-09,8.7398e-10,3.5702e-10,1.8284e-10,1.1696e-10,6.8275e-11,-9999.99,-9999.99,-9999.99,-9999.99,-9999.99,-9999.99,-9999.99,-9999.99,-9999.99,-9999.99,-9999.99,-9999.99,-9999.99,-9999.99,-9999.99,-9999.99,-9999.99,-9999.99,1.32e-10,2.76e-10,2.69e-10,9.25e-11,2.87e-11,1.64e-11,7.46e-12,9.35e-12,3.55e-12,-9999.99,-9999.99,-9999.99,-9999.99,-9999.99,-9999.99,-9999.99,-9999.99,-9999.99,-9999.99,-9999.99,-9999.99,-9999.99,-9999.99,-9999.99,-9999.99,-9999.99,-9999.99,-9999.99,1.4754e-11,1.2424e-11,9.2222e-12,7.4064e-12,5.5848e-12,3.8684e-12,2.6085e-12,1.5456e-12,1.4506e-12,1.3298e-12,-9999.99,-9999.99,-9999.99,-9999.99,-9999.99,-9999.99,-9999.99,-9999.99,-9999.99,-9999.99,-9999.99,-9999.99,4.46e-13,3.96e-13,2.92e-13,2.27e-13,1.7e-13,1.22e-13,8.35e-14,4.96e-14,4.53e-14,4.3e-14,-9999.99,-9999.99,-9999.99,-9999.99,-9999.99,-9999.99,-9999.99,-9999.99,-9999.99,-9999.99,-9999.99,57.455,0.051,59.54,0.051,-13.25,0.0,2.09,100801.0
2012,100800.0,728771.7,483593.9,44216.7508738426,1919.0,198.3,54.81,22.0,-5.4883e-09,-1.5904e-08,9.6901e-09,5.4035e-09,2.226e-09,1.2389e-09,5.9269e-10,2.8406e-10,1.5944e-10,7.8392e-11,3.5029e-11,-9999.99,-9999.99,-9999.99,-9999.99,-9999.99,-9999.99,-9999.99,-9999.99,-9999.99,-9999.99,-9999.99,-9999.99,-9999.99,-9999.99,-9999.99,-9999.99,1.67e-10,4.95e-10,2.92e-10,1.62e-10,6.72e-11,3.93e-11,1.84e-11,9.49e-12,5.9e-12,3.15e-12,2.52e-12,-9999.99,-9999.99,-9999.99,-9999.99,-9999.99,-9999.99,-9999.99,-9999.99,-9999.99,-9999.99,-9999.99,-9999.99,-9999.99,-9999.99,-9999.99,-9999.99,-9999.99,3.0789e-11,1.7977e-11,1.2181e-11,8.3567e-12,6.3304e-12,4.0936e-12,3.4591e-12,2.3152e-12,1.9205e-12,1.3985e-12,-9999.99,-9999.99,-9999.99,-9999.99,-9999.99,-9999.99,-9999.99,-9999.99,-9999.99,-9999.99,-9999.99,-9999.99,9.27e-13,5.59e-13,3.68e-13,2.58e-13,1.91e-13,1.28e-13,1.08e-13,8.1e-14,6.59e-14,5.01e-14,-9999.99,-9999.99,-9999.99,-9999.99,-9999.99,-9999.99,-9999.99,-9999.99,-9999.99,-9999.99,-9999.99,54.815,0.054,56.565,0.054,-13.25,0.0,1.75,100801.0
2120,100800.0,731495.6,482531.5,44216.7522974537,2019.0,179.9,61.26,24.0,-3.8977e-09,-1.4398e-08,7.7749e-09,4.8304e-09,2.2412e-09,1.1968e-09,6.6725e-10,3.3216e-10,1.5509e-10,-9999.99,-9999.99,-9999.99,-9999.99,-9999.99,-9999.99,-9999.99,-9999.99,-9999.99,-9999.99,-9999.99,-9999.99,-9999.99,-9999.99,-9999.99,-9999.99,-9999.99,-9999.99,1.22e-10,4.48e-10,2.35e-10,1.45e-10,6.75e-11,3.7e-11,2.09e-11,1.04e-11,6.19e-12,-9999.99,-9999.99,-9999.99,-9999.99,-9999.99,-9999.99,-9999.99,-9999.99,-9999.99,-9999.99,-9999.99,-9999.99,-9999.99,-9999.99,-9999.99,-9999.99,-9999.99,-9999.99,-9999.99,3.4678e-11,1.9509e-11,1.207e-11,7.6491e-12,5.3304e-12,3.6871e-12,2.4184e-12,1.9921e-12,1.3906e-12,1.0339e-12,9.386e-13,7.4854e-13,6.0088e-13,4.2398e-13,-9999.99,-9999.99,-9999.99,-9999.99,-9999.99,-9999.99,-9999.99,-9999.99,1.04e-12,5.89e-13,3.68e-13,2.36e-13,1.74e-13,1.15e-13,8.59e-14,7.37e-14,5.38e-14,3.97e-14,4.84e-14,4e-14,3.53e-14,2.76e-14,-9999.99,-9999.99,-9999.99,-9999.99,-9999.99,-9999.99,-9999.99,61.255,0.049,62.585,0.0485,-13.25,0.0,1.33,100801.0
2224,100900.0,729925.7,482359.1,44216.7597743056,2119.0,189.2,46.99,31.0,-1.1529e-08,-3.6404e-08,1.8553e-08,1.3363e-08,6.5292e-09,3.7778e-09,2.052e-09,1.0327e-09,4.7544e-10,2.2181e-10,9.6725e-11,-9999.99,-9999.99,-9999.99,-9999.99,-9999.99,-9999.99,-9999.99,-9999.99,-9999.99,-9999.99,-9999.99,-9999.99,-9999.99,-9999.99,-9999.99,-9999.99,3.48e-10,1.1e-09,5.57e-10,4.01e-10,1.96e-10,1.14e-10,6.18e-11,3.12e-11,1.47e-11,7.05e-12,3.46e-12,-9999.99,-9999.99,-9999.99,-9999.99,-9999.99,-9999.99,-9999.99,-9999.99,-9999.99,-9999.99,-9999.99,-9999.99,-9999.99,-9999.99,-9999.99,-9999.99,-9999.99,6.886e-11,2.7982e-11,1.3266e-11,7.8626e-12,5.4649e-12,4.114e-12,3.1053e-12,2.236e-12,1.7056e-12,1.1626e-12,9.0029e-13,6.5322e-13,5.9035e-13,4.7222e-13,3.114e-13,2.633e-13,2.2678e-13,1.5711e-13,1.1345e-13,-9999.99,-9999.99,-9999.99,2.07e-12,8.42e-13,4.01e-13,2.4e-13,1.65e-13,1.28e-13,9.66e-14,7.09e-14,5.29e-14,3.73e-14,3.02e-14,2.33e-14,2.04e-14,1.57e-14,1.21e-14,9.35e-15,8.12e-15,9.38e-15,6.3e-15,-9999.99,-9999.99,46.995,0.063,48.41,0.063,-13.25,0.0,1.41,100901.0
2332,100900.0,726863.3,483530.6,44216.7614525463,2219.0,215.0,56.31,9.0,-5.2018e-09,-1.8892e-08,8.9123e-09,6.5585e-09,3.5058e-09,2.0564e-09,1.1886e-09,5.617e-10,2.9474e-10,-9999.99,-9999.99,-9999.99,-9999.99,-9999.99,-9999.99,-9999.99,-9999.99,-9999.99,-9999.99,-9999.99,-9999.99,-9999.99,-9999.99,-9999.99,-9999.99,-9999.99,-9999.99,1.67e-10,5.84e-10,2.69e-10,1.97e-10,1.06e-10,6.23e-11,3.63e-11,1.73e-11,9.34e-12,-9999.99,-9999.99,-9999.99,-9999.99,-9999.99,-9999.99,-9999.99,-9999.99,-9999.99,-9999.99,-9999.99,-9999.99,-9999.99,-9999.99,-9999.99,-9999.99,-9999.99,-9999.99,-9999.99,-9999.99,-9999.99,-9999.99,-9999.99,-9999.99,-9999.99,-9999.99,-9999.99,-9999.99,-9999.99,-9999.99,-9999.99,-9999.99,-9999.99,-9999.99,-9999.99,-9999.99,-9999.99,-9999.99,-9999.99,-9999.99,-9999.99,-9999.99,-9999.99,-9999.99,-9999.99,-9999.99,-9999.99,-9999.99,-9999.99,-9999.99,-9999.99,-9999.99,-9999.99,-9999.99,-9999.99,-9999.99,-9999.99,-9999.99,-9999.99,-9999.99,-9999.99,-9999.99,56.31,0.054,57.46,0.054,-13.25,0.0,1.15,100901.0
2438,100900.0,724410.8,484519.8,44216.7628414352,2319.0,222.9,46.63,21.0,-1.0933e-08,-2.6205e-08,2.0743e-08,9.4064e-09,3.2515e-09,1.6737e-09,7.9942e-10,3.6199e-10,1.9482e-10,7.9211e-11,-9999.99,-9999.99,-9999.99,-9999.99,-9999.99,-9999.99,-9999.99,-9999.99,-9999.99,-9999.99,-9999.99,-9999.99,-9999.99,-9999.99,-9999.99,-9999.99,-9999.99,3.29e-10,7.89e-10,6.22e-10,2.82e-10,9.79e-11,5.05e-11,2.49e-11,1.14e-11,7.29e-12,3.83e-12,-9999.99,-9999.99,-9999.99,-9999.99,-9999.99,-9999.99,-9999.99,-9999.99,-9999.99,-9999.99,-9999.99,-9999.99,-9999.99,-9999.99,-9999.99,-9999.99,-9999.99,-9999.99,3.7602e-11,2.2401e-11,1.5728e-11,1.1661e-11,8.9942e-12,7.0175e-12,5.0906e-12,4.155e-12,3.0848e-12,2.1401e-12,-9999.99,-9999.99,-9999.99,-9999.99,-9999.99,-9999.99,-9999.99,-9999.99,-9999.99,-9999.99,-9999.99,-9999.99,1.13e-12,6.72e-13,4.73e-13,3.57e-13,2.73e-13,2.13e-13,1.54e-13,1.26e-13,9.41e-14,6.59e-14,-9999.99,-9999.99,-9999.99,-9999.99,-9999.99,-9999.99,-9999.99,-9999.99,-9999.99,-9999.99,-9999.99,46.63,0.064,47.24,0.064,-13.25,0.0,0.61,100901.0
2546,100900.0,721887.9,485590.5,44216.7642534722,2419.0,216.1,52.95,29.0,-7.8655e-09,-2.0289e-08,1.6494e-08,7.4561e-09,2.4506e-09,1.1453e-09,4.9708e-10,2.0243e-10,-9999.99,-9999.99,-9999.99,-9999.99,-9999.99,-9999.99,-9999.99,-9999.99,-9999.99,-9999.99,-9999.99,-9999.99,-9999.99,-9999.99,-9999.99,-9999.99,-9999.99,-9999.99,-9999.99,2.38e-10,6.13e-10,4.95e-10,2.24e-10,7.38e-11,3.58e-11,1.57e-11,6.88e-12,-9999.99,-9999.99,-9999.99,-9999.99,-9999.99,-9999.99,-9999.99,-9999.99,-9999.99,-9999.99,-9999.99,-9999.99,-9999.99,-9999.99,-9999.99,-9999.99,-9999.99,-9999.99,-9999.99,-9999.99,2.4184e-11,1.8237e-11,1.4649e-11,1.1205e-11,8.1637e-12,6.2515e-12,4.731e-12,3.4708e-12,2.6041e-12,2.0348e-12,1.5047e-12,1.1453e-12,9.1023e-13,6.7719e-13,5.4035e-13,3.9678e-13,2.6357e-13,1.8664e-13,1.2123e-13,6.6433e-14,-9999.99,-9999.99,7.28e-13,5.49e-13,4.6e-13,3.45e-13,2.47e-13,1.91e-13,1.43e-13,1.05e-13,7.89e-14,6.19e-14,4.56e-14,3.49e-14,2.79e-14,2.12e-14,1.75e-14,1.25e-14,8.67e-15,6.72e-15,4.41e-15,9.3e-15,-9999.99,52.955,0.056,54.585,0.056,-13.25,0.0,1.63,100901.0
2646,100900.0,719519.6,486552.6,44216.7654108796,2519.0,213.3,38.26,28.0,-9.1696e-09,-4.2018e-09,1.1404e-08,7.8012e-10,1.7161e-10,2.9269e-10,1.5538e-10,9.4298e-11,-9999.99,-9999.99,-9999.99,-9999.99,-9999.99,-9999.99,-9999.99,-9999.99,-9999.99,-9999.99,-9999.99,-9999.99,-9999.99,-9999.99,-9999.99,-9999.99,-9999.99,-9999.99,-9999.99,2.75e-10,1.35e-10,3.42e-10,2.52e-11,1.6e-11,1.32e-11,1.08e-11,4.81e-12,-9999.99,-9999.99,-9999.99,-9999.99,-9999.99,-9999.99,-9999.99,-9999.99,-9999.99,-9999.99,-9999.99,-9999.99,-9999.99,-9999.99,-9999.99,-9999.99,-9999.99,-9999.99,-9999.99,-9999.99,4.1433e-11,3.2105e-11,2.5035e-11,1.9167e-11,1.4392e-11,1.0494e-11,7.3099e-12,5.4766e-12,4.0936e-12,3.0263e-12,2.3959e-12,1.855e-12,1.3839e-12,1.0322e-12,7.4942e-13,5.1901e-13,3.3421e-13,2.2912e-13,1.3775e-13,-9999.99,-9999.99,-9999.99,1.24e-12,9.7e-13,7.54e-13,5.77e-13,4.33e-13,3.16e-13,2.21e-13,1.65e-13,1.23e-13,9.14e-14,7.24e-14,5.62e-14,4.22e-14,3.15e-14,2.38e-14,1.61e-14,1.07e-14,7.9e-15,5.92e-15,-9999.99,-9999.99,38.26,0.077,40.115,0.0765,-13.25,0.0,1.85,100901.0
2754,100900.0,716200.7,488003.4,44216.767181713,2619.0,187.2,47.84,29.0,-1.0772e-08,-2.4114e-08,1.7298e-08,6.6842e-09,2.1088e-09,1.2064e-09,8.038e-10,5.1023e-10,4.1637e-10,2.7804e-10,1.705e-10,1.1415e-10,-9999.99,6.7573e-11,-9999.99,-9999.99,-9999.99,-9999.99,-9999.99,-9999.99,-9999.99,-9999.99,-9999.99,-9999.99,-9999.99,-9999.99,-9999.99,3.24e-10,7.28e-10,5.19e-10,2.01e-10,6.41e-11,3.75e-11,2.47e-11,1.57e-11,1.27e-11,8.51e-12,5.29e-12,3.79e-12,-9999.99,2.2e-12,-9999.99,-9999.99,-9999.99,-9999.99,-9999.99,-9999.99,-9999.99,-9999.99,-9999.99,-9999.99,-9999.99,-9999.99,-9999.99,-9999.99,1.5845e-10,1.1412e-10,8.1023e-11,5.576e-11,3.807e-11,2.6711e-11,1.8746e-11,1.3114e-11,9.2339e-12,6.7222e-12,5.0058e-12,3.7251e-12,2.6433e-12,1.7488e-12,-9999.99,-9999.99,-9999.99,-9999.99,-9999.99,-9999.99,-9999.99,-9999.99,4.75e-12,3.42e-12,2.43e-12,1.67e-12,1.14e-12,8.01e-13,5.62e-13,3.93e-13,2.78e-13,2.02e-13,1.51e-13,1.12e-13,8.04e-14,5.35e-14,-9999.99,-9999.99,-9999.99,-9999.99,-9999.99,-9999.99,-9999.99,47.84,0.062,49.53,0.062,-13.25,0.0,1.69,100901.0
2856,101000.0,714992.4,487549.6,44216.7689641204,2719.0,179.2,58.44,45.0,-7.193e-09,-3.3012e-08,2.6047e-09,6.0789e-09,4.3421e-09,3.4766e-09,2.6436e-09,1.8901e-09,1.2836e-09,8.6023e-10,5.6257e-10,3.5965e-10,-9999.99,1.4544e-10,8.6433e-11,5.2836e-11,2.9883e-11,1.7012e-11,1.3047e-11,7.9444e-12,5.7193e-12,4.2105e-12,3.5614e-12,-9999.99,-9999.99,-9999.99,-9999.99,2.23e-10,1.02e-09,8.96e-11,1.83e-10,1.31e-10,1.05e-10,7.96e-11,5.69e-11,3.86e-11,2.59e-11,1.69e-11,1.09e-11,-9999.99,4.44e-12,2.67e-12,1.63e-12,9.47e-13,5.73e-13,4.62e-13,3.7e-13,2.74e-13,2.32e-12,1.29e-12,-9999.99,-9999.99,-9999.99,-9999.99,-9999.99,4.6813e-10,3.0819e-10,2.0044e-10,1.2991e-10,8.2105e-11,5.231e-11,3.3392e-11,2.1368e-11,1.3947e-11,9.424e-12,6.4971e-12,4.4649e-12,3.038e-12,2.0368e-12,1.2658e-12,7.7895e-13,4.5848e-13,2.5833e-13,1.4804e-13,9.0994e-14,5.1637e-14,-9999.99,1.4e-11,9.25e-12,6.01e-12,3.9e-12,2.46e-12,1.57e-12,1e-12,6.41e-13,4.18e-13,2.83e-13,1.95e-13,1.34e-13,9.14e-14,6.13e-14,3.82e-14,2.38e-14,1.42e-14,8.47e-15,5.42e-15,5.13e-15,4.11e-15,58.44,0.05,61.14,0.05,-13.25,0.0,2.7,101001.0
2960,101000.0,717947.5,486436.5,44216.7705844907,2819.0,200.2,43.77,24.0,-3.7515e-09,-6.4064e-09,6.5409e-09,8.1579e-10,1.9313e-10,2.1991e-10,7.424e-11,1.1921e-10,1.2667e-10,-9999.99,-9999.99,-9999.99,-9999.99,-9999.99,-9999.99,-9999.99,-9999.99,-9999.99,-9999.99,-9999.99,-9999.99,-9999.99,-9999.99,-9999.99,-9999.99,-9999.99,-9999.99,1.29e-10,2.83e-10,2e-10,2.63e-11,2.39e-11,1.67e-11,1.25e-11,5.2e-12,5.54e-12,-9999.99,-9999.99,-9999.99,-9999.99,-9999.99,-9999.99,-9999.99,-9999.99,-9999.99,-9999.99,-9999.99,-9999.99,-9999.99,-9999.99,-9999.99,-9999.99,-9999.99,-9999.99,-9999.99,5.2427e-11,4.076e-11,3.0673e-11,2.1614e-11,1.5298e-11,1.2152e-11,9.3801e-12,6.3012e-12,4.6725e-12,3.6491e-12,2.7661e-12,2.1085e-12,1.5056e-12,1.1067e-12,-9999.99,-9999.99,-9999.99,-9999.99,-9999.99,-9999.99,-9999.99,-9999.99,1.58e-12,1.23e-12,9.23e-13,6.51e-13,4.6e-13,3.68e-13,2.83e-13,1.94e-13,1.41e-13,1.1e-13,8.35e-14,6.43e-14,4.58e-14,3.44e-14,-9999.99,-9999.99,-9999.99,-9999.99,-9999.99,-9999.99,-9999.99,43.765,0.0685,44.725,0.0685,-13.25,0.0,0.96,101001.0
3062,101000.0,720509.0,485244.6,44216.7720196759,2919.0,216.9,43.77,30.0,-1.0094e-08,-1.0173e-08,1.7854e-08,3.1959e-09,6.5614e-10,3.5702e-10,1.3398e-10,9.269e-11,-9999.99,-9999.99,-9999.99,-9999.99,-9999.99,-9999.99,-9999.99,-9999.99,-9999.99,-9999.99,-9999.99,-9999.99,-9999.99,-9999.99,-9999.99,-9999.99,-9999.99,-9999.99,-9999.99,3.06e-10,3.34e-10,5.36e-10,9.72e-11,2.33e-11,1.65e-11,9.69e-12,4.32e-12,-9999.99,-9999.99,-9999.99,-9999.99,-9999.99,-9999.99,-9999.99,-9999.99,-9999.99,-9999.99,-9999.99,-9999.99,-9999.99,-9999.99,-9999.99,-9999.99,-9999.99,-9999.99,-9999.99,-9999.99,2.707e-11,2.1582e-11,1.7784e-11,1.3594e-11,1.0292e-11,7.7895e-12,5.6374e-12,4.307e-12,3.231e-12,2.3266e-12,1.8418e-12,1.4526e-12,1.0898e-12,8.2427e-13,5.9854e-13,4.4415e-13,2.9678e-13,1.8968e-13,1.1874e-13,9.4971e-14,6.9123e-14,-9999.99,8.18e-13,6.54e-13,5.37e-13,4.11e-13,3.1e-13,2.37e-13,1.7e-13,1.3e-13,9.76e-14,7.12e-14,5.58e-14,4.42e-14,3.35e-14,2.54e-14,1.87e-14,1.41e-14,9.94e-15,7.13e-15,4.44e-15,4.74e-15,6.07e-15,43.775,0.067,46.465,0.0665,-13.25,0.0,2.69,101001.0
3166,101000.0,722705.7,484294.6,44216.7734548611,3019.0,219.8,75.69,27.0,-2.3015e-09,-1.3532e-08,3.7368e-09,3.7573e-09,2.2646e-09,1.712e-09,1.0839e-09,6.269e-10,3.0468e-10,1.8912e-10,7.6462e-11,-9999.99,-9999.99,-9999.99,-9999.99,-9999.99,-9999.99,-9999.99,-9999.99,-9999.99,-9999.99,-9999.99,-9999.99,-9999.99,-9999.99,-9999.99,-9999.99,7.48e-11,4.22e-10,1.15e-10,1.13e-10,6.86e-11,5.17e-11,3.3e-11,1.92e-11,9.93e-12,6.01e-12,2.63e-12,-9999.99,-9999.99,-9999.99,-9999.99,-9999.99,-9999.99,-9999.99,-9999.99,-9999.99,-9999.99,-9999.99,-9999.99,-9999.99,-9999.99,-9999.99,-9999.99,-9999.99,6.9327e-11,3.3567e-11,1.786e-11,1.1538e-11,7.6491e-12,5.2632e-12,3.8918e-12,2.8468e-12,2.1553e-12,1.4918e-12,9.9971e-13,8.6696e-13,6.5234e-13,5.0702e-13,4.8421e-13,-9999.99,-9999.99,-9999.99,-9999.99,-9999.99,-9999.99,-9999.99,2.09e-12,1.01e-12,5.47e-13,3.52e-13,2.33e-13,1.62e-13,1.2e-13,9.28e-14,7.03e-14,5.01e-14,3.59e-14,2.92e-14,2.27e-14,1.93e-14,1.73e-14,-9999.99,-9999.99,-9999.99,-9999.99,-9999.99,-9999.99,75.685,0.039,76.73,0.039,-13.25,0.0,1.05,101001.0
3268,101000.0,724762.9,483528.3,44216.7746701389,3119.0,222.2,38.77,7.0,-1.8868e-08,-4.0731e-08,3.1287e-08,1.4953e-08,5.4795e-09,2.8883e-09,1.3722e-09,-9999.99,-9999.99,-9999.99,-9999.99,-9999.99,-9999.99,-9999.99,-9999.99,-9999.99,-9999.99,-9999.99,-9999.99,-9999.99,-9999.99,-9999.99,-9999.99,-9999.99,-9999.99,-9999.99,-9999.99,5.66e-10,1.22e-09,9.39e-10,4.49e-10,1.64e-10,8.81e-11,4.25e-11,-9999.99,-9999.99,-9999.99,-9999.99,-9999.99,-9999.99,-9999.99,-9999.99,-9999.99,-9999.99,-9999.99,-9999.99,-9999.99,-9999.99,-9999.99,-9999.99,-9999.99,-9999.99,-9999.99,-9999.99,-9999.99,-9999.99,-9999.99,-9999.99,-9999.99,-9999.99,-9999.99,-9999.99,-9999.99,-9999.99,-9999.99,-9999.99,-9999.99,-9999.99,-9999.99,-9999.99,-9999.99,-9999.99,-9999.99,-9999.99,-9999.99,-9999.99,-9999.99,-9999.99,-9999.99,-9999.99,-9999.99,-9999.99,-9999.99,-9999.99,-9999.99,-9999.99,-9999.99,-9999.99,-9999.99,-9999.99,-9999.99,-9999.99,-9999.99,-9999.99,-9999.99,-9999.99,-9999.99,-9999.99,38.77,0.076,40.64,0.076,-13.25,0.0,1.87,101001.0
3376,101000.0,727606.9,482417.4,44216.7762326389,3219.0,219.2,39.46,8.0,-1.5187e-08,-3.0205e-08,2.1263e-08,1.0506e-08,4.6082e-09,2.4594e-09,1.3208e-09,9.0292e-10,-9999.99,-9999.99,-9999.99,-9999.99,-9999.99,-9999.99,-9999.99,-9999.99,-9999.99,-9999.99,-9999.99,-9999.99,-9999.99,-9999.99,-9999.99,-9999.99,-9999.99,-9999.99,-9999.99,4.6e-10,9.24e-10,6.4e-10,3.15e-10,1.39e-10,7.48e-11,4.11e-11,2.77e-11,-9999.99,-9999.99,-9999.99,-9999.99,-9999.99,-9999.99,-9999.99,-9999.99,-9999.99,-9999.99,-9999.99,-9999.99,-9999.99,-9999.99,-9999.99,-9999.99,-9999.99,-9999.99,-9999.99,-9999.99,-9999.99,-9999.99,-9999.99,-9999.99,-9999.99,-9999.99,-9999.99,-9999.99,-9999.99,-9999.99,-9999.99,-9999.99,-9999.99,-9999.99,-9999.99,-9999.99,-9999.99,-9999.99,-9999.99,-9999.99,-9999.99,-9999.99,-9999.99,-9999.99,-9999.99,-9999.99,-9999.99,-9999.99,-9999.99,-9999.99,-9999.99,-9999.99,-9999.99,-9999.99,-9999.99,-9999.99,-9999.99,-9999.99,-9999.99,-9999.99,-9999.99,-9999.99,-9999.99,39.46,0.074,41.47,0.074,-13.25,0.0,2.01,101001.0
3486,101000.0,730449.6,481216.3,44216.7778877315,3319.0,188.0,45.88,16.0,-1.1801e-08,-3.2047e-08,1.8243e-08,1.1085e-08,4.9825e-09,2.8497e-09,1.6567e-09,-9999.99,-9999.99,-9999.99,-9999.99,-9999.99,-9999.99,-9999.99,-9999.99,-9999.99,-9999.99,-9999.99,-9999.99,-9999.99,-9999.99,-9999.99,-9999.99,-9999.99,-9999.99,-9999.99,-9999.99,3.6e-10,9.68e-10,5.47e-10,3.33e-10,1.5e-10,8.58e-11,5e-11,-9999.99,-9999.99,-9999.99,-9999.99,-9999.99,-9999.99,-9999.99,-9999.99,-9999.99,-9999.99,-9999.99,-9999.99,-9999.99,-9999.99,-9999.99,-9999.99,-9999.99,-9999.99,-9999.99,-9999.99,-9999.99,9.5263e-11,4.7485e-11,2.4363e-11,-9999.99,-9999.99,-9999.99,3.3655e-12,2.3947e-12,1.7117e-12,1.2772e-12,9.1491e-13,-9999.99,-9999.99,-9999.99,-9999.99,-9999.99,-9999.99,-9999.99,-9999.99,-9999.99,-9999.99,-9999.99,2.86e-12,1.42e-12,7.33e-13,-9999.99,-9999.99,-9999.99,1.06e-13,7.78e-14,5.58e-14,5.81e-14,5.23e-14,-9999.99,-9999.99,-9999.99,-9999.99,-9999.99,-9999.99,-9999.99,-9999.99,-9999.99,-9999.99,45.885,0.064,48.01,0.064,-13.25,0.0,2.13,101001.0
3592,101100.0,730051.9,480496.0,44216.7796585648,3419.0,186.8,35.96,33.0,-1.4921e-08,-5.2047e-08,1.4921e-08,1.6272e-08,9.7427e-09,6.6842e-09,4.2456e-09,2.5225e-09,1.3769e-09,7.4415e-10,3.5936e-10,1.5143e-10,-9999.99,3e-11,-9999.99,-9999.99,-9999.99,-9999.99,-9999.99,-9999.99,-9999.99,-9999.99,-9999.99,-9999.99,-9999.99,-9999.99,-9999.99,4.48e-10,1.56e-09,4.48e-10,4.88e-10,2.92e-10,2.01e-10,1.27e-10,7.57e-11,4.14e-11,2.25e-11,1.1e-11,4.77e-12,-9999.99,1.4e-12,-9999.99,-9999.99,-9999.99,-9999.99,-9999.99,-9999.99,-9999.99,-9999.99,-9999.99,-9999.99,-9999.99,-9999.99,-9999.99,-9999.99,2.8263e-10,1.2977e-10,5.7135e-11,2.4661e-11,1.1406e-11,5.9532e-12,3.4064e-12,2.3719e-12,1.6874e-12,1.324e-12,1.0298e-12,6.9444e-13,5.5936e-13,4.7251e-13,3.0439e-13,2.1237e-13,1.5515e-13,1.2202e-13,-9999.99,-9999.99,-9999.99,-9999.99,8.48e-12,3.89e-12,1.71e-12,7.4e-13,3.42e-13,1.82e-13,1.04e-13,7.45e-14,5.38e-14,4.21e-14,3.43e-14,2.31e-14,2.08e-14,1.92e-14,1.36e-14,1.16e-14,1.17e-14,1.13e-14,-9999.99,-9999.99,-9999.99,35.96,0.0825,37.205,0.0825,-13.25,0.0,1.25,101101.0
3698,101100.0,727056.3,481673.2,44216.7811979167,3519.0,222.8,40.12,16.0,-7.1491e-09,-2.0813e-08,1.074e-08,7.2485e-09,3.5906e-09,2.2374e-09,1.2307e-09,6.886e-10,3.4795e-10,1.8146e-10,6.6316e-11,-9999.99,-9999.99,-9999.99,-9999.99,-9999.99,-9999.99,-9999.99,-9999.99,-9999.99,-9999.99,-9999.99,-9999.99,-9999.99,-9999.99,-9999.99,-9999.99,2.17e-10,6.33e-10,3.22e-10,2.17e-10,1.08e-10,6.8e-11,3.73e-11,2.1e-11,1.1e-11,5.95e-12,2.33e-12,-9999.99,-9999.99,-9999.99,-9999.99,-9999.99,-9999.99,-9999.99,-9999.99,-9999.99,-9999.99,-9999.99,-9999.99,-9999.99,-9999.99,-9999.99,-9999.99,-9999.99,7.2456e-11,3.7895e-11,2.1313e-11,1.1494e-11,-9999.99,-9999.99,-9999.99,-9999.99,-9999.99,-9999.99,-9999.99,-9999.99,-9999.99,-9999.99,-9999.99,-9999.99,-9999.99,-9999.99,-9999.99,-9999.99,-9999.99,-9999.99,2.17e-12,1.14e-12,6.42e-13,3.51e-13,-9999.99,-9999.99,-9999.99,-9999.99,-9999.99,-9999.99,-9999.99,-9999.99,-9999.99,-9999.99,-9999.99,-9999.99,-9999.99,-9999.99,-9999.99,-9999.99,-9999.99,40.115,0.0735,41.92,0.0735,-13.25,0.0,1.81,101101.0
3804,101100.0,724198.5,482863.3,44216.7825868056,3619.0,220.1,39.63,8.0,-1.9257e-08,-4.5585e-08,3.1813e-08,1.7327e-08,6.9035e-09,3.7661e-09,1.8208e-09,-9999.99,3.8333e-10,-9999.99,-9999.99,-9999.99,-9999.99,-9999.99,-9999.99,-9999.99,-9999.99,-9999.99,-9999.99,-9999.99,-9999.99,-9999.99,-9999.99,-9999.99,-9999.99,-9999.99,-9999.99,5.78e-10,1.37e-09,9.54e-10,5.2e-10,2.08e-10,1.14e-10,5.52e-11,-9999.99,1.28e-11,-9999.99,-9999.99,-9999.99,-9999.99,-9999.99,-9999.99,-9999.99,-9999.99,-9999.99,-9999.99,-9999.99,-9999.99,-9999.99,-9999.99,-9999.99,-9999.99,-9999.99,-9999.99,-9999.99,-9999.99,-9999.99,-9999.99,-9999.99,-9999.99,-9999.99,-9999.99,-9999.99,-9999.99,-9999.99,-9999.99,-9999.99,-9999.99,-9999.99,-9999.99,-9999.99,-9999.99,-9999.99,-9999.99,-9999.99,-9999.99,-9999.99,-9999.99,-9999.99,-9999.99,-9999.99,-9999.99,-9999.99,-9999.99,-9999.99,-9999.99,-9999.99,-9999.99,-9999.99,-9999.99,-9999.99,-9999.99,-9999.99,-9999.99,-9999.99,-9999.99,-9999.99,-9999.99,39.63,0.074,41.35,0.074,-13.25,0.0,1.72,101101.0
3912,101100.0,721934.4,484146.2,44216.7841145833,3719.0,219.0,73.21,8.0,-9999.99,-9999.99,-9999.99,-9999.99,-9999.99,-9999.99,-9999.99,-9999.99,-9999.99,-9999.99,-9999.99,-9999.99,-9999.99,-9999.99,-9999.99,-9999.99,-9999.99,-9999.99,-9999.99,-9999.99,-9999.99,-9999.99,-9999.99,-9999.99,-9999.99,-9999.99,-9999.99,-9999.99,-9999.99,-9999.99,-9999.99,-9999.99,-9999.99,-9999.99,-9999.99,-9999.99,-9999.99,-9999.99,-9999.99,-9999.99,-9999.99,-9999.99,-9999.99,-9999.99,-9999.99,-9999.99,-9999.99,-9999.99,-9999.99,-9999.99,-9999.99,-9999.99,-9999.99,-9999.99,-9999.99,1.6111e-11,1.2611e-11,1.0515e-11,8.1667e-12,6.3012e-12,4.6316e-12,-9999.99,-9999.99,-9999.99,-9999.99,-9999.99,-9999.99,9.6111e-13,-9999.99,-9999.99,-9999.99,-9999.99,-9999.99,-9999.99,-9999.99,-9999.99,-9999.99,5.01e-13,3.85e-13,3.26e-13,2.51e-13,1.96e-13,1.48e-13,-9999.99,-9999.99,-9999.99,-9999.99,-9999.99,-9999.99,3.86e-14,-9999.99,-9999.99,-9999.99,-9999.99,-9999.99,-9999.99,-9999.99,-9999.99,73.21,0.041,73.89,0.041,-13.25,0.0,0.68,101101.0
4018,101100.0,718938.9,485072.9,44216.7857233796,3819.0,204.5,43.49,29.0,-1.0462e-08,-1.667e-08,1.8719e-08,5.3392e-09,1.5284e-09,8.3626e-10,4.0614e-10,2.2412e-10,-9999.99,-9999.99,-9999.99,-9999.99,-9999.99,-9999.99,-9999.99,-9999.99,-9999.99,-9999.99,-9999.99,-9999.99,-9999.99,-9999.99,-9999.99,-9999.99,-9999.99,-9999.99,-9999.99,3.19e-10,5.23e-10,5.62e-10,1.61e-10,4.68e-11,2.68e-11,1.37e-11,9.12e-12,-9999.99,-9999.99,-9999.99,-9999.99,-9999.99,-9999.99,-9999.99,-9999.99,-9999.99,-9999.99,-9999.99,-9999.99,-9999.99,-9999.99,-9999.99,-9999.99,-9999.99,-9999.99,-9999.99,-9999.99,4.9474e-11,3.731e-11,2.9029e-11,2.1149e-11,1.5614e-11,1.131e-11,8.193e-12,5.8918e-12,4.383e-12,3.3187e-12,2.5158e-12,1.9278e-12,1.4202e-12,1.0316e-12,7.2281e-13,5.0877e-13,3.2632e-13,2.1222e-13,9.8187e-14,8.4795e-14,-9999.99,-9999.99,1.49e-12,1.12e-12,8.71e-13,6.37e-13,4.7e-13,3.4e-13,2.47e-13,1.77e-13,1.32e-13,9.99e-14,7.6e-14,5.82e-14,4.33e-14,3.16e-14,2.2e-14,1.56e-14,1.04e-14,7.36e-15,4.94e-15,4.22e-15,-9999.99,43.495,0.068,45.165,0.068,-13.25,0.0,1.67,101101.0
4128,101100.0,715124.1,486575.5,44216.7875289352,3919.0,185.5,43.79,33.0,-1.5076e-08,-3.5848e-08,2.3067e-08,1.0503e-08,3.7895e-09,2.0082e-09,1.2003e-09,7.9942e-10,4.8947e-10,3.617e-10,2.5231e-10,1.6342e-10,-9999.99,-9999.99,-9999.99,-9999.99,-9999.99,-9999.99,-9999.99,-9999.99,-9999.99,-9999.99,-9999.99,-9999.99,-9999.99,-9999.99,-9999.99,4.52e-10,1.08e-09,6.92e-10,3.15e-10,1.14e-10,6.08e-11,3.62e-11,2.45e-11,1.5e-11,1.11e-11,8.12e-12,5.03e-12,-9999.99,-9999.99,-9999.99,-9999.99,-9999.99,-9999.99,-9999.99,-9999.99,-9999.99,-9999.99,-9999.99,-9999.99,-9999.99,-9999.99,-9999.99,-9999.99,2.1743e-10,1.5319e-10,1.0635e-10,7.1725e-11,4.8538e-11,3.3012e-11,2.2599e-11,1.5632e-11,1.1143e-11,8.076e-12,5.7018e-12,4.0058e-12,2.7623e-12,1.8275e-12,1.1453e-12,7.1082e-13,3.9503e-13,2.3301e-13,1.2561e-13,-9999.99,-9999.99,-9999.99,6.52e-12,4.6e-12,3.19e-12,2.15e-12,1.46e-12,9.9e-13,6.78e-13,4.69e-13,3.34e-13,2.42e-13,1.71e-13,1.21e-13,8.31e-14,5.52e-14,3.53e-14,2.2e-14,1.43e-14,8.62e-15,6.91e-15,-9999.99,-9999.99,43.79,0.068,45.42,0.068,-13.25,0.0,1.63,101101.0
4230,101200.0,715506.7,485554.6,44216.7893576389,4019.0,191.6,42.99,32.0,-8.4561e-09,-1.1193e-08,9.538e-09,2.0529e-09,7.9035e-10,5.8275e-10,4.5e-10,3.2661e-10,2.5298e-10,1.7158e-10,1.3377e-10,8e-11,-9999.99,-9999.99,-9999.99,-9999.99,-9999.99,-9999.99,-9999.99,-9999.99,-9999.99,-9999.99,-9999.99,-9999.99,-9999.99,-9999.99,-9999.99,2.59e-10,3.47e-10,2.87e-10,6.22e-11,2.51e-11,1.88e-11,1.46e-11,1.07e-11,8.4e-12,5.73e-12,4.47e-12,3.17e-12,-9999.99,-9999.99,-9999.99,-9999.99,-9999.99,-9999.99,-9999.99,-9999.99,-9999.99,-9999.99,-9999.99,-9999.99,-9999.99,-9999.99,-9999.99,-9999.99,1.1401e-10,8.5468e-11,6.1579e-11,4.3567e-11,3.0848e-11,2.1629e-11,1.5275e-11,1.105e-11,7.962e-12,5.8918e-12,4.3041e-12,3.0702e-12,2.2287e-12,1.5246e-12,1.0167e-12,6.1784e-13,3.7018e-13,2.2988e-13,-9999.99,-9999.99,-9999.99,-9999.99,3.42e-12,2.56e-12,1.85e-12,1.31e-12,9.25e-13,6.49e-13,4.58e-13,3.32e-13,2.39e-13,1.77e-13,1.3e-13,9.24e-14,6.78e-14,4.62e-14,3.09e-14,1.93e-14,1.19e-14,7.98e-15,-9999.99,-9999.99,-9999.99,42.995,0.0705,44.91,0.0705,-13.25,0.0,1.91,101201.0
4332,101200.0,717813.3,484728.0,44216.7906655093,4119.0,212.8,47.81,30.0,-5.9825e-09,-7.652e-09,9.076e-09,1.5763e-09,2.8576e-10,2.9047e-10,2.5012e-10,1.5883e-10,-9999.99,-9999.99,-9999.99,-9999.99,-9999.99,-9999.99,-9999.99,-9999.99,-9999.99,-9999.99,-9999.99,-9999.99,-9999.99,-9999.99,-9999.99,-9999.99,-9999.99,-9999.99,-9999.99,1.82e-10,2.72e-10,2.73e-10,4.82e-11,1.27e-11,1.34e-11,9.85e-12,6.04e-12,-9999.99,-9999.99,-9999.99,-9999.99,-9999.99,-9999.99,-9999.99,-9999.99,-9999.99,-9999.99,-9999.99,-9999.99,-9999.99,-9999.99,-9999.99,-9999.99,-9999.99,-9999.99,-9999.99,-9999.99,4.2778e-11,3.3918e-11,2.6915e-11,1.6942e-11,1.3795e-11,9.6082e-12,6.9883e-12,5.2251e-12,3.9503e-12,2.898e-12,2.2652e-12,1.748e-12,1.2871e-12,9.7749e-13,6.4474e-13,4.6199e-13,2.8716e-13,1.7178e-13,1.2526e-13,7.5088e-14,4.8099e-14,-9999.99,1.28e-12,1.02e-12,8.1e-13,5.1e-13,4.17e-13,2.9e-13,2.12e-13,1.58e-13,1.2e-13,8.75e-14,6.86e-14,5.33e-14,3.89e-14,2.97e-14,1.99e-14,1.43e-14,9.42e-15,6.34e-15,3.19e-14,7.45e-15,8.85e-14,47.92,0.0615,49.705,0.0615,-13.25,0.0,1.78,101201.0
4434,101200.0,720003.9,483669.5,44216.7920081019,4219.0,214.8,57.14,30.0,-4.2602e-09,-6.9649e-09,8.5643e-09,1.7108e-09,2.3889e-10,1.643e-10,9.0614e-11,1.0482e-10,-9999.99,-9999.99,-9999.99,-9999.99,-9999.99,-9999.99,-9999.99,-9999.99,-9999.99,-9999.99,-9999.99,-9999.99,-9999.99,-9999.99,-9999.99,-9999.99,-9999.99,-9999.99,-9999.99,1.31e-10,2.21e-10,2.58e-10,5.2e-11,1.58e-11,3.48e-11,8.74e-12,6.3e-12,-9999.99,-9999.99,-9999.99,-9999.99,-9999.99,-9999.99,-9999.99,-9999.99,-9999.99,-9999.99,-9999.99,-9999.99,-9999.99,-9999.99,-9999.99,-9999.99,-9999.99,-9999.99,-9999.99,-9999.99,2.1696e-11,1.7558e-11,1.3868e-11,1.0716e-11,8.3596e-12,6.0029e-12,4.4591e-12,3.3947e-12,2.5085e-12,1.8924e-12,1.5564e-12,1.2482e-12,9.2164e-13,6.4854e-13,5.3304e-13,3.5351e-13,2.3208e-13,1.3924e-13,8.7047e-14,5.4444e-14,3.845e-14,-9999.99,6.55e-13,5.32e-13,4.17e-13,3.24e-13,2.52e-13,1.82e-13,1.36e-13,1.03e-13,7.75e-14,5.77e-14,4.73e-14,3.81e-14,2.83e-14,2e-14,1.65e-14,1.12e-14,7.84e-15,5.56e-15,4.27e-15,4.89e-15,4.31e-15,56.39,0.053,57.28,0.053,-13.25,0.0,0.89,101201.0
4540,101200.0,722949.5,482525.0,44216.793744213,4319.0,216.0,52.25,34.0,-8.8392e-09,-2.898e-08,1.3395e-08,1.0029e-08,4.8567e-09,3.0292e-09,1.7184e-09,8.9357e-10,4.6287e-10,2.3044e-10,1.0254e-10,5.3041e-11,-9999.99,-9999.99,-9999.99,-9999.99,-9999.99,-9999.99,-9999.99,-9999.99,-9999.99,-9999.99,-9999.99,-9999.99,-9999.99,-9999.99,-9999.99,2.67e-10,8.81e-10,4.02e-10,3.01e-10,1.46e-10,9.12e-11,5.17e-11,2.71e-11,1.42e-11,7.42e-12,3.9e-12,2.29e-12,-9999.99,-9999.99,-9999.99,-9999.99,-9999.99,-9999.99,-9999.99,-9999.99,-9999.99,-9999.99,-9999.99,-9999.99,-9999.99,-9999.99,-9999.99,-9999.99,8.6345e-11,4.0409e-11,2.081e-11,1.2085e-11,8.2953e-12,5.9532e-12,4.155e-12,3.0146e-12,2.1977e-12,1.6617e-12,1.3456e-12,9.3684e-13,7.7895e-13,5.9561e-13,4.3304e-13,3.0936e-13,1.9605e-13,1.2304e-13,9.1667e-14,6.3538e-14,3.9708e-14,-9999.99,2.59e-12,1.21e-12,6.28e-13,3.64e-13,2.51e-13,1.82e-13,1.25e-13,9.22e-14,6.72e-14,5.13e-14,4.13e-14,2.91e-14,2.43e-14,1.9e-14,1.36e-14,1.02e-14,7.69e-15,5.57e-15,7.69e-15,1.48e-14,2.43e-14,52.56,0.0565,53.76,0.056,-13.25,0.0,1.2,101201.0
4644,101200.0,725046.2,481640.7,44216.795005787,4419.0,221.4,44.81,34.0,-1.1737e-08,-3.3304e-08,1.7816e-08,1.2126e-08,5.9561e-09,3.5029e-09,2.0096e-09,1.0845e-09,5.2339e-10,2.7257e-10,1.1819e-10,6.2515e-11,-9999.99,-9999.99,-9999.99,-9999.99,-9999.99,-9999.99,-9999.99,-9999.99,-9999.99,-9999.99,-9999.99,-9999.99,-9999.99,-9999.99,-9999.99,3.54e-10,1.01e-09,5.34e-10,3.64e-10,1.79e-10,1.06e-10,6.07e-11,3.29e-11,1.6e-11,8.34e-12,3.78e-12,2.32e-12,-9999.99,-9999.99,-9999.99,-9999.99,-9999.99,-9999.99,-9999.99,-9999.99,-9999.99,-9999.99,-9999.99,-9999.99,-9999.99,-9999.99,-9999.99,-9999.99,9.6579e-11,4.2573e-11,1.9947e-11,1.1164e-11,6.6842e-12,4.5439e-12,3.2953e-12,2.1918e-12,1.6883e-12,1.1477e-12,1.0088e-12,7.5e-13,6.0175e-13,4.8947e-13,3.5643e-13,2.7012e-13,1.9646e-13,1.5412e-13,9.6784e-14,7.2076e-14,4.0556e-14,-9999.99,2.9e-12,1.29e-12,6.04e-13,3.42e-13,2.03e-13,1.38e-13,1e-13,6.82e-14,5.28e-14,3.53e-14,3.17e-14,2.33e-14,1.89e-14,1.56e-14,1.2e-14,8.89e-15,6.82e-15,5.93e-15,4.46e-15,5.09e-14,3.77e-15,43.41,0.069,44.53,0.069,-13.25,0.0,1.12,101201.0
4752,101200.0,727259.0,480695.6,44216.7964293982,4519.0,223.2,36.93,26.0,-1.9985e-08,-4.6257e-08,2.6526e-08,1.6769e-08,8.0848e-09,5.0497e-09,2.852e-09,1.1947e-09,3.6901e-10,-9999.99,-9999.99,-9999.99,-9999.99,-9999.99,-9999.99,-9999.99,-9999.99,-9999.99,-9999.99,-9999.99,-9999.99,-9999.99,-9999.99,-9999.99,-9999.99,-9999.99,-9999.99,6.02e-10,1.39e-09,7.96e-10,5.03e-10,2.43e-10,1.52e-10,8.58e-11,3.61e-11,1.17e-11,-9999.99,-9999.99,-9999.99,-9999.99,-9999.99,-9999.99,-9999.99,-9999.99,-9999.99,-9999.99,-9999.99,-9999.99,-9999.99,-9999.99,-9999.99,-9999.99,-9999.99,-9999.99,-9999.99,1.157e-10,1.052e-10,3.6404e-11,4.1023e-11,1.8035e-11,1.2804e-11,1.0365e-11,6.8918e-12,7.1813e-12,5.2398e-12,4.0965e-12,3.731e-12,3.1608e-12,2.2287e-12,1.5096e-12,9.6608e-13,-9999.99,-9999.99,-9999.99,-9999.99,-9999.99,-9999.99,3.47e-12,3.16e-12,1.1e-12,1.23e-12,5.43e-13,3.85e-13,3.13e-13,2.08e-13,2.17e-13,1.58e-13,1.23e-13,1.13e-13,9.58e-14,6.84e-14,4.63e-14,2.98e-14,-9999.99,-9999.99,-9999.99,-9999.99,-9999.99,37.38,0.079,39.07,0.079,-13.25,0.0,1.69,101201.0
4862,101200.0,729763.6,479684.5,44216.79796875,4619.0,202.7,49.91,26.0,-8.6491e-09,-2.7485e-08,1.0032e-08,8.731e-09,5.0351e-09,3.3626e-09,2.0041e-09,1.1222e-09,5.6608e-10,2.6129e-10,1.255e-10,5.9737e-11,-9999.99,-9999.99,-9999.99,-9999.99,-9999.99,-9999.99,-9999.99,-9999.99,-9999.99,-9999.99,-9999.99,-9999.99,-9999.99,-9999.99,-9999.99,2.66e-10,8.3e-10,3.03e-10,2.62e-10,1.51e-10,1.01e-10,6.03e-11,3.39e-11,1.73e-11,8.44e-12,4.14e-12,2.43e-12,-9999.99,-9999.99,-9999.99,-9999.99,-9999.99,-9999.99,-9999.99,-9999.99,-9999.99,-9999.99,-9999.99,-9999.99,-9999.99,-9999.99,-9999.99,-9999.99,1.0632e-10,4.9532e-11,2.3795e-11,1.2368e-11,7.2485e-12,5.1228e-12,3.7076e-12,2.3456e-12,2.1845e-12,1.6997e-12,1.1032e-12,8.1082e-13,4.9269e-13,-9999.99,-9999.99,-9999.99,-9999.99,-9999.99,-9999.99,-9999.99,-9999.99,-9999.99,3.19e-12,1.49e-12,7.26e-13,3.75e-13,2.2e-13,1.57e-13,1.15e-13,7.79e-14,7.47e-14,5.78e-14,4.16e-14,3.61e-14,2.99e-14,-9999.99,-9999.99,-9999.99,-9999.99,-9999.99,-9999.99,-9999.99,-9999.99,48.695,0.0615,50.025,0.0615,-13.25,0.0,1.33,101201.0
4969,101300.0,729435.6,479036.4,44216.7996701389,4719.0,197.9,66.35,22.0,-4.1988e-09,-1.4865e-08,7.0731e-09,4.8304e-09,2.2795e-09,1.5275e-09,8.2047e-10,4.0205e-10,2.4015e-10,1.1295e-10,-9999.99,-9999.99,-9999.99,-9999.99,-9999.99,-9999.99,-9999.99,-9999.99,-9999.99,-9999.99,-9999.99,-9999.99,-9999.99,-9999.99,-9999.99,-9999.99,-9999.99,1.28e-10,4.5e-10,2.13e-10,1.45e-10,6.91e-11,4.67e-11,2.5e-11,1.3e-11,8.43e-12,4.5e-12,-9999.99,-9999.99,-9999.99,-9999.99,-9999.99,-9999.99,-9999.99,-9999.99,-9999.99,-9999.99,-9999.99,-9999.99,-9999.99,-9999.99,-9999.99,-9999.99,-9999.99,-9999.99,4.2281e-11,2.2333e-11,1.3108e-11,7.5936e-12,5.0439e-12,3.6287e-12,2.519e-12,1.9439e-12,1.4602e-12,1.1632e-12,9.8041e-13,-9999.99,-9999.99,-9999.99,-9999.99,-9999.99,-9999.99,-9999.99,-9999.99,-9999.99,-9999.99,-9999.99,1.27e-12,6.74e-13,3.98e-13,2.32e-13,1.59e-13,1.25e-13,8.97e-14,7.48e-14,5.48e-14,5.04e-14,4.91e-14,-9999.99,-9999.99,-9999.99,-9999.99,-9999.99,-9999.99,-9999.99,-9999.99,-9999.99,-9999.99,66.35,0.0525,68.275,0.0525,-13.25,0.0,1.93,101301.0
5075,101300.0,726869.9,480046.4,44216.8010358796,4819.0,222.6,43.16,33.0,-1.3213e-08,-3.7836e-08,1.6699e-08,1.2754e-08,7.114e-09,4.5702e-09,2.7936e-09,1.5696e-09,7.8304e-10,3.8655e-10,1.6877e-10,6.2807e-11,-9999.99,-9999.99,-9999.99,-9999.99,-9999.99,-9999.99,-9999.99,-9999.99,-9999.99,-9999.99,-9999.99,-9999.99,-9999.99,-9999.99,-9999.99,4.02e-10,1.15e-09,5.03e-10,3.83e-10,2.13e-10,1.37e-10,8.38e-11,4.72e-11,2.36e-11,1.19e-11,5.59e-12,2.41e-12,-9999.99,-9999.99,-9999.99,-9999.99,-9999.99,-9999.99,-9999.99,-9999.99,-9999.99,-9999.99,-9999.99,-9999.99,-9999.99,-9999.99,-9999.99,-9999.99,1.336e-10,5.7953e-11,2.5082e-11,1.2292e-11,6.7807e-12,4.231e-12,2.8971e-12,2.1719e-12,1.4974e-12,1.2099e-12,1.0404e-12,6.8509e-13,5.2602e-13,3.6696e-13,2.8038e-13,2.0003e-13,1.4035e-13,1.167e-13,8.0994e-14,4.7924e-14,-9999.99,-9999.99,4.01e-12,1.74e-12,7.55e-13,3.71e-13,2.05e-13,1.29e-13,8.78e-14,6.6e-14,4.63e-14,3.75e-14,3.16e-14,2.15e-14,1.63e-14,1.26e-14,9.81e-15,7.7e-15,5.67e-15,5.89e-15,5.9e-15,1.09e-14,-9999.99,43.16,0.068,45.295,0.068,-13.25,0.0,2.14,101301.0
5179,101300.0,724236.7,481143.6,44216.8023784722,4919.0,222.5,42.4,32.0,-1.6942e-08,-5.1871e-08,2.4453e-08,1.9278e-08,9.5643e-09,5.6637e-09,3.2339e-09,1.5886e-09,7.4006e-10,3.3333e-10,1.3617e-10,5.576e-11,-9999.99,1.6222e-11,-9999.99,-9999.99,-9999.99,-9999.99,-9999.99,-9999.99,-9999.99,-9999.99,-9999.99,-9999.99,-9999.99,-9999.99,-9999.99,5.08e-10,1.56e-09,7.34e-10,5.78e-10,2.87e-10,1.7e-10,9.73e-11,4.78e-11,2.23e-11,1.03e-11,4.33e-12,2.43e-12,-9999.99,1.64e-12,-9999.99,-9999.99,-9999.99,-9999.99,-9999.99,-9999.99,-9999.99,-9999.99,-9999.99,-9999.99,-9999.99,-9999.99,-9999.99,-9999.99,1.1447e-10,4.7485e-11,2.1798e-11,1.2032e-11,7.1082e-12,4.9795e-12,3.6667e-12,2.5678e-12,1.8915e-12,1.4532e-12,1.1512e-12,7.9006e-13,7.076e-13,5.5205e-13,4.2719e-13,3.2398e-13,2.2164e-13,-9999.99,-9999.99,-9999.99,-9999.99,-9999.99,3.43e-12,1.42e-12,6.54e-13,3.65e-13,2.16e-13,1.52e-13,1.11e-13,7.96e-14,5.75e-14,4.5e-14,3.65e-14,2.74e-14,2.3e-14,1.88e-14,1.59e-14,1.25e-14,1.05e-14,-9999.99,-9999.99,-9999.99,-9999.99,42.395,0.07,43.5,0.07,-13.25,0.0,1.11,101301.0
5285,101300.0,720852.1,482537.3,44216.8039756944,5019.0,218.6,36.83,21.0,-1.1292e-08,-5.845e-09,1.4427e-08,1.9377e-09,-9999.99,-9999.99,-9999.99,-9999.99,-9999.99,-9999.99,-9999.99,-9999.99,-9999.99,-9999.99,-9999.99,1.3398e-11,-9999.99,-9999.99,-9999.99,-9999.99,-9999.99,-9999.99,-9999.99,-9999.99,-9999.99,-9999.99,-9999.99,3.41e-10,2.15e-10,4.34e-10,5.93e-11,-9999.99,-9999.99,-9999.99,-9999.99,-9999.99,-9999.99,-9999.99,-9999.99,-9999.99,-9999.99,-9999.99,1.08e-12,-9999.99,-9999.99,-9999.99,-9999.99,-9999.99,-9999.99,-9999.99,-9999.99,-9999.99,-9999.99,-9999.99,-9999.99,3.0175e-11,2.3278e-11,1.7301e-11,1.2535e-11,9.7836e-12,7.6842e-12,6.3772e-12,4.6696e-12,3.3567e-12,2.6085e-12,1.9257e-12,1.3462e-12,1.0977e-12,6.1754e-13,5.9708e-13,-9999.99,-9999.99,-9999.99,-9999.99,-9999.99,-9999.99,-9999.99,9.14e-13,7.03e-13,5.21e-13,3.79e-13,2.96e-13,2.32e-13,1.93e-13,1.41e-13,1.02e-13,7.96e-14,6.03e-14,4.11e-14,3.64e-14,3.99e-14,2.13e-14,-9999.99,-9999.99,-9999.99,-9999.99,-9999.99,-9999.99,36.83,0.0795,38.52,0.08,-13.25,0.0,1.69,101301.0
5391,101300.0,717568.8,483869.5,44216.8056539352,5119.0,213.1,44.54,23.0,-7.0175e-09,-6.2222e-09,9.6667e-09,1.1968e-09,4.5205e-10,-9999.99,-9999.99,-9999.99,-9999.99,-9999.99,-9999.99,-9999.99,-9999.99,-9999.99,-9999.99,1.1582e-11,-9999.99,-9999.99,-9999.99,-9999.99,-9999.99,-9999.99,-9999.99,-9999.99,-9999.99,-9999.99,-9999.99,2.13e-10,2.09e-10,2.91e-10,3.65e-11,1.85e-11,-9999.99,-9999.99,-9999.99,-9999.99,-9999.99,-9999.99,-9999.99,-9999.99,-9999.99,-9999.99,4.3e-12,-9999.99,-9999.99,-9999.99,-9999.99,-9999.99,-9999.99,-9999.99,-9999.99,-9999.99,-9999.99,-9999.99,-9999.99,4.3246e-11,3.3421e-11,2.5453e-11,1.8956e-11,1.3795e-11,9.924e-12,7.3509e-12,5.3129e-12,3.9912e-12,3.0906e-12,2.3825e-12,1.7661e-12,1.3994e-12,9.4825e-13,6.4942e-13,4.6257e-13,-9999.99,-9999.99,-9999.99,-9999.99,-9999.99,-9999.99,1.3e-12,1.01e-12,7.66e-13,5.71e-13,4.17e-13,2.99e-13,2.21e-13,1.6e-13,1.21e-13,9.33e-14,7.17e-14,5.37e-14,4.24e-14,2.91e-14,2e-14,1.47e-14,-9999.99,-9999.99,-9999.99,-9999.99,-9999.99,44.54,0.0665,45.86,0.0665,-13.25,0.0,1.32,101301.0
5493,101300.0,714864.9,484995.1,44216.8069502315,5219.0,193.6,37.47,40.0,-1.3453e-08,-1.2249e-08,1.5705e-08,2.0588e-09,6.9971e-10,6.5088e-10,4.7749e-10,4.231e-10,3.1579e-10,2.5304e-10,1.8307e-10,1.2547e-10,-9999.99,5.7778e-11,3.4181e-11,2.3327e-11,1.7249e-11,1.2392e-11,-9999.99,-9999.99,-9999.99,-9999.99,-9999.99,-9999.99,-9999.99,-9999.99,-9999.99,4.04e-10,3.69e-10,4.71e-10,6.24e-11,2.22e-11,2.17e-11,1.53e-11,1.31e-11,9.92e-12,8.12e-12,5.77e-12,4.07e-12,-9999.99,1.95e-12,1.24e-12,8.42e-13,6.92e-13,6.33e-13,-9999.99,-9999.99,-9999.99,-9999.99,-9999.99,-9999.99,-9999.99,-9999.99,-9999.99,-9999.99,1.5596e-10,1.1465e-10,8.2953e-11,5.8304e-11,4.0263e-11,2.7904e-11,1.9348e-11,1.3608e-11,9.8596e-12,7.2719e-12,5.2193e-12,3.7865e-12,2.6956e-12,1.7772e-12,1.1424e-12,7.5731e-13,4.0702e-13,2.4395e-13,1.3588e-13,8.5029e-14,4.8918e-14,-9999.99,4.68e-12,3.44e-12,2.49e-12,1.75e-12,1.21e-12,8.37e-13,5.8e-13,4.08e-13,2.96e-13,2.18e-13,1.57e-13,1.14e-13,8.11e-14,5.35e-14,3.46e-14,2.29e-14,1.3e-14,8.22e-15,5.12e-15,5.08e-15,6.31e-15,37.465,0.079,38.53,0.079,-13.25,0.0,1.06,101301.0
5603,101400.0,709310.9,486672.0,44217.5993518519,2.0,190.6,89.25,30.0,-1.2918e-09,-8.2602e-09,1.3357e-09,8.693e-10,5.8363e-10,5.9006e-10,4.8216e-10,3.1491e-10,-9999.99,-9999.99,-9999.99,-9999.99,-9999.99,-9999.99,-9999.99,-9999.99,-9999.99,-9999.99,-9999.99,-9999.99,-9999.99,-9999.99,-9999.99,-9999.99,-9999.99,-9999.99,-9999.99,4.38e-11,2.58e-10,4.14e-11,2.79e-11,1.85e-11,2.3e-11,1.53e-11,1.06e-11,-9999.99,-9999.99,-9999.99,-9999.99,-9999.99,-9999.99,-9999.99,-9999.99,-9999.99,-9999.99,-9999.99,-9999.99,-9999.99,-9999.99,-9999.99,-9999.99,-9999.99,-9999.99,-9999.99,-9999.99,1.2947e-10,1.0099e-10,7.4795e-11,5.4327e-11,3.8713e-11,2.733e-11,1.938e-11,1.3772e-11,9.6988e-12,7.0205e-12,4.9942e-12,3.5351e-12,2.388e-12,1.5898e-12,1.0105e-12,6.117e-13,3.3041e-13,1.7787e-13,1.2383e-13,7.7047e-14,6.6228e-14,-9999.99,3.88e-12,3.03e-12,2.24e-12,1.63e-12,1.16e-12,8.2e-13,5.81e-13,4.13e-13,2.91e-13,2.11e-13,1.5e-13,1.07e-13,7.19e-14,4.79e-14,3.05e-14,1.9e-14,1.05e-14,6.31e-15,4.92e-15,4.23e-15,5.83e-15,89.25,0.033,90.81,0.033,-13.25,0.0,1.56,101401.0
5709,101400.0,712336.4,485127.9,44217.6006018519,102.0,186.1,49.41,20.0,-8.2924e-09,-2.0468e-08,8.7135e-09,3.8772e-09,1.8997e-09,1.2918e-09,9.848e-10,5.6988e-10,5.0263e-10,3.9094e-10,-9999.99,-9999.99,-9999.99,-9999.99,-9999.99,-9999.99,-9999.99,-9999.99,-9999.99,-9999.99,-9999.99,-9999.99,-9999.99,-9999.99,-9999.99,-9999.99,-9999.99,2.5e-10,6.18e-10,2.62e-10,1.17e-10,5.76e-11,3.94e-11,3.02e-11,1.73e-11,1.54e-11,1.2e-11,-9999.99,-9999.99,-9999.99,-9999.99,-9999.99,-9999.99,-9999.99,-9999.99,-9999.99,-9999.99,-9999.99,-9999.99,-9999.99,-9999.99,-9999.99,-9999.99,-9999.99,-9999.99,2.476e-10,1.7673e-10,1.2535e-10,8.8304e-11,6.1988e-11,-9999.99,-9999.99,2.0705e-11,1.4827e-11,1.0494e-11,7.3509e-12,-9999.99,-9999.99,-9999.99,-9999.99,-9999.99,-9999.99,-9999.99,-9999.99,-9999.99,-9999.99,-9999.99,7.43e-12,5.3e-12,3.76e-12,2.65e-12,1.86e-12,-9999.99,-9999.99,6.21e-13,4.45e-13,3.15e-13,2.21e-13,-9999.99,-9999.99,-9999.99,-9999.99,-9999.99,-9999.99,-9999.99,-9999.99,-9999.99,-9999.99,49.415,0.06,51.185,0.06,-13.25,0.0,1.77,101401.0
5817,101400.0,716520.2,483443.5,44217.6021412037,202.0,205.5,47.18,28.0,-1.0003e-08,-1.974e-08,1.8602e-08,5.4211e-09,1.6295e-09,9.0614e-10,4.1433e-10,2.1629e-10,-9999.99,-9999.99,-9999.99,-9999.99,-9999.99,-9999.99,-9999.99,-9999.99,-9999.99,-9999.99,-9999.99,-9999.99,-9999.99,-9999.99,-9999.99,-9999.99,-9999.99,-9999.99,-9999.99,3.03e-10,6.1e-10,5.6e-10,1.63e-10,5.1e-11,2.88e-11,1.37e-11,9.08e-12,-9999.99,-9999.99,-9999.99,-9999.99,-9999.99,-9999.99,-9999.99,-9999.99,-9999.99,-9999.99,-9999.99,-9999.99,-9999.99,-9999.99,-9999.99,-9999.99,-9999.99,-9999.99,-9999.99,-9999.99,5.4123e-11,4.1608e-11,3.0877e-11,2.2874e-11,1.6743e-11,1.1842e-11,8.6404e-12,6.193e-12,4.5906e-12,3.462e-12,2.6857e-12,2.0743e-12,1.481e-12,1.0433e-12,7.2836e-13,4.8363e-13,2.9795e-13,1.8456e-13,1.0713e-13,-9999.99,-9999.99,-9999.99,1.63e-12,1.25e-12,9.29e-13,6.89e-13,5.06e-13,3.56e-13,2.6e-13,1.86e-13,1.38e-13,1.04e-13,8.08e-14,6.29e-14,4.47e-14,3.16e-14,2.23e-14,1.5e-14,9.45e-15,6.4e-15,4.24e-15,-9999.99,-9999.99,47.18,0.0635,48.71,0.0635,-13.25,0.0,1.53,101401.0
5921,101400.0,720406.4,481791.8,44217.6036111111,302.0,213.5,53.84,30.0,-6.2719e-09,-1.1368e-08,1.3137e-08,3.3743e-09,7.9591e-10,2.4465e-10,1.4047e-10,8.9211e-11,-9999.99,-9999.99,-9999.99,-9999.99,-9999.99,-9999.99,-9999.99,-9999.99,-9999.99,-9999.99,-9999.99,-9999.99,-9999.99,-9999.99,-9999.99,-9999.99,-9999.99,-9999.99,-9999.99,1.89e-10,3.44e-10,3.94e-10,1.02e-10,2.55e-11,1.32e-11,7.47e-12,5.75e-12,-9999.99,-9999.99,-9999.99,-9999.99,-9999.99,-9999.99,-9999.99,-9999.99,-9999.99,-9999.99,-9999.99,-9999.99,-9999.99,-9999.99,-9999.99,-9999.99,-9999.99,-9999.99,-9999.99,-9999.99,2.2038e-11,1.7015e-11,1.3561e-11,1.0816e-11,7.8304e-12,6.0497e-12,4.5848e-12,3.2982e-12,2.3658e-12,1.9129e-12,1.4687e-12,1.0968e-12,9.1404e-13,6.9766e-13,5.1023e-13,3.4883e-13,2.2716e-13,1.4962e-13,1.1135e-13,8.0439e-14,5.7632e-14,-9999.99,6.68e-13,5.19e-13,4.16e-13,3.27e-13,2.37e-13,1.83e-13,1.4e-13,1e-13,7.24e-14,5.78e-14,4.49e-14,3.33e-14,2.79e-14,2.16e-14,1.63e-14,1.11e-14,7.61e-15,4.97e-15,4.41e-15,5.16e-15,2.9e-15,53.845,0.055,55.82,0.055,-13.25,0.0,1.98,101401.0
6029,101400.0,724534.1,480100.3,44217.6051967593,402.0,222.5,49.62,23.0,-9.5175e-09,-3.1082e-08,1.2854e-08,9.8392e-09,5.4094e-09,3.4912e-09,2.0974e-09,1.1099e-09,6.1374e-10,2.9269e-10,1.4307e-10,7.0936e-11,-9999.99,-9999.99,-9999.99,-9999.99,-9999.99,-9999.99,-9999.99,-9999.99,-9999.99,-9999.99,-9999.99,-9999.99,-9999.99,-9999.99,-9999.99,2.86e-10,9.32e-10,3.86e-10,2.95e-10,1.63e-10,1.05e-10,6.31e-11,3.35e-11,1.87e-11,9.22e-12,4.46e-12,2.62e-12,-9999.99,-9999.99,-9999.99,-9999.99,-9999.99,-9999.99,-9999.99,-9999.99,-9999.99,-9999.99,-9999.99,-9999.99,-9999.99,-9999.99,-9999.99,-9999.99,1.1044e-10,5.3246e-11,2.7482e-11,1.5746e-11,9.4269e-12,-9999.99,3.6491e-12,2.7477e-12,1.876e-12,1.5044e-12,1.3711e-12,-9999.99,-9999.99,-9999.99,-9999.99,-9999.99,-9999.99,-9999.99,-9999.99,-9999.99,-9999.99,-9999.99,3.31e-12,1.6e-12,8.27e-13,4.74e-13,2.85e-13,-9999.99,1.11e-13,8.55e-14,6.19e-14,4.86e-14,4.83e-14,-9999.99,-9999.99,-9999.99,-9999.99,-9999.99,-9999.99,-9999.99,-9999.99,-9999.99,-9999.99,49.62,0.06,51.065,0.06,-13.25,0.0,1.44,101401.0
6135,101400.0,728052.7,478665.6,44217.6065509259,502.0,211.8,57.26,34.0,-6.7076e-09,-2.2213e-08,9.5234e-09,7.2164e-09,3.9327e-09,2.5325e-09,1.4942e-09,8.924e-10,4.8246e-10,2.4199e-10,1.1611e-10,6.6404e-11,-9999.99,-9999.99,-9999.99,-9999.99,-9999.99,-9999.99,-9999.99,-9999.99,-9999.99,-9999.99,-9999.99,-9999.99,-9999.99,-9999.99,-9999.99,2.02e-10,6.71e-10,2.87e-10,2.16e-10,1.18e-10,7.67e-11,4.51e-11,2.7e-11,1.47e-11,7.65e-12,4.11e-12,2.94e-12,-9999.99,-9999.99,-9999.99,-9999.99,-9999.99,-9999.99,-9999.99,-9999.99,-9999.99,-9999.99,-9999.99,-9999.99,-9999.99,-9999.99,-9999.99,-9999.99,9.5936e-11,4.8363e-11,2.4518e-11,1.2766e-11,6.8538e-12,4.4035e-12,2.9044e-12,1.9936e-12,1.4801e-12,1.0213e-12,7.5614e-13,6.0322e-13,5.0731e-13,4.0205e-13,2.75e-13,2.4807e-13,1.4067e-13,1.4096e-13,7.7135e-14,5.4912e-14,-9999.99,-9999.99,2.88e-12,1.45e-12,7.36e-13,3.86e-13,2.11e-13,1.34e-13,8.97e-14,6.14e-14,4.6e-14,3.15e-14,2.39e-14,2.04e-14,1.83e-14,1.62e-14,1.29e-14,1.02e-14,7.16e-15,7.12e-15,5.69e-15,4.17e-15,-9999.99,57.26,0.0525,58.64,0.0525,-13.25,0.0,1.38,101401.0
6241,101500.0,730445.3,476837.2,44217.6083680556,602.0,182.4,42.55,34.0,-9.5117e-09,-3.2076e-08,1.2196e-08,1.0456e-08,6.0409e-09,3.9971e-09,2.4035e-09,1.3906e-09,7.4912e-10,3.9708e-10,1.7289e-10,7.7339e-11,-9999.99,-9999.99,-9999.99,-9999.99,-9999.99,-9999.99,-9999.99,-9999.99,-9999.99,-9999.99,-9999.99,-9999.99,-9999.99,-9999.99,-9999.99,2.86e-10,9.62e-10,3.66e-10,3.14e-10,1.81e-10,1.2e-10,7.23e-11,4.19e-11,2.28e-11,1.22e-11,5.5e-12,2.6e-12,-9999.99,-9999.99,-9999.99,-9999.99,-9999.99,-9999.99,-9999.99,-9999.99,-9999.99,-9999.99,-9999.99,-9999.99,-9999.99,-9999.99,-9999.99,-9999.99,1.3608e-10,6.1228e-11,2.7617e-11,1.3129e-11,7.7193e-12,4.7105e-12,3.5146e-12,2.3272e-12,1.7968e-12,1.2506e-12,1.0073e-12,7.1959e-13,5.6871e-13,4.1725e-13,3.5351e-13,2.7839e-13,2e-13,1.4591e-13,1.1833e-13,6.4094e-14,6.0146e-14,-9999.99,4.08e-12,1.84e-12,8.31e-13,3.98e-13,2.34e-13,1.43e-13,1.09e-13,7.12e-14,5.53e-14,3.93e-14,3.18e-14,2.28e-14,1.87e-14,1.34e-14,1.17e-14,8.94e-15,7.14e-15,5.27e-15,4.57e-15,4.13e-15,8.48e-15,42.55,0.069,44.38,0.069,-13.25,0.0,1.83,101501.0
6347,101500.0,728462.9,477624.0,44217.6096990741,702.0,225.0,37.89,34.0,-1.5205e-08,-3.9444e-08,1.4877e-08,1.1096e-08,6.7982e-09,4.8713e-09,3.3509e-09,2.0298e-09,1.2026e-09,6.8304e-10,3.7865e-10,1.8801e-10,-9999.99,5.1433e-11,-9999.99,-9999.99,-9999.99,-9999.99,-9999.99,-9999.99,-9999.99,-9999.99,-9999.99,-9999.99,-9999.99,-9999.99,-9999.99,4.58e-10,1.19e-09,4.46e-10,3.33e-10,2.04e-10,1.46e-10,1.01e-10,6.11e-11,3.62e-11,2.06e-11,1.15e-11,5.87e-12,-9999.99,1.83e-12,-9999.99,-9999.99,-9999.99,-9999.99,-9999.99,-9999.99,-9999.99,-9999.99,-9999.99,-9999.99,-9999.99,-9999.99,-9999.99,-9999.99,2.7649e-10,1.4135e-10,7e-11,3.345e-11,1.6266e-11,7.9152e-12,4.2982e-12,2.4053e-12,1.4886e-12,9.8684e-13,7.4444e-13,5.7778e-13,4.4561e-13,3.8216e-13,3.3596e-13,2.2468e-13,1.6848e-13,1.3833e-13,8.1228e-14,-9999.99,-9999.99,-9999.99,8.29e-12,4.24e-12,2.1e-12,1.01e-12,4.9e-13,2.42e-13,1.31e-13,7.6e-14,4.79e-14,3.18e-14,2.54e-14,1.87e-14,1.47e-14,1.36e-14,1.3e-14,8.72e-15,6.62e-15,6.93e-15,3.86e-15,-9999.99,-9999.99,37.89,0.077,40.06,0.077,-13.25,0.0,2.17,101501.0
6451,101500.0,726253.8,478567.8,44217.6109837963,802.0,219.4,65.69,13.0,-3.8596e-09,-1.7661e-08,6.7485e-09,5.3918e-09,3.0526e-09,1.8804e-09,1.0444e-09,6.383e-10,2.8518e-10,1.7588e-10,8.807e-11,6.7456e-11,-9999.99,-9999.99,-9999.99,-9999.99,-9999.99,-9999.99,-9999.99,-9999.99,-9999.99,-9999.99,-9999.99,-9999.99,-9999.99,-9999.99,-9999.99,1.22e-10,5.42e-10,2.04e-10,1.62e-10,9.19e-11,5.85e-11,3.36e-11,2.06e-11,1.1e-11,6.6e-12,3.22e-12,3.52e-12,-9999.99,-9999.99,-9999.99,-9999.99,-9999.99,-9999.99,-9999.99,-9999.99,-9999.99,-9999.99,-9999.99,-9999.99,-9999.99,-9999.99,-9999.99,-9999.99,-9999.99,-9999.99,-9999.99,-9999.99,-9999.99,-9999.99,-9999.99,-9999.99,-9999.99,-9999.99,-9999.99,-9999.99,-9999.99,-9999.99,-9999.99,-9999.99,-9999.99,-9999.99,-9999.99,-9999.99,-9999.99,-9999.99,-9999.99,-9999.99,-9999.99,-9999.99,-9999.99,-9999.99,-9999.99,-9999.99,-9999.99,-9999.99,-9999.99,-9999.99,-9999.99,-9999.99,-9999.99,-9999.99,-9999.99,-9999.99,-9999.99,-9999.99,-9999.99,65.69,0.046,67.56,0.046,-13.25,0.0,1.87,101501.0
6559,101500.0,723884.3,479541.5,44217.6124074074,902.0,216.4,49.67,34.0,-9.9825e-09,-3.307e-08,1.224e-08,1.0711e-08,6.1053e-09,4.0643e-09,2.4278e-09,1.3725e-09,7.6111e-10,4.0702e-10,2.0269e-10,1.1085e-10,-9999.99,-9999.99,-9999.99,-9999.99,-9999.99,-9999.99,-9999.99,-9999.99,-9999.99,-9999.99,-9999.99,-9999.99,-9999.99,-9999.99,-9999.99,3e-10,9.95e-10,3.67e-10,3.21e-10,1.83e-10,1.22e-10,7.31e-11,4.13e-11,2.31e-11,1.25e-11,6.45e-12,3.51e-12,-9999.99,-9999.99,-9999.99,-9999.99,-9999.99,-9999.99,-9999.99,-9999.99,-9999.99,-9999.99,-9999.99,-9999.99,-9999.99,-9999.99,-9999.99,-9999.99,1.5316e-10,7.5234e-11,3.8392e-11,2.0044e-11,1.1319e-11,6.6959e-12,4.3538e-12,3.0117e-12,2.1231e-12,1.5643e-12,1.195e-12,9.1696e-13,7.3333e-13,5.269e-13,3.6257e-13,2.3368e-13,1.5406e-13,1.1509e-13,8.924e-14,4.7661e-14,3.0994e-14,-9999.99,4.59e-12,2.26e-12,1.15e-12,6.03e-13,3.41e-13,2.04e-13,1.31e-13,9.22e-14,6.5e-14,4.77e-14,3.68e-14,2.84e-14,2.28e-14,1.65e-14,1.19e-14,7.76e-15,6.24e-15,5.36e-15,7.06e-15,5.58e-15,7.44e-15,49.67,0.0595,51.495,0.0595,-13.25,0.0,1.83,101501.0
6665,101500.0,721575.4,480605.6,44217.6138425926,1002.0,215.4,38.34,30.0,-1.312e-08,-9.1082e-09,1.9412e-08,3.2427e-09,7.7105e-10,4.2164e-10,2.2357e-10,1.4327e-10,-9999.99,-9999.99,-9999.99,-9999.99,-9999.99,-9999.99,-9999.99,-9999.99,-9999.99,-9999.99,-9999.99,-9999.99,-9999.99,-9999.99,-9999.99,-9999.99,-9999.99,-9999.99,-9999.99,3.95e-10,2.83e-10,5.82e-10,9.76e-11,2.43e-11,1.65e-11,8.7e-12,6.63e-12,-9999.99,-9999.99,-9999.99,-9999.99,-9999.99,-9999.99,-9999.99,-9999.99,-9999.99,-9999.99,-9999.99,-9999.99,-9999.99,-9999.99,-9999.99,-9999.99,-9999.99,-9999.99,-9999.99,-9999.99,3.5117e-11,2.9649e-11,2.0754e-11,1.6629e-11,1.176e-11,8.693e-12,6.2018e-12,4.462e-12,3.8304e-12,3.4181e-12,2.2012e-12,1.8632e-12,1.3754e-12,1.0968e-12,7.845e-13,5.0731e-13,2.7085e-13,2.7181e-13,1.3833e-13,9.5819e-14,6.9854e-14,-9999.99,1.05e-12,8.95e-13,6.25e-13,5.04e-13,3.55e-13,2.63e-13,1.89e-13,1.37e-13,1.18e-13,1.05e-13,6.91e-14,5.87e-14,4.94e-14,3.96e-14,2.91e-14,1.72e-14,1.75e-14,1.06e-14,7.58e-15,6.43e-15,4.93e-15,38.335,0.076,40.57,0.076,-13.25,0.0,2.23,101501.0
6773,101500.0,719022.8,481574.4,44217.6154282407,1102.0,204.2,51.33,33.0,-6.617e-09,-1.7237e-08,1.3137e-08,5.7222e-09,2.0658e-09,1.1094e-09,5.7193e-10,2.4766e-10,1.6608e-10,1.1845e-10,5.886e-11,-9999.99,-9999.99,-9999.99,-9999.99,-9999.99,-9999.99,-9999.99,-9999.99,-9999.99,-9999.99,-9999.99,-9999.99,-9999.99,-9999.99,-9999.99,-9999.99,2e-10,5.21e-10,3.94e-10,1.72e-10,6.28e-11,3.41e-11,1.84e-11,8.54e-12,5.68e-12,4.49e-12,3.66e-12,-9999.99,-9999.99,-9999.99,-9999.99,-9999.99,-9999.99,-9999.99,-9999.99,-9999.99,-9999.99,-9999.99,-9999.99,-9999.99,-9999.99,-9999.99,-9999.99,-9999.99,5.1608e-11,3.5556e-11,2.5313e-11,1.8447e-11,1.4883e-11,1.0304e-11,7.0673e-12,5.038e-12,3.8655e-12,2.9532e-12,2.2635e-12,1.6947e-12,1.4026e-12,9.1988e-13,7.269e-13,4.6053e-13,3.1959e-13,2.0278e-13,1.2205e-13,8.2895e-14,5.2895e-14,-9999.99,1.55e-12,1.07e-12,7.62e-13,5.55e-13,4.49e-13,3.1e-13,2.15e-13,1.53e-13,1.2e-13,9.36e-14,6.93e-14,5.42e-14,4.43e-14,2.93e-14,2.4e-14,1.56e-14,1.07e-14,7.95e-15,4.99e-15,7.43e-15,3.54e-15,51.33,0.058,52.14,0.058,-13.25,0.0,0.81,101501.0
6877,101500.0,717580.7,482151.1,44217.6168402778,1202.0,206.2,39.08,30.0,-9.538e-09,-6.5556e-09,1.1442e-08,1.0825e-09,6.3918e-10,3.9269e-10,2.6804e-10,1.5012e-10,-9999.99,-9999.99,-9999.99,-9999.99,-9999.99,-9999.99,-9999.99,-9999.99,-9999.99,-9999.99,-9999.99,-9999.99,-9999.99,-9999.99,-9999.99,-9999.99,-9999.99,-9999.99,-9999.99,2.88e-10,2.18e-10,3.43e-10,3.39e-11,2.05e-11,1.41e-11,1.09e-11,5.31e-12,-9999.99,-9999.99,-9999.99,-9999.99,-9999.99,-9999.99,-9999.99,-9999.99,-9999.99,-9999.99,-9999.99,-9999.99,-9999.99,-9999.99,-9999.99,-9999.99,-9999.99,-9999.99,-9999.99,-9999.99,5.6725e-11,4.3187e-11,3.2164e-11,2.3886e-11,1.7573e-11,1.2433e-11,8.6696e-12,6.5058e-12,4.8333e-12,3.6579e-12,2.7643e-12,2.0608e-12,1.5725e-12,1.1289e-12,8.1784e-13,5.3977e-13,3.424e-13,2.1146e-13,1.1661e-13,8.2251e-14,6.7281e-14,-9999.99,1.7e-12,1.3e-12,9.68e-13,7.17e-13,5.29e-13,3.74e-13,2.61e-13,1.96e-13,1.45e-13,1.1e-13,8.32e-14,6.22e-14,4.75e-14,3.43e-14,2.5e-14,1.66e-14,1.15e-14,6.98e-15,5.22e-15,4.13e-15,6.67e-15,39.08,0.075,40.925,0.075,-13.25,0.0,1.84,101501.0
6985,101500.0,715031.3,483178.4,44217.6184027778,1302.0,198.0,42.75,32.0,-1.1632e-08,-1.3415e-08,1.7254e-08,3.1813e-09,8.6374e-10,6.3246e-10,3.0789e-10,2.5497e-10,2.098e-10,1.3029e-10,1.0251e-10,8.4035e-11,-9999.99,3.731e-11,-9999.99,-9999.99,-9999.99,-9999.99,-9999.99,-9999.99,-9999.99,-9999.99,-9999.99,-9999.99,-9999.99,-9999.99,-9999.99,3.51e-10,4.24e-10,5.18e-10,9.58e-11,2.65e-11,2.2e-11,1.13e-11,9.69e-12,6.8e-12,4.63e-12,3.59e-12,2.98e-12,-9999.99,1.75e-12,-9999.99,-9999.99,-9999.99,-9999.99,-9999.99,-9999.99,-9999.99,-9999.99,-9999.99,-9999.99,-9999.99,-9999.99,-9999.99,-9999.99,9.5351e-11,7.2398e-11,5.3538e-11,3.8743e-11,2.7392e-11,1.936e-11,1.3696e-11,9.8743e-12,7.1082e-12,5.3304e-12,3.9708e-12,2.9649e-12,2.1442e-12,1.5099e-12,1.0696e-12,7.0029e-13,3.9474e-13,-9999.99,-9999.99,-9999.99,-9999.99,-9999.99,2.86e-12,2.17e-12,1.61e-12,1.16e-12,8.22e-13,5.83e-13,4.12e-13,2.96e-13,2.14e-13,1.6e-13,1.2e-13,8.95e-14,6.56e-14,4.74e-14,3.41e-14,2.31e-14,1.38e-14,-9999.99,-9999.99,-9999.99,-9999.99,42.75,0.068,45.455,0.068,-13.25,0.0,2.7,101501.0
7087,101500.0,712798.9,484103.9,44217.6197106481,1402.0,186.7,53.96,39.0,-5.9386e-09,-2.3208e-08,8.2982e-09,6.1725e-09,3.0088e-09,1.8629e-09,1.1287e-09,6.807e-10,4.6228e-10,3.2485e-10,2.431e-10,1.5944e-10,-9999.99,8.3772e-11,4.2895e-11,2.9561e-11,1.9804e-11,1.2854e-11,-9999.99,-9999.99,-9999.99,-9999.99,-9999.99,-9999.99,-9999.99,-9999.99,-9999.99,1.79e-10,6.99e-10,2.49e-10,1.85e-10,9.06e-11,5.63e-11,3.42e-11,2.07e-11,1.41e-11,1e-11,7.54e-12,4.93e-12,-9999.99,2.68e-12,1.41e-12,9.73e-13,7.23e-13,4.65e-13,-9999.99,-9999.99,-9999.99,-9999.99,-9999.99,-9999.99,-9999.99,-9999.99,-9999.99,-9999.99,1.8965e-10,1.3716e-10,9.7515e-11,6.7749e-11,4.6696e-11,3.1959e-11,2.1772e-11,1.4933e-11,1.0474e-11,7.4649e-12,5.3567e-12,3.8216e-12,2.6222e-12,1.7325e-12,1.1161e-12,6.9912e-13,3.9386e-13,2.3412e-13,1.252e-13,7.9737e-14,-9999.99,-9999.99,5.69e-12,4.11e-12,2.93e-12,2.03e-12,1.4e-12,9.59e-13,6.53e-13,4.48e-13,3.15e-13,2.24e-13,1.61e-13,1.15e-13,7.89e-14,5.23e-14,3.37e-14,2.13e-14,1.22e-14,7.68e-15,4.29e-15,3.61e-15,-9999.99,53.96,0.0545,56.11,0.0545,-13.25,0.0,2.15,101501.0
7189,101500.0,710922.3,484852.3,44217.6209490741,1502.0,186.1,51.36,44.0,-8.4854e-09,-3.0731e-08,1.0404e-08,7.3567e-09,3.5877e-09,2.3921e-09,1.5801e-09,1.1345e-09,8.2749e-10,5.9474e-10,4.1901e-10,2.8576e-10,-9999.99,1.1573e-10,7.8304e-11,4.7807e-11,2.9649e-11,1.7465e-11,1.2216e-11,7.9503e-12,7.1784e-12,4.7836e-12,3.7573e-12,2.8737e-12,-9999.99,-9999.99,-9999.99,2.56e-10,9.25e-10,3.12e-10,2.21e-10,1.08e-10,7.25e-11,4.76e-11,3.41e-11,2.49e-11,1.8e-11,1.27e-11,8.69e-12,-9999.99,3.61e-12,2.5e-12,1.47e-12,9.52e-13,5.8e-13,4.19e-13,4.32e-13,3.2e-13,9.09e-13,2.21e-13,5.12e-12,-9999.99,-9999.99,-9999.99,-9999.99,3.4152e-10,2.3936e-10,1.6281e-10,1.0889e-10,7.2222e-11,4.8041e-11,3.2251e-11,2.2015e-11,1.538e-11,1.0728e-11,7.5e-12,5.1082e-12,3.3889e-12,2.1579e-12,1.3056e-12,7.8187e-13,4.5058e-13,2.3883e-13,1.3173e-13,-9999.99,-9999.99,-9999.99,1.02e-11,7.18e-12,4.88e-12,3.27e-12,2.17e-12,1.44e-12,9.68e-13,6.6e-13,4.61e-13,3.22e-13,2.25e-13,1.53e-13,1.02e-13,6.47e-14,3.93e-14,2.36e-14,1.38e-14,7.55e-15,4.51e-15,-9999.99,-9999.99,51.36,0.0575,52.995,0.058,-13.25,0.0,1.63,101501.0
7289,101500.0,709256.4,485535.7,44217.6221064815,1602.0,194.9,55.92,43.0,-6.1023e-09,-2.7725e-08,2.812e-09,4.9649e-09,3.3421e-09,2.5468e-09,1.9354e-09,1.3661e-09,9.655e-10,6.7018e-10,4.7339e-10,3.2544e-10,-9999.99,1.4061e-10,8.8012e-11,5.769e-11,3.4737e-11,2.4129e-11,1.6228e-11,8.9854e-12,7.924e-12,-9999.99,-9999.99,-9999.99,-9999.99,-9999.99,-9999.99,1.86e-10,8.4e-10,8.69e-11,1.49e-10,1.01e-10,7.67e-11,5.83e-11,4.11e-11,2.91e-11,2.02e-11,1.42e-11,9.93e-12,-9999.99,4.29e-12,2.72e-12,1.76e-12,1.11e-12,7.72e-13,5.49e-13,3.32e-13,3.25e-13,-9999.99,-9999.99,-9999.99,-9999.99,-9999.99,-9999.99,-9999.99,3.9269e-10,2.7696e-10,1.9137e-10,1.2944e-10,8.4795e-11,5.6579e-11,3.7193e-11,2.452e-11,1.6395e-11,1.1316e-11,7.7456e-12,5.3304e-12,3.5409e-12,2.2874e-12,1.4336e-12,8.3246e-13,4.6228e-13,2.6462e-13,1.4655e-13,8.6082e-14,4.117e-14,-9999.99,1.18e-11,8.31e-12,5.74e-12,3.88e-12,2.54e-12,1.7e-12,1.12e-12,7.36e-13,4.92e-13,3.39e-13,2.32e-13,1.6e-13,1.06e-13,6.89e-14,4.32e-14,2.52e-14,1.42e-14,8.76e-15,4.98e-15,3.65e-15,6.67e-15,55.92,0.053,58.135,0.053,-13.25,0.0,2.22,101501.0
7397,101600.0,709533.1,484544.3,44217.6242708333,1702.0,190.1,52.5,40.0,-7.0789e-09,-2.2965e-08,6.2895e-09,4.0322e-09,2.1614e-09,1.6813e-09,1.238e-09,1.0108e-09,7.6374e-10,5.4678e-10,3.9123e-10,2.6491e-10,-9999.99,1.0596e-10,7.1784e-11,4.7105e-11,3.152e-11,2.1102e-11,1.4944e-11,1.2275e-11,6.8421e-12,-9999.99,-9999.99,-9999.99,-9999.99,-9999.99,-9999.99,2.13e-10,6.91e-10,1.89e-10,1.21e-10,6.55e-11,5.18e-11,3.76e-11,3.05e-11,2.31e-11,1.65e-11,1.19e-11,8.08e-12,-9999.99,3.26e-12,2.33e-12,1.47e-12,1.01e-12,7.26e-13,5.69e-13,6.24e-13,2.88e-13,-9999.99,-9999.99,-9999.99,-9999.99,-9999.99,-9999.99,-9999.99,3.1754e-10,2.2228e-10,1.5184e-10,1.0161e-10,7.1462e-11,4.9737e-11,3.4503e-11,2.4728e-11,1.6526e-11,1.2827e-11,8.9327e-12,5.9444e-12,3.9825e-12,2.5801e-12,1.6842e-12,1.055e-12,5.9474e-13,3.4883e-13,-9999.99,-9999.99,-9999.99,-9999.99,9.53e-12,6.67e-12,4.56e-12,3.05e-12,2.14e-12,1.49e-12,1.04e-12,7.42e-13,4.96e-13,3.85e-13,2.68e-13,1.78e-13,1.2e-13,7.77e-14,5.09e-14,3.25e-14,1.91e-14,1.18e-14,-9999.99,-9999.99,-9999.99,52.5,0.056,54.535,0.056,-13.25,0.0,2.03,101601.0
7499,101600.0,712593.4,483313.4,44217.6254513889,1802.0,187.6,48.41,41.0,-9.9942e-09,-3.4883e-08,1.3886e-08,1.0468e-08,4.6959e-09,2.6953e-09,1.536e-09,9.0058e-10,6.038e-10,4.0877e-10,2.7404e-10,1.9035e-10,-9999.99,7.8772e-11,5.8187e-11,3.3216e-11,2.2044e-11,1.5301e-11,9.9123e-12,-9999.99,-9999.99,-9999.99,-9999.99,-9999.99,-9999.99,-9999.99,-9999.99,3.01e-10,1.05e-09,4.17e-10,3.14e-10,1.41e-10,8.11e-11,4.64e-11,2.73e-11,1.86e-11,1.25e-11,8.52e-12,5.86e-12,-9999.99,2.57e-12,1.88e-12,1.08e-12,7.61e-13,5.63e-13,4.1e-13,-9999.99,-9999.99,-9999.99,-9999.99,-9999.99,-9999.99,-9999.99,-9999.99,-9999.99,2.376e-10,1.669e-10,1.1503e-10,7.883e-11,5.2573e-11,3.5351e-11,2.4058e-11,1.6561e-11,1.1558e-11,8.2544e-12,5.8392e-12,4.0877e-12,2.8199e-12,1.8205e-12,1.1594e-12,7.1901e-13,4.117e-13,2.3909e-13,1.4035e-13,7.3977e-14,5.3129e-14,-9999.99,7.13e-12,5.01e-12,3.45e-12,2.36e-12,1.58e-12,1.06e-12,7.22e-13,4.97e-13,3.47e-13,2.48e-13,1.75e-13,1.23e-13,8.49e-14,5.48e-14,3.51e-14,2.21e-14,1.26e-14,7.58e-15,4.94e-15,5.77e-15,3.98e-15,48.405,0.061,50.435,0.061,-13.25,0.0,2.03,101601.0
7603,101600.0,716312.3,481796.8,44217.6268634259,1902.0,204.1,45.2,38.0,-7.9708e-09,-7.9883e-09,1.0123e-08,1.7088e-09,7.8216e-10,5.0965e-10,3.2135e-10,2.1219e-10,1.4906e-10,9.6053e-11,8.5497e-11,4.6345e-11,-9999.99,2.4354e-11,1.8857e-11,1.3041e-11,1.2553e-11,-9999.99,-9999.99,-9999.99,-9999.99,-9999.99,-9999.99,-9999.99,-9999.99,-9999.99,-9999.99,2.39e-10,2.43e-10,3.04e-10,5.18e-11,2.57e-11,1.93e-11,1.14e-11,7.74e-12,5.93e-12,3.75e-12,3.4e-12,2.09e-12,-9999.99,1.39e-12,1.02e-12,7.21e-13,5.95e-13,-9999.99,-9999.99,-9999.99,-9999.99,-9999.99,-9999.99,-9999.99,-9999.99,-9999.99,-9999.99,-9999.99,6.3333e-11,4.7398e-11,3.5205e-11,2.5374e-11,1.8135e-11,1.3152e-11,9.386e-12,6.7193e-12,4.9123e-12,3.7544e-12,2.857e-12,2.1442e-12,1.593e-12,1.1579e-12,8.1988e-13,5.4795e-13,3.6257e-13,2.3535e-13,1.3058e-13,9.9474e-14,-9999.99,-9999.99,1.9e-12,1.42e-12,1.06e-12,7.61e-13,5.46e-13,3.95e-13,2.83e-13,2.02e-13,1.48e-13,1.13e-13,8.6e-14,6.45e-14,4.81e-14,3.52e-14,2.49e-14,1.69e-14,1.16e-14,7.63e-15,4.78e-15,9.32e-15,-9999.99,45.6,0.0645,47.62,0.064,-13.25,0.0,2.02,101601.0
7711,101600.0,720690.8,479968.6,44217.6285532407,2002.0,213.4,43.7,31.0,-1.2412e-08,-3.3801e-08,2.0547e-08,1.3044e-08,6.0292e-09,3.2719e-09,1.7278e-09,7.7573e-10,3.5643e-10,1.7012e-10,9.0058e-11,-9999.99,-9999.99,-9999.99,-9999.99,-9999.99,-9999.99,-9999.99,-9999.99,-9999.99,-9999.99,-9999.99,-9999.99,-9999.99,-9999.99,-9999.99,-9999.99,3.74e-10,1.02e-09,6.16e-10,3.91e-10,1.81e-10,9.85e-11,5.2e-11,2.37e-11,1.13e-11,5.73e-12,3.4e-12,-9999.99,-9999.99,-9999.99,-9999.99,-9999.99,-9999.99,-9999.99,-9999.99,-9999.99,-9999.99,-9999.99,-9999.99,-9999.99,-9999.99,-9999.99,-9999.99,-9999.99,6.8947e-11,3.7281e-11,2.2968e-11,1.5167e-11,1.0801e-11,7.5614e-12,5.1959e-12,3.9181e-12,2.9532e-12,2.2082e-12,1.7629e-12,1.2982e-12,8.9854e-13,6.1667e-13,4.2105e-13,2.8383e-13,1.9023e-13,1.25e-13,8.848e-14,-9999.99,-9999.99,-9999.99,2.07e-12,1.12e-12,6.94e-13,4.57e-13,3.25e-13,2.3e-13,1.57e-13,1.18e-13,8.89e-14,6.67e-14,5.39e-14,3.96e-14,2.76e-14,1.92e-14,1.33e-14,9.45e-15,6.72e-15,4.8e-15,4.99e-15,-9999.99,-9999.99,43.03,0.068,45.365,0.068,-13.25,0.0,2.33,101601.0
7819,101600.0,724819.6,478270.7,44217.6301388889,2102.0,211.4,64.02,11.0,-4.5819e-09,-1.9576e-08,6.9971e-09,6.1345e-09,3.5146e-09,2.3213e-09,1.4035e-09,8.5146e-10,4.8012e-10,2.4164e-10,1.3977e-10,-9999.99,-9999.99,-9999.99,-9999.99,-9999.99,-9999.99,-9999.99,-9999.99,-9999.99,-9999.99,-9999.99,-9999.99,-9999.99,-9999.99,-9999.99,-9999.99,1.39e-10,5.89e-10,2.1e-10,1.84e-10,1.06e-10,7.01e-11,4.25e-11,2.67e-11,1.67e-11,9.06e-12,5.66e-12,-9999.99,-9999.99,-9999.99,-9999.99,-9999.99,-9999.99,-9999.99,-9999.99,-9999.99,-9999.99,-9999.99,-9999.99,-9999.99,-9999.99,-9999.99,-9999.99,-9999.99,-9999.99,-9999.99,-9999.99,-9999.99,-9999.99,-9999.99,-9999.99,-9999.99,-9999.99,-9999.99,-9999.99,-9999.99,-9999.99,-9999.99,-9999.99,-9999.99,-9999.99,-9999.99,-9999.99,-9999.99,-9999.99,-9999.99,-9999.99,-9999.99,-9999.99,-9999.99,-9999.99,-9999.99,-9999.99,-9999.99,-9999.99,-9999.99,-9999.99,-9999.99,-9999.99,-9999.99,-9999.99,-9999.99,-9999.99,-9999.99,-9999.99,-9999.99,-9999.99,62.28,0.049,63.83,0.049,-13.25,0.0,1.55,101601.0
7929,101600.0,728627.3,476708.6,44217.6315625,2202.0,201.7,72.66,22.0,-3.231e-09,-1.5541e-08,3.7076e-09,3.9211e-09,2.5392e-09,1.8088e-09,1.2518e-09,7.9649e-10,4.8333e-10,2.4971e-10,1.3096e-10,-9999.99,-9999.99,-9999.99,-9999.99,-9999.99,-9999.99,-9999.99,-9999.99,-9999.99,-9999.99,-9999.99,-9999.99,-9999.99,-9999.99,-9999.99,-9999.99,9.85e-11,4.72e-10,1.14e-10,1.18e-10,7.72e-11,5.7e-11,3.84e-11,2.64e-11,1.51e-11,9.36e-12,4.56e-12,-9999.99,-9999.99,-9999.99,-9999.99,-9999.99,-9999.99,-9999.99,-9999.99,-9999.99,-9999.99,-9999.99,-9999.99,-9999.99,-9999.99,-9999.99,-9999.99,-9999.99,1.0246e-10,5.1053e-11,2.5009e-11,1.3032e-11,8.076e-12,4.6082e-12,3.4825e-12,1.6585e-12,1.3924e-12,8.8275e-13,-9999.99,-9999.99,-9999.99,-9999.99,-9999.99,-9999.99,-9999.99,-9999.99,-9999.99,-9999.99,-9999.99,-9999.99,3.07e-12,1.54e-12,7.58e-13,4.04e-13,2.54e-13,1.56e-13,1.26e-13,7.94e-14,6.95e-14,6.06e-14,-9999.99,-9999.99,-9999.99,-9999.99,-9999.99,-9999.99,-9999.99,-9999.99,-9999.99,-9999.99,-9999.99,72.33,0.041,73.9,0.041,-13.25,0.0,1.57,101601.0
8036,101700.0,729477.7,475495.0,44217.6335416667,2302.0,194.3,46.71,20.0,-1.1886e-08,-3.9094e-08,1.1947e-08,1.1249e-08,6.924e-09,4.9415e-09,3.3743e-09,2.0032e-09,1.1874e-09,6.5439e-10,3.4094e-10,1.7076e-10,-9999.99,4.1667e-11,2.8795e-11,1.6506e-11,1.2936e-11,5.9006e-12,5.0643e-12,5.1404e-12,-9999.99,-9999.99,-9999.99,-9999.99,-9999.99,-9999.99,-9999.99,3.61e-10,1.19e-09,3.58e-10,3.37e-10,2.08e-10,1.49e-10,1.01e-10,6.03e-11,3.59e-11,1.98e-11,1.04e-11,5.31e-12,-9999.99,1.43e-12,1.21e-12,7.81e-13,1.9e-12,1.85e-12,1.37e-12,3.2e-12,-9999.99,-9999.99,-9999.99,-9999.99,-9999.99,-9999.99,-9999.99,-9999.99,-9999.99,-9999.99,-9999.99,-9999.99,-9999.99,-9999.99,-9999.99,-9999.99,-9999.99,-9999.99,-9999.99,-9999.99,-9999.99,-9999.99,-9999.99,-9999.99,-9999.99,-9999.99,-9999.99,-9999.99,-9999.99,-9999.99,-9999.99,-9999.99,-9999.99,-9999.99,-9999.99,-9999.99,-9999.99,-9999.99,-9999.99,-9999.99,-9999.99,-9999.99,-9999.99,-9999.99,-9999.99,-9999.99,-9999.99,-9999.99,-9999.99,-9999.99,-9999.99,46.71,0.063,49.05,0.063,-13.25,0.0,2.34,101701.0
8142,101700.0,727668.4,476206.2,44217.634849537,2402.0,212.6,48.55,11.0,-1.0126e-08,-3.383e-08,1.0813e-08,9.2749e-09,5.5819e-09,4.0789e-09,2.755e-09,1.755e-09,1.0015e-09,4.848e-10,2.5193e-10,-9999.99,-9999.99,-9999.99,-9999.99,-9999.99,-9999.99,-9999.99,-9999.99,-9999.99,-9999.99,-9999.99,-9999.99,-9999.99,-9999.99,-9999.99,-9999.99,3.08e-10,1.03e-09,3.25e-10,2.78e-10,1.67e-10,1.22e-10,8.26e-11,5.28e-11,3.01e-11,1.49e-11,7.71e-12,-9999.99,-9999.99,-9999.99,-9999.99,-9999.99,-9999.99,-9999.99,-9999.99,-9999.99,-9999.99,-9999.99,-9999.99,-9999.99,-9999.99,-9999.99,-9999.99,-9999.99,-9999.99,-9999.99,-9999.99,-9999.99,-9999.99,-9999.99,-9999.99,-9999.99,-9999.99,-9999.99,-9999.99,-9999.99,-9999.99,-9999.99,-9999.99,-9999.99,-9999.99,-9999.99,-9999.99,-9999.99,-9999.99,-9999.99,-9999.99,-9999.99,-9999.99,-9999.99,-9999.99,-9999.99,-9999.99,-9999.99,-9999.99,-9999.99,-9999.99,-9999.99,-9999.99,-9999.99,-9999.99,-9999.99,-9999.99,-9999.99,-9999.99,-9999.99,-9999.99,48.55,0.061,50.82,0.061,-13.25,0.0,2.27,101701.0
8246,101700.0,725763.7,477017.8,44217.636099537,2502.0,219.4,52.53,32.0,-8.0351e-09,-2.0699e-08,1.4503e-08,7.3041e-09,2.9912e-09,1.5231e-09,7.9269e-10,3.2573e-10,1.5149e-10,8.7515e-11,-9999.99,-9999.99,-9999.99,-9999.99,-9999.99,-9999.99,-9999.99,-9999.99,-9999.99,-9999.99,-9999.99,-9999.99,-9999.99,-9999.99,-9999.99,-9999.99,-9999.99,2.43e-10,6.25e-10,4.35e-10,2.19e-10,9e-11,4.66e-11,2.42e-11,1.04e-11,5.18e-12,3.47e-12,-9999.99,-9999.99,-9999.99,-9999.99,-9999.99,-9999.99,-9999.99,-9999.99,-9999.99,-9999.99,-9999.99,-9999.99,-9999.99,-9999.99,-9999.99,-9999.99,-9999.99,-9999.99,2.4781e-11,1.4009e-11,9.4123e-12,6.9678e-12,4.4708e-12,3.0906e-12,2.6211e-12,2.2442e-12,1.6658e-12,9.9064e-13,9.348e-13,7.4503e-13,5.4269e-13,4.5614e-13,3.7427e-13,2.6485e-13,1.8994e-13,1.202e-13,6.1462e-14,5e-14,3.3947e-14,-9999.99,7.56e-13,4.3e-13,2.86e-13,2.16e-13,1.38e-13,9.95e-14,8.73e-14,7.34e-14,5.25e-14,3.22e-14,3.2e-14,2.41e-14,2e-14,1.71e-14,1.3e-14,1.05e-14,7.46e-15,5.34e-15,4.3e-15,4.18e-15,9.71e-14,52.53,0.0565,55.265,0.0565,-13.25,0.0,2.73,101701.0
8350,101700.0,723731.8,477858.2,44217.6373611111,2602.0,208.4,63.46,8.0,-4.5702e-09,-1.6596e-08,7.652e-09,5.1842e-09,2.4933e-09,1.5833e-09,8.7836e-10,4.5439e-10,-9999.99,-9999.99,-9999.99,-9999.99,-9999.99,-9999.99,-9999.99,-9999.99,-9999.99,-9999.99,-9999.99,-9999.99,-9999.99,-9999.99,-9999.99,-9999.99,-9999.99,-9999.99,-9999.99,1.42e-10,5.06e-10,2.3e-10,1.56e-10,7.68e-11,4.89e-11,2.76e-11,1.57e-11,-9999.99,-9999.99,-9999.99,-9999.99,-9999.99,-9999.99,-9999.99,-9999.99,-9999.99,-9999.99,-9999.99,-9999.99,-9999.99,-9999.99,-9999.99,-9999.99,-9999.99,-9999.99,-9999.99,-9999.99,-9999.99,-9999.99,-9999.99,-9999.99,-9999.99,-9999.99,-9999.99,-9999.99,-9999.99,-9999.99,-9999.99,-9999.99,-9999.99,-9999.99,-9999.99,-9999.99,-9999.99,-9999.99,-9999.99,-9999.99,-9999.99,-9999.99,-9999.99,-9999.99,-9999.99,-9999.99,-9999.99,-9999.99,-9999.99,-9999.99,-9999.99,-9999.99,-9999.99,-9999.99,-9999.99,-9999.99,-9999.99,-9999.99,-9999.99,-9999.99,-9999.99,-9999.99,-9999.99,63.46,0.047,65.24,0.047,-13.25,0.0,1.78,101701.0
8454,101700.0,721548.4,478759.7,44217.6386689815,2702.0,216.9,36.58,27.0,-2.1365e-08,-4.4971e-08,3.4591e-08,1.6482e-08,6.1111e-09,3.0965e-09,1.5477e-09,6.614e-10,3.0526e-10,1.3912e-10,-9999.99,-9999.99,-9999.99,-9999.99,-9999.99,-9999.99,-9999.99,-9999.99,-9999.99,-9999.99,-9999.99,-9999.99,-9999.99,-9999.99,-9999.99,-9999.99,-9999.99,6.43e-10,1.35e-09,1.04e-09,4.94e-10,1.83e-10,9.32e-11,4.67e-11,2.04e-11,9.52e-12,4.63e-12,-9999.99,-9999.99,-9999.99,-9999.99,-9999.99,-9999.99,-9999.99,-9999.99,-9999.99,-9999.99,-9999.99,-9999.99,-9999.99,-9999.99,-9999.99,-9999.99,-9999.99,-9999.99,5.6901e-11,3.4444e-11,2.3135e-11,1.5442e-11,1.0857e-11,7.9444e-12,6.1257e-12,4.3684e-12,-9999.99,-9999.99,-9999.99,-9999.99,1.1275e-12,9.6199e-13,6.3626e-13,4.7778e-13,3.5468e-13,1.4462e-13,-9999.99,1.1173e-13,4.0292e-14,-9999.99,1.71e-12,1.04e-12,6.99e-13,4.68e-13,3.3e-13,2.41e-13,1.85e-13,1.32e-13,-9999.99,-9999.99,-9999.99,-9999.99,4.77e-14,2.93e-14,2.84e-14,1.82e-14,1.55e-14,2.28e-14,-9999.99,7.51e-15,5.84e-15,36.58,0.0795,39.135,0.0795,-13.25,0.0,2.56,101701.0
8558,101700.0,719063.4,479757.5,44217.6402662037,2802.0,209.0,64.33,34.0,-3.2807e-09,-1.376e-08,6.4269e-09,4.1871e-09,2.005e-09,1.214e-09,6.383e-10,3.345e-10,1.7091e-10,9.2164e-11,5.883e-11,3.4035e-11,-9999.99,-9999.99,-9999.99,-9999.99,-9999.99,-9999.99,-9999.99,-9999.99,-9999.99,-9999.99,-9999.99,-9999.99,-9999.99,-9999.99,-9999.99,1.02e-10,4.18e-10,1.93e-10,1.26e-10,6.08e-11,3.74e-11,1.98e-11,1.1e-11,6.02e-12,4.26e-12,2.63e-12,3.16e-11,-9999.99,-9999.99,-9999.99,-9999.99,-9999.99,-9999.99,-9999.99,-9999.99,-9999.99,-9999.99,-9999.99,-9999.99,-9999.99,-9999.99,-9999.99,-9999.99,4.4942e-11,2.8263e-11,1.9193e-11,1.3632e-11,9.6784e-12,6.9035e-12,4.8041e-12,3.6725e-12,2.6901e-12,2.0135e-12,1.4769e-12,1.0462e-12,7.9035e-13,5.6257e-13,3.6842e-13,2.4339e-13,1.7392e-13,1.0178e-13,5.848e-14,3.1608e-14,5.1228e-14,-9999.99,1.35e-12,8.54e-13,5.78e-13,4.14e-13,2.93e-13,2.11e-13,1.46e-13,1.11e-13,8.18e-14,6.1e-14,4.5e-14,3.25e-14,2.41e-14,1.76e-14,1.2e-14,8.03e-15,6.05e-15,4.73e-15,5.37e-15,1.62e-14,1.21e-14,64.33,0.046,66.5,0.046,-13.25,0.0,2.17,101701.0
8662,101700.0,716929.6,480650.6,44217.641724537,2902.0,201.0,67.27,32.0,-3.1345e-09,-1.7023e-08,4.6053e-09,4.8743e-09,3.0263e-09,2.0673e-09,1.3734e-09,7.7251e-10,4.3129e-10,2.4921e-10,1.1041e-10,6.6754e-11,-9999.99,3.7222e-11,1.1018e-11,-9999.99,-9999.99,-9999.99,-9999.99,-9999.99,-9999.99,-9999.99,-9999.99,-9999.99,-9999.99,-9999.99,-9999.99,1.08e-10,5.33e-10,1.41e-10,1.47e-10,9.11e-11,6.31e-11,4.16e-11,2.35e-11,1.35e-11,7.9e-12,3.93e-12,2.36e-12,-9999.99,2.27e-12,1.5e-12,-9999.99,-9999.99,-9999.99,-9999.99,-9999.99,-9999.99,-9999.99,-9999.99,-9999.99,-9999.99,-9999.99,-9999.99,-9999.99,1.0339e-10,5.8918e-11,3.7018e-11,2.5754e-11,1.7626e-11,1.2643e-11,9.0351e-12,5.4444e-12,3.9444e-12,2.9532e-12,2.4573e-12,1.8725e-12,1.712e-12,1.1371e-12,7.6433e-13,4.6608e-13,-9999.99,-9999.99,-9999.99,-9999.99,-9999.99,-9999.99,3.1e-12,1.77e-12,1.11e-12,7.73e-13,5.31e-13,3.82e-13,2.77e-13,1.74e-13,1.33e-13,9.89e-14,7.91e-14,6.82e-14,5.89e-14,3.75e-14,3.94e-14,1.86e-14,-9999.99,-9999.99,-9999.99,-9999.99,-9999.99,67.265,0.044,68.77,0.044,-13.25,0.0,1.5,101701.0
8766,101700.0,714974.3,481467.9,44217.6431134259,3002.0,198.2,57.16,31.0,-4.2924e-09,-9.3216e-09,6.7485e-09,2.1029e-09,8.6199e-10,5.1579e-10,3.4357e-10,1.9591e-10,1.6661e-10,-9999.99,-9999.99,-9999.99,-9999.99,-9999.99,-9999.99,-9999.99,-9999.99,-9999.99,-9999.99,-9999.99,-9999.99,-9999.99,-9999.99,-9999.99,-9999.99,-9999.99,-9999.99,1.31e-10,2.83e-10,2.03e-10,6.41e-11,2.76e-11,1.88e-11,1.15e-11,7.17e-12,6.25e-12,-9999.99,-9999.99,-9999.99,-9999.99,-9999.99,-9999.99,-9999.99,-9999.99,-9999.99,-9999.99,-9999.99,-9999.99,-9999.99,-9999.99,-9999.99,-9999.99,-9999.99,-9999.99,-9999.99,6.5322e-11,4.9357e-11,3.7193e-11,2.6924e-11,1.9705e-11,1.424e-11,1.0173e-11,7.0789e-12,5.2924e-12,4.0088e-12,3.0556e-12,2.3222e-12,1.714e-12,1.2354e-12,8.9737e-13,5.7924e-13,3.9357e-13,2.5798e-13,1.4202e-13,8.4649e-14,3.8684e-14,-9999.99,1.96e-12,1.48e-12,1.12e-12,8.1e-13,5.91e-13,4.27e-13,3.06e-13,2.12e-13,1.59e-13,1.21e-13,9.2e-14,6.99e-14,5.18e-14,3.72e-14,2.74e-14,1.76e-14,1.21e-14,8.41e-15,4.73e-15,3.93e-15,3.91e-15,57.165,0.052,58.82,0.052,-13.25,0.0,1.66,101701.0
8870,101700.0,712959.5,482302.9,44217.6444328704,3102.0,199.6,45.48,15.0,-7.0497e-09,-1.0322e-08,8.4591e-09,1.6094e-09,7.6287e-10,7.8333e-10,5.1433e-10,3.2778e-10,-9999.99,-9999.99,-9999.99,-9999.99,-9999.99,-9999.99,-9999.99,-9999.99,-9999.99,-9999.99,-9999.99,-9999.99,-9999.99,-9999.99,-9999.99,-9999.99,-9999.99,-9999.99,-9999.99,2.14e-10,3.19e-10,2.55e-10,4.91e-11,2.39e-11,2.47e-11,1.64e-11,1.03e-11,-9999.99,-9999.99,-9999.99,-9999.99,-9999.99,-9999.99,-9999.99,-9999.99,-9999.99,-9999.99,-9999.99,-9999.99,-9999.99,-9999.99,-9999.99,-9999.99,-9999.99,-9999.99,-9999.99,-9999.99,1.2275e-10,9.3129e-11,6.845e-11,4.9503e-11,-9999.99,-9999.99,-9999.99,-9999.99,-9999.99,6.1462e-12,4.5292e-12,-9999.99,-9999.99,-9999.99,-9999.99,-9999.99,-9999.99,-9999.99,-9999.99,-9999.99,-9999.99,-9999.99,3.68e-12,2.79e-12,2.05e-12,1.49e-12,-9999.99,-9999.99,-9999.99,-9999.99,-9999.99,1.85e-13,1.36e-13,-9999.99,-9999.99,-9999.99,-9999.99,-9999.99,-9999.99,-9999.99,-9999.99,-9999.99,-9999.99,45.48,0.0655,46.98,0.0655,-13.25,0.0,1.5,101701.0
8970,101700.0,711111.1,483043.2,44217.6455902778,3202.0,188.5,52.53,43.0,-7.3772e-09,-2.4383e-08,1.0137e-08,5.2602e-09,2.3327e-09,1.5664e-09,1.0532e-09,8.5585e-10,6.1784e-10,4.6257e-10,3.1462e-10,2.1088e-10,-9999.99,1.0108e-10,5.9649e-11,3.7135e-11,2.7857e-11,1.717e-11,1.1424e-11,9.0556e-12,5.1462e-12,-9999.99,-9999.99,-9999.99,-9999.99,-9999.99,-9999.99,2.26e-10,7.44e-10,3.04e-10,1.58e-10,7.04e-11,4.79e-11,3.22e-11,2.6e-11,1.87e-11,1.41e-11,9.63e-12,6.54e-12,-9999.99,3.13e-12,1.91e-12,1.19e-12,8.94e-13,5.75e-13,4.03e-13,3.33e-13,2.86e-13,-9999.99,-9999.99,-9999.99,-9999.99,-9999.99,-9999.99,-9999.99,2.5936e-10,1.8313e-10,1.2632e-10,8.5351e-11,5.7281e-11,3.8655e-11,2.6637e-11,1.8561e-11,1.2906e-11,9.0877e-12,6.2982e-12,4.2135e-12,2.795e-12,1.7523e-12,1.0497e-12,6.1082e-13,3.5819e-13,2.0404e-13,1.0737e-13,7.1404e-14,4.538e-14,-9999.99,7.78e-12,5.49e-12,3.79e-12,2.56e-12,1.72e-12,1.16e-12,7.99e-13,5.57e-13,3.87e-13,2.73e-13,1.89e-13,1.27e-13,8.41e-14,5.29e-14,3.19e-14,1.87e-14,1.13e-14,6.81e-15,4.57e-15,7e-15,3.68e-15,52.535,0.056,54.6,0.056,-13.25,0.0,2.06,101701.0
9070,101700.0,709363.8,483813.4,44217.6467476852,3302.0,190.2,57.61,42.0,-4.6433e-09,-1.8123e-08,3.6374e-09,2.7877e-09,1.7591e-09,1.4228e-09,1.0605e-09,8.4298e-10,6.6111e-10,4.7602e-10,3.3012e-10,2.2529e-10,-9999.99,9.6374e-11,6.0439e-11,3.8129e-11,2.8015e-11,1.838e-11,1.0789e-11,7.883e-12,5.8801e-12,-9999.99,-9999.99,-9999.99,-9999.99,-9999.99,-9999.99,1.44e-10,5.55e-10,1.12e-10,8.42e-11,5.31e-11,4.38e-11,3.22e-11,2.55e-11,2e-11,1.45e-11,1e-11,6.85e-12,-9999.99,3e-12,1.93e-12,1.22e-12,8.99e-13,6.34e-13,3.97e-13,7.59e-13,8.17e-13,-9999.99,-9999.99,-9999.99,-9999.99,-9999.99,-9999.99,-9999.99,2.7564e-10,1.9474e-10,1.3363e-10,9.0439e-11,6.0439e-11,4.0994e-11,2.8137e-11,1.9833e-11,1.3848e-11,9.7281e-12,6.6257e-12,4.3947e-12,2.8459e-12,1.7918e-12,1.0845e-12,6.0643e-13,3.2281e-13,2.0921e-13,9.2924e-14,8.0439e-14,-9999.99,-9999.99,8.27e-12,5.84e-12,4.01e-12,2.71e-12,1.81e-12,1.23e-12,8.44e-13,5.95e-13,4.15e-13,2.92e-13,1.99e-13,1.32e-13,8.57e-14,5.41e-14,3.28e-14,1.86e-14,1.03e-14,7.22e-15,4.05e-15,4.66e-15,-9999.99,57.61,0.051,60.47,0.051,-13.25,0.0,2.86,101701.0
9172,101800.0,708993.0,483073.7,44217.6510648148,3402.0,193.4,75.51,29.0,-1.9058e-09,-9.9357e-09,1.7573e-09,1.114e-09,6.8216e-10,5.0673e-10,4.1871e-10,3.4708e-10,-9999.99,-9999.99,-9999.99,-9999.99,-9999.99,-9999.99,-9999.99,-9999.99,-9999.99,-9999.99,-9999.99,-9999.99,-9999.99,-9999.99,-9999.99,-9999.99,-9999.99,-9999.99,-9999.99,6.44e-11,3.09e-10,5.57e-11,3.43e-11,2.14e-11,1.77e-11,1.36e-11,1.08e-11,-9999.99,-9999.99,-9999.99,-9999.99,-9999.99,-9999.99,-9999.99,-9999.99,-9999.99,-9999.99,-9999.99,-9999.99,-9999.99,-9999.99,-9999.99,-9999.99,-9999.99,-9999.99,-9999.99,-9999.99,1.3225e-10,9.7924e-11,7.0643e-11,4.9942e-11,3.4825e-11,2.4281e-11,1.7123e-11,1.2193e-11,8.6491e-12,6.2427e-12,4.4561e-12,3e-12,1.9953e-12,1.2836e-12,7.7398e-13,4.6053e-13,2.6056e-13,1.4635e-13,9.2865e-14,7.0088e-14,-9999.99,-9999.99,3.97e-12,2.94e-12,2.12e-12,1.5e-12,1.04e-12,7.28e-13,5.14e-13,3.66e-13,2.59e-13,1.87e-13,1.34e-13,9.03e-14,6.01e-14,3.88e-14,2.35e-14,1.42e-14,8.73e-15,5.18e-15,4.68e-15,6.17e-15,-9999.99,75.51,0.04,77.195,0.04,-13.25,0.0,1.69,101801.0
9272,101800.0,712036.5,481799.2,44217.6522222222,3502.0,194.4,53.17,35.0,-4.0088e-09,-1.0588e-08,6.4532e-09,1.7868e-09,6.9298e-10,6.0058e-10,4.4035e-10,3.5702e-10,2.8874e-10,2.2535e-10,1.4968e-10,1.0845e-10,-9999.99,4.3567e-11,3.9912e-11,-9999.99,-9999.99,-9999.99,-9999.99,-9999.99,-9999.99,-9999.99,-9999.99,-9999.99,-9999.99,-9999.99,-9999.99,1.22e-10,3.24e-10,1.94e-10,5.49e-11,2.45e-11,1.98e-11,1.4e-11,1.13e-11,9.24e-12,7.19e-12,4.8e-12,3.47e-12,-9999.99,1.75e-12,1.4e-12,-9999.99,-9999.99,-9999.99,-9999.99,-9999.99,-9999.99,-9999.99,-9999.99,-9999.99,-9999.99,-9999.99,-9999.99,-9999.99,1.3316e-10,9.7427e-11,6.9854e-11,4.9035e-11,3.3743e-11,2.3816e-11,1.6772e-11,1.2137e-11,8.8713e-12,6.3947e-12,4.6287e-12,3.2544e-12,2.2094e-12,1.4085e-12,9.1901e-13,5.3187e-13,2.9444e-13,1.7424e-13,8.038e-14,-9999.99,-9999.99,-9999.99,3.99e-12,2.92e-12,2.1e-12,1.48e-12,1.01e-12,7.14e-13,5.03e-13,3.64e-13,2.67e-13,1.92e-13,1.39e-13,9.76e-14,6.65e-14,4.25e-14,2.78e-14,1.65e-14,9.33e-15,5.72e-15,3.01e-15,-9999.99,-9999.99,53.175,0.057,54.445,0.057,-13.25,0.0,1.27,101801.0
9382,101800.0,716390.6,480006.8,44217.6537962963,3602.0,193.3,73.0,7.0,-2.4863e-09,-9.4386e-09,6.2281e-09,3.0819e-09,1.3094e-09,6.7515e-10,4.4825e-10,-9999.99,-9999.99,-9999.99,-9999.99,-9999.99,-9999.99,-9999.99,-9999.99,-9999.99,-9999.99,-9999.99,-9999.99,-9999.99,-9999.99,-9999.99,-9999.99,-9999.99,-9999.99,-9999.99,-9999.99,1.18e-10,3.56e-10,1.94e-10,9.43e-11,4.52e-11,2.9e-11,1.53e-11,-9999.99,-9999.99,-9999.99,-9999.99,-9999.99,-9999.99,-9999.99,-9999.99,-9999.99,-9999.99,-9999.99,-9999.99,-9999.99,-9999.99,-9999.99,-9999.99,-9999.99,-9999.99,-9999.99,-9999.99,-9999.99,-9999.99,-9999.99,-9999.99,-9999.99,-9999.99,-9999.99,-9999.99,-9999.99,-9999.99,-9999.99,-9999.99,-9999.99,-9999.99,-9999.99,-9999.99,-9999.99,-9999.99,-9999.99,-9999.99,-9999.99,-9999.99,-9999.99,-9999.99,-9999.99,-9999.99,-9999.99,-9999.99,-9999.99,-9999.99,-9999.99,-9999.99,-9999.99,-9999.99,-9999.99,-9999.99,-9999.99,-9999.99,-9999.99,-9999.99,-9999.99,-9999.99,-9999.99,-9999.99,73.0,0.04,75.43,0.04,-13.25,0.0,2.43,101801.0
9492,101800.0,720633.3,478236.8,44217.6553009259,3702.0,207.0,43.41,23.0,-1.5556e-08,-5.1637e-08,1.8626e-08,1.7564e-08,9.9678e-09,6.2485e-09,3.7047e-09,1.8789e-09,8.8918e-10,3.8655e-10,1.6611e-10,7.5819e-11,-9999.99,-9999.99,-9999.99,-9999.99,-9999.99,-9999.99,-9999.99,-9999.99,-9999.99,-9999.99,-9999.99,-9999.99,-9999.99,-9999.99,-9999.99,4.7e-10,1.55e-09,5.61e-10,5.27e-10,2.99e-10,1.88e-10,1.11e-10,5.66e-11,2.69e-11,1.18e-11,5.28e-12,2.59e-12,-9999.99,-9999.99,-9999.99,-9999.99,-9999.99,-9999.99,-9999.99,-9999.99,-9999.99,-9999.99,-9999.99,-9999.99,-9999.99,-9999.99,-9999.99,-9999.99,1.4044e-10,6.3158e-11,3.2895e-11,1.9392e-11,1.4488e-11,1.1357e-11,6.1667e-12,-9999.99,-9999.99,-9999.99,-9999.99,-9999.99,9.1491e-13,8.1608e-13,8.9678e-13,-9999.99,-9999.99,-9999.99,-9999.99,-9999.99,-9999.99,-9999.99,4.21e-12,1.89e-12,9.9e-13,5.86e-13,4.36e-13,3.44e-13,1.88e-13,-9999.99,-9999.99,-9999.99,-9999.99,-9999.99,7.86e-14,3.48e-14,3.51e-14,-9999.99,-9999.99,-9999.99,-9999.99,-9999.99,-9999.99,43.405,0.067,46.065,0.067,-13.25,0.0,2.66,101801.0
9600,101800.0,724893.7,476509.4,44217.6568634259,3802.0,218.4,36.51,14.0,-2.0111e-08,-5.3392e-08,2.9737e-08,2.0418e-08,9.4561e-09,5.5146e-09,3.0409e-09,1.4763e-09,7.3684e-10,-9999.99,-9999.99,-9999.99,-9999.99,-9999.99,-9999.99,-9999.99,-9999.99,-9999.99,-9999.99,-9999.99,-9999.99,-9999.99,-9999.99,-9999.99,-9999.99,-9999.99,-9999.99,6.05e-10,1.61e-09,8.92e-10,6.13e-10,2.84e-10,1.65e-10,9.12e-11,4.46e-11,2.24e-11,-9999.99,-9999.99,-9999.99,-9999.99,-9999.99,-9999.99,-9999.99,-9999.99,-9999.99,-9999.99,-9999.99,-9999.99,-9999.99,-9999.99,-9999.99,-9999.99,-9999.99,-9999.99,-9999.99,1.0237e-10,4.1754e-11,2.8266e-11,1.3956e-11,-9999.99,-9999.99,-9999.99,-9999.99,-9999.99,-9999.99,-9999.99,-9999.99,-9999.99,-9999.99,-9999.99,-9999.99,-9999.99,-9999.99,-9999.99,-9999.99,-9999.99,-9999.99,3.07e-12,1.25e-12,8.54e-13,4.21e-13,-9999.99,-9999.99,-9999.99,-9999.99,-9999.99,-9999.99,-9999.99,-9999.99,-9999.99,-9999.99,-9999.99,-9999.99,-9999.99,-9999.99,-9999.99,-9999.99,-9999.99,36.51,0.081,37.93,0.081,-13.25,0.0,1.42,101801.0
9708,101800.0,728820.7,474892.2,44217.658275463,3902.0,202.5,44.88,33.0,-1.1942e-08,-3.6491e-08,1.2904e-08,1.0813e-08,6.4006e-09,4.4503e-09,2.9193e-09,1.6874e-09,9.5439e-10,5.2456e-10,2.5915e-10,1.2895e-10,-9999.99,-9999.99,-9999.99,-9999.99,-9999.99,-9999.99,-9999.99,-9999.99,-9999.99,-9999.99,-9999.99,-9999.99,-9999.99,-9999.99,-9999.99,3.63e-10,1.1e-09,3.87e-10,3.24e-10,1.93e-10,1.34e-10,8.79e-11,5.08e-11,2.88e-11,1.6e-11,7.88e-12,4.13e-12,-9999.99,-9999.99,-9999.99,-9999.99,-9999.99,-9999.99,-9999.99,-9999.99,-9999.99,-9999.99,-9999.99,-9999.99,-9999.99,-9999.99,-9999.99,-9999.99,1.9822e-10,9.807e-11,4.7719e-11,2.2579e-11,1.1406e-11,6.1901e-12,3.5205e-12,2.3164e-12,1.5886e-12,9.6491e-13,8.3889e-13,6.9708e-13,4.4269e-13,3.8772e-13,3.3246e-13,2.2842e-13,1.612e-13,1.3594e-13,6.9503e-14,-9999.99,-9999.99,-9999.99,5.95e-12,2.94e-12,1.43e-12,6.8e-13,3.43e-13,1.88e-13,1.08e-13,7.16e-14,4.94e-14,3.06e-14,2.65e-14,2.22e-14,1.43e-14,1.26e-14,1.07e-14,8.79e-15,6.16e-15,5.46e-15,3.51e-15,-9999.99,-9999.99,44.885,0.0655,46.76,0.0655,-13.25,0.0,1.88,101801.0
9810,101900.0,728570.3,474131.5,44218.5879861111,66.0,197.5,51.53,32.0,-8.4591e-09,-2.9795e-08,7.9123e-09,8.0088e-09,4.9883e-09,3.6637e-09,2.4681e-09,1.5193e-09,9.0819e-10,5.1345e-10,2.8784e-10,1.1678e-10,-9999.99,-9999.99,-9999.99,-9999.99,-9999.99,-9999.99,-9999.99,-9999.99,-9999.99,-9999.99,-9999.99,-9999.99,-9999.99,-9999.99,-9999.99,2.55e-10,8.94e-10,2.38e-10,2.4e-10,1.5e-10,1.1e-10,7.43e-11,4.57e-11,2.74e-11,1.56e-11,8.78e-12,3.73e-12,-9999.99,-9999.99,-9999.99,-9999.99,-9999.99,-9999.99,-9999.99,-9999.99,-9999.99,-9999.99,-9999.99,-9999.99,-9999.99,-9999.99,-9999.99,4.038e-10,2.1474e-10,1.0898e-10,5.3187e-11,2.5649e-11,1.2023e-11,6.155e-12,3.6784e-12,2.1731e-12,1.7085e-12,1.1272e-12,9.0351e-13,6.7982e-13,5.6842e-13,4.307e-13,2.6912e-13,2.0664e-13,1.2985e-13,1.012e-13,5.2368e-14,-9999.99,-9999.99,1.21e-11,6.44e-12,3.27e-12,1.6e-12,7.72e-13,3.64e-13,1.88e-13,1.14e-13,6.69e-14,5.26e-14,3.55e-14,2.8e-14,2.22e-14,1.78e-14,1.41e-14,9.96e-15,7.25e-15,5.93e-15,6.83e-15,7.12e-15,-9999.99,-9999.99,51.53,0.057,53.95,0.057,-13.25,0.0,2.42,101901.0
9916,101900.0,726558.6,474883.1,44218.5892708333,166.0,211.9,53.41,22.0,-7.0965e-09,-2.2997e-08,1.0632e-08,8.0322e-09,4.0877e-09,2.519e-09,1.4442e-09,7.2164e-10,3.9795e-10,1.8401e-10,1.0737e-10,5.4006e-11,-9999.99,-9999.99,-9999.99,-9999.99,-9999.99,-9999.99,-9999.99,-9999.99,-9999.99,-9999.99,-9999.99,-9999.99,-9999.99,-9999.99,-9999.99,2.14e-10,6.95e-10,3.2e-10,2.41e-10,1.23e-10,7.61e-11,4.38e-11,2.21e-11,1.24e-11,6.05e-12,3.58e-12,2.65e-12,-9999.99,-9999.99,-9999.99,-9999.99,-9999.99,-9999.99,-9999.99,-9999.99,-9999.99,-9999.99,-9999.99,-9999.99,-9999.99,-9999.99,-9999.99,1.5901e-10,7.4181e-11,3.5994e-11,1.8623e-11,9.7719e-12,7.5058e-12,4.5205e-12,3.1725e-12,2.5275e-12,2.15e-12,-9999.99,-9999.99,-9999.99,-9999.99,-9999.99,-9999.99,-9999.99,-9999.99,-9999.99,-9999.99,-9999.99,-9999.99,4.77e-12,2.23e-12,1.08e-12,5.74e-13,3.01e-13,2.3e-13,1.38e-13,1.04e-13,8.42e-14,7.52e-14,-9999.99,-9999.99,-9999.99,-9999.99,-9999.99,-9999.99,-9999.99,-9999.99,-9999.99,-9999.99,-9999.99,-9999.99,53.415,0.0555,55.15,0.0555,-13.25,0.0,1.73,101901.0
10026,101900.0,724252.5,475997.2,44218.5907291667,266.0,214.1,39.13,12.0,-1.9629e-08,-5.038e-08,2.2728e-08,1.6833e-08,9.4211e-09,6.2719e-09,3.8626e-09,2.1029e-09,1.0988e-09,5.5439e-10,2.6868e-10,1.2257e-10,-9999.99,-9999.99,-9999.99,-9999.99,-9999.99,-9999.99,-9999.99,-9999.99,-9999.99,-9999.99,-9999.99,-9999.99,-9999.99,-9999.99,-9999.99,5.91e-10,1.52e-09,6.82e-10,5.05e-10,2.83e-10,1.88e-10,1.16e-10,6.33e-11,3.31e-11,1.68e-11,8.28e-12,3.9e-12,-9999.99,-9999.99,-9999.99,-9999.99,-9999.99,-9999.99,-9999.99,-9999.99,-9999.99,-9999.99,-9999.99,-9999.99,-9999.99,-9999.99,-9999.99,-9999.99,-9999.99,-9999.99,-9999.99,-9999.99,-9999.99,-9999.99,-9999.99,-9999.99,-9999.99,-9999.99,-9999.99,-9999.99,-9999.99,-9999.99,-9999.99,-9999.99,-9999.99,-9999.99,-9999.99,-9999.99,-9999.99,-9999.99,-9999.99,-9999.99,-9999.99,-9999.99,-9999.99,-9999.99,-9999.99,-9999.99,-9999.99,-9999.99,-9999.99,-9999.99,-9999.99,-9999.99,-9999.99,-9999.99,-9999.99,-9999.99,-9999.99,-9999.99,-9999.99,39.195,0.0755,40.75,0.0755,-13.25,0.0,1.55,101901.0
10130,101900.0,721898.2,476884.6,44218.5920601852,366.0,203.8,55.28,33.0,-7.0058e-09,-2.6754e-08,8.9737e-09,8.4006e-09,4.9503e-09,3.4327e-09,2.0889e-09,1.1219e-09,5.9327e-10,2.8851e-10,1.3681e-10,6.1725e-11,-9999.99,-9999.99,-9999.99,-9999.99,-9999.99,-9999.99,-9999.99,-9999.99,-9999.99,-9999.99,-9999.99,-9999.99,-9999.99,-9999.99,-9999.99,2.14e-10,8.13e-10,2.71e-10,2.52e-10,1.49e-10,1.03e-10,6.29e-11,3.39e-11,1.8e-11,9e-12,4.53e-12,2.23e-12,-9999.99,-9999.99,-9999.99,-9999.99,-9999.99,-9999.99,-9999.99,-9999.99,-9999.99,-9999.99,-9999.99,-9999.99,-9999.99,-9999.99,-9999.99,2.3477e-10,1.0699e-10,4.9298e-11,2.464e-11,1.3962e-11,8.9854e-12,5.9825e-12,4.1404e-12,2.8395e-12,2.1357e-12,1.4289e-12,1.1705e-12,9.1316e-13,7.4561e-13,5.9064e-13,4.962e-13,3.4181e-13,2.4667e-13,1.7576e-13,1.2079e-13,6.5731e-14,-9999.99,7.04e-12,3.21e-12,1.48e-12,7.42e-13,4.26e-13,2.72e-13,1.84e-13,1.26e-13,8.72e-14,6.51e-14,4.4e-14,3.65e-14,2.96e-14,2.39e-14,1.92e-14,1.6e-14,1.14e-14,8.81e-15,7.26e-15,5.51e-15,5.15e-15,-9999.99,55.285,0.053,57.625,0.053,-13.25,0.0,2.34,101901.0
10234,101900.0,719250.9,477784.2,44218.5935185185,466.0,214.3,36.97,30.0,-1.6222e-08,-1.1304e-08,2.4295e-08,3.5351e-09,5.5819e-10,1.8488e-10,1.5687e-11,4.5936e-11,-9999.99,-9999.99,-9999.99,-9999.99,-9999.99,-9999.99,-9999.99,-9999.99,-9999.99,-9999.99,-9999.99,-9999.99,-9999.99,-9999.99,-9999.99,-9999.99,-9999.99,-9999.99,-9999.99,4.88e-10,3.65e-10,7.31e-10,1.07e-10,2.57e-11,1.1e-11,9.13e-12,5.01e-12,-9999.99,-9999.99,-9999.99,-9999.99,-9999.99,-9999.99,-9999.99,-9999.99,-9999.99,-9999.99,-9999.99,-9999.99,-9999.99,-9999.99,-9999.99,-9999.99,-9999.99,-9999.99,-9999.99,3.3772e-11,2.7383e-11,2.3219e-11,1.702e-11,1.2632e-11,9.6608e-12,7.4825e-12,5.8158e-12,4.1345e-12,3.0029e-12,2.2959e-12,1.7158e-12,1.4231e-12,1.119e-12,9.193e-13,6.3099e-13,5.0117e-13,3.5673e-13,2.3658e-13,1.3787e-13,1.0515e-13,5.6257e-14,1.04e-12,8.63e-13,7.11e-13,5.24e-13,3.94e-13,2.93e-13,2.3e-13,1.76e-13,1.27e-13,9.61e-14,7.6e-14,5.49e-14,4.51e-14,3.51e-14,2.9e-14,2.08e-14,1.74e-14,1.36e-14,1.01e-14,1.09e-14,7.09e-15,6.69e-15,36.965,0.078,39.69,0.078,-13.25,0.0,2.72,101901.0
10340,101900.0,716391.9,479131.6,44218.595150463,566.0,191.7,56.04,6.0,-7.0322e-09,-2.2681e-08,1.064e-08,7.0234e-09,3.0936e-09,1.8482e-09,-9999.99,-9999.99,-9999.99,-9999.99,-9999.99,-9999.99,-9999.99,-9999.99,-9999.99,-9999.99,-9999.99,-9999.99,-9999.99,-9999.99,-9999.99,-9999.99,-9999.99,-9999.99,-9999.99,-9999.99,-9999.99,2.13e-10,6.87e-10,3.22e-10,2.11e-10,9.31e-11,5.64e-11,-9999.99,-9999.99,-9999.99,-9999.99,-9999.99,-9999.99,-9999.99,-9999.99,-9999.99,-9999.99,-9999.99,-9999.99,-9999.99,-9999.99,-9999.99,-9999.99,-9999.99,-9999.99,-9999.99,-9999.99,-9999.99,-9999.99,-9999.99,-9999.99,-9999.99,-9999.99,-9999.99,-9999.99,-9999.99,-9999.99,-9999.99,-9999.99,-9999.99,-9999.99,-9999.99,-9999.99,-9999.99,-9999.99,-9999.99,-9999.99,-9999.99,-9999.99,-9999.99,-9999.99,-9999.99,-9999.99,-9999.99,-9999.99,-9999.99,-9999.99,-9999.99,-9999.99,-9999.99,-9999.99,-9999.99,-9999.99,-9999.99,-9999.99,-9999.99,-9999.99,-9999.99,-9999.99,-9999.99,-9999.99,-9999.99,55.02,0.0535,57.125,0.054,-13.25,0.0,2.11,101901.0
10448,101900.0,713489.1,480394.5,44218.5968981481,666.0,200.0,40.8,21.0,-1.3026e-08,-1.5705e-08,1.7787e-08,3.9357e-09,1.3716e-09,9.1199e-10,5.848e-10,3.9854e-10,2.4959e-10,-9999.99,-9999.99,-9999.99,-9999.99,-9999.99,-9999.99,-9999.99,-9999.99,-9999.99,-9999.99,-9999.99,-9999.99,-9999.99,-9999.99,-9999.99,-9999.99,-9999.99,-9999.99,3.92e-10,4.77e-10,5.34e-10,1.18e-10,4.2e-11,2.93e-11,1.82e-11,1.27e-11,8.11e-12,-9999.99,-9999.99,-9999.99,-9999.99,-9999.99,-9999.99,-9999.99,-9999.99,-9999.99,-9999.99,-9999.99,-9999.99,-9999.99,-9999.99,-9999.99,-9999.99,-9999.99,-9999.99,1.586e-10,1.1646e-10,8.6813e-11,6.4415e-11,4.617e-11,3.5643e-11,2.6126e-11,1.8988e-11,1.3708e-11,9.1491e-12,5.5819e-12,3.0848e-12,-9999.99,-9999.99,-9999.99,-9999.99,-9999.99,-9999.99,-9999.99,-9999.99,-9999.99,-9999.99,4.76e-12,3.49e-12,2.6e-12,1.93e-12,1.39e-12,1.07e-12,7.84e-13,5.7e-13,4.11e-13,2.75e-13,1.67e-13,9.29e-14,-9999.99,-9999.99,-9999.99,-9999.99,-9999.99,-9999.99,-9999.99,-9999.99,-9999.99,-9999.99,41.33,0.07,44.21,0.07,-13.25,0.0,2.88,101901.0
10550,101900.0,711251.7,481256.8,44218.5981018519,766.0,187.8,53.98,43.0,-6.7076e-09,-1.8982e-08,9.0673e-09,4.5585e-09,1.9696e-09,1.3129e-09,8.6023e-10,5.5526e-10,4.4532e-10,3.0819e-10,2.1646e-10,1.4784e-10,9.8977e-11,6.9971e-11,4.8509e-11,3.0468e-11,1.8123e-11,1.4023e-11,1.0757e-11,7.3216e-12,4.7339e-12,3.0058e-12,2.7073e-12,1.5275e-12,-9999.99,-9999.99,-9999.99,2.03e-10,5.79e-10,2.74e-10,1.37e-10,5.97e-11,4.06e-11,2.62e-11,1.7e-11,1.37e-11,9.55e-12,6.73e-12,4.63e-12,3.1e-12,2.26e-12,1.56e-12,1.04e-12,6.4e-13,4.89e-13,4.87e-13,7.47e-13,7.34e-13,2.68e-13,2.59e-13,2.18e-13,-9999.99,-9999.99,-9999.99,2.6009e-10,1.9041e-10,1.3667e-10,9.6287e-11,6.5439e-11,4.5877e-11,3.0673e-11,2.1439e-11,1.4889e-11,1.0433e-11,7.3363e-12,5.0146e-12,3.3187e-12,2.1243e-12,1.3289e-12,8.4035e-13,4.7573e-13,2.8348e-13,1.5202e-13,-9999.99,-9999.99,-9999.99,7.8e-12,5.71e-12,4.1e-12,2.89e-12,1.96e-12,1.38e-12,9.2e-13,6.43e-13,4.47e-13,3.13e-13,2.21e-13,1.51e-13,9.99e-14,6.39e-14,4.01e-14,2.58e-14,1.52e-14,9.33e-15,6.23e-15,-9999.99,-9999.99,-9999.99,54.83,0.0535,57.325,0.054,-13.25,0.0,2.5,101901.0
10650,101900.0,709081.0,482137.2,44218.5992592593,866.0,212.3,52.06,43.0,-7.2544e-09,-1.5079e-08,9.4708e-09,2.7354e-09,1.0962e-09,8.2251e-10,6.1988e-10,4.6579e-10,3.6345e-10,2.7684e-10,1.9675e-10,1.5243e-10,1.0512e-10,7.193e-11,4.1316e-11,2.9298e-11,2.1243e-11,1.1389e-11,1.0649e-11,6.1579e-12,5.9035e-12,-9999.99,-9999.99,-9999.99,-9999.99,-9999.99,-9999.99,2.19e-10,4.63e-10,2.85e-10,8.26e-11,3.44e-11,2.65e-11,1.95e-11,1.45e-11,1.16e-11,8.58e-12,6.2e-12,4.83e-12,3.47e-12,2.36e-12,1.57e-12,9.61e-13,7.39e-13,4.09e-13,4.41e-13,2.75e-13,5.43e-13,-9999.99,-9999.99,-9999.99,-9999.99,-9999.99,-9999.99,2.3398e-10,1.764e-10,1.2936e-10,9.1608e-11,6.3684e-11,4.3889e-11,3.0205e-11,2.1187e-11,1.4719e-11,1.0515e-11,7.6813e-12,5.4444e-12,3.8187e-12,2.5535e-12,1.7058e-12,1.0287e-12,6.2222e-13,3.8012e-13,2.019e-13,1.0857e-13,5.9737e-14,2.5047e-14,7.02e-12,5.29e-12,3.88e-12,2.75e-12,1.91e-12,1.32e-12,9.06e-13,6.38e-13,4.42e-13,3.15e-13,2.31e-13,1.63e-13,1.15e-13,7.69e-14,5.15e-14,3.14e-14,1.93e-14,1.23e-14,6.95e-15,5.56e-15,5.67e-15,3.56e-13,51.93,0.056,54.89,0.056,-13.25,0.0,2.96,101901.0
10756,102000.0,707503.1,481916.3,44218.6025347222,966.0,206.2,39.87,29.0,-1.7456e-08,-3.7018e-08,1.9833e-08,7.9825e-09,3.6462e-09,2.6529e-09,2.0091e-09,1.4389e-09,1.0564e-09,7.1374e-10,5.152e-10,3.3947e-10,2.2509e-10,1.4468e-10,8.2018e-11,5.2778e-11,3.5205e-11,2.3582e-11,1.3874e-11,7.4854e-12,7.3099e-12,-9999.99,-9999.99,-9999.99,-9999.99,-9999.99,-9999.99,5.25e-10,1.11e-09,5.95e-10,2.39e-10,1.1e-10,8.01e-11,6.05e-11,4.33e-11,3.18e-11,2.16e-11,1.56e-11,1.04e-11,6.87e-12,4.43e-12,2.59e-12,1.63e-12,1.11e-12,8.21e-13,4.8e-13,3.66e-13,3.15e-13,-9999.99,-9999.99,-9999.99,-9999.99,-9999.99,-9999.99,6.0409e-10,4.2632e-10,2.9298e-10,1.9667e-10,1.2848e-10,8.4327e-11,5.5585e-11,-9999.99,-9999.99,-9999.99,-9999.99,-9999.99,-9999.99,3.6637e-12,-9999.99,-9999.99,-9999.99,-9999.99,-9999.99,-9999.99,-9999.99,-9999.99,1.81e-11,1.28e-11,8.79e-12,5.9e-12,3.85e-12,2.53e-12,1.67e-12,-9999.99,-9999.99,-9999.99,-9999.99,-9999.99,-9999.99,1.1e-13,-9999.99,-9999.99,-9999.99,-9999.99,-9999.99,-9999.99,-9999.99,-9999.99,39.865,0.074,41.775,0.074,-13.25,0.0,1.91,102001.0
10864,102000.0,710390.6,480487.3,44218.6038773148,1066.0,204.7,66.22,28.0,-4.1637e-09,-1.3082e-08,5.1696e-09,2.4409e-09,1.1953e-09,8.4766e-10,6.152e-10,4.0351e-10,3.0205e-10,2.2301e-10,1.5383e-10,1.0506e-10,6.7836e-11,5.5234e-11,3.7953e-11,2.4909e-11,1.4371e-11,1.1175e-11,7.8626e-12,7.383e-12,-9999.99,-9999.99,-9999.99,-9999.99,-9999.99,-9999.99,-9999.99,1.32e-10,4.2e-10,1.61e-10,7.37e-11,3.72e-11,2.81e-11,1.92e-11,1.3e-11,9.67e-12,7.05e-12,5.09e-12,3.55e-12,2.35e-12,1.92e-12,2.22e-12,9.19e-13,8.41e-13,1.99e-12,3.49e-13,4.66e-13,-9999.99,-9999.99,-9999.99,-9999.99,-9999.99,-9999.99,-9999.99,1.8041e-10,1.324e-10,9.6842e-11,6.8158e-11,4.8655e-11,3.3977e-11,2.2251e-11,1.4439e-11,-9999.99,-9999.99,-9999.99,-9999.99,-9999.99,-9999.99,-9999.99,-9999.99,-9999.99,-9999.99,-9999.99,-9999.99,-9999.99,-9999.99,5.43e-12,3.97e-12,2.91e-12,2.05e-12,1.46e-12,1.02e-12,6.7e-13,4.36e-13,-9999.99,-9999.99,-9999.99,-9999.99,-9999.99,-9999.99,-9999.99,-9999.99,-9999.99,-9999.99,-9999.99,-9999.99,-9999.99,-9999.99,66.22,0.0455,68.45,0.0455,-13.25,0.0,2.23,102001.0
10970,102000.0,713372.1,479473.5,44218.6051967593,1166.0,198.9,44.95,33.0,-1.0667e-08,-1.9158e-08,1.6263e-08,5.3626e-09,1.7778e-09,1.0523e-09,5.8275e-10,3.6053e-10,2.7494e-10,1.7722e-10,1.152e-10,9.4854e-11,-9999.99,-9999.99,-9999.99,-9999.99,-9999.99,-9999.99,-9999.99,-9999.99,-9999.99,-9999.99,-9999.99,-9999.99,-9999.99,-9999.99,-9999.99,3.21e-10,5.82e-10,4.9e-10,1.61e-10,5.6e-11,3.3e-11,1.82e-11,1.12e-11,8.85e-12,5.67e-12,3.92e-12,3.3e-12,-9999.99,-9999.99,-9999.99,-9999.99,-9999.99,-9999.99,-9999.99,-9999.99,-9999.99,-9999.99,-9999.99,-9999.99,-9999.99,-9999.99,-9999.99,1.4664e-10,1.0482e-10,7.3947e-11,5.0556e-11,3.4357e-11,2.4053e-11,1.6602e-11,1.1643e-11,8.5906e-12,6.2164e-12,4.3129e-12,3.1842e-12,2.2026e-12,1.4237e-12,9.3041e-13,5.9503e-13,3.9737e-13,2.3503e-13,1.7287e-13,1.0333e-13,5.383e-14,-9999.99,4.4e-12,3.14e-12,2.23e-12,1.52e-12,1.03e-12,7.24e-13,5e-13,3.49e-13,2.59e-13,1.87e-13,1.3e-13,9.62e-14,6.67e-14,4.36e-14,2.89e-14,1.89e-14,1.32e-14,1.02e-14,8.57e-15,1.03e-14,4.74e-15,-9999.99,44.945,0.065,47.06,0.065,-13.25,0.0,2.12,102001.0
11080,102000.0,717211.5,477874.4,44218.6067939815,1266.0,203.3,41.47,30.0,-1.3965e-08,-2.0874e-08,2.2711e-08,6.9795e-09,2.3889e-09,1.3675e-09,6.7427e-10,2.9708e-10,-9999.99,-9999.99,-9999.99,-9999.99,-9999.99,-9999.99,-9999.99,-9999.99,-9999.99,-9999.99,-9999.99,-9999.99,-9999.99,-9999.99,-9999.99,-9999.99,-9999.99,-9999.99,-9999.99,4.2e-10,6.45e-10,6.81e-10,2.09e-10,7.21e-11,4.16e-11,2.14e-11,1.02e-11,-9999.99,-9999.99,-9999.99,-9999.99,-9999.99,-9999.99,-9999.99,-9999.99,-9999.99,-9999.99,-9999.99,-9999.99,-9999.99,-9999.99,-9999.99,-9999.99,-9999.99,-9999.99,-9999.99,6.7778e-11,3.2982e-11,6.3333e-11,5.7047e-11,1.9629e-11,2.4173e-11,1.526e-11,1.0874e-11,8.1608e-12,6.3801e-12,4.4386e-12,3.7953e-12,2.6137e-12,2.0687e-12,1.3342e-12,9.848e-13,6.383e-13,4.231e-13,3.0994e-13,1.998e-13,1.0713e-13,4.9357e-14,2.05e-12,9.99e-13,1.9e-12,1.72e-12,5.97e-13,7.28e-13,4.62e-13,3.37e-13,2.54e-13,1.95e-13,1.41e-13,1.23e-13,8.68e-14,6.83e-14,4.54e-14,3.16e-14,2e-14,1.38e-14,1.26e-14,8.37e-15,5.17e-15,1.02e-14,41.47,0.071,43.38,0.071,-13.25,0.0,1.91,102001.0
11192,102000.0,721319.3,476205.4,44218.6084953704,1366.0,207.0,40.28,18.0,-1.2281e-08,-4.1608e-08,1.3991e-08,1.2792e-08,7.0673e-09,4.4211e-09,2.6284e-09,1.6784e-09,8.7164e-10,5.0205e-10,2.8494e-10,1.8895e-10,-9999.99,-9999.99,-9999.99,-9999.99,-9999.99,-9999.99,-9999.99,-9999.99,-9999.99,-9999.99,-9999.99,-9999.99,-9999.99,-9999.99,-9999.99,3.71e-10,1.25e-09,4.21e-10,3.84e-10,2.13e-10,1.34e-10,8.1e-11,5.24e-11,2.75e-11,1.71e-11,8.8e-12,7.09e-12,-9999.99,-9999.99,-9999.99,-9999.99,-9999.99,-9999.99,-9999.99,-9999.99,-9999.99,-9999.99,-9999.99,-9999.99,-9999.99,-9999.99,-9999.99,4.0614e-10,2.3333e-10,1.3965e-10,8.4825e-11,4.8743e-11,3.0175e-11,-9999.99,-9999.99,-9999.99,-9999.99,-9999.99,-9999.99,-9999.99,-9999.99,-9999.99,-9999.99,-9999.99,-9999.99,-9999.99,-9999.99,-9999.99,-9999.99,1.22e-11,7e-12,4.19e-12,2.55e-12,1.47e-12,9.14e-13,-9999.99,-9999.99,-9999.99,-9999.99,-9999.99,-9999.99,-9999.99,-9999.99,-9999.99,-9999.99,-9999.99,-9999.99,-9999.99,-9999.99,-9999.99,-9999.99,40.285,0.073,42.045,0.073,-13.25,0.0,1.76,102001.0
11300,102000.0,724389.4,474925.9,44218.6097916667,1466.0,212.6,39.46,8.0,-1.955e-08,-5.5088e-08,1.9789e-08,1.6512e-08,9.3801e-09,6.617e-09,4.3918e-09,2.8333e-09,-9999.99,-9999.99,-9999.99,-9999.99,-9999.99,-9999.99,-9999.99,-9999.99,-9999.99,-9999.99,-9999.99,-9999.99,-9999.99,-9999.99,-9999.99,-9999.99,-9999.99,-9999.99,-9999.99,5.88e-10,1.66e-09,5.94e-10,4.95e-10,2.81e-10,1.99e-10,1.32e-10,8.53e-11,-9999.99,-9999.99,-9999.99,-9999.99,-9999.99,-9999.99,-9999.99,-9999.99,-9999.99,-9999.99,-9999.99,-9999.99,-9999.99,-9999.99,-9999.99,-9999.99,-9999.99,-9999.99,-9999.99,-9999.99,-9999.99,-9999.99,-9999.99,-9999.99,-9999.99,-9999.99,-9999.99,-9999.99,-9999.99,-9999.99,-9999.99,-9999.99,-9999.99,-9999.99,-9999.99,-9999.99,-9999.99,-9999.99,-9999.99,-9999.99,-9999.99,-9999.99,-9999.99,-9999.99,-9999.99,-9999.99,-9999.99,-9999.99,-9999.99,-9999.99,-9999.99,-9999.99,-9999.99,-9999.99,-9999.99,-9999.99,-9999.99,-9999.99,-9999.99,-9999.99,-9999.99,-9999.99,-9999.99,39.46,0.075,40.8,0.075,-13.25,0.0,1.34,102001.0
11414,102000.0,728049.7,473423.7,44218.6113773148,1566.0,193.7,60.68,24.0,-6.5205e-09,-2.3737e-08,6.7076e-09,6.2135e-09,3.8246e-09,2.8909e-09,1.9211e-09,1.2026e-09,7.1608e-10,4.0789e-10,2.2713e-10,1.1927e-10,6.1433e-11,3.9708e-11,2.1749e-11,-9999.99,-9999.99,-9999.99,-9999.99,-9999.99,-9999.99,-9999.99,-9999.99,-9999.99,-9999.99,-9999.99,-9999.99,1.96e-10,7.14e-10,2.03e-10,1.86e-10,1.15e-10,8.73e-11,5.78e-11,3.63e-11,2.16e-11,1.25e-11,7e-12,3.72e-12,2.14e-12,1.54e-12,1.7e-12,-9999.99,-9999.99,-9999.99,-9999.99,-9999.99,-9999.99,-9999.99,-9999.99,-9999.99,-9999.99,-9999.99,-9999.99,3.2368e-10,1.7751e-10,9.5263e-11,5.1257e-11,2.7325e-11,1.4965e-11,8.3012e-12,5.0468e-12,3.5673e-12,-9999.99,-9999.99,-9999.99,-9999.99,-9999.99,-9999.99,-9999.99,-9999.99,-9999.99,-9999.99,-9999.99,-9999.99,-9999.99,9.71e-12,5.33e-12,2.86e-12,1.54e-12,8.25e-13,4.55e-13,2.52e-13,1.54e-13,1.08e-13,-9999.99,-9999.99,-9999.99,-9999.99,-9999.99,-9999.99,-9999.99,-9999.99,-9999.99,-9999.99,-9999.99,-9999.99,-9999.99,60.68,0.0495,61.04,0.0495,-13.25,0.0,0.36,102001.0
11514,102100.0,727876.4,472646.3,44218.6133912037,1666.0,202.5,32.44,9.0,-3.2924e-08,-9.3363e-08,2.7968e-08,2.3725e-08,1.3883e-08,1.0784e-08,7.6404e-09,5.0409e-09,3.1491e-09,-9999.99,-9999.99,-9999.99,-9999.99,-9999.99,-9999.99,-9999.99,-9999.99,-9999.99,-9999.99,-9999.99,-9999.99,-9999.99,-9999.99,-9999.99,-9999.99,-9999.99,-9999.99,9.88e-10,2.8e-09,8.39e-10,7.12e-10,4.16e-10,3.24e-10,2.29e-10,1.51e-10,9.48e-11,-9999.99,-9999.99,-9999.99,-9999.99,-9999.99,-9999.99,-9999.99,-9999.99,-9999.99,-9999.99,-9999.99,-9999.99,-9999.99,-9999.99,-9999.99,-9999.99,-9999.99,-9999.99,-9999.99,-9999.99,-9999.99,-9999.99,-9999.99,-9999.99,-9999.99,-9999.99,-9999.99,-9999.99,-9999.99,-9999.99,-9999.99,-9999.99,-9999.99,-9999.99,-9999.99,-9999.99,-9999.99,-9999.99,-9999.99,-9999.99,-9999.99,-9999.99,-9999.99,-9999.99,-9999.99,-9999.99,-9999.99,-9999.99,-9999.99,-9999.99,-9999.99,-9999.99,-9999.99,-9999.99,-9999.99,-9999.99,-9999.99,-9999.99,-9999.99,-9999.99,-9999.99,-9999.99,32.44,0.09,34.45,0.09,-13.25,0.0,2.01,102101.0
11622,102100.0,725137.8,473473.3,44218.6149305556,1766.0,213.4,44.48,9.0,-1.5029e-08,-4.8801e-08,1.3617e-08,1.3608e-08,8.5994e-09,6.1287e-09,4.1404e-09,2.552e-09,1.4789e-09,-9999.99,-9999.99,-9999.99,-9999.99,-9999.99,-9999.99,-9999.99,-9999.99,-9999.99,-9999.99,-9999.99,-9999.99,-9999.99,-9999.99,-9999.99,-9999.99,-9999.99,-9999.99,4.52e-10,1.47e-09,4.1e-10,4.1e-10,2.59e-10,1.85e-10,1.25e-10,7.73e-11,4.47e-11,-9999.99,-9999.99,-9999.99,-9999.99,-9999.99,-9999.99,-9999.99,-9999.99,-9999.99,-9999.99,-9999.99,-9999.99,-9999.99,-9999.99,-9999.99,-9999.99,-9999.99,-9999.99,-9999.99,-9999.99,-9999.99,-9999.99,-9999.99,-9999.99,-9999.99,-9999.99,-9999.99,-9999.99,-9999.99,-9999.99,-9999.99,-9999.99,-9999.99,-9999.99,-9999.99,-9999.99,-9999.99,-9999.99,-9999.99,-9999.99,-9999.99,-9999.99,-9999.99,-9999.99,-9999.99,-9999.99,-9999.99,-9999.99,-9999.99,-9999.99,-9999.99,-9999.99,-9999.99,-9999.99,-9999.99,-9999.99,-9999.99,-9999.99,-9999.99,-9999.99,-9999.99,-9999.99,44.48,0.067,47.17,0.067,-13.25,0.0,2.69,102101.0
11726,102100.0,723068.6,474654.1,44218.6162268519,1866.0,203.2,42.43,30.0,-1.4228e-08,-4.9006e-08,1.1725e-08,1.3547e-08,8.6608e-09,6.3333e-09,4.307e-09,2.7006e-09,1.5585e-09,8.8012e-10,4.5263e-10,2.2564e-10,1.0962e-10,-9999.99,-9999.99,-9999.99,-9999.99,-9999.99,-9999.99,-9999.99,-9999.99,-9999.99,-9999.99,-9999.99,-9999.99,-9999.99,-9999.99,4.28e-10,1.48e-09,3.54e-10,4.06e-10,2.6e-10,1.9e-10,1.29e-10,8.1e-11,4.69e-11,2.65e-11,1.36e-11,6.99e-12,3.64e-12,-9999.99,-9999.99,-9999.99,-9999.99,-9999.99,-9999.99,-9999.99,-9999.99,-9999.99,-9999.99,-9999.99,-9999.99,-9999.99,-9999.99,6.7076e-10,3.4883e-10,1.7418e-10,8.5614e-11,4.3216e-11,2.2784e-11,1.2865e-11,7.5117e-12,4.7222e-12,3.2368e-12,2.2734e-12,1.6447e-12,1.1901e-12,8.5526e-13,6.0205e-13,4.2982e-13,2.9041e-13,-9999.99,-9999.99,-9999.99,-9999.99,-9999.99,2.01e-11,1.05e-11,5.23e-12,2.57e-12,1.3e-12,6.84e-13,3.87e-13,2.27e-13,1.43e-13,9.81e-14,6.89e-14,5.02e-14,3.69e-14,2.72e-14,1.99e-14,1.52e-14,1.1e-14,-9999.99,-9999.99,-9999.99,-9999.99,-9999.99,42.43,0.069,45.05,0.069,-13.25,0.0,2.62,102101.0
11830,102100.0,720869.7,475595.8,44218.6174421296,1966.0,209.9,49.79,34.0,-1.1158e-08,-3.8246e-08,1.4991e-08,1.3658e-08,7.4766e-09,4.614e-09,2.6278e-09,1.2614e-09,5.7719e-10,2.2494e-10,9.4094e-11,4.155e-11,1.8313e-11,-9999.99,-9999.99,-9999.99,-9999.99,-9999.99,-9999.99,-9999.99,-9999.99,-9999.99,-9999.99,-9999.99,-9999.99,-9999.99,-9999.99,3.35e-10,1.15e-09,4.5e-10,4.1e-10,2.24e-10,1.39e-10,7.88e-11,3.8e-11,1.76e-11,7.22e-12,3.62e-12,2.65e-12,1.58e-12,-9999.99,-9999.99,-9999.99,-9999.99,-9999.99,-9999.99,-9999.99,-9999.99,-9999.99,-9999.99,-9999.99,-9999.99,-9999.99,-9999.99,2.0854e-10,7.9825e-11,3.3947e-11,1.8067e-11,1.1368e-11,8.0526e-12,5.8655e-12,4.3918e-12,3.3304e-12,2.5892e-12,1.9237e-12,1.4409e-12,1.0944e-12,8.4357e-13,5.8918e-13,3.9591e-13,2.6056e-13,1.7927e-13,1.1792e-13,6.1316e-14,4.693e-14,-9999.99,6.26e-12,2.39e-12,1.02e-12,5.46e-13,3.42e-13,2.45e-13,1.82e-13,1.36e-13,1.01e-13,7.95e-14,6.04e-14,4.55e-14,3.76e-14,2.67e-14,2.06e-14,1.44e-14,9.54e-15,9.34e-15,1.12e-14,1.08e-14,2.75e-14,-9999.99,49.79,0.059,51.88,0.059,-13.25,0.0,2.09,102101.0
11936,102100.0,717909.1,476865.6,44218.6191550926,2066.0,202.9,39.5,15.0,-1.9711e-08,-4.8187e-08,3.2719e-08,1.8737e-08,7.4591e-09,3.7661e-09,-9999.99,-9999.99,-9999.99,-9999.99,-9999.99,-9999.99,-9999.99,-9999.99,-9999.99,-9999.99,-9999.99,-9999.99,-9999.99,-9999.99,-9999.99,-9999.99,-9999.99,-9999.99,-9999.99,-9999.99,-9999.99,5.91e-10,1.45e-09,9.82e-10,5.62e-10,2.24e-10,1.13e-10,-9999.99,-9999.99,-9999.99,-9999.99,-9999.99,-9999.99,-9999.99,-9999.99,-9999.99,-9999.99,-9999.99,-9999.99,-9999.99,-9999.99,-9999.99,-9999.99,-9999.99,-9999.99,-9999.99,-9999.99,-9999.99,1.5968e-10,8.9269e-11,5.3743e-11,3.5643e-11,2.3693e-11,1.5444e-11,1.0982e-11,7.1784e-12,5.5e-12,-9999.99,-9999.99,-9999.99,-9999.99,-9999.99,-9999.99,-9999.99,-9999.99,-9999.99,-9999.99,-9999.99,-9999.99,-9999.99,4.79e-12,2.68e-12,1.61e-12,1.07e-12,7.13e-13,4.66e-13,3.29e-13,2.18e-13,1.69e-13,-9999.99,-9999.99,-9999.99,-9999.99,-9999.99,-9999.99,-9999.99,-9999.99,-9999.99,-9999.99,-9999.99,-9999.99,-9999.99,39.5,0.074,42.08,0.074,-13.25,0.0,2.58,102101.0
12038,102100.0,715468.5,477801.0,44218.620474537,2166.0,194.4,43.8,16.0,-1.3497e-08,-4.1111e-08,1.8263e-08,1.4863e-08,7.7368e-09,4.6316e-09,2.4994e-09,1.243e-09,5.6023e-10,3.0731e-10,1.5971e-10,-9999.99,-9999.99,-9999.99,-9999.99,-9999.99,-9999.99,-9999.99,-9999.99,-9999.99,-9999.99,-9999.99,-9999.99,-9999.99,-9999.99,-9999.99,-9999.99,4.08e-10,1.25e-09,5.5e-10,4.46e-10,2.32e-10,1.39e-10,7.52e-11,3.75e-11,1.7e-11,9.47e-12,5.08e-12,-9999.99,-9999.99,-9999.99,-9999.99,-9999.99,-9999.99,-9999.99,-9999.99,-9999.99,-9999.99,-9999.99,-9999.99,-9999.99,-9999.99,-9999.99,-9999.99,2.5813e-10,1.319e-10,7.6637e-11,4.9591e-11,-9999.99,-9999.99,-9999.99,-9999.99,-9999.99,-9999.99,-9999.99,3.1988e-12,-9999.99,-9999.99,-9999.99,-9999.99,-9999.99,-9999.99,-9999.99,-9999.99,-9999.99,-9999.99,7.74e-12,3.96e-12,2.3e-12,1.49e-12,-9999.99,-9999.99,-9999.99,-9999.99,-9999.99,-9999.99,-9999.99,9.88e-14,-9999.99,-9999.99,-9999.99,-9999.99,-9999.99,-9999.99,-9999.99,-9999.99,-9999.99,-9999.99,43.805,0.0665,46.53,0.0665,-13.25,0.0,2.73,102101.0
12144,102100.0,713484.4,478658.7,44218.6218865741,2266.0,199.3,65.06,34.0,-4.114e-09,-1.5506e-08,7.1667e-09,4.2778e-09,1.7713e-09,1.0629e-09,5.8129e-10,3.8333e-10,2.3614e-10,1.6632e-10,1.2184e-10,8.5731e-11,7.1842e-11,4.5526e-11,3.3947e-11,2.1637e-11,1.5982e-11,-9999.99,-9999.99,-9999.99,-9999.99,-9999.99,-9999.99,-9999.99,-9999.99,-9999.99,-9999.99,1.27e-10,4.74e-10,2.16e-10,1.29e-10,5.38e-11,3.35e-11,1.84e-11,1.2e-11,8.15e-12,6.1e-12,4.22e-12,3.2e-12,2.68e-12,3.11e-12,1.84e-12,5.67e-12,5.77e-11,-9999.99,-9999.99,-9999.99,-9999.99,-9999.99,-9999.99,-9999.99,-9999.99,-9999.99,-9999.99,1.4333e-10,1.0228e-10,7.5409e-11,5.3713e-11,3.8216e-11,2.7351e-11,1.7684e-11,1.2988e-11,8.7018e-12,6.8246e-12,5.152e-12,3.845e-12,2.5453e-12,1.7067e-12,1.1325e-12,8.4357e-13,5.8538e-13,-9999.99,-9999.99,-9999.99,-9999.99,-9999.99,4.3e-12,3.07e-12,2.26e-12,1.62e-12,1.15e-12,8.26e-13,5.38e-13,3.92e-13,2.7e-13,2.12e-13,1.62e-13,1.22e-13,8.17e-14,6.08e-14,3.98e-14,3.2e-14,2.32e-14,-9999.99,-9999.99,-9999.99,-9999.99,-9999.99,65.055,0.047,62.935,0.047,-13.25,0.0,-2.12,102101.0
12248,102100.0,711531.0,479410.9,44218.6231712963,2366.0,205.9,38.87,40.0,-4.0439e-09,-1.3863e-08,6.9737e-09,3.5848e-09,1.5871e-09,9.7836e-10,6.1199e-10,3.4298e-10,2.3234e-10,1.4371e-10,9.6696e-11,6.8596e-11,4.6433e-11,3.2749e-11,1.7865e-11,1.6988e-11,1.0424e-11,9.6754e-12,6.4942e-12,-9999.99,-9999.99,-9999.99,-9999.99,-9999.99,-9999.99,-9999.99,-9999.99,1.24e-10,4.33e-10,2.11e-10,1.08e-10,4.86e-11,3.08e-11,1.93e-11,1.09e-11,8.27e-12,5.2e-12,3.63e-12,2.65e-12,1.76e-12,1.37e-12,9.81e-13,1.06e-12,7.68e-13,8.2e-12,4.98e-13,-9999.99,-9999.99,-9999.99,-9999.99,-9999.99,-9999.99,-9999.99,-9999.99,1.25e-10,8.6901e-11,6.0789e-11,4.2018e-11,2.9269e-11,2.0912e-11,1.4655e-11,1.0749e-11,7.7544e-12,5.7398e-12,3.962e-12,2.793e-12,1.9208e-12,1.2722e-12,7.7368e-13,5.0731e-13,3.3275e-13,1.9246e-13,1.0754e-13,8.5468e-14,3.8713e-14,-9999.99,3.76e-12,2.61e-12,1.82e-12,1.26e-12,8.78e-13,6.27e-13,4.4e-13,3.22e-13,2.33e-13,1.73e-13,1.19e-13,8.43e-14,5.8e-14,3.88e-14,2.4e-14,1.59e-14,1.1e-14,7.35e-15,4.97e-15,7.89e-15,1.1e-14,-9999.99,38.87,0.076,40.585,0.076,-13.25,0.0,1.71,102101.0
12350,102100.0,709418.8,480303.3,44218.6243865741,2466.0,210.3,56.99,24.0,-7.1608e-09,-2.8184e-08,7.1696e-09,7.7105e-09,4.4649e-09,2.9942e-09,1.9427e-09,1.0673e-09,6.6404e-10,3.9532e-10,2.4585e-10,1.4901e-10,1.1082e-10,6.7398e-11,4.3187e-11,2.8468e-11,2.0877e-11,8.9181e-12,1.0237e-11,-9999.99,-9999.99,-9999.99,-9999.99,-9999.99,-9999.99,-9999.99,-9999.99,2.16e-10,8.48e-10,2.16e-10,2.31e-10,1.34e-10,9.04e-11,5.85e-11,3.23e-11,2.02e-11,1.21e-11,7.6e-12,4.66e-12,3.59e-12,2.48e-12,1.62e-12,1.55e-12,1.11e-12,6.09e-13,7.23e-13,-9999.99,-9999.99,-9999.99,-9999.99,-9999.99,-9999.99,-9999.99,-9999.99,3.4006e-10,2.1693e-10,1.4307e-10,9.6871e-11,-9999.99,-9999.99,-9999.99,2.2228e-11,-9999.99,-9999.99,-9999.99,-9999.99,-9999.99,-9999.99,-9999.99,-9999.99,-9999.99,-9999.99,-9999.99,-9999.99,-9999.99,-9999.99,1.02e-11,6.51e-12,4.29e-12,2.91e-12,-9999.99,-9999.99,-9999.99,6.69e-13,-9999.99,-9999.99,-9999.99,-9999.99,-9999.99,-9999.99,-9999.99,-9999.99,-9999.99,-9999.99,-9999.99,-9999.99,-9999.99,-9999.99,56.99,0.052,59.025,0.052,-13.25,0.0,2.03,102101.0
12456,102100.0,707092.9,481223.9,44218.6256597222,2566.0,201.9,33.62,44.0,-3.2398e-08,-1.0322e-07,2.6699e-08,2.8997e-08,1.6857e-08,1.1497e-08,7.6228e-09,4.769e-09,2.9678e-09,1.8702e-09,1.1626e-09,7.0058e-10,4.1842e-10,2.3699e-10,1.3684e-10,7.5789e-11,4.8684e-11,2.8319e-11,1.6374e-11,1.2556e-11,8.2427e-12,4.8421e-12,-9999.99,-9999.99,-9999.99,-9999.99,-9999.99,9.72e-10,3.1e-09,8.01e-10,8.7e-10,5.06e-10,3.45e-10,2.29e-10,1.43e-10,8.9e-11,5.61e-11,3.49e-11,2.1e-11,1.26e-11,7.2e-12,4.17e-12,2.3e-12,1.49e-12,8.95e-13,5.29e-13,4.39e-13,2.88e-13,2.32e-13,-9999.99,-9999.99,-9999.99,-9999.99,-9999.99,1.4959e-09,9.2953e-10,5.7339e-10,3.4912e-10,2.1114e-10,1.286e-10,7.9591e-11,5.0497e-11,3.2749e-11,2.1278e-11,1.3868e-11,8.8889e-12,5.5614e-12,3.3947e-12,1.969e-12,1.1675e-12,6.3977e-13,3.4971e-13,1.9766e-13,1.0599e-13,7.5819e-14,5.0351e-14,4.49e-11,2.79e-11,1.72e-11,1.05e-11,6.33e-12,3.86e-12,2.39e-12,1.51e-12,9.82e-13,6.38e-13,4.16e-13,2.67e-13,1.67e-13,1.02e-13,5.95e-14,3.56e-14,2.01e-14,1.14e-14,7.63e-15,5.58e-15,6.26e-15,2.59e-13,33.615,0.086,36.35,0.086,-13.25,0.0,2.74,102101.0
12560,102200.0,708028.6,479929.6,44218.6276851852,2666.0,219.6,39.27,41.0,-1.5863e-08,-2.4766e-08,2.0503e-08,5.8041e-09,2.2523e-09,1.6196e-09,1.0661e-09,7.3801e-10,5.7953e-10,4.1053e-10,2.8076e-10,1.7921e-10,1.2658e-10,7.1023e-11,4.8333e-11,3.4591e-11,2.2491e-11,1.7178e-11,1.1205e-11,7.9064e-12,6.4591e-12,-9999.99,-9999.99,-9999.99,-9999.99,-9999.99,-9999.99,4.76e-10,7.45e-10,6.15e-10,1.74e-10,6.8e-11,4.92e-11,3.25e-11,2.25e-11,1.75e-11,1.26e-11,8.65e-12,5.59e-12,3.91e-12,2.27e-12,1.81e-12,1.11e-12,7.8e-13,6.22e-13,4.9e-13,4.07e-13,3.58e-13,-9999.99,-9999.99,-9999.99,-9999.99,-9999.99,-9999.99,3.1754e-10,2.2596e-10,1.5754e-10,1.0816e-10,7.2573e-11,4.9006e-11,3.2749e-11,2.2637e-11,1.6196e-11,1.1477e-11,7.7778e-12,5.3684e-12,3.652e-12,2.333e-12,1.5187e-12,9.6813e-13,5.5556e-13,3.5965e-13,2.1152e-13,1.4161e-13,-9999.99,-9999.99,9.53e-12,6.78e-12,4.73e-12,3.24e-12,2.18e-12,1.47e-12,9.82e-13,6.79e-13,4.86e-13,3.44e-13,2.34e-13,1.62e-13,1.1e-13,7.05e-14,4.62e-14,2.97e-14,1.83e-14,1.19e-14,8.14e-15,8.11e-15,-9999.99,-9999.99,39.275,0.075,40.985,0.075,-13.25,0.0,1.71,102201.0
12664,102200.0,711529.0,478470.3,44218.6291435185,2766.0,239.9,61.74,37.0,-3.5994e-09,-7.8099e-09,6.6696e-09,1.9977e-09,7.2251e-10,4.4357e-10,1.3658e-10,1.148e-10,8.4795e-11,6.4825e-11,4.269e-11,3.6316e-11,2.0491e-11,1.5409e-11,9.7573e-12,-9999.99,-9999.99,-9999.99,-9999.99,-9999.99,-9999.99,-9999.99,-9999.99,-9999.99,-9999.99,-9999.99,-9999.99,1.13e-10,2.75e-10,2.01e-10,6.05e-11,2.3e-11,1.66e-11,6.6e-12,1.49e-11,3.95e-12,3.58e-12,7.04e-12,3.32e-12,7.81e-12,1.08e-12,3.54e-12,-9999.99,-9999.99,-9999.99,-9999.99,-9999.99,-9999.99,-9999.99,-9999.99,-9999.99,-9999.99,-9999.99,-9999.99,4.7018e-11,3.5643e-11,2.8681e-11,2.0772e-11,1.4904e-11,1.0696e-11,7.8889e-12,5.9649e-12,4.5526e-12,3.3918e-12,2.6351e-12,2.0518e-12,1.5067e-12,1.1249e-12,8.0058e-13,5.617e-13,3.8918e-13,2.7243e-13,1.5985e-13,1.0114e-13,7.8801e-14,4.5146e-14,1.43e-12,1.08e-12,8.63e-13,6.25e-13,4.5e-13,3.23e-13,2.38e-13,1.8e-13,1.37e-13,1.02e-13,7.96e-14,6.2e-14,4.57e-14,3.43e-14,2.48e-14,1.77e-14,1.22e-14,9.21e-15,6.07e-15,4.64e-15,1.65e-14,4.65e-15,61.745,0.0475,64.295,0.048,-13.25,0.0,2.55,102201.0
12770,102200.0,715386.5,476932.1,44218.6307175926,2866.0,195.1,45.19,37.0,-1.1982e-08,-3.1637e-08,1.9684e-08,1.1804e-08,4.9211e-09,2.6681e-09,1.2865e-09,6.193e-10,2.9942e-10,1.7406e-10,9.8626e-11,7.4064e-11,5.2661e-11,3.9415e-11,2.5301e-11,-9999.99,-9999.99,-9999.99,-9999.99,-9999.99,-9999.99,-9999.99,-9999.99,-9999.99,-9999.99,-9999.99,-9999.99,3.61e-10,9.52e-10,5.91e-10,3.54e-10,1.48e-10,8.06e-11,3.9e-11,1.92e-11,9.25e-12,6.18e-12,3.53e-12,2.69e-12,1.87e-12,1.45e-12,1.11e-12,-9999.99,-9999.99,-9999.99,-9999.99,-9999.99,-9999.99,-9999.99,-9999.99,-9999.99,-9999.99,-9999.99,-9999.99,1.5412e-10,9.2251e-11,6.0994e-11,4.2368e-11,2.9269e-11,2.0076e-11,1.4079e-11,1.0091e-11,7.1579e-12,5.3041e-12,4.117e-12,3.0322e-12,2.3281e-12,1.6687e-12,1.1944e-12,7.924e-13,5.1082e-13,3.1345e-13,1.8728e-13,1.0389e-13,5.5673e-14,4.0585e-14,4.62e-12,2.77e-12,1.83e-12,1.27e-12,8.78e-13,6.04e-13,4.24e-13,3.04e-13,2.15e-13,1.6e-13,1.24e-13,9.13e-14,7.01e-14,5.04e-14,3.63e-14,2.42e-14,1.58e-14,1.01e-14,6.59e-15,4.04e-15,1e-14,2.34e-13,45.185,0.066,46.805,0.066,-13.25,0.0,1.62,102201.0
12872,102200.0,718559.4,475616.0,44218.632037037,2966.0,217.9,41.98,30.0,-1.1503e-08,-9.6082e-09,1.957e-08,3.5409e-09,6.0468e-10,2.4082e-10,1.3041e-10,1.0991e-10,-9999.99,-9999.99,-9999.99,-9999.99,-9999.99,-9999.99,-9999.99,-9999.99,-9999.99,-9999.99,-9999.99,-9999.99,-9999.99,-9999.99,-9999.99,-9999.99,-9999.99,-9999.99,-9999.99,3.52e-10,4.07e-10,5.89e-10,1.07e-10,2.03e-11,1.32e-11,2.71e-11,9.31e-12,-9999.99,-9999.99,-9999.99,-9999.99,-9999.99,-9999.99,-9999.99,-9999.99,-9999.99,-9999.99,-9999.99,-9999.99,-9999.99,-9999.99,-9999.99,-9999.99,-9999.99,-9999.99,-9999.99,2.8643e-11,2.3216e-11,1.8567e-11,1.3985e-11,1.0994e-11,8.2982e-12,5.7515e-12,4.462e-12,3.2251e-12,2.4605e-12,2.1023e-12,1.5816e-12,1.2959e-12,9.2953e-13,7.0673e-13,5.0409e-13,3.4444e-13,2.4386e-13,1.3401e-13,1.1611e-13,5.5322e-14,5.7719e-14,9.45e-13,7.03e-13,5.61e-13,4.46e-13,3.43e-13,2.55e-13,1.75e-13,1.35e-13,9.84e-14,7.5e-14,6.37e-14,4.82e-14,3.97e-14,2.85e-14,2.15e-14,1.55e-14,1.11e-14,9.83e-15,5.25e-15,9.89e-15,5.75e-15,5.89e-15,41.975,0.07,44.06,0.07,-13.25,0.0,2.09,102201.0
12984,102200.0,722775.9,473863.4,44218.6337847222,3066.0,203.9,45.52,34.0,-1.3137e-08,-4.3304e-08,1.3784e-08,1.3693e-08,8.2339e-09,5.6316e-09,3.6345e-09,2.098e-09,1.1096e-09,5.5994e-10,2.7711e-10,1.3623e-10,6.8275e-11,4.2602e-11,-9999.99,-9999.99,-9999.99,-9999.99,-9999.99,-9999.99,-9999.99,-9999.99,-9999.99,-9999.99,-9999.99,-9999.99,-9999.99,3.94e-10,1.3e-09,4.14e-10,4.11e-10,2.47e-10,1.69e-10,1.09e-10,6.31e-11,3.34e-11,1.7e-11,8.42e-12,4.39e-12,2.16e-12,1.72e-12,-9999.99,-9999.99,-9999.99,-9999.99,-9999.99,-9999.99,-9999.99,-9999.99,-9999.99,-9999.99,-9999.99,-9999.99,-9999.99,4.5175e-10,2.1526e-10,1.0234e-10,5.0175e-11,2.598e-11,1.4784e-11,8.9678e-12,5.8392e-12,3.848e-12,2.6494e-12,2.0038e-12,1.4807e-12,1.1456e-12,8.8772e-13,6.6959e-13,4.155e-13,3.1316e-13,1.7289e-13,1.4564e-13,1.0389e-13,-9999.99,-9999.99,1.36e-11,6.46e-12,3.07e-12,1.51e-12,7.79e-13,4.45e-13,2.7e-13,1.77e-13,1.17e-13,8.11e-14,6.13e-14,4.58e-14,3.54e-14,2.8e-14,2.15e-14,1.45e-14,1.29e-14,7.38e-15,8.37e-15,6.35e-15,-9999.99,-9999.99,45.515,0.065,47.525,0.064,-13.25,0.0,2.01,102201.0
13094,102200.0,725903.1,472582.4,44218.6350810185,3166.0,207.7,36.98,9.0,-2.495e-08,-7.0146e-08,2.7061e-08,2.1974e-08,1.2538e-08,8.1784e-09,5.0614e-09,2.7076e-09,1.5915e-09,-9999.99,-9999.99,-9999.99,-9999.99,-9999.99,-9999.99,-9999.99,-9999.99,-9999.99,-9999.99,-9999.99,-9999.99,-9999.99,-9999.99,-9999.99,-9999.99,-9999.99,-9999.99,7.48e-10,2.1e-09,8.12e-10,6.59e-10,3.76e-10,2.45e-10,1.52e-10,8.15e-11,4.77e-11,-9999.99,-9999.99,-9999.99,-9999.99,-9999.99,-9999.99,-9999.99,-9999.99,-9999.99,-9999.99,-9999.99,-9999.99,-9999.99,-9999.99,-9999.99,-9999.99,-9999.99,-9999.99,-9999.99,-9999.99,-9999.99,-9999.99,-9999.99,-9999.99,-9999.99,-9999.99,-9999.99,-9999.99,-9999.99,-9999.99,-9999.99,-9999.99,-9999.99,-9999.99,-9999.99,-9999.99,-9999.99,-9999.99,-9999.99,-9999.99,-9999.99,-9999.99,-9999.99,-9999.99,-9999.99,-9999.99,-9999.99,-9999.99,-9999.99,-9999.99,-9999.99,-9999.99,-9999.99,-9999.99,-9999.99,-9999.99,-9999.99,-9999.99,-9999.99,-9999.99,-9999.99,-9999.99,36.98,0.079,39.22,0.079,-13.25,0.0,2.24,102201.0
13200,102300.0,728019.1,470884.3,44218.6367939815,3266.0,183.9,54.5,34.0,-8.1696e-09,-3.231e-08,7.0409e-09,8.3772e-09,5.4591e-09,4.0556e-09,2.8541e-09,1.7924e-09,1.0629e-09,6.1491e-10,3.3129e-10,1.7108e-10,-9999.99,-9999.99,-9999.99,-9999.99,-9999.99,-9999.99,-9999.99,-9999.99,-9999.99,-9999.99,-9999.99,-9999.99,-9999.99,-9999.99,-9999.99,2.49e-10,9.76e-10,2.12e-10,2.51e-10,1.64e-10,1.22e-10,8.59e-11,5.4e-11,3.2e-11,1.86e-11,1.01e-11,5.46e-12,-9999.99,-9999.99,-9999.99,-9999.99,-9999.99,-9999.99,-9999.99,-9999.99,-9999.99,-9999.99,-9999.99,-9999.99,-9999.99,-9999.99,-9999.99,4.5994e-10,2.4901e-10,1.2994e-10,6.4883e-11,3.2573e-11,1.9693e-11,1.5354e-11,8.8977e-12,7.0322e-12,4.6082e-12,3.8713e-12,3.117e-12,2.3784e-12,1.7161e-12,1.3585e-12,1.126e-12,7.7807e-13,5.5351e-13,3.5e-13,2.4684e-13,1.3137e-13,7.6462e-14,1.38e-11,7.47e-12,3.9e-12,1.95e-12,9.8e-13,5.93e-13,4.62e-13,2.73e-13,2.13e-13,1.4e-13,1.18e-13,9.41e-14,7.14e-14,5.23e-14,4.22e-14,3.55e-14,2.45e-14,1.74e-14,1.18e-14,8.39e-15,6.13e-15,5.29e-15,54.5,0.0545,56.54,0.0545,-13.25,0.0,2.04,102301.0
13308,102300.0,725949.5,471712.5,44218.6381018519,3366.0,204.9,35.95,29.0,-2.5307e-08,-6.6637e-08,3.5088e-08,2.5146e-08,1.2272e-08,7.1959e-09,3.9708e-09,1.9579e-09,9.3713e-10,3.9912e-10,1.7474e-10,7.4883e-11,-9999.99,-9999.99,-9999.99,-9999.99,-9999.99,-9999.99,-9999.99,-9999.99,-9999.99,-9999.99,-9999.99,-9999.99,-9999.99,-9999.99,-9999.99,7.62e-10,2e-09,1.05e-09,7.54e-10,3.68e-10,2.16e-10,1.19e-10,5.87e-11,2.83e-11,1.23e-11,5.75e-12,2.49e-12,-9999.99,-9999.99,-9999.99,-9999.99,-9999.99,-9999.99,-9999.99,-9999.99,-9999.99,-9999.99,-9999.99,-9999.99,-9999.99,-9999.99,-9999.99,3.3889e-10,1.4053e-10,6.0526e-11,2.8459e-11,1.5079e-11,9.2895e-12,5.9152e-12,4.0906e-12,3.0351e-12,2.2342e-12,1.7091e-12,1.164e-12,9.2485e-13,7.2749e-13,5.6608e-13,4.1462e-13,3.9591e-13,-9999.99,-9999.99,-9999.99,-9999.99,-9999.99,1.02e-11,4.22e-12,1.82e-12,8.57e-13,4.54e-13,2.8e-13,1.82e-13,1.25e-13,9.26e-14,6.86e-14,5.37e-14,3.78e-14,3.02e-14,2.58e-14,1.96e-14,1.52e-14,1.71e-14,-9999.99,-9999.99,-9999.99,-9999.99,-9999.99,35.95,0.081,38.04,0.081,-13.25,0.0,2.09,102301.0
13416,102300.0,723714.2,472640.8,44218.6395138889,3466.0,205.2,39.62,11.0,-1.9029e-08,-6.0058e-08,1.6114e-08,1.626e-08,1.0219e-08,7.6257e-09,5.2076e-09,3.2281e-09,1.9158e-09,1.0883e-09,5.9942e-10,-9999.99,-9999.99,-9999.99,-9999.99,-9999.99,-9999.99,-9999.99,-9999.99,-9999.99,-9999.99,-9999.99,-9999.99,-9999.99,-9999.99,-9999.99,-9999.99,5.71e-10,1.81e-09,4.83e-10,4.88e-10,3.07e-10,2.29e-10,1.56e-10,9.68e-11,5.75e-11,3.3e-11,1.88e-11,-9999.99,-9999.99,-9999.99,-9999.99,-9999.99,-9999.99,-9999.99,-9999.99,-9999.99,-9999.99,-9999.99,-9999.99,-9999.99,-9999.99,-9999.99,-9999.99,-9999.99,-9999.99,-9999.99,-9999.99,-9999.99,-9999.99,-9999.99,-9999.99,-9999.99,-9999.99,-9999.99,-9999.99,-9999.99,-9999.99,-9999.99,-9999.99,-9999.99,-9999.99,-9999.99,-9999.99,-9999.99,-9999.99,-9999.99,-9999.99,-9999.99,-9999.99,-9999.99,-9999.99,-9999.99,-9999.99,-9999.99,-9999.99,-9999.99,-9999.99,-9999.99,-9999.99,-9999.99,-9999.99,-9999.99,-9999.99,-9999.99,-9999.99,-9999.99,-9999.99,39.62,0.074,41.81,0.074,-13.25,0.0,2.19,102301.0
13520,102300.0,721426.6,473541.4,44218.6408101852,3566.0,214.7,35.03,27.0,-2.686e-08,-7.6462e-08,3.6404e-08,2.9474e-08,1.4778e-08,8.4357e-09,4.4854e-09,1.9804e-09,8e-10,3.0292e-10,1.1284e-10,4.2573e-11,-9999.99,-9999.99,-9999.99,-9999.99,-9999.99,-9999.99,-9999.99,-9999.99,-9999.99,-9999.99,-9999.99,-9999.99,-9999.99,-9999.99,-9999.99,8.08e-10,2.3e-09,1.09e-09,8.84e-10,4.43e-10,2.53e-10,1.35e-10,5.96e-11,2.42e-11,9.27e-12,4.14e-12,4.77e-12,-9999.99,-9999.99,-9999.99,-9999.99,-9999.99,-9999.99,-9999.99,-9999.99,-9999.99,-9999.99,-9999.99,-9999.99,-9999.99,-9999.99,-9999.99,-9999.99,-9999.99,3.4474e-11,1.8231e-11,1.3345e-11,1.064e-11,7.5058e-12,6.1959e-12,5.2602e-12,3.1579e-12,2.4909e-12,1.7398e-12,1.593e-12,1.2234e-12,8.4123e-13,7.0234e-13,4.769e-13,-9999.99,-9999.99,-9999.99,-9999.99,-9999.99,-9999.99,-9999.99,1.04e-12,5.52e-13,4.03e-13,3.21e-13,2.29e-13,1.87e-13,1.59e-13,9.66e-14,7.57e-14,5.29e-14,4.89e-14,3.79e-14,2.62e-14,2.25e-14,1.55e-14,-9999.99,-9999.99,-9999.99,-9999.99,-9999.99,35.035,0.083,37.56,0.083,-13.25,0.0,2.53,102301.0
13626,102300.0,719297.4,474474.5,44218.6421759259,3666.0,216.1,33.76,29.0,-2.2386e-08,-2.0111e-08,3.4942e-08,6.4737e-09,1.2462e-09,5.3187e-10,1.9026e-10,1.055e-10,-9999.99,-9999.99,-9999.99,-9999.99,-9999.99,-9999.99,-9999.99,-9999.99,-9999.99,-9999.99,-9999.99,-9999.99,-9999.99,-9999.99,-9999.99,-9999.99,-9999.99,-9999.99,-9999.99,6.72e-10,6.09e-10,1.05e-09,1.94e-10,3.88e-11,1.86e-11,7.61e-12,5.76e-12,-9999.99,-9999.99,-9999.99,-9999.99,-9999.99,-9999.99,-9999.99,-9999.99,-9999.99,-9999.99,-9999.99,-9999.99,-9999.99,-9999.99,-9999.99,-9999.99,-9999.99,-9999.99,-9999.99,3.3655e-11,2.6108e-11,2.0383e-11,1.5225e-11,1.1655e-11,8.6871e-12,6.5585e-12,4.731e-12,3.4035e-12,2.4678e-12,2.1173e-12,1.7284e-12,1.324e-12,1.0398e-12,7.348e-13,5.269e-13,4.0614e-13,2.4792e-13,1.9757e-13,9.4444e-14,9.1053e-14,-9999.99,1.02e-12,7.88e-13,6.2e-13,4.58e-13,3.52e-13,2.63e-13,2.02e-13,1.45e-13,1.05e-13,7.63e-14,6.5e-14,5.31e-14,4.13e-14,3.22e-14,2.37e-14,1.73e-14,1.44e-14,9.2e-15,7.92e-15,6.19e-15,6.1e-15,-9999.99,33.755,0.086,35.76,0.086,-13.25,0.0,2.01,102301.0
13730,102300.0,716565.2,475602.3,44218.6437152778,3766.0,188.7,47.91,32.0,-7.1813e-09,-1.8029e-08,1.4205e-08,6.114e-09,1.8301e-09,8.7573e-10,3.7515e-10,1.8766e-10,1.1778e-10,8.4298e-11,-9999.99,-9999.99,-9999.99,-9999.99,-9999.99,-9999.99,-9999.99,-9999.99,-9999.99,-9999.99,-9999.99,-9999.99,-9999.99,-9999.99,-9999.99,-9999.99,-9999.99,2.16e-10,5.44e-10,4.26e-10,1.83e-10,5.56e-11,2.81e-11,1.24e-11,6.79e-12,4.48e-12,4.15e-12,-9999.99,-9999.99,-9999.99,-9999.99,-9999.99,-9999.99,-9999.99,-9999.99,-9999.99,-9999.99,-9999.99,-9999.99,-9999.99,-9999.99,-9999.99,-9999.99,-9999.99,6.4298e-11,4.6462e-11,3.4649e-11,2.5269e-11,1.8196e-11,1.3357e-11,9.4825e-12,6.8509e-12,5.1696e-12,3.9591e-12,2.9912e-12,2.3912e-12,1.7553e-12,1.3547e-12,9.5058e-13,6.7222e-13,4.7222e-13,2.8392e-13,1.7319e-13,9.9123e-14,6.7427e-14,4.4123e-14,1.94e-12,1.4e-12,1.04e-12,7.63e-13,5.55e-13,4.02e-13,2.85e-13,2.06e-13,1.56e-13,1.19e-13,9e-14,7.22e-14,5.3e-14,4.09e-14,2.88e-14,2.08e-14,1.46e-14,9.17e-15,5.96e-15,4.36e-15,3.84e-15,5.47e-15,47.905,0.0615,50.21,0.0615,-13.25,0.0,2.3,102301.0
13832,102300.0,714309.3,476525.2,44218.6449537037,3866.0,198.0,47.24,35.0,-1.2833e-08,-4.0409e-08,1.6918e-08,1.3719e-08,6.9064e-09,4.1462e-09,2.2737e-09,1.1392e-09,5.7047e-10,2.6711e-10,1.6573e-10,8.693e-11,6.7544e-11,-9999.99,-9999.99,-9999.99,-9999.99,-9999.99,-9999.99,-9999.99,-9999.99,-9999.99,-9999.99,-9999.99,-9999.99,-9999.99,-9999.99,3.89e-10,1.22e-09,5.09e-10,4.12e-10,2.07e-10,1.25e-10,6.84e-11,3.45e-11,1.74e-11,8.28e-12,5.22e-12,2.9e-12,2.32e-12,-9999.99,-9999.99,-9999.99,-9999.99,-9999.99,-9999.99,-9999.99,-9999.99,-9999.99,-9999.99,-9999.99,-9999.99,-9999.99,-9999.99,2.4763e-10,1.3094e-10,7.8246e-11,5.117e-11,3.4298e-11,2.3523e-11,1.6284e-11,1.1064e-11,8e-12,5.6871e-12,4.2076e-12,3.2018e-12,2.3939e-12,1.7491e-12,1.2412e-12,8.7105e-13,5.2749e-13,3.4971e-13,1.9792e-13,1.119e-13,7.7047e-14,4.6988e-14,7.43e-12,3.93e-12,2.35e-12,1.54e-12,1.03e-12,7.08e-13,4.89e-13,3.33e-13,2.41e-13,1.71e-13,1.27e-13,9.61e-14,7.23e-14,5.28e-14,3.77e-14,2.68e-14,1.61e-14,1.11e-14,6.55e-15,4.25e-15,3.64e-15,4.04e-15,47.24,0.062,49.575,0.062,-13.25,0.0,2.34,102301.0
13934,102300.0,712123.1,477403.9,44218.6462268519,3966.0,209.8,43.22,38.0,-1.045e-08,-1.9444e-08,1.8646e-08,5.7807e-09,1.5246e-09,7.3626e-10,4.4006e-10,2.6199e-10,1.9032e-10,1.567e-10,1.0523e-10,6.7251e-11,5.117e-11,3.7193e-11,2.5678e-11,1.9772e-11,-9999.99,-9999.99,-9999.99,-9999.99,-9999.99,-9999.99,-9999.99,-9999.99,-9999.99,-9999.99,-9999.99,3.14e-10,5.85e-10,5.59e-10,1.74e-10,4.77e-11,2.34e-11,1.41e-11,8.54e-12,6.41e-12,5.91e-12,3.65e-12,2.25e-12,1.94e-12,2.22e-12,1.17e-12,8.38e-13,-9999.99,-9999.99,-9999.99,-9999.99,-9999.99,-9999.99,-9999.99,-9999.99,-9999.99,-9999.99,-9999.99,1.2105e-10,9e-11,6.7193e-11,4.8977e-11,3.5058e-11,2.4827e-11,1.712e-11,1.2275e-11,8.7544e-12,6.5263e-12,4.8538e-12,3.6637e-12,2.7722e-12,1.9342e-12,1.3719e-12,9.8392e-13,5.8772e-13,3.7047e-13,2.1599e-13,1.3623e-13,7.4474e-14,4.4737e-14,3.63e-12,2.7e-12,2.02e-12,1.47e-12,1.05e-12,7.45e-13,5.14e-13,3.68e-13,2.63e-13,1.96e-13,1.46e-13,1.11e-13,8.34e-14,5.82e-14,4.14e-14,2.99e-14,1.81e-14,1.19e-14,7.26e-15,5.14e-15,4.11e-15,3.24e-15,43.22,0.07,42.485,0.07,-13.25,0.0,-0.73,102301.0
14040,102300.0,709927.3,478311.9,44218.6477430556,4066.0,239.4,40.13,32.0,-4.7456e-09,-7.6754e-09,8.1082e-09,2.005e-09,6.9035e-10,3.6023e-10,2.0491e-10,1.5313e-10,8.5556e-11,5.1433e-11,-9999.99,-9999.99,-9999.99,-9999.99,-9999.99,-9999.99,-9999.99,-9999.99,-9999.99,-9999.99,-9999.99,-9999.99,-9999.99,-9999.99,-9999.99,-9999.99,-9999.99,1.43e-10,2.39e-10,2.43e-10,6.08e-11,2.24e-11,1.44e-11,8.38e-12,7.87e-12,4.19e-12,3.18e-12,-9999.99,-9999.99,-9999.99,-9999.99,-9999.99,-9999.99,-9999.99,-9999.99,-9999.99,-9999.99,-9999.99,-9999.99,-9999.99,-9999.99,-9999.99,-9999.99,-9999.99,5.231e-11,3.8421e-11,2.8924e-11,2.1096e-11,1.5564e-11,1.1813e-11,8.6667e-12,6.9532e-12,5.231e-12,3.9123e-12,3.0819e-12,2.3573e-12,1.7056e-12,1.2161e-12,8.076e-13,5.5351e-13,3.5497e-13,2.1664e-13,1.2898e-13,9.7544e-14,6.0029e-14,3.7339e-14,1.57e-12,1.16e-12,8.71e-13,6.35e-13,4.7e-13,3.56e-13,2.62e-13,2.1e-13,1.58e-13,1.18e-13,9.34e-14,7.12e-14,5.13e-14,3.68e-14,2.5e-14,1.73e-14,1.19e-14,7.24e-15,4.9e-15,8.62e-15,1.15e-14,6.12e-15,40.13,0.075,42.19,0.0745,-13.25,0.0,2.06,102301.0
14144,102300.0,707584.1,479251.4,44218.6491435185,4166.0,239.2,44.66,30.0,-8.5789e-09,-9.4766e-09,1.0605e-08,1.6509e-09,6.3041e-10,5.2953e-10,3.8421e-10,2.7327e-10,-9999.99,-9999.99,-9999.99,-9999.99,-9999.99,-9999.99,-9999.99,-9999.99,-9999.99,-9999.99,-9999.99,-9999.99,-9999.99,-9999.99,-9999.99,-9999.99,-9999.99,-9999.99,-9999.99,2.59e-10,3.03e-10,3.19e-10,5.04e-11,2.16e-11,1.81e-11,1.23e-11,9.18e-12,-9999.99,-9999.99,-9999.99,-9999.99,-9999.99,-9999.99,-9999.99,-9999.99,-9999.99,-9999.99,-9999.99,-9999.99,-9999.99,-9999.99,-9999.99,-9999.99,-9999.99,-9999.99,-9999.99,1.4257e-10,1.0857e-10,8.0789e-11,5.9327e-11,4.1813e-11,2.9444e-11,2.0626e-11,1.512e-11,1.0468e-11,7.7602e-12,5.6842e-12,4.193e-12,2.9766e-12,2.0787e-12,1.3751e-12,8.6228e-13,5.807e-13,3.3012e-13,2.0503e-13,9.0936e-14,6.3363e-14,3.4298e-14,4.28e-12,3.26e-12,2.42e-12,1.78e-12,1.25e-12,8.83e-13,6.21e-13,4.55e-13,3.14e-13,2.33e-13,1.71e-13,1.26e-13,8.96e-14,6.28e-14,4.18e-14,2.62e-14,1.81e-14,1.06e-14,7.26e-15,4.29e-15,5.92e-15,8.4e-15,45.15,0.0645,47.835,0.0645,-13.25,0.0,2.69,102301.0
14244,102300.0,705509.0,480142.9,44218.6503009259,4266.0,199.7,38.04,39.0,-2.1254e-08,-6.0614e-08,1.8924e-08,1.3722e-08,7.5088e-09,5.5789e-09,4.1257e-09,2.9035e-09,1.9915e-09,1.2731e-09,8.9795e-10,5.7573e-10,3.5731e-10,2.1082e-10,1.2003e-10,6.8947e-11,5.269e-11,-9999.99,-9999.99,-9999.99,-9999.99,-9999.99,-9999.99,-9999.99,-9999.99,-9999.99,-9999.99,6.38e-10,1.82e-09,5.7e-10,4.12e-10,2.26e-10,1.67e-10,1.24e-10,8.71e-11,5.97e-11,3.82e-11,2.7e-11,1.73e-11,1.08e-11,6.37e-12,3.67e-12,2.1e-12,1.61e-12,-9999.99,-9999.99,-9999.99,-9999.99,-9999.99,-9999.99,-9999.99,-9999.99,-9999.99,-9999.99,1.0734e-09,7.2222e-10,4.8509e-10,3.0614e-10,1.8365e-10,1.1132e-10,7.6082e-11,5.6901e-11,3.7427e-11,2.157e-11,1.731e-11,9.8772e-12,6.7193e-12,4.0673e-12,2.4336e-12,1.3635e-12,7.8333e-13,4.2544e-13,2.2582e-13,1.1456e-13,7.3713e-14,3.9357e-14,3.22e-11,2.17e-11,1.46e-11,9.18e-12,5.51e-12,3.34e-12,2.28e-12,1.71e-12,1.12e-12,6.47e-13,5.19e-13,2.96e-13,2.02e-13,1.22e-13,7.33e-14,4.12e-14,2.39e-14,1.32e-14,7.59e-15,4.55e-15,3.82e-15,8.7e-15,37.775,0.077,39.765,0.077,-13.25,0.0,1.99,102301.0
14353,102400.0,706832.0,478750.4,44218.6528125,4366.0,226.5,51.84,24.0,-5.845e-09,-1.0459e-08,7.8187e-09,1.8249e-09,8.307e-10,7.1316e-10,4.6579e-10,3.6228e-10,-9999.99,-9999.99,-9999.99,8.7047e-11,-9999.99,-9999.99,-9999.99,-9999.99,-9999.99,-9999.99,-9999.99,-9999.99,-9999.99,-9999.99,-9999.99,-9999.99,-9999.99,-9999.99,-9999.99,1.78e-10,3.35e-10,2.36e-10,5.55e-11,2.76e-11,2.47e-11,1.56e-11,1.2e-11,-9999.99,-9999.99,-9999.99,3.26e-12,-9999.99,-9999.99,-9999.99,-9999.99,-9999.99,-9999.99,-9999.99,-9999.99,-9999.99,-9999.99,-9999.99,-9999.99,-9999.99,-9999.99,-9999.99,1.5804e-10,1.2553e-10,9.576e-11,6.9532e-11,5.114e-11,3.6345e-11,2.7076e-11,1.7927e-11,1.2962e-11,9.3596e-12,7.0088e-12,4.9883e-12,3.4094e-12,2.383e-12,1.6193e-12,-9999.99,-9999.99,-9999.99,-9999.99,-9999.99,-9999.99,-9999.99,4.74e-12,3.77e-12,2.87e-12,2.09e-12,1.53e-12,1.09e-12,8.12e-13,5.38e-13,3.89e-13,2.82e-13,2.11e-13,1.5e-13,1.03e-13,7.24e-14,4.99e-14,-9999.99,-9999.99,-9999.99,-9999.99,-9999.99,-9999.99,-9999.99,51.835,0.057,53.765,0.057,-13.25,0.0,1.93,102401.0
14461,102400.0,711097.3,476907.9,44218.6545601852,4466.0,228.8,45.87,34.0,-9.4006e-09,-1.2117e-08,1.2839e-08,3.5497e-09,1.3541e-09,7.693e-10,4.5322e-10,2.1696e-10,1.5307e-10,1.2617e-10,7.6959e-11,5.8538e-11,5.1784e-11,3.5819e-11,-9999.99,-9999.99,-9999.99,-9999.99,-9999.99,-9999.99,-9999.99,-9999.99,-9999.99,-9999.99,-9999.99,-9999.99,-9999.99,2.82e-10,3.71e-10,3.85e-10,1.07e-10,4.13e-11,2.53e-11,1.49e-11,7.38e-12,5.43e-12,4.44e-12,2.99e-12,2.77e-12,2.21e-12,1.63e-12,-9999.99,-9999.99,-9999.99,-9999.99,-9999.99,-9999.99,-9999.99,-9999.99,-9999.99,-9999.99,-9999.99,-9999.99,-9999.99,9.2251e-11,6.5439e-11,4.9123e-11,3.5731e-11,2.512e-11,1.8126e-11,1.2713e-11,9.0936e-12,6.9035e-12,4.9649e-12,3.8977e-12,2.8681e-12,2.1895e-12,1.657e-12,1.1684e-12,7.5614e-13,5.1608e-13,3.193e-13,1.9292e-13,1.4327e-13,-9999.99,-9999.99,2.77e-12,1.96e-12,1.47e-12,1.08e-12,7.56e-13,5.46e-13,3.84e-13,2.75e-13,2.08e-13,1.5e-13,1.18e-13,8.75e-14,6.68e-14,5.1e-14,3.66e-14,2.39e-14,1.64e-14,1.31e-14,7.89e-15,7.55e-15,-9999.99,-9999.99,45.865,0.0645,48.065,0.0645,-13.25,0.0,2.2,102401.0
14565,102400.0,714995.8,475342.5,44218.6561342593,4566.0,214.1,39.92,35.0,-1.1327e-08,-1.0225e-08,1.743e-08,2.8825e-09,6.3421e-10,3.8889e-10,2.3263e-10,1.1146e-10,1.0301e-10,7.2602e-11,5.2836e-11,3.4561e-11,3.0556e-11,2.2617e-11,1.4231e-11,-9999.99,-9999.99,-9999.99,-9999.99,-9999.99,-9999.99,-9999.99,-9999.99,-9999.99,-9999.99,-9999.99,-9999.99,3.43e-10,3.84e-10,5.25e-10,8.71e-11,2.21e-11,1.45e-11,8.68e-12,4.74e-12,5.71e-12,3.03e-12,2.03e-12,1.57e-12,1.64e-12,1.15e-12,1.23e-12,-9999.99,-9999.99,-9999.99,-9999.99,-9999.99,-9999.99,-9999.99,-9999.99,-9999.99,-9999.99,-9999.99,-9999.99,6.1608e-11,4.6754e-11,3.5965e-11,2.5673e-11,1.8532e-11,1.3272e-11,9.6696e-12,6.883e-12,5.1316e-12,3.8918e-12,3.0789e-12,2.2898e-12,1.8006e-12,1.3459e-12,9.7368e-13,6.9678e-13,4.3772e-13,3.0556e-13,1.9026e-13,1.2637e-13,-9999.99,-9999.99,1.87e-12,1.41e-12,1.08e-12,7.7e-13,5.6e-13,3.99e-13,2.91e-13,2.07e-13,1.55e-13,1.18e-13,9.3e-14,6.92e-14,5.44e-14,4.06e-14,2.95e-14,2.15e-14,1.38e-14,9.96e-15,6.81e-15,5.6e-15,-9999.99,-9999.99,39.92,0.074,41.46,0.074,-13.25,0.0,1.54,102401.0
14671,102400.0,718734.4,473854.4,44218.6576388889,4666.0,210.9,37.51,8.0,-1.9617e-08,-2.5243e-08,3.3889e-08,8.3889e-09,1.5693e-09,5.7836e-10,2.917e-10,1.731e-10,-9999.99,-9999.99,-9999.99,-9999.99,-9999.99,-9999.99,-9999.99,-9999.99,-9999.99,-9999.99,-9999.99,-9999.99,-9999.99,-9999.99,-9999.99,-9999.99,-9999.99,-9999.99,-9999.99,5.89e-10,7.6e-10,1.02e-09,2.52e-10,4.93e-11,2.16e-11,1.11e-11,7.2e-12,-9999.99,-9999.99,-9999.99,-9999.99,-9999.99,-9999.99,-9999.99,-9999.99,-9999.99,-9999.99,-9999.99,-9999.99,-9999.99,-9999.99,-9999.99,-9999.99,-9999.99,-9999.99,-9999.99,-9999.99,-9999.99,-9999.99,-9999.99,-9999.99,-9999.99,-9999.99,-9999.99,-9999.99,-9999.99,-9999.99,-9999.99,-9999.99,-9999.99,-9999.99,-9999.99,-9999.99,-9999.99,-9999.99,-9999.99,-9999.99,-9999.99,-9999.99,-9999.99,-9999.99,-9999.99,-9999.99,-9999.99,-9999.99,-9999.99,-9999.99,-9999.99,-9999.99,-9999.99,-9999.99,-9999.99,-9999.99,-9999.99,-9999.99,-9999.99,-9999.99,-9999.99,-9999.99,-9999.99,37.51,0.078,39.12,0.078,-13.25,0.0,1.61,102401.0
14781,102400.0,722261.4,472368.8,44218.6591319444,4766.0,204.2,49.21,30.0,-1.0114e-08,-2.7272e-08,1.8213e-08,1.005e-08,4.1287e-09,2.2553e-09,1.176e-09,5.3392e-10,2.5623e-10,1.4058e-10,-9999.99,-9999.99,-9999.99,-9999.99,-9999.99,-9999.99,-9999.99,-9999.99,-9999.99,-9999.99,-9999.99,-9999.99,-9999.99,-9999.99,-9999.99,-9999.99,-9999.99,3.04e-10,8.26e-10,5.46e-10,3.01e-10,1.24e-10,6.83e-11,3.58e-11,1.63e-11,8.2e-12,4.79e-12,-9999.99,-9999.99,-9999.99,-9999.99,-9999.99,-9999.99,-9999.99,-9999.99,-9999.99,-9999.99,-9999.99,-9999.99,-9999.99,-9999.99,-9999.99,-9999.99,-9999.99,9.9474e-11,4.655e-11,2.4637e-11,1.4751e-11,1.0246e-11,7.2427e-12,5.348e-12,3.693e-12,2.7749e-12,2.0713e-12,1.5599e-12,1.2535e-12,9.5351e-13,7.6023e-13,6.1257e-13,4.6111e-13,3.1111e-13,2.0301e-13,1.3518e-13,1.017e-13,-9999.99,-9999.99,2.99e-12,1.4e-12,7.42e-13,4.45e-13,3.11e-13,2.22e-13,1.62e-13,1.12e-13,8.49e-14,6.38e-14,4.79e-14,3.86e-14,2.94e-14,2.37e-14,1.95e-14,1.45e-14,1.04e-14,6.96e-15,5.1e-15,4.81e-15,-9999.99,-9999.99,49.21,0.06,50.33,0.06,-13.25,0.0,1.12,102401.0
14889,102400.0,727168.3,470311.4,44218.6612037037,4866.0,191.0,49.49,34.0,-6.3275e-09,-2.3193e-08,8.0175e-09,7.2398e-09,4.1667e-09,2.8386e-09,1.7026e-09,1.026e-09,5.1667e-10,2.7988e-10,1.3544e-10,6.4094e-11,3.5819e-11,1.319e-11,-9999.99,-9999.99,-9999.99,-9999.99,-9999.99,-9999.99,-9999.99,-9999.99,-9999.99,-9999.99,-9999.99,-9999.99,-9999.99,1.94e-10,7.07e-10,2.42e-10,2.17e-10,1.25e-10,8.57e-11,5.12e-11,3.11e-11,1.58e-11,8.73e-12,4.82e-12,2.26e-12,1.46e-12,1.32e-12,-9999.99,-9999.99,-9999.99,-9999.99,-9999.99,-9999.99,-9999.99,-9999.99,-9999.99,-9999.99,-9999.99,-9999.99,-9999.99,2.1029e-10,1.0222e-10,4.9591e-11,2.4497e-11,1.2751e-11,7.4532e-12,4.7924e-12,3.2778e-12,2.3287e-12,1.7023e-12,1.3424e-12,1.0208e-12,7.7661e-13,5.7924e-13,4.9298e-13,3.7632e-13,2.7199e-13,1.7547e-13,1.2135e-13,9.4561e-14,-9999.99,-9999.99,6.31e-12,3.07e-12,1.49e-12,7.37e-13,3.85e-13,2.29e-13,1.47e-13,1e-13,7.15e-14,5.29e-14,4.09e-14,3.17e-14,2.46e-14,1.88e-14,1.58e-14,1.26e-14,9.38e-15,6.02e-15,6.04e-15,5.1e-15,-9999.99,-9999.99,49.49,0.0595,51.89,0.0595,-13.25,0.0,2.4,102401.0
14993,102500.0,726365.3,469764.6,44218.7268634259,4966.0,198.1,43.43,7.0,-1.369e-08,-4.7632e-08,1.3135e-08,1.312e-08,8.0643e-09,5.6784e-09,3.7632e-09,-9999.99,-9999.99,-9999.99,-9999.99,-9999.99,-9999.99,-9999.99,-9999.99,-9999.99,-9999.99,-9999.99,-9999.99,-9999.99,-9999.99,-9999.99,-9999.99,-9999.99,-9999.99,-9999.99,-9999.99,4.12e-10,1.43e-09,3.98e-10,3.94e-10,2.43e-10,1.7e-10,1.13e-10,-9999.99,-9999.99,-9999.99,-9999.99,-9999.99,-9999.99,-9999.99,-9999.99,-9999.99,-9999.99,-9999.99,-9999.99,-9999.99,-9999.99,-9999.99,-9999.99,-9999.99,-9999.99,-9999.99,-9999.99,-9999.99,-9999.99,-9999.99,-9999.99,-9999.99,-9999.99,-9999.99,-9999.99,-9999.99,-9999.99,-9999.99,-9999.99,-9999.99,-9999.99,-9999.99,-9999.99,-9999.99,-9999.99,-9999.99,-9999.99,-9999.99,-9999.99,-9999.99,-9999.99,-9999.99,-9999.99,-9999.99,-9999.99,-9999.99,-9999.99,-9999.99,-9999.99,-9999.99,-9999.99,-9999.99,-9999.99,-9999.99,-9999.99,-9999.99,-9999.99,-9999.99,-9999.99,-9999.99,-9999.99,43.43,0.069,45.06,0.069,-13.25,0.0,1.63,102501.0
15099,102500.0,724000.2,470781.7,44218.728287037,5066.0,200.9,40.77,7.0,-1.5711e-08,-3.6667e-08,2.3515e-08,1.2877e-08,5.3216e-09,3.0439e-09,1.5795e-09,-9999.99,-9999.99,-9999.99,-9999.99,-9999.99,-9999.99,-9999.99,-9999.99,-9999.99,-9999.99,-9999.99,-9999.99,-9999.99,-9999.99,-9999.99,-9999.99,-9999.99,-9999.99,-9999.99,-9999.99,4.73e-10,1.1e-09,7.05e-10,3.86e-10,1.6e-10,9.16e-11,4.77e-11,-9999.99,-9999.99,-9999.99,-9999.99,-9999.99,-9999.99,-9999.99,-9999.99,-9999.99,-9999.99,-9999.99,-9999.99,-9999.99,-9999.99,-9999.99,-9999.99,-9999.99,-9999.99,-9999.99,-9999.99,-9999.99,-9999.99,-9999.99,-9999.99,-9999.99,-9999.99,-9999.99,-9999.99,-9999.99,-9999.99,-9999.99,-9999.99,-9999.99,-9999.99,-9999.99,-9999.99,-9999.99,-9999.99,-9999.99,-9999.99,-9999.99,-9999.99,-9999.99,-9999.99,-9999.99,-9999.99,-9999.99,-9999.99,-9999.99,-9999.99,-9999.99,-9999.99,-9999.99,-9999.99,-9999.99,-9999.99,-9999.99,-9999.99,-9999.99,-9999.99,-9999.99,-9999.99,-9999.99,-9999.99,40.905,0.0715,43.43,0.0715,-13.25,0.0,2.52,102501.0
15203,102500.0,722017.8,471588.6,44218.729537037,5166.0,213.1,29.03,7.0,-3.5409e-08,-7.0585e-08,4.9094e-08,2.6404e-08,1.1126e-08,6.348e-09,3.4561e-09,-9999.99,-9999.99,-9999.99,-9999.99,-9999.99,-9999.99,-9999.99,-9999.99,-9999.99,-9999.99,-9999.99,-9999.99,-9999.99,-9999.99,-9999.99,-9999.99,-9999.99,-9999.99,-9999.99,-9999.99,1.06e-09,2.12e-09,1.47e-09,7.92e-10,3.34e-10,1.9e-10,1.04e-10,-9999.99,-9999.99,-9999.99,-9999.99,-9999.99,-9999.99,-9999.99,-9999.99,-9999.99,-9999.99,-9999.99,-9999.99,-9999.99,-9999.99,-9999.99,-9999.99,-9999.99,-9999.99,-9999.99,-9999.99,-9999.99,-9999.99,-9999.99,-9999.99,-9999.99,-9999.99,-9999.99,-9999.99,-9999.99,-9999.99,-9999.99,-9999.99,-9999.99,-9999.99,-9999.99,-9999.99,-9999.99,-9999.99,-9999.99,-9999.99,-9999.99,-9999.99,-9999.99,-9999.99,-9999.99,-9999.99,-9999.99,-9999.99,-9999.99,-9999.99,-9999.99,-9999.99,-9999.99,-9999.99,-9999.99,-9999.99,-9999.99,-9999.99,-9999.99,-9999.99,-9999.99,-9999.99,-9999.99,-9999.99,29.03,0.101,30.76,0.101,-13.25,0.0,1.73,102501.0
15311,102500.0,719049.6,472841.3,44218.7313888889,5266.0,206.2,37.49,22.0,-9999.99,-9999.99,-9999.99,-9999.99,-9999.99,-9999.99,-9999.99,-9999.99,-9999.99,-9999.99,-9999.99,-9999.99,-9999.99,-9999.99,-9999.99,-9999.99,-9999.99,-9999.99,-9999.99,-9999.99,-9999.99,-9999.99,-9999.99,-9999.99,-9999.99,-9999.99,-9999.99,-9999.99,-9999.99,-9999.99,-9999.99,-9999.99,-9999.99,-9999.99,-9999.99,-9999.99,-9999.99,-9999.99,-9999.99,-9999.99,-9999.99,-9999.99,-9999.99,-9999.99,-9999.99,-9999.99,-9999.99,-9999.99,-9999.99,-9999.99,-9999.99,-9999.99,-9999.99,-9999.99,5.3333e-11,4.0263e-11,2.9854e-11,2.2167e-11,1.6003e-11,1.1716e-11,8.538e-12,6.0906e-12,4.5263e-12,3.2018e-12,2.1582e-12,2.0251e-12,1.4839e-12,1.186e-12,9.7865e-13,6.3918e-13,3.9327e-13,2.7275e-13,1.793e-13,1.3284e-13,4.5702e-14,7.1579e-14,1.61e-12,1.22e-12,9.02e-13,6.69e-13,4.82e-13,3.54e-13,2.58e-13,1.85e-13,1.38e-13,1.01e-13,6.93e-14,6.26e-14,4.75e-14,4.09e-14,3.4e-14,2.62e-14,1.57e-14,1.29e-14,1.13e-14,8.57e-15,6.4e-15,5.33e-15,37.455,0.078,39.25,0.078,-13.25,0.0,1.8,102501.0
15419,102500.0,716342.9,473961.1,44218.7330671296,5366.0,206.4,36.43,7.0,-1.876e-08,-2.2061e-08,2.767e-08,6.9152e-09,2.3175e-09,1.3629e-09,5.6345e-10,-9999.99,-9999.99,-9999.99,-9999.99,-9999.99,-9999.99,-9999.99,-9999.99,-9999.99,-9999.99,-9999.99,-9999.99,-9999.99,-9999.99,-9999.99,-9999.99,-9999.99,-9999.99,-9999.99,-9999.99,5.63e-10,6.71e-10,8.3e-10,2.07e-10,7.14e-11,4.4e-11,1.99e-11,-9999.99,-9999.99,-9999.99,-9999.99,-9999.99,-9999.99,-9999.99,-9999.99,-9999.99,-9999.99,-9999.99,-9999.99,-9999.99,-9999.99,-9999.99,-9999.99,-9999.99,-9999.99,-9999.99,-9999.99,-9999.99,-9999.99,-9999.99,-9999.99,-9999.99,-9999.99,-9999.99,-9999.99,-9999.99,-9999.99,-9999.99,-9999.99,-9999.99,-9999.99,-9999.99,-9999.99,-9999.99,-9999.99,-9999.99,-9999.99,-9999.99,-9999.99,-9999.99,-9999.99,-9999.99,-9999.99,-9999.99,-9999.99,-9999.99,-9999.99,-9999.99,-9999.99,-9999.99,-9999.99,-9999.99,-9999.99,-9999.99,-9999.99,-9999.99,-9999.99,-9999.99,-9999.99,-9999.99,-9999.99,-9999.99,-9999.99,-9999.99,-9999.99,-9999.99,-9999.99,-9999.99,102501.0
15527,102500.0,713672.1,475051.0,44218.7347685185,5466.0,220.3,30.95,13.0,-9999.99,-9999.99,-9999.99,-9999.99,-9999.99,-9999.99,-9999.99,-9999.99,-9999.99,-9999.99,-9999.99,-9999.99,-9999.99,-9999.99,-9999.99,-9999.99,-9999.99,-9999.99,-9999.99,-9999.99,-9999.99,-9999.99,-9999.99,-9999.99,-9999.99,-9999.99,-9999.99,-9999.99,-9999.99,-9999.99,-9999.99,-9999.99,-9999.99,-9999.99,-9999.99,-9999.99,-9999.99,-9999.99,-9999.99,-9999.99,-9999.99,-9999.99,-9999.99,-9999.99,-9999.99,-9999.99,-9999.99,-9999.99,-9999.99,-9999.99,-9999.99,-9999.99,-9999.99,-9999.99,8.4854e-11,5.7018e-11,4.1901e-11,3.1287e-11,2.255e-11,1.6173e-11,1.1503e-11,8.1871e-12,6.1754e-12,4.7076e-12,3.6199e-12,-9999.99,-9999.99,1.5015e-12,-9999.99,-9999.99,-9999.99,2.8956e-13,-9999.99,-9999.99,-9999.99,-9999.99,2.55e-12,1.71e-12,1.26e-12,9.39e-13,6.76e-13,4.87e-13,3.46e-13,2.46e-13,1.86e-13,1.43e-13,1.1e-13,-9999.99,-9999.99,4.7e-14,-9999.99,-9999.99,-9999.99,1.52e-14,-9999.99,-9999.99,-9999.99,-9999.99,31.02,0.093,33.255,0.093,-13.25,0.0,2.23,102501.0
15631,102500.0,711353.7,475964.7,44218.7361689815,5566.0,222.3,31.25,33.0,-2.124e-08,-1.1251e-08,2.6041e-08,2.148e-09,3.5234e-10,3.4795e-10,2.4225e-10,2.0246e-10,1.5541e-10,1.2895e-10,1.0342e-10,-9999.99,-9999.99,-9999.99,-9999.99,-9999.99,-9999.99,-9999.99,-9999.99,-9999.99,-9999.99,-9999.99,-9999.99,-9999.99,-9999.99,-9999.99,-9999.99,6.39e-10,3.51e-10,7.81e-10,6.53e-11,1.8e-11,1.38e-11,9.52e-12,6.66e-12,5.59e-12,5.08e-12,3.54e-12,-9999.99,-9999.99,-9999.99,-9999.99,-9999.99,-9999.99,-9999.99,-9999.99,-9999.99,-9999.99,-9999.99,-9999.99,-9999.99,-9999.99,-9999.99,-9999.99,1.1284e-10,8.7368e-11,6.6023e-11,4.8889e-11,3.5292e-11,2.5801e-11,1.7617e-11,1.2421e-11,8.7632e-12,6.4386e-12,4.9912e-12,3.8743e-12,2.7883e-12,2.0345e-12,1.4602e-12,9.193e-13,6.0409e-13,3.9591e-13,2.3365e-13,1.3219e-13,7.7398e-14,3.9298e-14,3.4e-12,2.62e-12,1.98e-12,1.47e-12,1.06e-12,7.77e-13,5.29e-13,3.73e-13,2.63e-13,1.94e-13,1.5e-13,1.17e-13,8.39e-14,6.12e-14,4.41e-14,2.8e-14,1.85e-14,1.22e-14,8.08e-15,5.2e-15,7.51e-15,3.5e-15,31.345,0.092,33.8,0.092,-13.25,0.0,2.45,102501.0
15737,102500.0,709923.8,476628.1,44218.7377430556,5666.0,223.9,47.81,32.0,-1.1281e-08,-2.8594e-08,2.0146e-08,9.9561e-09,3.2807e-09,1.5757e-09,7.0322e-10,3.3947e-10,1.964e-10,1.3184e-10,9.5409e-11,-9999.99,-9999.99,-9999.99,-9999.99,-9999.99,-9999.99,-9999.99,-9999.99,-9999.99,-9999.99,-9999.99,-9999.99,-9999.99,-9999.99,-9999.99,-9999.99,3.4e-10,8.61e-10,6.04e-10,2.99e-10,9.87e-11,4.82e-11,2.29e-11,1.16e-11,6.5e-12,4.67e-12,3.47e-12,-9999.99,-9999.99,-9999.99,-9999.99,-9999.99,-9999.99,-9999.99,-9999.99,-9999.99,-9999.99,-9999.99,-9999.99,-9999.99,-9999.99,-9999.99,-9999.99,1.2316e-10,8.614e-11,6.2807e-11,4.4912e-11,3.1696e-11,2.2301e-11,1.5924e-11,1.0994e-11,8.4211e-12,5.9006e-12,4.5292e-12,3.3596e-12,2.5427e-12,1.9272e-12,1.2977e-12,8.6287e-13,5.9064e-13,3.6608e-13,2.1444e-13,1.2889e-13,1.0594e-13,-9999.99,3.69e-12,2.58e-12,1.88e-12,1.35e-12,9.54e-13,6.71e-13,4.81e-13,3.32e-13,2.55e-13,1.81e-13,1.39e-13,1.03e-13,7.7e-14,5.88e-14,3.97e-14,2.67e-14,1.83e-14,1.2e-14,7.29e-15,5.4e-15,7.97e-15,-9999.99,49.53,0.0595,52.095,0.0595,-13.25,0.0,2.56,102501.0
15841,102500.0,707375.8,477607.4,44218.739212963,5766.0,226.4,35.91,24.0,-2.1135e-08,-3.3333e-08,3.2661e-08,1.0751e-08,3.1111e-09,1.4427e-09,7.383e-10,6.3596e-10,4.3099e-10,2.7904e-10,2.0319e-10,1.3325e-10,-9999.99,-9999.99,-9999.99,-9999.99,3.4708e-11,-9999.99,-9999.99,-9999.99,-9999.99,-9999.99,-9999.99,-9999.99,-9999.99,-9999.99,-9999.99,6.34e-10,1e-09,9.8e-10,3.23e-10,9.4e-11,4.4e-11,2.33e-11,1.94e-11,1.38e-11,8.99e-12,6.85e-12,4.84e-12,-9999.99,-9999.99,-9999.99,-9999.99,2.37e-12,-9999.99,-9999.99,-9999.99,-9999.99,-9999.99,-9999.99,-9999.99,-9999.99,-9999.99,-9999.99,2.4363e-10,1.7196e-10,1.2506e-10,8.8772e-11,6.0234e-11,4.155e-11,2.9503e-11,2.1219e-11,1.5003e-11,1.0246e-11,7.7982e-12,-9999.99,-9999.99,-9999.99,-9999.99,-9999.99,-9999.99,-9999.99,-9999.99,-9999.99,-9999.99,-9999.99,7.31e-12,5.16e-12,3.75e-12,2.66e-12,1.81e-12,1.25e-12,8.88e-13,6.39e-13,4.52e-13,3.1e-13,2.36e-13,-9999.99,-9999.99,-9999.99,-9999.99,-9999.99,-9999.99,-9999.99,-9999.99,-9999.99,-9999.99,-9999.99,36.405,0.08,38.97,0.08,-13.25,0.0,2.56,102501.0
15949,102500.0,704506.7,478809.5,44218.7409143519,5866.0,211.4,41.59,43.0,-1.3646e-08,-3.4474e-08,1.1322e-08,6.7193e-09,3.7368e-09,2.9222e-09,2.1725e-09,1.5918e-09,1.1371e-09,8.0906e-10,5.6287e-10,3.6053e-10,2.3833e-10,1.4398e-10,9.3392e-11,5.8158e-11,3.5e-11,2.4535e-11,1.626e-11,1.1193e-11,8.1345e-12,5.8041e-12,-9999.99,-9999.99,-9999.99,-9999.99,-9999.99,4.13e-10,1.04e-09,3.41e-10,2.02e-10,1.12e-10,8.8e-11,6.54e-11,4.79e-11,3.43e-11,2.44e-11,1.7e-11,1.09e-11,7.27e-12,4.39e-12,2.88e-12,1.79e-12,1.09e-12,8.24e-13,5.51e-13,3.94e-13,4e-13,2.48e-12,-9999.99,-9999.99,-9999.99,-9999.99,-9999.99,6.5965e-10,4.5936e-10,3.1199e-10,2.0678e-10,1.3596e-10,8.9474e-11,5.9678e-11,4.0351e-11,2.7971e-11,1.9418e-11,1.3482e-11,9.3538e-12,6.3012e-12,4.1433e-12,2.6295e-12,1.5635e-12,9.2515e-13,5.7749e-13,3.2749e-13,1.6284e-13,1.4029e-13,-9999.99,1.98e-11,1.38e-11,9.36e-12,6.2e-12,4.08e-12,2.68e-12,1.79e-12,1.21e-12,8.39e-13,5.83e-13,4.04e-13,2.81e-13,1.9e-13,1.25e-13,7.94e-14,4.85e-14,2.96e-14,2.02e-14,1.48e-14,1.26e-14,6.47e-14,-9999.99,43.075,0.068,45.52,0.068,-13.25,0.0,2.44,102501.0
16057,102600.0,705454.7,477539.9,44218.7431712963,5966.0,214.1,35.16,43.0,-2.2304e-08,-4.924e-08,3.307e-08,1.467e-08,5.3041e-09,3.1433e-09,1.9085e-09,1.2675e-09,8.7164e-10,6.0673e-10,4.1374e-10,2.5444e-10,1.6699e-10,1.1094e-10,7.5936e-11,4.4503e-11,2.9474e-11,2.1155e-11,1.2629e-11,9.6901e-12,6.114e-12,-9999.99,-9999.99,-9999.99,-9999.99,-9999.99,-9999.99,6.69e-10,1.48e-09,9.92e-10,4.4e-10,1.59e-10,9.49e-11,5.74e-11,3.82e-11,2.65e-11,1.84e-11,1.26e-11,7.89e-12,5.13e-12,3.42e-12,2.35e-12,1.4e-12,9.43e-13,7.43e-13,4.53e-13,3.58e-13,3.33e-13,-9999.99,-9999.99,-9999.99,-9999.99,-9999.99,-9999.99,4.9415e-10,3.3889e-10,2.2988e-10,1.5351e-10,1.0205e-10,6.6871e-11,4.4912e-11,3.1053e-11,2.1702e-11,1.5135e-11,1.0883e-11,7.5263e-12,5.2368e-12,3.538e-12,2.3465e-12,1.5126e-12,9.3041e-13,5.5029e-13,3.4766e-13,2.0161e-13,1.2313e-13,7.3772e-14,1.48e-11,1.02e-11,6.9e-12,4.61e-12,3.06e-12,2.01e-12,1.35e-12,9.32e-13,6.51e-13,4.54e-13,3.26e-13,2.26e-13,1.57e-13,1.06e-13,7.06e-14,4.55e-14,2.81e-14,1.68e-14,1.08e-14,6.47e-15,4.96e-15,4.58e-15,35.165,0.0845,36.32,0.0845,-13.25,0.0,1.16,102601.0
16159,102600.0,707965.7,476413.0,44218.7443865741,6066.0,232.2,58.91,37.0,-7.8977e-09,-1.4506e-08,1.2304e-08,4.2632e-09,1.455e-09,7.6111e-10,3.8509e-10,2.9029e-10,1.8734e-10,1.4067e-10,9.1082e-11,6.7164e-11,4.1082e-11,3.2544e-11,2.4152e-11,1.6558e-11,-9999.99,-9999.99,-9999.99,-9999.99,-9999.99,-9999.99,-9999.99,-9999.99,-9999.99,-9999.99,-9999.99,2.38e-10,4.38e-10,3.69e-10,1.28e-10,4.44e-11,2.46e-11,1.32e-11,9.87e-12,7.57e-12,5.32e-12,5.42e-12,3.3e-12,3.92e-12,9.93e-12,1.58e-12,3.63e-12,-9999.99,-9999.99,-9999.99,-9999.99,-9999.99,-9999.99,-9999.99,-9999.99,-9999.99,-9999.99,-9999.99,1.0667e-10,7.7018e-11,5.6111e-11,3.9532e-11,2.85e-11,1.9757e-11,1.4085e-11,1.0173e-11,7.0965e-12,5.6257e-12,4.0965e-12,2.9067e-12,2.2082e-12,1.6237e-12,1.1213e-12,6.9912e-13,4.9854e-13,2.9942e-13,1.9202e-13,1.3e-13,6.2398e-14,-9999.99,3.21e-12,2.31e-12,1.69e-12,1.19e-12,8.58e-13,6.01e-13,4.24e-13,3.08e-13,2.14e-13,1.7e-13,1.24e-13,8.81e-14,6.78e-14,4.97e-14,3.49e-14,2.28e-14,1.71e-14,1.13e-14,8.87e-15,1.04e-14,1.04e-14,-9999.99,58.91,0.051,60.925,0.051,-13.25,0.0,2.02,102601.0
16269,102600.0,710315.7,475409.0,44218.7460185185,6166.0,225.2,47.72,38.0,-1.269e-08,-3.7368e-08,2.1161e-08,1.3482e-08,5.6257e-09,3.0088e-09,1.4901e-09,7.0292e-10,3.1023e-10,1.7503e-10,1.0289e-10,7.1667e-11,4.6637e-11,3.0322e-11,2.2213e-11,1.3661e-11,-9999.99,-9999.99,-9999.99,-9999.99,-9999.99,-9999.99,-9999.99,-9999.99,-9999.99,-9999.99,-9999.99,3.81e-10,1.12e-09,6.35e-10,4.04e-10,1.69e-10,9.06e-11,4.5e-11,2.14e-11,9.83e-12,6.02e-12,3.43e-12,2.38e-12,1.95e-12,1.6e-12,9.51e-13,7.27e-13,-9999.99,-9999.99,-9999.99,-9999.99,-9999.99,-9999.99,-9999.99,-9999.99,-9999.99,-9999.99,-9999.99,1.6728e-10,9.4298e-11,6.2222e-11,4.3713e-11,3.0497e-11,2.1673e-11,1.4982e-11,1.0705e-11,7.617e-12,5.4298e-12,4.2398e-12,3.2135e-12,2.412e-12,1.7675e-12,1.2254e-12,8.4035e-13,5.5292e-13,3.5088e-13,2.0772e-13,1.2459e-13,8.1667e-14,4.2602e-14,5.02e-12,2.83e-12,1.87e-12,1.31e-12,9.15e-13,6.5e-13,4.51e-13,3.22e-13,2.29e-13,1.64e-13,1.28e-13,9.67e-14,7.28e-14,5.36e-14,3.7e-14,2.55e-14,1.7e-14,1.08e-14,6.75e-15,4.37e-15,4.61e-15,2.94e-15,47.72,0.062,48.825,0.062,-13.25,0.0,1.11,102601.0
16375,102600.0,713823.8,474088.1,44218.7475694444,6266.0,213.3,37.8,32.0,-1.7556e-08,-1.7547e-08,2.7678e-08,5.4181e-09,9.6842e-10,4.3684e-10,2.7985e-10,1.6114e-10,1.098e-10,7.6491e-11,-9999.99,-9999.99,-9999.99,-9999.99,-9999.99,-9999.99,-9999.99,-9999.99,-9999.99,-9999.99,-9999.99,-9999.99,-9999.99,-9999.99,-9999.99,-9999.99,-9999.99,5.28e-10,5.42e-10,8.3e-10,1.63e-10,3.07e-11,1.63e-11,1.04e-11,6.96e-12,6.71e-12,3.42e-12,-9999.99,-9999.99,-9999.99,-9999.99,-9999.99,-9999.99,-9999.99,-9999.99,-9999.99,-9999.99,-9999.99,-9999.99,-9999.99,-9999.99,-9999.99,-9999.99,-9999.99,6.5906e-11,5.1053e-11,3.8246e-11,2.8728e-11,2.0526e-11,1.5146e-11,1.0778e-11,7.7281e-12,5.6491e-12,4.4591e-12,3.2895e-12,2.5749e-12,2.0281e-12,1.4784e-12,1.1196e-12,7.6696e-13,5.1316e-13,3.3684e-13,1.9836e-13,1.1994e-13,7.3129e-14,4.1754e-14,2e-12,1.54e-12,1.15e-12,8.65e-13,6.18e-13,4.57e-13,3.25e-13,2.33e-13,1.71e-13,1.34e-13,9.9e-14,7.78e-14,6.15e-14,4.46e-14,3.4e-14,2.35e-14,1.59e-14,1.06e-14,6.57e-15,4.41e-15,3.42e-15,3.04e-15,36.015,0.0815,37.85,0.0815,-13.25,0.0,1.83,102601.0
16479,102600.0,718018.0,472153.6,44218.7493865741,6366.0,188.6,45.88,6.0,-9999.99,-9999.99,-9999.99,-9999.99,-9999.99,-9999.99,-9999.99,-9999.99,-9999.99,-9999.99,-9999.99,-9999.99,-9999.99,-9999.99,-9999.99,-9999.99,-9999.99,-9999.99,-9999.99,-9999.99,-9999.99,-9999.99,-9999.99,-9999.99,-9999.99,-9999.99,-9999.99,-9999.99,-9999.99,-9999.99,-9999.99,-9999.99,-9999.99,-9999.99,-9999.99,-9999.99,-9999.99,-9999.99,-9999.99,-9999.99,-9999.99,-9999.99,-9999.99,-9999.99,-9999.99,-9999.99,-9999.99,-9999.99,-9999.99,-9999.99,-9999.99,-9999.99,-9999.99,-9999.99,5.8392e-11,4.4152e-11,3.4327e-11,2.4725e-11,1.7471e-11,1.3699e-11,-9999.99,-9999.99,-9999.99,-9999.99,-9999.99,-9999.99,-9999.99,-9999.99,-9999.99,-9999.99,-9999.99,-9999.99,-9999.99,-9999.99,-9999.99,-9999.99,1.76e-12,1.33e-12,1.03e-12,7.47e-13,5.35e-13,4.18e-13,-9999.99,-9999.99,-9999.99,-9999.99,-9999.99,-9999.99,-9999.99,-9999.99,-9999.99,-9999.99,-9999.99,-9999.99,-9999.99,-9999.99,-9999.99,-9999.99,38.75,0.0765,39.98,0.0765,-13.25,0.0,1.23,102601.0
16584,102600.0,722209.9,470596.3,44218.7519212963,6466.0,203.9,40.23,32.0,-2.167e-08,-6.3187e-08,2.6509e-08,2.25e-08,1.1994e-08,7.4386e-09,4.348e-09,2.2661e-09,1.119e-09,5.4211e-10,2.2857e-10,1.0219e-10,4.1257e-11,-9999.99,-9999.99,-9999.99,-9999.99,-9999.99,-9999.99,-9999.99,-9999.99,-9999.99,-9999.99,-9999.99,-9999.99,-9999.99,-9999.99,6.5e-10,1.9e-09,7.95e-10,6.75e-10,3.6e-10,2.23e-10,1.3e-10,6.82e-11,3.38e-11,1.64e-11,7.27e-12,3.38e-12,1.96e-12,-9999.99,-9999.99,-9999.99,-9999.99,-9999.99,-9999.99,-9999.99,-9999.99,-9999.99,-9999.99,-9999.99,-9999.99,-9999.99,-9999.99,4.5556e-10,1.9272e-10,8.2251e-11,3.7924e-11,1.9117e-11,1.0795e-11,7.6287e-12,4.7982e-12,3.3655e-12,2.2874e-12,1.7936e-12,1.4018e-12,1.0509e-12,8.1754e-13,6.0789e-13,4.8889e-13,3.5117e-13,2.3094e-13,1.7228e-13,-9999.99,-9999.99,-9999.99,1.37e-11,5.78e-12,2.47e-12,1.14e-12,5.75e-13,3.29e-13,2.32e-13,1.44e-13,1.03e-13,6.98e-14,5.67e-14,4.28e-14,3.23e-14,2.49e-14,1.86e-14,1.55e-14,1.1e-14,7.46e-15,5.7e-15,-9999.99,-9999.99,-9999.99,40.235,0.074,40.655,0.074,-13.25,0.0,0.42,102602.0
16690,102600.0,725055.4,469448.4,44218.7532407407,6566.0,204.2,28.67,12.0,-3.9883e-08,-8.8012e-08,5.6404e-08,3.3596e-08,1.4956e-08,8.4649e-09,4.5994e-09,2.2974e-09,1.1257e-09,5.7602e-10,2.8681e-10,1.3213e-10,-9999.99,-9999.99,-9999.99,-9999.99,-9999.99,-9999.99,-9999.99,-9999.99,-9999.99,-9999.99,-9999.99,-9999.99,-9999.99,-9999.99,-9999.99,1.2e-09,2.64e-09,1.69e-09,1.01e-09,4.49e-10,2.54e-10,1.38e-10,6.89e-11,3.39e-11,1.75e-11,8.78e-12,4.9e-12,-9999.99,-9999.99,-9999.99,-9999.99,-9999.99,-9999.99,-9999.99,-9999.99,-9999.99,-9999.99,-9999.99,-9999.99,-9999.99,-9999.99,-9999.99,-9999.99,-9999.99,-9999.99,-9999.99,-9999.99,-9999.99,-9999.99,-9999.99,-9999.99,-9999.99,-9999.99,-9999.99,-9999.99,-9999.99,-9999.99,-9999.99,-9999.99,-9999.99,-9999.99,-9999.99,-9999.99,-9999.99,-9999.99,-9999.99,-9999.99,-9999.99,-9999.99,-9999.99,-9999.99,-9999.99,-9999.99,-9999.99,-9999.99,-9999.99,-9999.99,-9999.99,-9999.99,-9999.99,-9999.99,-9999.99,-9999.99,-9999.99,-9999.99,-9999.99,28.67,0.103,29.74,0.103,-13.25,0.0,1.07,102602.0
16794,102700.0,725542.4,468425.0,44218.755787037,6666.0,196.7,35.18,9.0,-1.8392e-08,-3.4649e-08,3.152e-08,1.2816e-08,4.3713e-09,2.4325e-09,1.1319e-09,5.7632e-10,2.7026e-10,-9999.99,-9999.99,-9999.99,-9999.99,-9999.99,-9999.99,-9999.99,-9999.99,-9999.99,-9999.99,-9999.99,-9999.99,-9999.99,-9999.99,-9999.99,-9999.99,-9999.99,-9999.99,5.52e-10,1.04e-09,9.46e-10,3.84e-10,1.32e-10,7.35e-11,3.43e-11,1.78e-11,8.68e-12,-9999.99,-9999.99,-9999.99,-9999.99,-9999.99,-9999.99,-9999.99,-9999.99,-9999.99,-9999.99,-9999.99,-9999.99,-9999.99,-9999.99,-9999.99,-9999.99,-9999.99,-9999.99,-9999.99,-9999.99,-9999.99,-9999.99,-9999.99,-9999.99,-9999.99,-9999.99,-9999.99,-9999.99,-9999.99,-9999.99,-9999.99,-9999.99,-9999.99,-9999.99,-9999.99,-9999.99,-9999.99,-9999.99,-9999.99,-9999.99,-9999.99,-9999.99,-9999.99,-9999.99,-9999.99,-9999.99,-9999.99,-9999.99,-9999.99,-9999.99,-9999.99,-9999.99,-9999.99,-9999.99,-9999.99,-9999.99,-9999.99,-9999.99,-9999.99,-9999.99,-9999.99,-9999.99,35.18,0.084,36.54,0.084,-13.25,0.0,1.36,102701.0
16902,102700.0,723343.5,469314.4,44218.7571990741,6766.0,201.2,42.33,13.0,-1.6667e-08,-5.1871e-08,1.7535e-08,1.5915e-08,9.1257e-09,6.1287e-09,3.8684e-09,2.2728e-09,1.2845e-09,6.9561e-10,3.807e-10,2.1491e-10,1.069e-10,-9999.99,-9999.99,-9999.99,-9999.99,-9999.99,-9999.99,-9999.99,-9999.99,-9999.99,-9999.99,-9999.99,-9999.99,-9999.99,-9999.99,5e-10,1.56e-09,5.26e-10,4.77e-10,2.75e-10,1.84e-10,1.16e-10,6.82e-11,3.87e-11,2.11e-11,1.16e-11,6.55e-12,3.36e-12,-9999.99,-9999.99,-9999.99,-9999.99,-9999.99,-9999.99,-9999.99,-9999.99,-9999.99,-9999.99,-9999.99,-9999.99,-9999.99,-9999.99,-9999.99,-9999.99,-9999.99,-9999.99,-9999.99,-9999.99,-9999.99,-9999.99,-9999.99,-9999.99,-9999.99,-9999.99,-9999.99,-9999.99,-9999.99,-9999.99,-9999.99,-9999.99,-9999.99,-9999.99,-9999.99,-9999.99,-9999.99,-9999.99,-9999.99,-9999.99,-9999.99,-9999.99,-9999.99,-9999.99,-9999.99,-9999.99,-9999.99,-9999.99,-9999.99,-9999.99,-9999.99,-9999.99,-9999.99,-9999.99,-9999.99,-9999.99,-9999.99,-9999.99,43.02,0.068,45.56,0.068,-13.25,0.0,2.54,102701.0
17006,102700.0,721262.9,470160.2,44218.758587963,6866.0,204.0,35.91,26.0,-2.117e-08,-2.6833e-08,3.4503e-08,9.693e-09,2.5313e-09,1.2164e-09,4.7573e-10,2.5371e-10,-9999.99,-9999.99,-9999.99,-9999.99,-9999.99,-9999.99,-9999.99,-9999.99,-9999.99,-9999.99,-9999.99,-9999.99,-9999.99,-9999.99,-9999.99,-9999.99,-9999.99,-9999.99,-9999.99,6.37e-10,8.21e-10,1.04e-09,2.91e-10,7.67e-11,3.75e-11,1.61e-11,8.8e-12,-9999.99,-9999.99,-9999.99,-9999.99,-9999.99,-9999.99,-9999.99,-9999.99,-9999.99,-9999.99,-9999.99,-9999.99,-9999.99,-9999.99,-9999.99,-9999.99,-9999.99,-9999.99,-9999.99,4.731e-11,2.762e-11,1.9158e-11,1.4377e-11,1.0228e-11,8.345e-12,5.8041e-12,4.2807e-12,3.307e-12,2.3377e-12,1.8424e-12,1.4211e-12,1.1485e-12,8.6754e-13,6.7953e-13,5.1725e-13,3.4152e-13,2.7336e-13,-9999.99,-9999.99,-9999.99,-9999.99,1.45e-12,8.34e-13,5.79e-13,4.37e-13,3.09e-13,2.56e-13,1.79e-13,1.31e-13,1.01e-13,7.08e-14,5.62e-14,4.29e-14,3.5e-14,2.68e-14,2.09e-14,1.63e-14,1.17e-14,1.38e-14,-9999.99,-9999.99,-9999.99,-9999.99,37.615,0.077,40.49,0.077,-13.25,0.0,2.88,102701.0
17112,102700.0,717459.8,471749.9,44218.7614236111,6966.0,203.4,32.99,10.0,-9999.99,-9999.99,-9999.99,-9999.99,-9999.99,-9999.99,-9999.99,-9999.99,-9999.99,-9999.99,-9999.99,-9999.99,-9999.99,-9999.99,-9999.99,-9999.99,-9999.99,-9999.99,-9999.99,-9999.99,-9999.99,-9999.99,-9999.99,-9999.99,-9999.99,-9999.99,-9999.99,-9999.99,-9999.99,-9999.99,-9999.99,-9999.99,-9999.99,-9999.99,-9999.99,-9999.99,-9999.99,-9999.99,-9999.99,-9999.99,-9999.99,-9999.99,-9999.99,-9999.99,-9999.99,-9999.99,-9999.99,-9999.99,-9999.99,-9999.99,-9999.99,-9999.99,-9999.99,-9999.99,6.7398e-11,4.6579e-11,3.5994e-11,3.7251e-11,3.0789e-11,1.5854e-11,1.3117e-11,8.9035e-12,8.6053e-12,5.6667e-12,-9999.99,-9999.99,-9999.99,-9999.99,-9999.99,-9999.99,-9999.99,-9999.99,-9999.99,-9999.99,-9999.99,-9999.99,2.04e-12,1.4e-12,1.09e-12,1.12e-12,9.3e-13,4.82e-13,3.96e-13,2.92e-13,2.64e-13,1.76e-13,-9999.99,-9999.99,-9999.99,-9999.99,-9999.99,-9999.99,-9999.99,-9999.99,-9999.99,-9999.99,-9999.99,-9999.99,32.99,0.09,34.39,0.09,-13.25,0.0,1.4,102702.0
17216,102700.0,715231.6,472652.0,44218.7628472222,7066.0,207.0,61.88,29.0,-5.0585e-09,-2.112e-08,7.1784e-09,6.3801e-09,3.4737e-09,2.3102e-09,1.3529e-09,7.462e-10,3.4708e-10,2.1474e-10,8.6053e-11,-9999.99,-9999.99,-9999.99,-9999.99,-9999.99,-9999.99,-9999.99,-9999.99,-9999.99,-9999.99,-9999.99,-9999.99,-9999.99,-9999.99,-9999.99,-9999.99,1.54e-10,6.38e-10,2.17e-10,1.92e-10,1.05e-10,7e-11,4.09e-11,2.26e-11,1.09e-11,7.32e-12,3.06e-12,-9999.99,-9999.99,-9999.99,-9999.99,-9999.99,-9999.99,-9999.99,-9999.99,-9999.99,-9999.99,-9999.99,-9999.99,-9999.99,-9999.99,-9999.99,-9999.99,1.6561e-10,8.0673e-11,4.1988e-11,2.5275e-11,1.6898e-11,1.1506e-11,7.9678e-12,5.8713e-12,4.1784e-12,3.0848e-12,2.3491e-12,1.888e-12,1.3947e-12,1.1711e-12,7.3655e-13,6.0146e-13,3.7047e-13,2.7222e-13,-9999.99,-9999.99,-9999.99,-9999.99,4.97e-12,2.42e-12,1.26e-12,7.61e-13,5.1e-13,3.46e-13,2.42e-13,1.78e-13,1.28e-13,9.47e-14,7.42e-14,6.06e-14,4.38e-14,3.86e-14,2.41e-14,2.47e-14,1.54e-14,9.99e-15,-9999.99,-9999.99,-9999.99,-9999.99,61.885,0.048,64.27,0.048,-13.25,0.0,2.38,102702.0
17322,102700.0,712634.1,473707.2,44218.7645023148,7166.0,216.4,30.93,36.0,-2.0149e-08,-1.0532e-08,2.5249e-08,3.038e-09,5.4825e-10,3.3567e-10,2.3892e-10,1.6342e-10,1.3579e-10,1.0787e-10,6.4386e-11,5.9649e-11,4.4678e-11,3.2368e-11,1.757e-11,-9999.99,-9999.99,-9999.99,-9999.99,-9999.99,-9999.99,-9999.99,-9999.99,-9999.99,-9999.99,-9999.99,-9999.99,6.04e-10,3.25e-10,7.57e-10,9.17e-11,1.87e-11,1.4e-11,1.06e-11,5.9e-12,9.03e-12,6.4e-12,3.02e-12,2.3e-12,1.96e-12,1.66e-12,8.59e-13,-9999.99,-9999.99,-9999.99,-9999.99,-9999.99,-9999.99,-9999.99,-9999.99,-9999.99,-9999.99,-9999.99,-9999.99,8.4561e-11,6.5673e-11,5.0029e-11,3.7281e-11,2.6427e-11,1.9149e-11,1.374e-11,9.7456e-12,7.0702e-12,5.2544e-12,4.0322e-12,3.1433e-12,2.3693e-12,1.695e-12,1.2573e-12,8.6404e-13,5.8304e-13,3.6053e-13,2.2374e-13,1.3623e-13,8.655e-14,-9999.99,2.54e-12,1.97e-12,1.5e-12,1.12e-12,7.93e-13,5.74e-13,4.12e-13,2.94e-13,2.13e-13,1.59e-13,1.21e-13,9.46e-14,7.13e-14,5.1e-14,3.8e-14,2.64e-14,1.79e-14,1.14e-14,7.23e-15,5.38e-15,4.14e-15,-9999.99,30.935,0.094,32.8,0.094,-13.25,0.0,1.86,102702.0
17424,102700.0,710741.7,474489.7,44218.765787037,7266.0,226.7,39.76,13.0,-1.6085e-08,-3.8684e-08,2.4737e-08,1.4102e-08,5.9064e-09,3.2982e-09,1.6848e-09,8.4006e-10,4.4152e-10,2.5152e-10,1.5798e-10,8.5585e-11,5.7982e-11,-9999.99,-9999.99,-9999.99,-9999.99,-9999.99,-9999.99,-9999.99,-9999.99,-9999.99,-9999.99,-9999.99,-9999.99,-9999.99,-9999.99,4.84e-10,1.17e-09,7.42e-10,4.23e-10,1.77e-10,9.93e-11,5.07e-11,2.54e-11,1.36e-11,8.17e-12,5.58e-12,3.36e-12,2.34e-12,-9999.99,-9999.99,-9999.99,-9999.99,-9999.99,-9999.99,-9999.99,-9999.99,-9999.99,-9999.99,-9999.99,-9999.99,-9999.99,-9999.99,-9999.99,-9999.99,-9999.99,-9999.99,-9999.99,-9999.99,-9999.99,-9999.99,-9999.99,-9999.99,-9999.99,-9999.99,-9999.99,-9999.99,-9999.99,-9999.99,-9999.99,-9999.99,-9999.99,-9999.99,-9999.99,-9999.99,-9999.99,-9999.99,-9999.99,-9999.99,-9999.99,-9999.99,-9999.99,-9999.99,-9999.99,-9999.99,-9999.99,-9999.99,-9999.99,-9999.99,-9999.99,-9999.99,-9999.99,-9999.99,-9999.99,-9999.99,-9999.99,-9999.99,39.76,0.073,41.88,0.074,-13.25,0.0,2.12,102702.0
17530,102700.0,708584.2,475461.1,44218.7672337963,7366.0,227.3,32.16,28.0,-3.6813e-08,-1.017e-07,4.9444e-08,3.8977e-08,1.9047e-08,1.0924e-08,5.8538e-09,2.7412e-09,1.236e-09,5.538e-10,2.7968e-10,1.6617e-10,9.8421e-11,6.5965e-11,5.2485e-11,3.038e-11,1.3339e-11,-9999.99,-9999.99,-9999.99,-9999.99,-9999.99,-9999.99,-9999.99,-9999.99,-9999.99,-9999.99,1.1e-09,3.05e-09,1.48e-09,1.17e-09,5.71e-10,3.28e-10,1.76e-10,8.22e-11,3.72e-11,1.69e-11,8.64e-12,5.17e-12,3.15e-12,2.32e-12,2.19e-12,1.13e-12,8.22e-13,-9999.99,-9999.99,-9999.99,-9999.99,-9999.99,-9999.99,-9999.99,-9999.99,-9999.99,-9999.99,5.4883e-10,2.5038e-10,1.3766e-10,8.7047e-11,5.8099e-11,3.9386e-11,2.681e-11,1.7991e-11,1.3184e-11,9.4152e-12,6.538e-12,-9999.99,-9999.99,-9999.99,-9999.99,-9999.99,-9999.99,-9999.99,-9999.99,-9999.99,-9999.99,-9999.99,1.65e-11,7.51e-12,4.13e-12,2.61e-12,1.74e-12,1.18e-12,8.04e-13,5.4e-13,3.96e-13,2.83e-13,2e-13,-9999.99,-9999.99,-9999.99,-9999.99,-9999.99,-9999.99,-9999.99,-9999.99,-9999.99,-9999.99,-9999.99,32.155,0.09,34.555,0.09,-13.25,0.0,2.4,102702.0
17640,102700.0,705718.6,476598.4,44218.7690162037,7466.0,219.2,32.83,48.0,-2.8246e-08,-5.0789e-08,4.307e-08,1.6787e-08,5.462e-09,3.0029e-09,1.6716e-09,1.069e-09,6.9152e-10,5.0556e-10,3.4883e-10,2.3237e-10,1.6076e-10,1.0287e-10,5.9591e-11,3.9971e-11,2.7661e-11,1.6769e-11,1.5234e-11,5.5819e-12,5.7749e-12,3.6754e-12,1.9412e-12,2.5544e-12,1.6193e-12,2.2e-12,-9999.99,8.47e-10,1.53e-09,1.29e-09,5.04e-10,1.64e-10,9.07e-11,5.05e-11,3.23e-11,2.1e-11,1.55e-11,1.06e-11,7.13e-12,4.92e-12,3.15e-12,1.88e-12,1.28e-12,8.88e-13,6.14e-13,5.87e-13,3.56e-13,6.64e-13,2.49e-13,2.17e-13,8.25e-13,8.6e-12,6.34e-13,-9999.99,4.2076e-10,2.9357e-10,2.0275e-10,1.3722e-10,9.1257e-11,6.0936e-11,4.0848e-11,2.793e-11,1.9351e-11,1.3655e-11,9.4678e-12,6.6491e-12,4.5292e-12,2.9415e-12,1.9064e-12,1.131e-12,6.9532e-13,3.8655e-13,1.9971e-13,1.257e-13,7.3012e-14,5.9123e-14,1.26e-11,8.81e-12,6.08e-12,4.12e-12,2.74e-12,1.83e-12,1.23e-12,8.38e-13,5.81e-13,4.1e-13,2.84e-13,1.99e-13,1.36e-13,8.85e-14,5.76e-14,3.44e-14,2.12e-14,1.21e-14,6.87e-15,4.71e-15,3.83e-15,4.62e-14,32.825,0.089,34.67,0.089,-13.25,0.0,1.84,102702.0
17742,102700.0,703606.8,477450.0,44218.7703356482,7566.0,210.8,48.74,16.0,-9.9678e-09,-2.9942e-08,1.2556e-08,6.5877e-09,2.8904e-09,1.9234e-09,1.4675e-09,1.0345e-09,7.9006e-10,-9999.99,-9999.99,-9999.99,-9999.99,-9999.99,-9999.99,-9999.99,-9999.99,-9999.99,-9999.99,-9999.99,-9999.99,-9999.99,-9999.99,-9999.99,-9999.99,-9999.99,-9999.99,3e-10,9.01e-10,3.78e-10,1.98e-10,8.73e-11,5.89e-11,4.45e-11,3.14e-11,2.39e-11,-9999.99,-9999.99,-9999.99,-9999.99,-9999.99,-9999.99,-9999.99,-9999.99,-9999.99,-9999.99,-9999.99,-9999.99,-9999.99,-9999.99,-9999.99,-9999.99,-9999.99,-9999.99,4.5205e-10,3.2251e-10,2.2468e-10,1.5462e-10,1.0652e-10,7.3246e-11,4.9152e-11,-9999.99,-9999.99,-9999.99,-9999.99,-9999.99,-9999.99,-9999.99,-9999.99,-9999.99,-9999.99,-9999.99,-9999.99,-9999.99,-9999.99,-9999.99,1.36e-11,9.68e-12,6.74e-12,4.64e-12,3.2e-12,2.2e-12,1.47e-12,-9999.99,-9999.99,-9999.99,-9999.99,-9999.99,-9999.99,-9999.99,-9999.99,-9999.99,-9999.99,-9999.99,-9999.99,-9999.99,-9999.99,-9999.99,48.745,0.0615,49.19,0.0615,-13.25,0.0,0.44,102702.0
17852,102800.0,707016.0,475211.4,44218.772974537,7666.0,225.0,39.19,20.0,-2.3708e-08,-7.4737e-08,2.7234e-08,2.5933e-08,1.417e-08,8.848e-09,5.1257e-09,2.6409e-09,1.2868e-09,6.3743e-10,3.3918e-10,1.9994e-10,1.1108e-10,7.6725e-11,3.5994e-11,2.7968e-11,1.6231e-11,1.0942e-11,7.8392e-12,2.4781e-12,-9999.99,-9999.99,-9999.99,-9999.99,-9999.99,-9999.99,-9999.99,7.11e-10,2.24e-09,8.17e-10,7.78e-10,4.25e-10,2.65e-10,1.54e-10,7.92e-11,3.87e-11,1.93e-11,1.04e-11,6.24e-12,3.48e-12,2.49e-12,1.95e-12,1.05e-12,7.66e-13,8.52e-13,9.33e-13,2.8e-13,-9999.99,-9999.99,-9999.99,-9999.99,-9999.99,-9999.99,-9999.99,-9999.99,-9999.99,-9999.99,-9999.99,-9999.99,-9999.99,-9999.99,-9999.99,-9999.99,-9999.99,-9999.99,-9999.99,-9999.99,-9999.99,-9999.99,-9999.99,-9999.99,-9999.99,-9999.99,-9999.99,-9999.99,-9999.99,-9999.99,-9999.99,-9999.99,-9999.99,-9999.99,-9999.99,-9999.99,-9999.99,-9999.99,-9999.99,-9999.99,-9999.99,-9999.99,-9999.99,-9999.99,-9999.99,-9999.99,-9999.99,-9999.99,-9999.99,-9999.99,-9999.99,39.19,0.074,41.35,0.074,-13.25,0.0,2.16,102801.0
17962,102800.0,710491.0,473693.1,44218.7745138889,7766.0,246.5,34.41,30.0,-1.4284e-08,-4.7778e-09,1.6901e-08,1.2509e-09,1.1196e-10,8.5643e-11,1.2588e-10,9.3099e-11,-9999.99,-9999.99,-9999.99,-9999.99,-9999.99,-9999.99,-9999.99,-9999.99,-9999.99,-9999.99,-9999.99,-9999.99,-9999.99,-9999.99,-9999.99,-9999.99,-9999.99,-9999.99,-9999.99,4.29e-10,1.54e-10,5.07e-10,3.87e-11,2.46e-11,8.65e-12,7.2e-12,1.05e-11,-9999.99,-9999.99,-9999.99,-9999.99,-9999.99,-9999.99,-9999.99,-9999.99,-9999.99,-9999.99,-9999.99,-9999.99,-9999.99,-9999.99,-9999.99,-9999.99,-9999.99,-9999.99,-9999.99,5.2807e-11,4.1696e-11,3.3099e-11,2.4836e-11,1.8e-11,1.2518e-11,9.348e-12,6.8801e-12,5.0585e-12,3.8918e-12,2.9942e-12,2.3143e-12,1.8585e-12,1.3933e-12,1.0228e-12,7.0673e-13,4.5029e-13,2.836e-13,1.8325e-13,1.143e-13,6.6959e-14,3.1462e-14,1.59e-12,1.26e-12,9.96e-13,7.48e-13,5.42e-13,3.77e-13,2.82e-13,2.08e-13,1.53e-13,1.18e-13,9.07e-14,6.99e-14,5.67e-14,4.24e-14,3.11e-14,2.18e-14,1.43e-14,8.93e-15,6.32e-15,4.09e-15,5.87e-14,3.24e-15,34.49,0.085,36.27,0.085,-13.25,0.0,1.78,102801.0
18068,102800.0,713883.9,472289.2,44218.7760416667,7866.0,212.7,33.49,27.0,-2.4912e-08,-2.6053e-08,3.9649e-08,8.5175e-09,1.6439e-09,6.693e-10,-9999.99,-9999.99,-9999.99,-9999.99,-9999.99,-9999.99,-9999.99,-9999.99,-9999.99,-9999.99,-9999.99,-9999.99,-9999.99,-9999.99,-9999.99,-9999.99,-9999.99,-9999.99,-9999.99,-9999.99,-9999.99,7.47e-10,7.84e-10,1.19e-09,2.56e-10,5.01e-11,2.36e-11,-9999.99,-9999.99,-9999.99,-9999.99,-9999.99,-9999.99,-9999.99,-9999.99,-9999.99,-9999.99,-9999.99,-9999.99,-9999.99,-9999.99,-9999.99,-9999.99,-9999.99,-9999.99,-9999.99,-9999.99,-9999.99,7.2047e-11,5.4708e-11,4.1404e-11,3.1491e-11,2.3246e-11,1.7278e-11,1.2038e-11,8.7485e-12,6.4415e-12,4.8626e-12,3.7105e-12,2.8023e-12,2.1161e-12,1.6161e-12,1.1664e-12,7.8596e-13,5.8333e-13,4.0673e-13,2.5023e-13,1.6155e-13,1.0424e-13,-9999.99,2.16e-12,1.64e-12,1.24e-12,9.45e-13,7e-13,5.18e-13,3.61e-13,2.63e-13,1.93e-13,1.46e-13,1.12e-13,8.46e-14,6.39e-14,4.91e-14,3.53e-14,2.42e-14,1.79e-14,1.29e-14,8.76e-15,6.16e-15,5.58e-15,-9999.99,34.05,0.0865,35.305,0.0865,-13.25,0.0,1.26,102801.0
18176,102800.0,718029.0,470594.0,44218.7777662037,7966.0,201.1,42.91,21.0,-9999.99,-9999.99,-9999.99,-9999.99,-9999.99,-9999.99,-9999.99,-9999.99,-9999.99,-9999.99,-9999.99,-9999.99,-9999.99,-9999.99,-9999.99,-9999.99,-9999.99,-9999.99,-9999.99,-9999.99,-9999.99,-9999.99,-9999.99,-9999.99,-9999.99,-9999.99,-9999.99,-9999.99,-9999.99,-9999.99,-9999.99,-9999.99,-9999.99,-9999.99,-9999.99,-9999.99,-9999.99,-9999.99,-9999.99,-9999.99,-9999.99,-9999.99,-9999.99,-9999.99,-9999.99,-9999.99,-9999.99,-9999.99,-9999.99,-9999.99,-9999.99,-9999.99,-9999.99,-9999.99,3.4415e-11,2.8807e-11,2.2503e-11,1.7477e-11,1.3009e-11,9.7602e-12,7.1637e-12,5.1813e-12,3.8655e-12,2.9099e-12,2.1912e-12,1.6944e-12,1.4371e-12,1.1225e-12,8.4152e-13,6.117e-13,4.7105e-13,3e-13,2.1611e-13,1.2959e-13,9.7339e-14,-9999.99,1.07e-12,8.7e-13,6.82e-13,5.26e-13,3.99e-13,2.93e-13,2.16e-13,1.56e-13,1.17e-13,8.82e-14,6.71e-14,5.13e-14,4.37e-14,3.39e-14,2.55e-14,1.93e-14,1.47e-14,9.39e-15,7.09e-15,4.44e-15,4.17e-15,-9999.99,42.29,0.07,43.625,0.07,-13.25,0.0,1.34,102801.0
18282,102800.0,721652.8,469140.1,44218.7792708333,8066.0,203.7,38.18,6.0,-9999.99,-9999.99,-9999.99,-9999.99,-9999.99,-9999.99,-9999.99,-9999.99,-9999.99,-9999.99,-9999.99,-9999.99,-9999.99,-9999.99,-9999.99,-9999.99,-9999.99,-9999.99,-9999.99,-9999.99,-9999.99,-9999.99,-9999.99,-9999.99,-9999.99,-9999.99,-9999.99,-9999.99,-9999.99,-9999.99,-9999.99,-9999.99,-9999.99,-9999.99,-9999.99,-9999.99,-9999.99,-9999.99,-9999.99,-9999.99,-9999.99,-9999.99,-9999.99,-9999.99,-9999.99,-9999.99,-9999.99,-9999.99,-9999.99,-9999.99,-9999.99,-9999.99,-9999.99,-9999.99,2.019e-10,8.3275e-11,3.9415e-11,2.2708e-11,1.5143e-11,1.0991e-11,-9999.99,-9999.99,-9999.99,-9999.99,-9999.99,-9999.99,-9999.99,-9999.99,-9999.99,-9999.99,-9999.99,-9999.99,-9999.99,-9999.99,-9999.99,-9999.99,6.06e-12,2.5e-12,1.18e-12,6.84e-13,4.62e-13,3.42e-13,-9999.99,-9999.99,-9999.99,-9999.99,-9999.99,-9999.99,-9999.99,-9999.99,-9999.99,-9999.99,-9999.99,-9999.99,-9999.99,-9999.99,-9999.99,-9999.99,-9999.99,-9999.99,-9999.99,-9999.99,-9999.99,-9999.99,-9999.99,102801.0
18388,102900.0,723178.3,467662.3,44218.7821296296,8166.0,204.2,57.01,18.0,-7.231e-09,-2.8664e-08,4.9649e-09,5.962e-09,3.7427e-09,3.2222e-09,2.5383e-09,1.6026e-09,1.1567e-09,6.6667e-10,3.4912e-10,2.4018e-10,-9999.99,-9999.99,-9999.99,-9999.99,-9999.99,-9999.99,-9999.99,-9999.99,-9999.99,-9999.99,-9999.99,-9999.99,-9999.99,-9999.99,-9999.99,2.18e-10,8.66e-10,1.49e-10,1.79e-10,1.13e-10,9.7e-11,7.64e-11,4.84e-11,3.48e-11,2.02e-11,1.07e-11,7.33e-12,-9999.99,-9999.99,-9999.99,-9999.99,-9999.99,-9999.99,-9999.99,-9999.99,-9999.99,-9999.99,-9999.99,-9999.99,-9999.99,-9999.99,-9999.99,5.1667e-10,2.9561e-10,1.6804e-10,9.7895e-11,5.9006e-11,3.307e-11,-9999.99,-9999.99,-9999.99,-9999.99,-9999.99,-9999.99,-9999.99,-9999.99,-9999.99,-9999.99,-9999.99,-9999.99,-9999.99,-9999.99,-9999.99,-9999.99,1.55e-11,8.87e-12,5.04e-12,2.94e-12,1.77e-12,9.95e-13,-9999.99,-9999.99,-9999.99,-9999.99,-9999.99,-9999.99,-9999.99,-9999.99,-9999.99,-9999.99,-9999.99,-9999.99,-9999.99,-9999.99,-9999.99,-9999.99,57.01,0.053,58.755,0.053,-13.25,0.0,1.74,102901.0
18492,102900.0,720980.7,468526.4,44218.7835763889,8266.0,191.7,39.69,18.0,-1.6456e-08,-3.1374e-08,2.9415e-08,1.0591e-08,3.4825e-09,1.9263e-09,1.055e-09,5.2573e-10,-9999.99,-9999.99,-9999.99,-9999.99,-9999.99,-9999.99,-9999.99,-9999.99,-9999.99,-9999.99,-9999.99,-9999.99,-9999.99,-9999.99,-9999.99,-9999.99,-9999.99,-9999.99,-9999.99,4.94e-10,9.47e-10,8.82e-10,3.18e-10,1.04e-10,5.86e-11,3.22e-11,1.6e-11,-9999.99,-9999.99,-9999.99,-9999.99,-9999.99,-9999.99,-9999.99,-9999.99,-9999.99,-9999.99,-9999.99,-9999.99,-9999.99,-9999.99,-9999.99,-9999.99,-9999.99,-9999.99,-9999.99,1.438e-10,8.6871e-11,5.1608e-11,2.6357e-11,1.2754e-11,9.2485e-12,1.288e-11,6.155e-12,-9999.99,4.9825e-12,2.8833e-12,-9999.99,-9999.99,-9999.99,-9999.99,-9999.99,-9999.99,-9999.99,-9999.99,-9999.99,-9999.99,-9999.99,4.31e-12,2.61e-12,1.55e-12,7.93e-13,3.85e-13,2.79e-13,3.88e-13,1.86e-13,-9999.99,1.5e-13,8.77e-14,-9999.99,-9999.99,-9999.99,-9999.99,-9999.99,-9999.99,-9999.99,-9999.99,-9999.99,-9999.99,-9999.99,39.69,0.0745,41.565,0.074,-13.25,0.0,1.88,102901.0
18596,102900.0,718860.2,469369.6,44218.7849884259,8366.0,195.2,32.68,33.0,-2.8646e-08,-3.5468e-08,5.1111e-08,1.2368e-08,2.0693e-09,9.3977e-10,3.7368e-10,1.5561e-10,1.0743e-10,8.6959e-11,5.8801e-11,-9999.99,-9999.99,-9999.99,-9999.99,-9999.99,-9999.99,-9999.99,-9999.99,-9999.99,-9999.99,-9999.99,-9999.99,-9999.99,-9999.99,-9999.99,-9999.99,8.59e-10,1.07e-09,1.53e-09,3.71e-10,6.31e-11,3.03e-11,1.25e-11,5.66e-12,5.65e-12,4.39e-12,2.69e-12,-9999.99,-9999.99,-9999.99,-9999.99,-9999.99,-9999.99,-9999.99,-9999.99,-9999.99,-9999.99,-9999.99,-9999.99,-9999.99,-9999.99,-9999.99,-9999.99,5.6316e-11,4.0994e-11,3.2251e-11,2.4927e-11,1.8693e-11,1.3898e-11,9.7602e-12,7.5965e-12,5.6725e-12,4.1842e-12,2.8114e-12,2.1652e-12,1.7079e-12,1.383e-12,1.0091e-12,6.9678e-13,4.7076e-13,3.3801e-13,1.7889e-13,8.8187e-14,6.0175e-14,3.0906e-14,1.7e-12,1.23e-12,9.68e-13,7.5e-13,5.63e-13,4.18e-13,2.94e-13,2.29e-13,1.71e-13,1.26e-13,8.6e-14,6.54e-14,5.16e-14,4.18e-14,3.07e-14,2.15e-14,1.46e-14,1.08e-14,6.1e-15,4.44e-15,3.52e-15,2.73e-14,32.68,0.089,34.79,0.089,-13.25,0.0,2.11,102901.0
18702,102900.0,716446.3,470412.9,44218.7865162037,8466.0,205.0,55.48,33.0,-7.0234e-09,-2.4284e-08,1.1529e-08,8.5556e-09,4.193e-09,2.5383e-09,1.2927e-09,6.7018e-10,2.9085e-10,1.6041e-10,7.9708e-11,4.1579e-11,-9999.99,-9999.99,-9999.99,-9999.99,-9999.99,-9999.99,-9999.99,-9999.99,-9999.99,-9999.99,-9999.99,-9999.99,-9999.99,-9999.99,-9999.99,2.12e-10,7.36e-10,3.47e-10,2.57e-10,1.26e-10,7.69e-11,3.9e-11,2.04e-11,9.1e-12,5.15e-12,2.85e-12,1.85e-12,-9999.99,-9999.99,-9999.99,-9999.99,-9999.99,-9999.99,-9999.99,-9999.99,-9999.99,-9999.99,-9999.99,-9999.99,-9999.99,-9999.99,-9999.99,1.3696e-10,6.7573e-11,3.7661e-11,2.3599e-11,1.607e-11,1.1447e-11,7.9298e-12,5.7251e-12,4.1491e-12,2.9298e-12,2.219e-12,1.648e-12,1.3529e-12,1.0099e-12,8.5819e-13,5.8743e-13,4.4561e-13,3.5263e-13,2.4594e-13,1.6942e-13,9.7866e-14,-9999.99,4.11e-12,2.03e-12,1.14e-12,7.1e-13,4.84e-13,3.45e-13,2.39e-13,1.73e-13,1.26e-13,8.97e-14,6.86e-14,5.17e-14,4.26e-14,3.27e-14,2.8e-14,2.42e-14,1.76e-14,1.63e-14,2.02e-14,2.83e-13,2.73e-14,-9999.99,55.475,0.053,57.54,0.053,-13.25,0.0,2.07,102901.0
18804,102900.0,714311.3,471271.5,44218.7877430556,8566.0,209.0,38.71,10.0,-2.0667e-08,-4.9181e-08,3.4912e-08,1.9161e-08,7.2076e-09,3.4269e-09,1.4684e-09,6.4854e-10,2.65e-10,1.2538e-10,-9999.99,-9999.99,-9999.99,-9999.99,-9999.99,-9999.99,-9999.99,-9999.99,-9999.99,-9999.99,-9999.99,-9999.99,-9999.99,-9999.99,-9999.99,-9999.99,-9999.99,6.22e-10,1.49e-09,1.05e-09,5.75e-10,2.16e-10,1.03e-10,4.43e-11,2e-11,8.67e-12,4.68e-12,-9999.99,-9999.99,-9999.99,-9999.99,-9999.99,-9999.99,-9999.99,-9999.99,-9999.99,-9999.99,-9999.99,-9999.99,-9999.99,-9999.99,-9999.99,-9999.99,-9999.99,-9999.99,-9999.99,-9999.99,-9999.99,-9999.99,-9999.99,-9999.99,-9999.99,-9999.99,-9999.99,-9999.99,-9999.99,-9999.99,-9999.99,-9999.99,-9999.99,-9999.99,-9999.99,-9999.99,-9999.99,-9999.99,-9999.99,-9999.99,-9999.99,-9999.99,-9999.99,-9999.99,-9999.99,-9999.99,-9999.99,-9999.99,-9999.99,-9999.99,-9999.99,-9999.99,-9999.99,-9999.99,-9999.99,-9999.99,-9999.99,-9999.99,-9999.99,-9999.99,-9999.99,38.71,0.076,40.44,0.076,-13.25,0.0,1.73,102901.0
18912,102900.0,711810.7,472255.7,44218.7893287037,8666.0,233.9,49.22,5.0,-7.614e-09,-1.3623e-08,1.1702e-08,4.1374e-09,-9999.99,-9999.99,-9999.99,1.038e-10,-9999.99,-9999.99,-9999.99,-9999.99,-9999.99,-9999.99,-9999.99,-9999.99,-9999.99,-9999.99,-9999.99,-9999.99,-9999.99,-9999.99,-9999.99,-9999.99,-9999.99,-9999.99,-9999.99,2.41e-10,4.67e-10,3.55e-10,1.25e-10,-9999.99,-9999.99,-9999.99,7.13e-12,-9999.99,-9999.99,-9999.99,-9999.99,-9999.99,-9999.99,-9999.99,-9999.99,-9999.99,-9999.99,-9999.99,-9999.99,-9999.99,-9999.99,-9999.99,-9999.99,-9999.99,-9999.99,-9999.99,-9999.99,-9999.99,-9999.99,-9999.99,-9999.99,-9999.99,-9999.99,-9999.99,-9999.99,-9999.99,-9999.99,-9999.99,-9999.99,-9999.99,-9999.99,-9999.99,-9999.99,-9999.99,-9999.99,-9999.99,-9999.99,-9999.99,-9999.99,-9999.99,-9999.99,-9999.99,-9999.99,-9999.99,-9999.99,-9999.99,-9999.99,-9999.99,-9999.99,-9999.99,-9999.99,-9999.99,-9999.99,-9999.99,-9999.99,-9999.99,-9999.99,-9999.99,-9999.99,-9999.99,49.22,0.06,51.2,0.06,-13.25,0.0,1.98,102901.0
19016,102900.0,709490.8,473296.8,44218.7907638889,8766.0,253.0,38.34,31.0,-1.9094e-08,-3.2018e-08,3.4912e-08,1.1702e-08,2.9269e-09,1.1953e-09,4.0936e-10,1.6173e-10,9.3918e-11,6.0819e-11,-9999.99,-9999.99,-9999.99,-9999.99,-9999.99,-9999.99,-9999.99,-9999.99,-9999.99,-9999.99,-9999.99,-9999.99,-9999.99,-9999.99,-9999.99,-9999.99,-9999.99,5.75e-10,9.7e-10,1.05e-09,3.51e-10,8.81e-11,3.71e-11,1.31e-11,6.87e-12,4.15e-12,3.42e-12,-9999.99,-9999.99,-9999.99,-9999.99,-9999.99,-9999.99,-9999.99,-9999.99,-9999.99,-9999.99,-9999.99,-9999.99,-9999.99,-9999.99,-9999.99,-9999.99,-9999.99,5.5497e-11,3.962e-11,3.0526e-11,2.2769e-11,1.6132e-11,1.1909e-11,8.3918e-12,6.0351e-12,4.7749e-12,3.3713e-12,2.6482e-12,2.1348e-12,1.6716e-12,1.2304e-12,9.7895e-13,6.5877e-13,4.576e-13,2.9591e-13,1.8637e-13,1.0904e-13,8.3304e-14,-9999.99,1.68e-12,1.19e-12,9.19e-13,6.85e-13,4.87e-13,3.58e-13,2.54e-13,1.82e-13,1.44e-13,1.02e-13,8.02e-14,6.49e-14,5.08e-14,3.72e-14,2.98e-14,2.04e-14,1.47e-14,9.23e-15,6.43e-15,4.62e-15,9.08e-15,-9999.99,38.335,0.076,40.57,0.076,-13.25,0.0,2.23,102901.0
19122,102900.0,707225.4,474253.4,44218.7922222222,8866.0,225.6,38.83,43.0,-1.8211e-08,-3.5351e-08,2.9228e-08,1.1494e-08,3.7339e-09,1.9623e-09,1.0161e-09,6.2573e-10,3.7251e-10,2.5298e-10,1.9237e-10,1.286e-10,8.3246e-11,6.1433e-11,4.0468e-11,2.5757e-11,1.898e-11,1.2526e-11,7.7953e-12,6.7076e-12,3.924e-12,-9999.99,-9999.99,-9999.99,-9999.99,-9999.99,-9999.99,5.46e-10,1.06e-09,8.77e-10,3.45e-10,1.12e-10,5.95e-11,3.1e-11,1.91e-11,1.19e-11,8.02e-12,6.16e-12,4.03e-12,2.65e-12,2e-12,1.36e-12,8.78e-13,6.85e-13,5.32e-13,3.78e-13,7.78e-13,2.04e-13,-9999.99,-9999.99,-9999.99,-9999.99,-9999.99,-9999.99,2.2439e-10,1.5868e-10,1.1439e-10,8.076e-11,5.6287e-11,3.9269e-11,2.6716e-11,1.85e-11,1.2886e-11,8.9795e-12,6.4386e-12,4.655e-12,3.3275e-12,2.4064e-12,1.6161e-12,1.0819e-12,6.7953e-13,4.1988e-13,2.5465e-13,1.4775e-13,8.2719e-14,5.1754e-14,6.73e-12,4.76e-12,3.43e-12,2.42e-12,1.69e-12,1.18e-12,8.01e-13,5.55e-13,3.87e-13,2.69e-13,1.93e-13,1.4e-13,1e-13,7.24e-14,4.9e-14,3.29e-14,2.07e-14,1.31e-14,8.38e-15,5.44e-15,3.94e-15,9.68e-15,38.83,0.0755,40.925,0.0755,-13.25,0.0,2.09,102901.0
19228,102900.0,704543.8,475314.4,44218.7938773148,8966.0,215.6,43.69,32.0,-1.3488e-08,-3.4327e-08,1.919e-08,9.4064e-09,3.6404e-09,2.2082e-09,1.3237e-09,8.9678e-10,6.6345e-10,4.4971e-10,2.9386e-10,1.9126e-10,1.3865e-10,8.7485e-11,6.9474e-11,3.1287e-11,2.8795e-11,1.7944e-11,1.0974e-11,1.0433e-11,-9999.99,-9999.99,-9999.99,-9999.99,-9999.99,-9999.99,-9999.99,4.05e-10,1.03e-09,5.76e-10,2.82e-10,1.1e-10,6.74e-11,4e-11,2.74e-11,2e-11,1.36e-11,8.9e-12,5.85e-12,4.3e-12,3.02e-12,2.22e-12,1.08e-12,1.06e-12,6.93e-13,4.86e-13,3.99e-13,-9999.99,-9999.99,-9999.99,-9999.99,-9999.99,-9999.99,-9999.99,3.7573e-10,2.6237e-10,1.7822e-10,1.2249e-10,8.2661e-11,5.8392e-11,3.8421e-11,2.6664e-11,1.945e-11,1.3825e-11,9.8099e-12,7.2895e-12,-9999.99,-9999.99,-9999.99,-9999.99,-9999.99,-9999.99,-9999.99,-9999.99,-9999.99,-9999.99,1.13e-11,7.87e-12,5.35e-12,3.67e-12,2.48e-12,1.75e-12,1.15e-12,8e-13,5.83e-13,4.15e-13,2.95e-13,2.19e-13,-9999.99,-9999.99,-9999.99,-9999.99,-9999.99,-9999.99,-9999.99,-9999.99,-9999.99,-9999.99,43.685,0.067,46.225,0.067,-13.25,0.0,2.54,102901.0
19336,103000.0,704944.0,474249.4,44218.796400463,9066.0,223.8,33.6,42.0,-2.833e-08,-3.3421e-08,3.7193e-08,9.3684e-09,2.9678e-09,1.8289e-09,1.2149e-09,8.3918e-10,6.3304e-10,4.3129e-10,2.8921e-10,2.0228e-10,1.2205e-10,7.4474e-11,4.9503e-11,3.4854e-11,2.1734e-11,1.3705e-11,1.0398e-11,8.2544e-12,-9999.99,-9999.99,-9999.99,-9999.99,-9999.99,-9999.99,-9999.99,8.5e-10,1e-09,1.12e-09,2.81e-10,8.93e-11,5.56e-11,3.68e-11,2.53e-11,1.93e-11,1.32e-11,8.91e-12,6.21e-12,3.76e-12,2.45e-12,1.71e-12,1.09e-12,7.39e-13,5.58e-13,4.15e-13,3.24e-13,-9999.99,-9999.99,-9999.99,-9999.99,-9999.99,-9999.99,-9999.99,3.5673e-10,2.498e-10,1.714e-10,1.1523e-10,7.6345e-11,5.1111e-11,3.4561e-11,2.3614e-11,1.6503e-11,1.1848e-11,8.7164e-12,6.3655e-12,4.4678e-12,3.1579e-12,2.0921e-12,1.307e-12,8.2544e-13,5.3363e-13,2.9503e-13,1.6377e-13,9.1433e-14,5.307e-14,1.07e-11,7.49e-12,5.14e-12,3.46e-12,2.29e-12,1.53e-12,1.04e-12,7.08e-13,4.95e-13,3.55e-13,2.62e-13,1.91e-13,1.34e-13,9.51e-14,6.32e-14,3.95e-14,2.53e-14,1.64e-14,9.38e-15,5.6e-15,3.73e-15,2.84e-15,33.605,0.089,33.815,0.089,-13.25,0.0,0.21,103001.0
19448,103000.0,708204.2,472937.9,44218.7980092593,9166.0,232.3,65.26,17.0,-4.7135e-09,-2.1503e-08,5.2661e-09,5.8129e-09,3.6228e-09,2.5295e-09,1.6304e-09,8.8246e-10,4.0497e-10,-9999.99,-9999.99,-9999.99,-9999.99,-9999.99,-9999.99,-9999.99,-9999.99,-9999.99,-9999.99,-9999.99,-9999.99,-9999.99,-9999.99,-9999.99,-9999.99,-9999.99,-9999.99,1.48e-10,6.64e-10,1.64e-10,1.75e-10,1.09e-10,7.66e-11,4.94e-11,2.68e-11,1.38e-11,-9999.99,-9999.99,-9999.99,-9999.99,-9999.99,-9999.99,-9999.99,-9999.99,-9999.99,-9999.99,-9999.99,-9999.99,-9999.99,-9999.99,-9999.99,-9999.99,-9999.99,-9999.99,2.2719e-10,1.143e-10,5.9854e-11,3.462e-11,-9999.99,-9999.99,1.1149e-11,7.4269e-12,5.462e-12,4.0117e-12,-9999.99,-9999.99,-9999.99,-9999.99,-9999.99,-9999.99,-9999.99,-9999.99,-9999.99,-9999.99,-9999.99,-9999.99,6.82e-12,3.43e-12,1.8e-12,1.04e-12,-9999.99,-9999.99,3.4e-13,2.24e-13,1.69e-13,1.22e-13,-9999.99,-9999.99,-9999.99,-9999.99,-9999.99,-9999.99,-9999.99,-9999.99,-9999.99,-9999.99,-9999.99,-9999.99,66.01,0.045,68.24,0.045,-13.25,0.0,2.23,103001.0
19552,103000.0,711445.7,471568.0,44218.7994328704,9266.0,242.8,37.42,29.0,-1.3912e-08,-1.0772e-08,1.8485e-08,3.6199e-09,9.5351e-10,5.2895e-10,2.5965e-10,1.1412e-10,-9999.99,-9999.99,-9999.99,-9999.99,-9999.99,-9999.99,-9999.99,-9999.99,-9999.99,-9999.99,-9999.99,-9999.99,-9999.99,-9999.99,-9999.99,-9999.99,-9999.99,-9999.99,-9999.99,4.19e-10,3.3e-10,5.55e-10,1.09e-10,3.01e-11,1.87e-11,8.62e-12,5.93e-12,-9999.99,-9999.99,-9999.99,-9999.99,-9999.99,-9999.99,-9999.99,-9999.99,-9999.99,-9999.99,-9999.99,-9999.99,-9999.99,-9999.99,-9999.99,-9999.99,-9999.99,-9999.99,-9999.99,4.8567e-11,3.5731e-11,2.8012e-11,2.1576e-11,1.614e-11,1.2518e-11,9.1959e-12,6.5819e-12,4.6813e-12,3.4298e-12,2.5468e-12,2.1135e-12,1.7228e-12,1.2012e-12,9.614e-13,6.9942e-13,4.848e-13,3.114e-13,2.045e-13,1.2632e-13,8.0965e-14,-9999.99,1.46e-12,1.07e-12,8.46e-13,6.49e-13,4.86e-13,3.78e-13,2.77e-13,1.99e-13,1.41e-13,1.04e-13,7.67e-14,6.38e-14,5.2e-14,3.69e-14,2.95e-14,2.15e-14,1.54e-14,1.08e-14,7.14e-15,5.19e-15,6.26e-15,-9999.99,37.715,0.078,39.36,0.078,-13.25,0.0,1.64,103001.0
19660,103000.0,715699.4,469849.9,44218.8012037037,9366.0,205.7,59.06,36.0,-6.4444e-09,-2.4713e-08,9.1404e-09,8.0526e-09,4.269e-09,2.7982e-09,1.5354e-09,8.5058e-10,4.5643e-10,2.1058e-10,1.105e-10,5.2924e-11,3.4269e-11,2.0149e-11,-9999.99,-9999.99,-9999.99,-9999.99,-9999.99,-9999.99,-9999.99,-9999.99,-9999.99,-9999.99,-9999.99,-9999.99,-9999.99,1.95e-10,7.44e-10,2.75e-10,2.42e-10,1.28e-10,8.45e-11,4.64e-11,2.58e-11,1.41e-11,7.16e-12,3.87e-12,1.97e-12,1.87e-12,1.18e-12,-9999.99,-9999.99,-9999.99,-9999.99,-9999.99,-9999.99,-9999.99,-9999.99,-9999.99,-9999.99,-9999.99,-9999.99,-9999.99,1.8327e-10,8.7105e-11,4.6433e-11,2.7863e-11,1.8354e-11,1.2287e-11,8.2164e-12,6.0175e-12,4.2135e-12,3.0292e-12,2.2588e-12,1.7617e-12,1.333e-12,1.0415e-12,7.8246e-13,5.7047e-13,4.1842e-13,2.8854e-13,1.7582e-13,1.1503e-13,7.0556e-14,5.2544e-14,5.5e-12,2.61e-12,1.39e-12,8.39e-13,5.52e-13,3.71e-13,2.48e-13,1.81e-13,1.28e-13,9.15e-14,6.82e-14,5.36e-14,4.04e-14,3.16e-14,2.42e-14,1.76e-14,1.3e-14,9.67e-15,6.72e-15,4.29e-15,5.6e-15,3.42e-15,59.26,0.05,60.91,0.05,-13.25,0.0,1.65,103001.0
19762,103000.0,718868.7,468449.5,44218.8025,9466.0,200.1,38.59,9.0,-1.8757e-08,-3.5351e-08,3.1491e-08,1.2737e-08,4.2018e-09,2.1708e-09,1.1073e-09,5.0468e-10,2.2962e-10,-9999.99,-9999.99,-9999.99,-9999.99,-9999.99,-9999.99,-9999.99,-9999.99,-9999.99,-9999.99,-9999.99,-9999.99,-9999.99,-9999.99,-9999.99,-9999.99,-9999.99,-9999.99,5.63e-10,1.06e-09,9.45e-10,3.82e-10,1.26e-10,6.56e-11,3.45e-11,1.7e-11,8.75e-12,-9999.99,-9999.99,-9999.99,-9999.99,-9999.99,-9999.99,-9999.99,-9999.99,-9999.99,-9999.99,-9999.99,-9999.99,-9999.99,-9999.99,-9999.99,-9999.99,-9999.99,-9999.99,-9999.99,-9999.99,-9999.99,-9999.99,-9999.99,-9999.99,-9999.99,-9999.99,-9999.99,-9999.99,-9999.99,-9999.99,-9999.99,-9999.99,-9999.99,-9999.99,-9999.99,-9999.99,-9999.99,-9999.99,-9999.99,-9999.99,-9999.99,-9999.99,-9999.99,-9999.99,-9999.99,-9999.99,-9999.99,-9999.99,-9999.99,-9999.99,-9999.99,-9999.99,-9999.99,-9999.99,-9999.99,-9999.99,-9999.99,-9999.99,-9999.99,-9999.99,-9999.99,-9999.99,37.49,0.079,38.85,0.079,-13.25,0.0,1.36,103001.0
19872,103100.0,720054.9,467161.7,44219.6065740741,12.0,190.3,32.16,17.0,-2.3985e-08,-3.2632e-08,4.1637e-08,1.1523e-08,-9999.99,-9999.99,-9999.99,1.4386e-10,-9999.99,-9999.99,-9999.99,-9999.99,-9999.99,-9999.99,-9999.99,-9999.99,-9999.99,-9999.99,-9999.99,-9999.99,-9999.99,-9999.99,-9999.99,-9999.99,-9999.99,-9999.99,-9999.99,7.2e-10,9.82e-10,1.25e-09,3.46e-10,-9999.99,-9999.99,-9999.99,6.96e-12,-9999.99,-9999.99,-9999.99,-9999.99,-9999.99,-9999.99,-9999.99,-9999.99,-9999.99,-9999.99,-9999.99,-9999.99,-9999.99,-9999.99,-9999.99,-9999.99,-9999.99,-9999.99,-9999.99,5.0906e-11,4.0906e-11,2.9415e-11,2.7076e-11,2.067e-11,1.6585e-11,1.2436e-11,7.7251e-12,4.652e-12,2.7904e-12,2.1462e-12,2.1746e-12,-9999.99,-9999.99,-9999.99,-9999.99,-9999.99,-9999.99,-9999.99,-9999.99,-9999.99,-9999.99,1.53e-12,1.23e-12,8.91e-13,8.15e-13,6.28e-13,4.99e-13,3.74e-13,2.33e-13,1.41e-13,8.48e-14,6.55e-14,6.57e-14,-9999.99,-9999.99,-9999.99,-9999.99,-9999.99,-9999.99,-9999.99,-9999.99,-9999.99,-9999.99,32.16,0.092,33.275,0.092,-13.25,0.0,1.12,103101.0
19980,103100.0,716768.0,468540.4,44219.6085648148,112.0,203.9,48.73,32.0,-1.0488e-08,-2.7547e-08,1.8635e-08,1.0456e-08,4.2368e-09,2.2041e-09,1.093e-09,4.6842e-10,2.1149e-10,1.0626e-10,5.0673e-11,-9999.99,-9999.99,-9999.99,-9999.99,-9999.99,-9999.99,-9999.99,-9999.99,-9999.99,-9999.99,-9999.99,-9999.99,-9999.99,-9999.99,-9999.99,-9999.99,3.15e-10,8.29e-10,5.59e-10,3.14e-10,1.28e-10,6.66e-11,3.32e-11,1.45e-11,7.17e-12,3.69e-12,2.43e-12,-9999.99,-9999.99,-9999.99,-9999.99,-9999.99,-9999.99,-9999.99,-9999.99,-9999.99,-9999.99,-9999.99,-9999.99,-9999.99,-9999.99,-9999.99,-9999.99,9.8801e-11,5.0175e-11,3.0731e-11,2.1061e-11,1.4398e-11,1.0298e-11,7.2515e-12,5.6784e-12,3.848e-12,2.8985e-12,2.2085e-12,1.7696e-12,1.3579e-12,1.0547e-12,7.8947e-13,5.7105e-13,3.8421e-13,2.7249e-13,1.5304e-13,1.0102e-13,7.7164e-14,-9999.99,2.96e-12,1.51e-12,9.28e-13,6.36e-13,4.35e-13,3.11e-13,2.18e-13,1.73e-13,1.17e-13,8.87e-14,6.71e-14,5.4e-14,4.16e-14,3.24e-14,2.43e-14,1.77e-14,1.26e-14,9.05e-15,5.49e-15,4.41e-15,6.36e-15,-9999.99,50.055,0.059,52.005,0.059,-13.25,0.0,1.95,103101.0
20080,103100.0,714661.1,469407.3,44219.6097222222,212.0,205.5,49.32,39.0,-1.0266e-08,-2.9444e-08,1.6213e-08,1.057e-08,4.8392e-09,2.8477e-09,1.5629e-09,7.9854e-10,3.614e-10,1.7006e-10,9.7602e-11,5.8275e-11,3.6696e-11,2.5433e-11,1.5906e-11,1.498e-11,1.0962e-11,-9999.99,-9999.99,-9999.99,-9999.99,-9999.99,-9999.99,-9999.99,-9999.99,-9999.99,-9999.99,3.09e-10,8.86e-10,4.86e-10,3.17e-10,1.46e-10,8.6e-11,4.72e-11,2.42e-11,1.12e-11,5.71e-12,3.2e-12,2.24e-12,1.67e-12,1.42e-12,1.67e-12,2.11e-12,1.34e-12,-9999.99,-9999.99,-9999.99,-9999.99,-9999.99,-9999.99,-9999.99,-9999.99,-9999.99,-9999.99,1.5851e-10,8.0526e-11,4.807e-11,3.1491e-11,2.1377e-11,1.502e-11,1e-11,7.2427e-12,5.1696e-12,3.769e-12,2.8415e-12,2.1506e-12,1.631e-12,1.2529e-12,9.6959e-13,6.7924e-13,4.6813e-13,3.2895e-13,1.9784e-13,1.2073e-13,7.4737e-14,4.5556e-14,4.76e-12,2.42e-12,1.44e-12,9.45e-13,6.43e-13,4.52e-13,3.02e-13,2.18e-13,1.56e-13,1.15e-13,8.55e-14,6.52e-14,4.93e-14,3.81e-14,2.97e-14,2.11e-14,1.44e-14,1.04e-14,6.98e-15,4.35e-15,3.43e-15,4.27e-15,49.685,0.059,51.41,0.059,-13.25,0.0,1.72,103101.0
20184,103100.0,712393.7,470348.0,44219.6110532407,312.0,224.7,60.14,30.0,-4.7193e-09,-6.9357e-09,8.5205e-09,1.8047e-09,4.2661e-10,2.0099e-10,1.8412e-10,6.886e-11,-9999.99,-9999.99,-9999.99,-9999.99,-9999.99,-9999.99,-9999.99,-9999.99,-9999.99,-9999.99,-9999.99,-9999.99,-9999.99,-9999.99,-9999.99,-9999.99,-9999.99,-9999.99,-9999.99,1.43e-10,2.16e-10,2.56e-10,5.49e-11,1.48e-11,1.22e-11,9.19e-12,2.69e-11,-9999.99,-9999.99,-9999.99,-9999.99,-9999.99,-9999.99,-9999.99,-9999.99,-9999.99,-9999.99,-9999.99,-9999.99,-9999.99,-9999.99,-9999.99,-9999.99,-9999.99,-9999.99,-9999.99,3.7865e-11,3.152e-11,2.3816e-11,1.7901e-11,1.3635e-11,9.9591e-12,7.155e-12,5.3713e-12,3.9971e-12,3.0322e-12,2.376e-12,1.8982e-12,1.5009e-12,1.083e-12,8.2105e-13,5.8947e-13,4.2456e-13,3.0175e-13,1.8918e-13,1.3573e-13,1.0067e-13,6.4327e-14,1.15e-12,9.52e-13,7.17e-13,5.41e-13,4.1e-13,3.03e-13,2.17e-13,1.62e-13,1.22e-13,9.16e-14,7.22e-14,5.77e-14,4.62e-14,3.3e-14,2.53e-14,1.83e-14,1.35e-14,1.14e-14,7.93e-15,7.61e-14,5.04e-15,3.54e-15,67.955,0.0435,69.81,0.0435,-13.25,0.0,1.86,103101.0
20288,103100.0,709484.6,471551.8,44219.6126273148,412.0,248.0,30.52,36.0,-2.9e-08,-2.1564e-08,4.1784e-08,6.5936e-09,1.1202e-09,5.6199e-10,2.4792e-10,1.4196e-10,1.0421e-10,7.2632e-11,6.731e-11,4.5526e-11,3.1988e-11,2.4488e-11,-9999.99,-9999.99,-9999.99,-9999.99,-9999.99,-9999.99,-9999.99,-9999.99,-9999.99,-9999.99,-9999.99,-9999.99,-9999.99,8.7e-10,6.53e-10,1.25e-09,1.98e-10,3.45e-11,2.2e-11,1.11e-11,5.48e-12,6.34e-12,3.16e-12,2.77e-12,1.95e-12,1.55e-12,1.5e-11,-9999.99,-9999.99,-9999.99,-9999.99,-9999.99,-9999.99,-9999.99,-9999.99,-9999.99,-9999.99,-9999.99,-9999.99,-9999.99,6.3012e-11,4.8889e-11,3.9298e-11,2.9912e-11,2.2485e-11,1.6696e-11,1.2173e-11,8.8509e-12,6.345e-12,4.6667e-12,3.5556e-12,2.7032e-12,2.126e-12,1.6096e-12,1.1789e-12,8.5e-13,5.9152e-13,3.8246e-13,2.524e-13,1.567e-13,8.9649e-14,6.5292e-14,1.91e-12,1.47e-12,1.19e-12,9.03e-13,6.79e-13,5.03e-13,3.66e-13,2.66e-13,1.92e-13,1.41e-13,1.07e-13,8.19e-14,6.42e-14,4.88e-14,3.61e-14,2.64e-14,1.86e-14,1.28e-14,8.53e-15,6.41e-15,8.92e-15,5.92e-15,30.495,0.095,32.805,0.095,-13.25,0.0,2.31,103101.0
20392,103100.0,706855.3,472626.4,44219.6140046296,512.0,231.6,44.2,30.0,-1.3883e-08,-3.6725e-08,2.3529e-08,1.4088e-08,5.4854e-09,2.7196e-09,1.2526e-09,5.6316e-10,2.7257e-10,-9999.99,-9999.99,-9999.99,-9999.99,-9999.99,-9999.99,-9999.99,-9999.99,-9999.99,-9999.99,-9999.99,-9999.99,-9999.99,-9999.99,-9999.99,-9999.99,-9999.99,-9999.99,4.16e-10,1.1e-09,7.06e-10,4.23e-10,1.65e-10,8.21e-11,3.8e-11,1.75e-11,9.13e-12,-9999.99,-9999.99,-9999.99,-9999.99,-9999.99,-9999.99,-9999.99,-9999.99,-9999.99,-9999.99,-9999.99,-9999.99,-9999.99,-9999.99,-9999.99,-9999.99,-9999.99,-9999.99,1.555e-10,1.0292e-10,7.307e-11,5.1754e-11,3.6404e-11,2.5465e-11,1.7541e-11,1.2506e-11,9.0029e-12,6.4912e-12,4.8743e-12,3.6842e-12,2.7655e-12,2.0319e-12,1.4731e-12,1.0155e-12,6.5263e-13,4.2281e-13,2.7155e-13,1.4301e-13,1.0263e-13,-9999.99,4.67e-12,3.09e-12,2.19e-12,1.55e-12,1.09e-12,7.66e-13,5.26e-13,3.75e-13,2.7e-13,1.95e-13,1.47e-13,1.11e-13,8.32e-14,6.16e-14,4.45e-14,3.08e-14,2e-14,1.36e-14,8.83e-15,5.93e-15,5.73e-15,-9999.99,44.835,0.065,47.04,0.065,-13.25,0.0,2.21,103101.0
20498,103100.0,703924.9,473810.6,44219.6156018519,612.0,222.8,49.5,35.0,-7.0965e-09,-1.3503e-08,8.5526e-09,2.5564e-09,1.1073e-09,8.7953e-10,6.3129e-10,3.9181e-10,3.3041e-10,2.5763e-10,1.6412e-10,1.1143e-10,8.2953e-11,-9999.99,-9999.99,-9999.99,-9999.99,-9999.99,-9999.99,-9999.99,-9999.99,-9999.99,-9999.99,-9999.99,-9999.99,-9999.99,-9999.99,2.14e-10,4.17e-10,2.57e-10,7.72e-11,3.45e-11,2.88e-11,1.97e-11,1.23e-11,1.02e-11,8.06e-12,5.22e-12,3.7e-12,2.75e-12,-9999.99,-9999.99,-9999.99,-9999.99,-9999.99,-9999.99,-9999.99,-9999.99,-9999.99,-9999.99,-9999.99,-9999.99,-9999.99,-9999.99,2.0108e-10,1.493e-10,1.0743e-10,7.4737e-11,5.1901e-11,3.5731e-11,2.5228e-11,1.8713e-11,1.348e-11,9.1228e-12,6.9211e-12,5.2836e-12,4.0117e-12,2.7333e-12,1.8269e-12,1.186e-12,7.5643e-13,4.4649e-13,2.7257e-13,1.483e-13,8.1462e-14,4.1988e-14,6.03e-12,4.48e-12,3.22e-12,2.24e-12,1.56e-12,1.07e-12,7.57e-13,5.61e-13,4.06e-13,2.74e-13,2.08e-13,1.59e-13,1.21e-13,8.23e-14,5.52e-14,3.59e-14,2.29e-14,1.43e-14,9.19e-15,5.78e-15,4.3e-15,3.67e-15,51.385,0.057,53.89,0.057,-13.25,0.0,2.5,103101.0
20606,103200.0,705540.0,472301.6,44219.6182523148,712.0,229.2,37.65,41.0,-2.3067e-08,-5.2281e-08,3.845e-08,2.0181e-08,6.6345e-09,3.1053e-09,1.3477e-09,6.2368e-10,3.1959e-10,2.2711e-10,1.4892e-10,1.1892e-10,7.7515e-11,4.8713e-11,3.4064e-11,2.2032e-11,1.3556e-11,1.162e-11,8.8333e-12,6.3713e-12,4.0789e-12,-9999.99,-9999.99,-9999.99,-9999.99,-9999.99,-9999.99,6.92e-10,1.57e-09,1.15e-09,6.05e-10,1.99e-10,9.35e-11,4.08e-11,1.91e-11,1.02e-11,7.2e-12,4.83e-12,3.92e-12,2.6e-12,1.76e-12,1.26e-12,8.59e-13,5.48e-13,6.02e-13,1.48e-12,3.02e-13,5.59e-13,-9999.99,-9999.99,-9999.99,-9999.99,-9999.99,-9999.99,1.9678e-10,1.3623e-10,9.7047e-11,6.8129e-11,4.7515e-11,3.2661e-11,2.2889e-11,1.6041e-11,1.15e-11,8.5322e-12,6.2807e-12,4.7105e-12,3.4181e-12,2.4778e-12,1.6807e-12,1.1041e-12,6.9357e-13,4.0439e-13,2.3058e-13,1.3675e-13,-9999.99,-9999.99,5.9e-12,4.09e-12,2.91e-12,2.04e-12,1.43e-12,9.8e-13,6.87e-13,4.81e-13,3.45e-13,2.56e-13,1.88e-13,1.41e-13,1.03e-13,7.46e-14,5.08e-14,3.37e-14,2.18e-14,1.29e-14,9.71e-15,7.96e-15,-9999.99,-9999.99,37.65,0.077,40.385,0.077,-13.25,0.0,2.73,103201.0
20712,103200.0,709342.1,470734.9,44219.6199074074,812.0,252.3,43.59,30.0,-1.483e-08,-3.3743e-08,2.7032e-08,1.2675e-08,4.1491e-09,1.9082e-09,8.6725e-10,3.5731e-10,-9999.99,-9999.99,-9999.99,-9999.99,-9999.99,-9999.99,-9999.99,-9999.99,-9999.99,-9999.99,-9999.99,-9999.99,-9999.99,-9999.99,-9999.99,-9999.99,-9999.99,-9999.99,-9999.99,4.45e-10,1.02e-09,8.11e-10,3.8e-10,1.25e-10,5.8e-11,2.64e-11,1.18e-11,-9999.99,-9999.99,-9999.99,-9999.99,-9999.99,-9999.99,-9999.99,-9999.99,-9999.99,-9999.99,-9999.99,-9999.99,-9999.99,-9999.99,-9999.99,-9999.99,-9999.99,-9999.99,-9999.99,7.7368e-11,4.5673e-11,3.1491e-11,2.3243e-11,1.6734e-11,1.2211e-11,8.6111e-12,6.1345e-12,4.4854e-12,3.3509e-12,2.5287e-12,2.0088e-12,1.6383e-12,1.1953e-12,8.8918e-13,6.4327e-13,4.6257e-13,3.038e-13,1.7161e-13,1.3813e-13,9.5088e-14,7.7485e-14,2.33e-12,1.37e-12,9.45e-13,7e-13,5.05e-13,3.68e-13,2.61e-13,1.85e-13,1.36e-13,1.02e-13,7.66e-14,6.11e-14,5e-14,3.66e-14,2.72e-14,2.03e-14,1.5e-14,1.01e-14,7.53e-15,5.1e-14,1.24e-14,2.96e-14,43.595,0.07,44.985,0.07,-13.25,0.0,1.39,103201.0
20820,103200.0,713163.3,469159.9,44219.6214699074,912.0,222.5,34.29,28.0,-1.6924e-08,-1.0734e-08,2.2126e-08,3.3129e-09,6.7953e-10,4.2865e-10,2.5673e-10,1.0728e-10,-9999.99,-9999.99,-9999.99,-9999.99,-9999.99,-9999.99,-9999.99,-9999.99,-9999.99,-9999.99,-9999.99,-9999.99,-9999.99,-9999.99,-9999.99,-9999.99,-9999.99,-9999.99,-9999.99,5.09e-10,3.53e-10,6.64e-10,1e-10,2.33e-11,1.56e-11,9.34e-12,5.48e-12,-9999.99,-9999.99,-9999.99,-9999.99,-9999.99,-9999.99,-9999.99,-9999.99,-9999.99,-9999.99,-9999.99,-9999.99,-9999.99,-9999.99,-9999.99,-9999.99,-9999.99,-9999.99,-9999.99,5.9591e-11,4.7953e-11,3.7018e-11,2.7854e-11,2.0944e-11,1.5181e-11,1.0918e-11,8.0234e-12,5.7982e-12,4.3275e-12,3.1959e-12,2.4351e-12,1.9833e-12,1.4845e-12,1.1132e-12,7.6491e-13,5.5789e-13,2.7933e-13,1.8257e-13,1.1836e-13,-9999.99,-9999.99,1.81e-12,1.44e-12,1.11e-12,8.38e-13,6.3e-13,4.55e-13,3.29e-13,2.42e-13,1.75e-13,1.31e-13,9.65e-14,7.33e-14,6.01e-14,4.5e-14,3.41e-14,2.4e-14,1.72e-14,1.05e-14,8.22e-15,6.46e-15,-9999.99,-9999.99,34.29,0.085,36.31,0.085,-13.25,0.0,2.02,103201.0
20922,103200.0,716297.5,467829.8,44219.6227430556,1012.0,203.9,44.06,34.0,-1.3588e-08,-3.962e-08,2.0471e-08,1.5082e-08,7.0906e-09,4.1725e-09,2.3091e-09,1.1889e-09,5.231e-10,2.3716e-10,1.0898e-10,5.2018e-11,-9999.99,-9999.99,-9999.99,-9999.99,-9999.99,-9999.99,-9999.99,-9999.99,-9999.99,-9999.99,-9999.99,-9999.99,-9999.99,-9999.99,-9999.99,4.09e-10,1.19e-09,6.14e-10,4.52e-10,2.13e-10,1.26e-10,6.95e-11,3.6e-11,1.6e-11,7.76e-12,3.72e-12,2.26e-12,-9999.99,-9999.99,-9999.99,-9999.99,-9999.99,-9999.99,-9999.99,-9999.99,-9999.99,-9999.99,-9999.99,-9999.99,-9999.99,-9999.99,-9999.99,2.1094e-10,9.6199e-11,4.845e-11,2.8368e-11,1.8278e-11,1.2398e-11,8.4094e-12,5.9006e-12,4.2485e-12,3.0994e-12,2.4228e-12,1.7974e-12,1.3687e-12,1.1053e-12,8.6667e-13,5.4854e-13,4.1433e-13,2.8684e-13,1.6705e-13,1.0901e-13,6.9327e-14,4.3801e-14,6.33e-12,2.89e-12,1.45e-12,8.54e-13,5.5e-13,3.72e-13,2.53e-13,1.78e-13,1.29e-13,9.45e-14,7.39e-14,5.46e-14,4.15e-14,3.4e-14,2.65e-14,1.74e-14,1.31e-14,9.75e-15,6.23e-15,4.72e-15,5.62e-15,4.42e-15,44.06,0.066,46.44,0.066,-13.25,0.0,2.38,103201.0
21026,103300.0,716376.8,466964.3,44219.6253819444,1112.0,203.0,51.38,34.0,-8.614e-09,-2.6515e-08,1.4944e-08,1.0082e-08,4.4181e-09,2.4181e-09,1.2775e-09,6.1579e-10,3.0088e-10,1.381e-10,7.6901e-11,4.1784e-11,2.9561e-11,-9999.99,-9999.99,-9999.99,-9999.99,-9999.99,-9999.99,-9999.99,-9999.99,-9999.99,-9999.99,-9999.99,-9999.99,-9999.99,-9999.99,2.63e-10,8.11e-10,4.5e-10,3.02e-10,1.33e-10,7.3e-11,3.87e-11,1.88e-11,9.72e-12,4.78e-12,2.77e-12,1.99e-12,6.59e-12,-9999.99,-9999.99,-9999.99,-9999.99,-9999.99,-9999.99,-9999.99,-9999.99,-9999.99,-9999.99,-9999.99,-9999.99,-9999.99,-9999.99,1.2447e-10,6.2865e-11,3.576e-11,2.2804e-11,1.5184e-11,1.0339e-11,7.4912e-12,5.1374e-12,3.7749e-12,2.8275e-12,2.0792e-12,1.6298e-12,1.2781e-12,9.6988e-13,7.5029e-13,5.6257e-13,4.0614e-13,2.6705e-13,1.867e-13,1.0807e-13,8.7281e-14,-9999.99,3.75e-12,1.89e-12,1.08e-12,6.89e-13,4.57e-13,3.12e-13,2.26e-13,1.56e-13,1.14e-13,8.65e-14,6.34e-14,5e-14,3.96e-14,2.98e-14,2.33e-14,1.78e-14,1.35e-14,9.56e-15,6.91e-15,5.05e-15,2.67e-14,-9999.99,51.375,0.0595,52.62,0.0595,-13.25,0.0,1.25,103301.0
21126,103300.0,714197.1,467874.3,44219.6265393519,1212.0,209.8,49.38,29.0,-6.9795e-09,-1.014e-08,1.207e-08,3.3275e-09,9.7865e-10,5.348e-10,2.5395e-10,1.1971e-10,-9999.99,-9999.99,-9999.99,-9999.99,-9999.99,-9999.99,-9999.99,-9999.99,-9999.99,-9999.99,-9999.99,-9999.99,-9999.99,-9999.99,-9999.99,-9999.99,-9999.99,-9999.99,-9999.99,2.12e-10,3.25e-10,3.62e-10,1e-10,3.01e-11,2.18e-11,9.42e-12,6.06e-12,-9999.99,-9999.99,-9999.99,-9999.99,-9999.99,-9999.99,-9999.99,-9999.99,-9999.99,-9999.99,-9999.99,-9999.99,-9999.99,-9999.99,-9999.99,-9999.99,-9999.99,-9999.99,-9999.99,4.9269e-11,3.7164e-11,2.8056e-11,2.0865e-11,1.6266e-11,1.1842e-11,8.5497e-12,6.307e-12,4.4678e-12,3.307e-12,2.5681e-12,1.9228e-12,1.5094e-12,1.1629e-12,9.0175e-13,6.6199e-13,4.7427e-13,3.2076e-13,2.2427e-13,1.519e-13,8.693e-14,-9999.99,1.49e-12,1.12e-12,8.44e-13,6.28e-13,4.91e-13,3.56e-13,2.57e-13,1.9e-13,1.35e-13,1e-13,7.81e-14,5.83e-14,4.57e-14,3.54e-14,2.75e-14,2.07e-14,1.48e-14,1.05e-14,8.19e-15,6.12e-15,5.57e-15,-9999.99,49.385,0.06,50.8,0.06,-13.25,0.0,1.41,103301.0
21232,103300.0,711220.4,469071.3,44219.6281365741,1312.0,235.9,35.05,30.0,-1.8336e-08,-1.5728e-08,2.5629e-08,5.2251e-09,1.3035e-09,6.4737e-10,3.7047e-10,2.0246e-10,1.0643e-10,-9999.99,-9999.99,-9999.99,-9999.99,-9999.99,-9999.99,-9999.99,-9999.99,-9999.99,-9999.99,-9999.99,-9999.99,-9999.99,-9999.99,-9999.99,-9999.99,-9999.99,-9999.99,5.5e-10,4.75e-10,7.69e-10,1.57e-10,4.01e-11,2.07e-11,1.18e-11,7.43e-12,4.44e-12,-9999.99,-9999.99,-9999.99,-9999.99,-9999.99,-9999.99,-9999.99,-9999.99,-9999.99,-9999.99,-9999.99,-9999.99,-9999.99,-9999.99,-9999.99,-9999.99,-9999.99,-9999.99,6.845e-11,5.0263e-11,3.7047e-11,2.7319e-11,1.9643e-11,1.3743e-11,1.0202e-11,7.538e-12,5.6959e-12,4.2398e-12,3.2135e-12,2.4713e-12,1.8307e-12,1.4053e-12,1.0006e-12,7.0789e-13,4.538e-13,2.6088e-13,1.7746e-13,8.8977e-14,6.7544e-14,-9999.99,2.06e-12,1.51e-12,1.12e-12,8.22e-13,5.89e-13,4.14e-13,3.07e-13,2.27e-13,1.71e-13,1.28e-13,9.7e-14,7.46e-14,5.55e-14,4.27e-14,3.08e-14,2.21e-14,1.44e-14,8.77e-15,7.84e-15,5.81e-15,1.62e-14,-9999.99,35.05,0.083,37.435,0.083,-13.25,0.0,2.39,103301.0
21338,103300.0,708240.0,470303.0,44219.6297453704,1412.0,249.6,30.99,30.0,-2.6336e-08,-1.8222e-08,3.6959e-08,5.6813e-09,9.0117e-10,4.6696e-10,2.7365e-10,1.6749e-10,-9999.99,-9999.99,-9999.99,-9999.99,-9999.99,-9999.99,-9999.99,-9999.99,-9999.99,-9999.99,-9999.99,-9999.99,-9999.99,-9999.99,-9999.99,-9999.99,-9999.99,-9999.99,-9999.99,7.9e-10,5.52e-10,1.11e-09,1.71e-10,2.82e-11,1.65e-11,9.77e-12,8.17e-12,-9999.99,-9999.99,-9999.99,-9999.99,-9999.99,-9999.99,-9999.99,-9999.99,-9999.99,-9999.99,-9999.99,-9999.99,-9999.99,-9999.99,-9999.99,-9999.99,-9999.99,-9999.99,-9999.99,6.6491e-11,5.2602e-11,4.1871e-11,3.0877e-11,2.2205e-11,1.6453e-11,1.2611e-11,9.6462e-12,6.6228e-12,5.2865e-12,3.7368e-12,3.1696e-12,2.3193e-12,1.738e-12,1.312e-12,8.6725e-13,5.7515e-13,3.8684e-13,2.2056e-13,1.4354e-13,7.3129e-14,9.8977e-14,1.99e-12,1.58e-12,1.26e-12,9.29e-13,6.66e-13,4.95e-13,3.81e-13,2.9e-13,1.99e-13,1.59e-13,1.13e-13,9.54e-14,7e-14,5.3e-14,3.99e-14,2.69e-14,1.79e-14,1.27e-14,8.18e-15,6.49e-15,4.97e-15,1.72e-14,31.26,0.093,33.39,0.093,-13.25,0.0,2.13,103301.0
21442,103300.0,705561.5,471433.0,44219.6312615741,1512.0,231.3,63.23,34.0,-4.8129e-09,-1.9576e-08,6.3363e-09,5.8596e-09,3.1959e-09,2.1061e-09,1.3096e-09,7.2105e-10,4.3655e-10,2.3383e-10,1.3775e-10,8.3918e-11,5.1082e-11,-9999.99,-9999.99,-9999.99,-9999.99,-9999.99,-9999.99,-9999.99,-9999.99,-9999.99,-9999.99,-9999.99,-9999.99,-9999.99,-9999.99,1.46e-10,5.91e-10,1.91e-10,1.76e-10,9.62e-11,6.36e-11,3.98e-11,2.2e-11,1.34e-11,7.83e-12,4.59e-12,2.94e-12,1.93e-12,-9999.99,-9999.99,-9999.99,-9999.99,-9999.99,-9999.99,-9999.99,-9999.99,-9999.99,-9999.99,-9999.99,-9999.99,-9999.99,-9999.99,1.9342e-10,1.1345e-10,7.038e-11,4.614e-11,3.1257e-11,2.1266e-11,1.4535e-11,9.9971e-12,7.2515e-12,5.1784e-12,3.886e-12,2.9532e-12,2.1956e-12,1.6067e-12,1.112e-12,7.6608e-13,4.7953e-13,2.9942e-13,1.8287e-13,1.0553e-13,4.6725e-14,-9999.99,5.8e-12,3.4e-12,2.11e-12,1.38e-12,9.41e-13,6.38e-13,4.38e-13,3.01e-13,2.18e-13,1.56e-13,1.17e-13,8.92e-14,6.63e-14,4.87e-14,3.39e-14,2.34e-14,1.49e-14,1.03e-14,6.16e-15,4.98e-15,3.22e-15,-9999.99,62.565,0.0475,64.35,0.0475,-13.25,0.0,1.78,103301.0
21546,103300.0,702671.2,472610.5,44219.6327893519,1612.0,219.1,59.49,36.0,-3.8713e-09,-9.8889e-09,5.3596e-09,1.4912e-09,5.9444e-10,5.4094e-10,3.9854e-10,3.2982e-10,2.6974e-10,1.9971e-10,1.4965e-10,1.0187e-10,7.9035e-11,4.0322e-11,3.3363e-11,2.1298e-11,1.874e-11,8.9035e-12,-9999.99,-9999.99,-9999.99,-9999.99,-9999.99,-9999.99,-9999.99,-9999.99,-9999.99,1.19e-10,3.11e-10,1.62e-10,4.53e-11,2.04e-11,1.8e-11,1.28e-11,1.06e-11,8.39e-12,6.77e-12,4.88e-12,3.65e-12,2.7e-12,1.71e-12,1.19e-12,7.77e-13,9.63e-13,5.29e-13,-9999.99,-9999.99,-9999.99,-9999.99,-9999.99,-9999.99,-9999.99,-9999.99,-9999.99,1.6205e-10,1.2091e-10,8.9883e-11,6.3567e-11,4.4942e-11,3.1608e-11,2.2222e-11,1.6006e-11,1.1418e-11,8.5058e-12,6.5614e-12,4.6871e-12,3.3889e-12,2.3374e-12,1.5547e-12,1.0105e-12,6.1813e-13,3.7953e-13,-9999.99,-9999.99,-9999.99,-9999.99,4.86e-12,3.63e-12,2.7e-12,1.91e-12,1.35e-12,9.48e-13,6.67e-13,4.82e-13,3.44e-13,2.55e-13,1.97e-13,1.41e-13,1.02e-13,7.06e-14,4.8e-14,3.09e-14,1.92e-14,1.19e-14,-9999.99,-9999.99,-9999.99,-9999.99,60.315,0.049,61.94,0.049,-13.25,0.0,1.63,103301.0
21649,103400.0,704310.8,471085.1,44219.6347453704,1712.0,231.7,43.03,43.0,-1.4213e-08,-4.4678e-08,1.7497e-08,1.5509e-08,8.2222e-09,5.0819e-09,2.836e-09,1.3292e-09,6.4561e-10,3.0351e-10,1.7158e-10,9.8012e-11,7.6404e-11,5.3216e-11,3.2982e-11,2.1526e-11,1.7096e-11,1.1342e-11,8.2632e-12,4.9766e-12,3.0146e-12,-9999.99,-9999.99,-9999.99,-9999.99,-9999.99,-9999.99,4.26e-10,1.34e-09,5.25e-10,4.65e-10,2.47e-10,1.52e-10,8.51e-11,4e-11,1.96e-11,9.26e-12,5.37e-12,3.24e-12,2.54e-12,1.86e-12,1.11e-12,8.22e-13,6.19e-13,4.42e-13,4.47e-13,4.21e-13,2.27e-12,-9999.99,-9999.99,-9999.99,-9999.99,-9999.99,-9999.99,2.962e-10,1.5988e-10,1.0164e-10,6.9561e-11,4.8713e-11,3.4123e-11,2.3658e-11,1.664e-11,1.1827e-11,8.3947e-12,6.0965e-12,4.4357e-12,3.193e-12,2.2289e-12,1.4921e-12,9.6959e-13,6.2661e-13,3.7836e-13,2.1477e-13,1.2614e-13,7.9181e-14,5.8596e-14,8.89e-12,4.8e-12,3.05e-12,2.09e-12,1.46e-12,1.02e-12,7.1e-13,4.99e-13,3.55e-13,2.52e-13,1.84e-13,1.34e-13,9.64e-14,6.73e-14,4.52e-14,3e-14,1.98e-14,1.28e-14,9.15e-15,5.5e-15,6.73e-15,1.89e-14,43.035,0.068,45.35,0.068,-13.25,0.0,2.31,103401.0
21757,103400.0,708601.9,469265.8,44219.6365856481,1812.0,250.7,39.8,28.0,-1.7096e-08,-2.0895e-08,2.9327e-08,6.7632e-09,1.2351e-09,5.4737e-10,2.5401e-10,-9999.99,-9999.99,-9999.99,-9999.99,-9999.99,-9999.99,-9999.99,-9999.99,-9999.99,-9999.99,-9999.99,-9999.99,-9999.99,-9999.99,-9999.99,-9999.99,-9999.99,-9999.99,-9999.99,-9999.99,5.13e-10,6.31e-10,8.8e-10,2.03e-10,3.88e-11,1.83e-11,1.02e-11,-9999.99,-9999.99,-9999.99,-9999.99,-9999.99,-9999.99,-9999.99,-9999.99,-9999.99,-9999.99,-9999.99,-9999.99,-9999.99,-9999.99,-9999.99,-9999.99,-9999.99,-9999.99,-9999.99,-9999.99,5.5848e-11,4.2836e-11,3.3918e-11,2.4851e-11,1.7871e-11,1.3173e-11,1.0509e-11,7.7982e-12,5.4269e-12,3.7807e-12,2.8216e-12,2.2053e-12,1.8132e-12,1.4301e-12,1.0503e-12,7.4912e-13,4.7836e-13,3.845e-13,2.2582e-13,1.0746e-13,9.617e-14,-9999.99,1.68e-12,1.29e-12,1.02e-12,7.51e-13,5.38e-13,3.97e-13,3.18e-13,2.35e-13,1.64e-13,1.15e-13,8.61e-14,6.84e-14,5.62e-14,4.45e-14,3.35e-14,2.43e-14,1.78e-14,1.58e-14,1.07e-14,1.09e-14,1.17e-14,-9999.99,39.795,0.074,41.605,0.074,-13.25,0.0,1.81,103401.0
21867,103400.0,712371.1,467717.4,44219.6382523148,1912.0,228.6,39.78,30.0,-1.7105e-08,-3.0673e-08,3.0526e-08,1.2137e-08,3.4912e-09,1.5319e-09,6.7485e-10,2.7196e-10,-9999.99,-9999.99,-9999.99,-9999.99,-9999.99,-9999.99,-9999.99,-9999.99,-9999.99,-9999.99,-9999.99,-9999.99,-9999.99,-9999.99,-9999.99,-9999.99,-9999.99,-9999.99,-9999.99,5.13e-10,9.23e-10,9.16e-10,3.64e-10,1.05e-10,4.67e-11,2.09e-11,9.27e-12,-9999.99,-9999.99,-9999.99,-9999.99,-9999.99,-9999.99,-9999.99,-9999.99,-9999.99,-9999.99,-9999.99,-9999.99,-9999.99,-9999.99,-9999.99,-9999.99,-9999.99,-9999.99,-9999.99,6.9152e-11,4.8743e-11,3.6959e-11,2.6845e-11,2.0132e-11,1.4868e-11,1.0518e-11,7.6813e-12,5.5205e-12,3.9357e-12,2.9737e-12,2.3994e-12,1.8219e-12,1.3711e-12,9.7398e-13,6.8099e-13,4.6053e-13,3.152e-13,1.8933e-13,1.374e-13,7.3801e-14,5.5906e-14,2.08e-12,1.47e-12,1.12e-12,8.13e-13,6.06e-13,4.48e-13,3.17e-13,2.31e-13,1.66e-13,1.19e-13,9.01e-14,7.27e-14,5.52e-14,4.17e-14,2.97e-14,2.11e-14,1.49e-14,1.02e-14,7.02e-15,6.25e-15,8.27e-15,1.25e-14,39.78,0.0735,42.285,0.0735,-13.25,0.0,2.5,103401.0
21971,103500.0,714375.5,466055.4,44219.6407986111,2012.0,211.3,42.84,27.0,-1.3988e-08,-2.8895e-08,2.4924e-08,1.0561e-08,3.1257e-09,1.7605e-09,9.6784e-10,3.1842e-10,-9999.99,-9999.99,-9999.99,-9999.99,-9999.99,-9999.99,-9999.99,-9999.99,-9999.99,-9999.99,-9999.99,-9999.99,-9999.99,-9999.99,-9999.99,-9999.99,-9999.99,-9999.99,-9999.99,4.2e-10,8.7e-10,7.48e-10,3.17e-10,9.41e-11,5.35e-11,2.96e-11,1.18e-11,-9999.99,-9999.99,-9999.99,-9999.99,-9999.99,-9999.99,-9999.99,-9999.99,-9999.99,-9999.99,-9999.99,-9999.99,-9999.99,-9999.99,-9999.99,-9999.99,-9999.99,-9999.99,-9999.99,6.4181e-11,4.7076e-11,3.5965e-11,2.0173e-11,1.7409e-11,1.2237e-11,8.6988e-12,6.3421e-12,4.731e-12,3.3889e-12,2.5404e-12,1.8757e-12,1.6553e-12,1.2015e-12,9.5029e-13,6.7339e-13,4.614e-13,3.8655e-13,2.5249e-13,-9999.99,-9999.99,-9999.99,1.93e-12,1.42e-12,1.09e-12,6.09e-13,5.24e-13,3.7e-13,2.64e-13,1.93e-13,1.45e-13,1.03e-13,8.33e-14,5.78e-14,5.07e-14,3.75e-14,3e-14,2.18e-14,1.73e-14,1.28e-14,1.01e-14,-9999.99,-9999.99,-9999.99,42.835,0.068,45.145,0.068,-13.25,0.0,2.31,103501.0
22075,103500.0,712418.9,466864.2,44219.6420949074,2112.0,223.0,41.22,30.0,-1.6924e-08,-3.3567e-08,3.1579e-08,1.2658e-08,3.576e-09,1.5178e-09,6.345e-10,2.4795e-10,-9999.99,-9999.99,-9999.99,-9999.99,-9999.99,-9999.99,-9999.99,-9999.99,-9999.99,-9999.99,-9999.99,-9999.99,-9999.99,-9999.99,-9999.99,-9999.99,-9999.99,-9999.99,-9999.99,5.09e-10,1.01e-09,9.47e-10,3.8e-10,1.08e-10,4.61e-11,1.97e-11,8.13e-12,-9999.99,-9999.99,-9999.99,-9999.99,-9999.99,-9999.99,-9999.99,-9999.99,-9999.99,-9999.99,-9999.99,-9999.99,-9999.99,-9999.99,-9999.99,-9999.99,-9999.99,-9999.99,-9999.99,6.231e-11,4.2427e-11,3.2632e-11,2.4532e-11,1.8205e-11,1.3629e-11,9.7427e-12,7.1637e-12,5.4357e-12,3.9181e-12,2.9225e-12,2.2023e-12,1.8246e-12,1.3035e-12,9.9035e-13,6.845e-13,4.7924e-13,3.2105e-13,2.148e-13,1.2781e-13,7.7632e-14,4.0702e-14,1.88e-12,1.27e-12,9.82e-13,7.38e-13,5.48e-13,4.1e-13,2.94e-13,2.17e-13,1.66e-13,1.2e-13,8.91e-14,6.85e-14,5.67e-14,4.09e-14,3.19e-14,2.35e-14,1.64e-14,1.22e-14,9.39e-15,6.24e-15,6.16e-15,2.71e-13,41.22,0.071,43.535,0.071,-13.25,0.0,2.31,103501.0
22181,103500.0,709634.3,467989.5,44219.6435648148,2212.0,242.4,37.13,20.0,-1.6775e-08,-1.6816e-08,2.5143e-08,4.9795e-09,1.0026e-09,6.0497e-10,2.2904e-10,1.4857e-10,9.8918e-11,-9999.99,-9999.99,-9999.99,-9999.99,-9999.99,-9999.99,-9999.99,-9999.99,-9999.99,-9999.99,-9999.99,-9999.99,-9999.99,-9999.99,-9999.99,-9999.99,-9999.99,-9999.99,5.05e-10,5.35e-10,7.54e-10,1.5e-10,3.24e-11,2.23e-11,1.43e-11,6.15e-12,4.69e-12,-9999.99,-9999.99,-9999.99,-9999.99,-9999.99,-9999.99,-9999.99,-9999.99,-9999.99,-9999.99,-9999.99,-9999.99,-9999.99,-9999.99,-9999.99,-9999.99,-9999.99,-9999.99,5.4269e-11,3.9825e-11,3.2953e-11,2.386e-11,1.7421e-11,1.1792e-11,1.0082e-11,7.8743e-12,4.5789e-12,4.5614e-12,2.5599e-12,-9999.99,-9999.99,-9999.99,-9999.99,-9999.99,-9999.99,-9999.99,-9999.99,-9999.99,-9999.99,-9999.99,1.66e-12,1.21e-12,1e-12,7.3e-13,5.66e-13,3.6e-13,3.16e-13,2.49e-13,1.49e-13,1.46e-13,9.68e-14,-9999.99,-9999.99,-9999.99,-9999.99,-9999.99,-9999.99,-9999.99,-9999.99,-9999.99,-9999.99,-9999.99,37.135,0.078,39.335,0.078,-13.25,0.0,2.2,103501.0
22291,103500.0,706485.6,469273.8,44219.6454166667,2312.0,247.9,32.86,32.0,-2.0325e-08,-1.2076e-08,2.5711e-08,4.3801e-09,1.1187e-09,4.1023e-10,3.0088e-10,1.1696e-10,9.6959e-11,1.0462e-10,-9999.99,-9999.99,-9999.99,-9999.99,-9999.99,-9999.99,-9999.99,-9999.99,-9999.99,-9999.99,-9999.99,-9999.99,-9999.99,-9999.99,-9999.99,-9999.99,-9999.99,6.1e-10,3.74e-10,7.71e-10,1.32e-10,3.42e-11,1.64e-11,1.03e-11,5.3e-12,4.08e-12,4.21e-12,-9999.99,-9999.99,-9999.99,-9999.99,-9999.99,-9999.99,-9999.99,-9999.99,-9999.99,-9999.99,-9999.99,-9999.99,-9999.99,-9999.99,-9999.99,-9999.99,-9999.99,7.3596e-11,5.848e-11,4.4386e-11,3.3041e-11,2.4111e-11,1.698e-11,1.2143e-11,8.9912e-12,6.5409e-12,4.8392e-12,3.7251e-12,2.8827e-12,2.1602e-12,1.5962e-12,1.1518e-12,7.9444e-13,5.4298e-13,3.5322e-13,1.9775e-13,1.1649e-13,8.4883e-14,5.152e-14,2.22e-12,1.76e-12,1.34e-12,9.91e-13,7.26e-13,5.11e-13,3.66e-13,2.71e-13,1.97e-13,1.47e-13,1.12e-13,8.71e-14,6.52e-14,4.84e-14,3.51e-14,2.45e-14,1.7e-14,1.13e-14,7.47e-15,5.71e-15,5.08e-15,6.59e-15,32.86,0.088,35.17,0.088,-13.25,0.0,2.31,103501.0
22395,103500.0,704081.6,470316.0,44219.6467824074,2412.0,228.2,53.9,11.0,-8.2515e-09,-3.0117e-08,9.9386e-09,9.4912e-09,5.1754e-09,3.307e-09,2.0412e-09,1.0789e-09,5.7339e-10,2.9561e-10,1.6836e-10,-9999.99,-9999.99,-9999.99,-9999.99,-9999.99,-9999.99,-9999.99,-9999.99,-9999.99,-9999.99,-9999.99,-9999.99,-9999.99,-9999.99,-9999.99,-9999.99,2.48e-10,9.04e-10,2.99e-10,2.85e-10,1.55e-10,9.95e-11,6.16e-11,3.26e-11,1.74e-11,9.25e-12,5.24e-12,-9999.99,-9999.99,-9999.99,-9999.99,-9999.99,-9999.99,-9999.99,-9999.99,-9999.99,-9999.99,-9999.99,-9999.99,-9999.99,-9999.99,-9999.99,-9999.99,-9999.99,-9999.99,-9999.99,-9999.99,-9999.99,-9999.99,-9999.99,-9999.99,-9999.99,-9999.99,-9999.99,-9999.99,-9999.99,-9999.99,-9999.99,-9999.99,-9999.99,-9999.99,-9999.99,-9999.99,-9999.99,-9999.99,-9999.99,-9999.99,-9999.99,-9999.99,-9999.99,-9999.99,-9999.99,-9999.99,-9999.99,-9999.99,-9999.99,-9999.99,-9999.99,-9999.99,-9999.99,-9999.99,-9999.99,-9999.99,-9999.99,-9999.99,-9999.99,-9999.99,53.9,0.055,55.17,0.055,-13.25,0.0,1.27,103501.0
22501,103500.0,701477.6,471390.9,44219.6483217593,2512.0,215.4,67.34,39.0,-2.398e-09,-9.0965e-09,2.1944e-09,1.1892e-09,6.3509e-10,5.7281e-10,4.5936e-10,3.5468e-10,2.6713e-10,1.9211e-10,1.6632e-10,1.0968e-10,7.2339e-11,5.1404e-11,3.2573e-11,2.1518e-11,1.5181e-11,8.7544e-12,-9999.99,-9999.99,-9999.99,-9999.99,-9999.99,-9999.99,-9999.99,-9999.99,-9999.99,7.31e-11,2.76e-10,6.74e-11,3.65e-11,2.08e-11,1.92e-11,1.45e-11,1.14e-11,8.52e-12,6.3e-12,5.47e-12,3.65e-12,2.39e-12,1.9e-12,1.3e-12,9.15e-13,6.77e-13,4.04e-13,-9999.99,-9999.99,-9999.99,-9999.99,-9999.99,-9999.99,-9999.99,-9999.99,-9999.99,1.6778e-10,1.2661e-10,9.2661e-11,6.6754e-11,4.6754e-11,3.3333e-11,2.3526e-11,1.6538e-11,1.2447e-11,8.8596e-12,6.5117e-12,4.6316e-12,3.3041e-12,2.1827e-12,1.4325e-12,8.8947e-13,5.2719e-13,3.2222e-13,1.733e-13,9.9181e-14,6.9094e-14,-9999.99,5.03e-12,3.8e-12,2.78e-12,2e-12,1.4e-12,1e-12,7.06e-13,4.98e-13,3.73e-13,2.66e-13,1.95e-13,1.39e-13,9.91e-14,6.57e-14,4.34e-14,2.7e-14,1.63e-14,1.06e-14,6.17e-15,5.1e-15,4.37e-15,-9999.99,67.345,0.0445,68.885,0.0445,-13.25,0.0,1.54,103501.0
22611,103600.0,703772.0,469589.7,44219.6502893519,2612.0,230.1,49.46,14.0,-1.0541e-08,-3.152e-08,1.6871e-08,1.0453e-08,4.0556e-09,1.9377e-09,1.0544e-09,6.2018e-10,3.2047e-10,2.293e-10,1.6129e-10,9.9327e-11,7.4357e-11,-9999.99,-9999.99,2.3032e-11,-9999.99,-9999.99,-9999.99,-9999.99,-9999.99,-9999.99,-9999.99,-9999.99,-9999.99,-9999.99,-9999.99,3.22e-10,9.71e-10,5.06e-10,3.14e-10,1.22e-10,5.97e-11,3.24e-11,1.92e-11,1.08e-11,8.87e-12,5.24e-12,3.52e-12,2.57e-12,-9999.99,-9999.99,9.7e-13,-9999.99,-9999.99,-9999.99,-9999.99,-9999.99,-9999.99,-9999.99,-9999.99,-9999.99,-9999.99,-9999.99,-9999.99,-9999.99,-9999.99,-9999.99,-9999.99,-9999.99,-9999.99,-9999.99,-9999.99,-9999.99,-9999.99,-9999.99,-9999.99,-9999.99,-9999.99,-9999.99,-9999.99,-9999.99,-9999.99,-9999.99,-9999.99,-9999.99,-9999.99,-9999.99,-9999.99,-9999.99,-9999.99,-9999.99,-9999.99,-9999.99,-9999.99,-9999.99,-9999.99,-9999.99,-9999.99,-9999.99,-9999.99,-9999.99,-9999.99,-9999.99,-9999.99,-9999.99,-9999.99,-9999.99,49.46,0.059,51.52,0.059,-13.25,0.0,2.06,103601.0
22713,103600.0,706496.2,468422.7,44219.6515277778,2712.0,240.9,46.55,30.0,-6.9942e-09,-7.3158e-09,9.6696e-09,1.4231e-09,2.8579e-10,2.8161e-10,1.6482e-10,1.2418e-10,-9999.99,-9999.99,-9999.99,-9999.99,-9999.99,-9999.99,-9999.99,-9999.99,-9999.99,-9999.99,-9999.99,-9999.99,-9999.99,-9999.99,-9999.99,-9999.99,-9999.99,-9999.99,-9999.99,2.13e-10,2.44e-10,2.91e-10,4.35e-11,1.28e-11,2.3e-11,1.08e-11,5.4e-12,-9999.99,-9999.99,-9999.99,-9999.99,-9999.99,-9999.99,-9999.99,-9999.99,-9999.99,-9999.99,-9999.99,-9999.99,-9999.99,-9999.99,-9999.99,-9999.99,-9999.99,-9999.99,-9999.99,5.2164e-11,4.2281e-11,3.2865e-11,2.488e-11,1.8173e-11,1.3573e-11,9.7836e-12,7.2602e-12,5.3538e-12,4.0673e-12,3.076e-12,2.4918e-12,1.8813e-12,1.4263e-12,1.0003e-12,6.8538e-13,4.4357e-13,3.0643e-13,1.8099e-13,9.9386e-14,7.2749e-14,4.7953e-14,1.58e-12,1.28e-12,9.86e-13,7.49e-13,5.47e-13,4.1e-13,2.94e-13,2.19e-13,1.62e-13,1.23e-13,9.29e-14,7.53e-14,5.68e-14,4.38e-14,3.05e-14,2.16e-14,1.44e-14,1.05e-14,7.31e-15,9.87e-15,9.24e-15,9.25e-15,46.545,0.063,48.915,0.063,-13.25,0.0,2.37,103601.0
22821,103600.0,710349.3,466855.8,44219.6532523148,2812.0,230.2,36.17,29.0,-2.1667e-08,-3.9327e-08,3.8333e-08,1.5357e-08,5.1082e-09,2.4456e-09,1.1009e-09,4.7573e-10,1.9892e-10,-9999.99,-9999.99,-9999.99,-9999.99,-9999.99,-9999.99,-9999.99,-9999.99,-9999.99,-9999.99,-9999.99,-9999.99,-9999.99,-9999.99,-9999.99,-9999.99,-9999.99,-9999.99,6.52e-10,1.2e-09,1.15e-09,4.61e-10,1.54e-10,7.39e-11,3.35e-11,1.5e-11,7.18e-12,-9999.99,-9999.99,-9999.99,-9999.99,-9999.99,-9999.99,-9999.99,-9999.99,-9999.99,-9999.99,-9999.99,-9999.99,-9999.99,-9999.99,-9999.99,-9999.99,-9999.99,-9999.99,9.8392e-11,5.8246e-11,4.0409e-11,2.9766e-11,2.1576e-11,1.5822e-11,1.1351e-11,8.0439e-12,5.8713e-12,4.3421e-12,3.4094e-12,2.4994e-12,1.9658e-12,1.4988e-12,1.0713e-12,7.3684e-13,5.2895e-13,3.1871e-13,1.7494e-13,1.0018e-13,-9999.99,-9999.99,2.95e-12,1.75e-12,1.21e-12,9.02e-13,6.56e-13,4.79e-13,3.46e-13,2.44e-13,1.79e-13,1.35e-13,1.1e-13,8.1e-14,6.57e-14,5.68e-14,3.78e-14,3e-14,2.67e-14,2.24e-14,1.14e-13,3.4e-14,-9999.99,-9999.99,36.17,0.0815,37.93,0.0815,-13.25,0.0,1.76,103601.0
22923,103600.0,713261.4,465702.1,44219.6545486111,2912.0,219.8,43.75,21.0,-1.317e-08,-2.3702e-08,2.2684e-08,7.9444e-09,2.3228e-09,1.2269e-09,7.5322e-10,3.9094e-10,1.9187e-10,-9999.99,-9999.99,-9999.99,-9999.99,-9999.99,-9999.99,-9999.99,-9999.99,-9999.99,-9999.99,-9999.99,-9999.99,-9999.99,-9999.99,-9999.99,-9999.99,-9999.99,-9999.99,3.96e-10,7.21e-10,6.81e-10,2.38e-10,7.06e-11,3.78e-11,2.3e-11,1.28e-11,6.45e-12,-9999.99,-9999.99,-9999.99,-9999.99,-9999.99,-9999.99,-9999.99,-9999.99,-9999.99,-9999.99,-9999.99,-9999.99,-9999.99,-9999.99,-9999.99,-9999.99,-9999.99,-9999.99,9.4591e-11,5.9561e-11,4.5731e-11,3.2778e-11,2.1096e-11,1.495e-11,9.8567e-12,7.769e-12,6.9474e-12,5.7836e-12,4.3099e-12,2.7295e-12,-9999.99,-9999.99,-9999.99,-9999.99,-9999.99,-9999.99,-9999.99,-9999.99,-9999.99,-9999.99,2.85e-12,1.79e-12,1.39e-12,9.93e-13,6.37e-13,4.51e-13,3.03e-13,2.39e-13,2.15e-13,1.8e-13,1.34e-13,9.85e-14,-9999.99,-9999.99,-9999.99,-9999.99,-9999.99,-9999.99,-9999.99,-9999.99,-9999.99,-9999.99,43.75,0.0685,45.04,0.0685,-13.25,0.0,1.29,103601.0
23027,103700.0,711755.1,465396.2,44219.6568287037,3012.0,222.4,55.51,28.0,-7.8801e-09,-2.9269e-08,6.6257e-09,8.1608e-09,5.2515e-09,3.9152e-09,2.6091e-09,1.5895e-09,8.9123e-10,4.2456e-10,2.2658e-10,-9999.99,-9999.99,-9999.99,-9999.99,-9999.99,-9999.99,-9999.99,-9999.99,-9999.99,-9999.99,-9999.99,-9999.99,-9999.99,-9999.99,-9999.99,-9999.99,2.4e-10,8.87e-10,2e-10,2.45e-10,1.58e-10,1.18e-10,7.85e-11,4.78e-11,2.69e-11,1.3e-11,7.14e-12,-9999.99,-9999.99,-9999.99,-9999.99,-9999.99,-9999.99,-9999.99,-9999.99,-9999.99,-9999.99,-9999.99,-9999.99,-9999.99,-9999.99,-9999.99,-9999.99,3.4737e-10,1.662e-10,7.6053e-11,3.6023e-11,1.9395e-11,1.1939e-11,7.7105e-12,5.4298e-12,3.6433e-12,2.9678e-12,2.2374e-12,1.6512e-12,1.348e-12,9.6345e-13,6.2135e-13,4.3801e-13,3.1901e-13,-9999.99,-9999.99,-9999.99,-9999.99,-9999.99,1.04e-11,4.99e-12,2.28e-12,1.08e-12,5.84e-13,3.59e-13,2.34e-13,1.67e-13,1.11e-13,8.99e-14,6.82e-14,5.12e-14,4.22e-14,3.58e-14,2.29e-14,1.76e-14,1.9e-14,-9999.99,-9999.99,-9999.99,-9999.99,-9999.99,55.51,0.054,57.94,0.054,-13.25,0.0,2.43,103701.0
23129,103700.0,709449.6,466383.0,44219.6581018519,3112.0,236.0,53.08,33.0,-7.2982e-09,-1.6617e-08,1.4161e-08,5.8626e-09,1.8164e-09,9.6228e-10,4.7281e-10,2.2427e-10,1.3918e-10,7.5614e-11,6.2222e-11,3.152e-11,3.4064e-11,1.4874e-11,-9999.99,-9999.99,-9999.99,-9999.99,-9999.99,-9999.99,-9999.99,-9999.99,-9999.99,-9999.99,-9999.99,-9999.99,-9999.99,2.21e-10,5.03e-10,4.25e-10,1.76e-10,5.56e-11,3.04e-11,1.51e-11,7.8e-12,9.37e-12,3.4e-12,2.59e-12,2.26e-12,4.87e-12,1.61e-11,-9999.99,-9999.99,-9999.99,-9999.99,-9999.99,-9999.99,-9999.99,-9999.99,-9999.99,-9999.99,-9999.99,-9999.99,-9999.99,5.962e-11,3.9883e-11,2.793e-11,2.0646e-11,1.4863e-11,1.0348e-11,7.6608e-12,5.4912e-12,4.2135e-12,3.2047e-12,2.3532e-12,1.7971e-12,1.3754e-12,9.7749e-13,5.807e-13,3.6462e-13,2.8599e-13,2.2681e-13,1.3006e-13,-9999.99,-9999.99,-9999.99,1.79e-12,1.2e-12,8.43e-13,6.21e-13,4.5e-13,3.15e-13,2.35e-13,1.68e-13,1.3e-13,9.93e-14,7.32e-14,5.8e-14,4.77e-14,3.68e-14,3.59e-14,4.3e-14,1.29e-13,3.99e-14,4.54e-14,-9999.99,-9999.99,-9999.99,53.075,0.0555,55.28,0.0555,-13.25,0.0,2.2,103701.0
23231,103700.0,707065.1,467333.2,44219.6593634259,3212.0,233.0,49.6,10.0,-1.0056e-08,-3.152e-08,1.4713e-08,1.0456e-08,5.0234e-09,3.1111e-09,1.774e-09,9e-10,4.2193e-10,2.5617e-10,-9999.99,-9999.99,-9999.99,-9999.99,-9999.99,-9999.99,-9999.99,-9999.99,-9999.99,-9999.99,-9999.99,-9999.99,-9999.99,-9999.99,-9999.99,-9999.99,-9999.99,3.12e-10,9.71e-10,4.44e-10,3.14e-10,1.51e-10,9.4e-11,5.36e-11,2.74e-11,1.51e-11,7.89e-12,-9999.99,-9999.99,-9999.99,-9999.99,-9999.99,-9999.99,-9999.99,-9999.99,-9999.99,-9999.99,-9999.99,-9999.99,-9999.99,-9999.99,-9999.99,-9999.99,-9999.99,-9999.99,-9999.99,-9999.99,-9999.99,-9999.99,-9999.99,-9999.99,-9999.99,-9999.99,-9999.99,-9999.99,-9999.99,-9999.99,-9999.99,-9999.99,-9999.99,-9999.99,-9999.99,-9999.99,-9999.99,-9999.99,-9999.99,-9999.99,-9999.99,-9999.99,-9999.99,-9999.99,-9999.99,-9999.99,-9999.99,-9999.99,-9999.99,-9999.99,-9999.99,-9999.99,-9999.99,-9999.99,-9999.99,-9999.99,-9999.99,-9999.99,-9999.99,-9999.99,-9999.99,49.6,0.059,52.0,0.059,-13.25,0.0,2.4,103701.0
23337,103700.0,704451.5,468437.7,44219.6608680556,3312.0,229.5,39.02,35.0,-1.8035e-08,-3.8129e-08,2.9766e-08,1.3374e-08,4.5351e-09,2.3398e-09,1.2167e-09,6.0117e-10,3.5e-10,2.2845e-10,1.6453e-10,9.6754e-11,8.6754e-11,-9999.99,-9999.99,-9999.99,-9999.99,-9999.99,-9999.99,-9999.99,-9999.99,-9999.99,-9999.99,-9999.99,-9999.99,-9999.99,-9999.99,5.41e-10,1.14e-09,8.93e-10,4.01e-10,1.37e-10,7.07e-11,3.7e-11,1.88e-11,1.09e-11,7.7e-12,5.54e-12,3.17e-12,2.96e-12,-9999.99,-9999.99,-9999.99,-9999.99,-9999.99,-9999.99,-9999.99,-9999.99,-9999.99,-9999.99,-9999.99,-9999.99,-9999.99,-9999.99,1.9585e-10,1.3485e-10,9.6257e-11,6.8421e-11,4.7661e-11,3.4386e-11,2.5494e-11,1.8939e-11,1.2646e-11,9.9912e-12,6.9474e-12,5.076e-12,3.8012e-12,2.598e-12,1.836e-12,1.1813e-12,7.6228e-13,4.6111e-13,2.8751e-13,1.833e-13,1.1482e-13,9.5702e-14,5.88e-12,4.05e-12,2.89e-12,2.05e-12,1.43e-12,1.03e-12,7.65e-13,5.68e-13,3.81e-13,3.01e-13,2.09e-13,1.53e-13,1.14e-13,7.82e-14,5.56e-14,3.59e-14,2.36e-14,1.53e-14,1.06e-14,1.07e-14,6.92e-15,1.89e-14,39.025,0.075,40.9,0.075,-13.25,0.0,1.88,103701.0
23439,103700.0,702233.0,469326.0,44219.6621412037,3412.0,233.7,28.5,20.0,-4.5058e-08,-8.6696e-08,7.0058e-08,3.2895e-08,1.143e-08,5.6784e-09,2.7623e-09,1.2813e-09,6.7865e-10,4.4357e-10,2.6877e-10,1.8114e-10,1.1485e-10,7.5819e-11,3.7047e-11,-9999.99,-9999.99,-9999.99,-9999.99,-9999.99,-9999.99,-9999.99,-9999.99,-9999.99,-9999.99,-9999.99,-9999.99,1.35e-09,2.6e-09,2.1e-09,9.87e-10,3.43e-10,1.7e-10,8.31e-11,3.86e-11,2.08e-11,1.35e-11,8.17e-12,5.56e-12,3.62e-12,2.43e-12,1.26e-12,-9999.99,-9999.99,-9999.99,-9999.99,-9999.99,-9999.99,-9999.99,-9999.99,-9999.99,-9999.99,-9999.99,-9999.99,3.617e-10,2.3342e-10,1.5842e-10,1.0784e-10,6.9854e-11,-9999.99,-9999.99,-9999.99,-9999.99,-9999.99,-9999.99,-9999.99,-9999.99,-9999.99,-9999.99,-9999.99,-9999.99,-9999.99,-9999.99,-9999.99,-9999.99,-9999.99,1.09e-11,7e-12,4.75e-12,3.24e-12,2.1e-12,-9999.99,-9999.99,-9999.99,-9999.99,-9999.99,-9999.99,-9999.99,-9999.99,-9999.99,-9999.99,-9999.99,-9999.99,-9999.99,-9999.99,-9999.99,-9999.99,-9999.99,28.505,0.1025,30.115,0.1025,-13.25,0.0,1.61,103701.0
23545,103800.0,700654.0,469125.2,44219.6641087963,3512.0,212.7,42.88,44.0,-1.4035e-08,-2.8459e-08,1.4327e-08,5.8304e-09,2.9591e-09,2.1854e-09,1.5792e-09,1.1322e-09,8.2515e-10,5.8041e-10,4.1111e-10,2.8298e-10,1.9096e-10,1.1722e-10,6.9591e-11,4.4035e-11,3.1988e-11,1.9491e-11,1.2746e-11,1.0187e-11,6.3275e-12,5.1637e-12,-9999.99,-9999.99,-9999.99,-9999.99,-9999.99,4.21e-10,8.57e-10,4.3e-10,1.75e-10,8.94e-11,6.6e-11,4.75e-11,3.42e-11,2.49e-11,1.75e-11,1.25e-11,8.57e-12,5.86e-12,3.75e-12,2.28e-12,1.38e-12,1.01e-12,6.32e-13,6.47e-13,3.84e-13,2.72e-13,2.3e-13,-9999.99,-9999.99,-9999.99,-9999.99,-9999.99,4.7953e-10,3.4181e-10,2.3781e-10,1.6135e-10,1.0757e-10,7.1637e-11,4.7749e-11,3.2778e-11,2.2538e-11,1.5626e-11,1.0725e-11,7.2865e-12,4.8363e-12,3.0322e-12,1.8681e-12,1.1427e-12,6.4064e-13,3.693e-13,1.848e-13,1.152e-13,5.7222e-14,2.5646e-14,1.44e-11,1.03e-11,7.13e-12,4.84e-12,3.23e-12,2.15e-12,1.43e-12,9.83e-13,6.76e-13,4.69e-13,3.22e-13,2.19e-13,1.45e-13,9.13e-14,5.62e-14,3.46e-14,1.94e-14,1.15e-14,6.45e-15,4.97e-15,2.88e-15,3.77e-15,42.885,0.0695,43.905,0.0695,-13.25,0.0,1.02,103801.0
23653,103800.0,703745.3,467820.0,44219.6654976852,3612.0,228.9,49.17,43.0,-1.0494e-08,-3.7368e-08,1.1325e-08,1.1699e-08,6.7982e-09,4.5058e-09,2.8491e-09,1.5406e-09,8.1491e-10,4.1813e-10,2.1842e-10,1.2216e-10,6.7749e-11,4.2251e-11,2.6652e-11,1.731e-11,1.3904e-11,8.4766e-12,6.8772e-12,4.576e-12,4.1754e-12,-9999.99,-9999.99,-9999.99,-9999.99,-9999.99,-9999.99,3.16e-10,1.12e-09,3.4e-10,3.51e-10,2.05e-10,1.36e-10,8.55e-11,4.64e-11,2.46e-11,1.28e-11,6.77e-12,3.9e-12,2.25e-12,1.57e-12,1.09e-12,8.41e-13,7.37e-12,4.14e-13,2.38e-12,7.73e-13,4.03e-13,-9999.99,-9999.99,-9999.99,-9999.99,-9999.99,-9999.99,3.4708e-10,1.8009e-10,1.014e-10,6.2544e-11,4.0497e-11,2.7006e-11,1.838e-11,1.2515e-11,8.7222e-12,6.1199e-12,4.2632e-12,3.0058e-12,2.0839e-12,1.3447e-12,8.7222e-13,5.7222e-13,3.4591e-13,2.1067e-13,1.3202e-13,8.7661e-14,6.845e-14,5.6228e-14,1.04e-11,5.4e-12,3.04e-12,1.88e-12,1.21e-12,8.13e-13,5.51e-13,3.75e-13,2.63e-13,1.84e-13,1.28e-13,9.05e-14,6.27e-14,4.1e-14,2.7e-14,1.78e-14,1.12e-14,7.46e-15,6.89e-15,1.1e-14,1.71e-14,3.2e-13,49.175,0.06,50.965,0.06,-13.25,0.0,1.79,103801.0
23755,103800.0,706625.4,466628.3,44219.6667592593,3712.0,257.3,49.72,26.0,-4.345e-09,-8.3012e-09,5.7632e-09,1.3953e-09,5.0409e-10,2.388e-10,1.4477e-10,1.3038e-10,8.0263e-11,4.0029e-11,-9999.99,-9999.99,-9999.99,-9999.99,-9999.99,-9999.99,-9999.99,-9999.99,-9999.99,-9999.99,-9999.99,-9999.99,-9999.99,-9999.99,-9999.99,-9999.99,-9999.99,1.58e-10,3.55e-10,1.79e-10,4.27e-11,1.71e-11,1.25e-11,7.85e-12,5.45e-12,2.43e-11,3.45e-12,-9999.99,-9999.99,-9999.99,-9999.99,-9999.99,-9999.99,-9999.99,-9999.99,-9999.99,-9999.99,-9999.99,-9999.99,-9999.99,-9999.99,-9999.99,-9999.99,-9999.99,3.8772e-11,2.8132e-11,2.1152e-11,1.5959e-11,1.1617e-11,8.152e-12,6.1316e-12,4.3538e-12,3.7368e-12,2.7035e-12,2.014e-12,1.6211e-12,1.1734e-12,8.6345e-13,7.4678e-13,4.1696e-13,-9999.99,-9999.99,-9999.99,-9999.99,-9999.99,-9999.99,1.17e-12,8.47e-13,6.39e-13,4.84e-13,3.58e-13,2.5e-13,1.95e-13,1.36e-13,1.21e-13,8.41e-14,6.91e-14,5.58e-14,4.44e-14,3.95e-14,1.81e-13,2.23e-14,-9999.99,-9999.99,-9999.99,-9999.99,-9999.99,-9999.99,49.715,0.0595,51.915,0.0595,-13.25,0.0,2.2,103801.0
23865,103800.0,710430.9,465132.4,44219.6684722222,3812.0,236.9,43.51,28.0,-1.4371e-08,-2.3047e-08,2.562e-08,8.4152e-09,1.9427e-09,8.883e-10,3.3392e-10,1.3541e-10,1.0743e-10,1.6825e-11,1.5915e-11,-9999.99,-9999.99,-9999.99,-9999.99,-9999.99,-9999.99,-9999.99,-9999.99,-9999.99,-9999.99,-9999.99,-9999.99,-9999.99,-9999.99,-9999.99,-9999.99,4.34e-10,7.08e-10,7.69e-10,2.52e-10,5.89e-11,2.89e-11,1.07e-11,5.09e-12,5.5e-12,6.6e-12,3.95e-12,-9999.99,-9999.99,-9999.99,-9999.99,-9999.99,-9999.99,-9999.99,-9999.99,-9999.99,-9999.99,-9999.99,-9999.99,-9999.99,-9999.99,-9999.99,-9999.99,4.6667e-11,3.3889e-11,2.4643e-11,1.8494e-11,1.4412e-11,1.1635e-11,8.9708e-12,6.2544e-12,4.9386e-12,3.8947e-12,3.1959e-12,2.4962e-12,1.8278e-12,1.4503e-12,1.0836e-12,7.7544e-13,6.2632e-13,-9999.99,-9999.99,-9999.99,-9999.99,-9999.99,1.41e-12,1.03e-12,7.49e-13,5.6e-13,4.4e-13,3.56e-13,2.75e-13,1.96e-13,1.54e-13,1.22e-13,1.01e-13,7.91e-14,6.31e-14,5.26e-14,4.27e-14,4.13e-14,5.56e-14,-9999.99,-9999.99,-9999.99,-9999.99,-9999.99,43.505,0.067,45.675,0.067,-13.25,0.0,2.17,103801.0
23971,103900.0,711864.8,463605.2,44219.6705324074,3912.0,224.8,37.79,27.0,-1.5944e-08,-5.0702e-08,1.8632e-08,1.7819e-08,9.9942e-09,6.4152e-09,3.8099e-09,2.0439e-09,9.9795e-10,4.9064e-10,2.3389e-10,1.1804e-10,4.8509e-11,2.6471e-11,-9999.99,-9999.99,-9999.99,-9999.99,-9999.99,-9999.99,-9999.99,-9999.99,-9999.99,-9999.99,-9999.99,-9999.99,-9999.99,4.8e-10,1.53e-09,5.59e-10,5.35e-10,3e-10,1.92e-10,1.14e-10,6.15e-11,3.01e-11,1.49e-11,7.3e-12,3.77e-12,2.23e-12,1.63e-12,-9999.99,-9999.99,-9999.99,-9999.99,-9999.99,-9999.99,-9999.99,-9999.99,-9999.99,-9999.99,-9999.99,-9999.99,-9999.99,4.0322e-10,1.8488e-10,8.6667e-11,4.3099e-11,2.333e-11,1.374e-11,9.731e-12,7.2164e-12,4.7018e-12,3.1784e-12,1.9827e-12,1.4766e-12,1.324e-12,-9999.99,-9999.99,-9999.99,-9999.99,-9999.99,-9999.99,-9999.99,-9999.99,-9999.99,1.21e-11,5.55e-12,2.6e-12,1.29e-12,7.02e-13,4.15e-13,2.94e-13,2.18e-13,1.42e-13,9.73e-14,6.09e-14,4.62e-14,4.18e-14,-9999.99,-9999.99,-9999.99,-9999.99,-9999.99,-9999.99,-9999.99,-9999.99,-9999.99,37.79,0.078,39.3,0.078,-13.25,0.0,1.51,103901.0
24075,103900.0,709175.0,464721.1,44219.6719097222,4012.0,234.5,59.95,21.0,-4.8129e-09,-1.4912e-08,9.3743e-09,5.3012e-09,2.1962e-09,1.1532e-09,5.7251e-10,2.8383e-10,-9999.99,-9999.99,-9999.99,-9999.99,-9999.99,-9999.99,-9999.99,-9999.99,-9999.99,-9999.99,-9999.99,-9999.99,-9999.99,-9999.99,-9999.99,-9999.99,-9999.99,-9999.99,-9999.99,2.02e-10,7.04e-10,3.07e-10,1.59e-10,6.7e-11,3.59e-11,1.79e-11,1e-11,-9999.99,-9999.99,-9999.99,-9999.99,-9999.99,-9999.99,-9999.99,-9999.99,-9999.99,-9999.99,-9999.99,-9999.99,-9999.99,-9999.99,-9999.99,-9999.99,-9999.99,-9999.99,-9999.99,5.7193e-11,3.1374e-11,2.0635e-11,1.495e-11,1.1746e-11,7.962e-12,5.9737e-12,-9999.99,4.6988e-12,3.6433e-12,2.6787e-12,1.9243e-12,1.3336e-12,1.6421e-12,-9999.99,-9999.99,-9999.99,-9999.99,-9999.99,-9999.99,-9999.99,-9999.99,1.73e-12,9.6e-13,6.69e-13,5.07e-13,3.85e-13,2.68e-13,2.69e-13,-9999.99,1.69e-13,2.2e-13,1.85e-13,8.56e-14,7.27e-14,9.25e-14,-9999.99,-9999.99,-9999.99,-9999.99,-9999.99,-9999.99,-9999.99,-9999.99,59.95,0.049,62.505,0.049,-13.25,0.0,2.55,103901.0
24185,103900.0,705402.6,466190.8,44219.6743402778,4112.0,245.9,53.77,7.0,-9999.99,-9999.99,-9999.99,-9999.99,-9999.99,-9999.99,-9999.99,-9999.99,-9999.99,-9999.99,-9999.99,-9999.99,-9999.99,-9999.99,-9999.99,-9999.99,-9999.99,-9999.99,-9999.99,-9999.99,-9999.99,-9999.99,-9999.99,-9999.99,-9999.99,-9999.99,-9999.99,-9999.99,-9999.99,-9999.99,-9999.99,-9999.99,-9999.99,-9999.99,-9999.99,-9999.99,-9999.99,-9999.99,-9999.99,-9999.99,-9999.99,-9999.99,-9999.99,-9999.99,-9999.99,-9999.99,-9999.99,-9999.99,-9999.99,-9999.99,-9999.99,-9999.99,-9999.99,-9999.99,4.9269e-11,3.7368e-11,2.9444e-11,2.1503e-11,1.5839e-11,1.2126e-11,9.1871e-12,-9999.99,-9999.99,-9999.99,-9999.99,-9999.99,-9999.99,-9999.99,-9999.99,-9999.99,-9999.99,-9999.99,-9999.99,-9999.99,-9999.99,-9999.99,1.49e-12,1.13e-12,8.89e-13,6.49e-13,4.93e-13,3.69e-13,2.78e-13,-9999.99,-9999.99,-9999.99,-9999.99,-9999.99,-9999.99,-9999.99,-9999.99,-9999.99,-9999.99,-9999.99,-9999.99,-9999.99,-9999.99,-9999.99,53.825,0.0555,54.345,0.056,-13.25,0.0,0.52,103901.0
24287,103900.0,703596.4,467036.1,44219.6756018519,4212.0,230.0,42.94,45.0,-1.5e-08,-4.6345e-08,1.9032e-08,1.5746e-08,8.2047e-09,4.9883e-09,2.9591e-09,1.5757e-09,7.8889e-10,4.2632e-10,2.4895e-10,1.3474e-10,8.8567e-11,4.386e-11,3.6082e-11,2.2719e-11,1.5491e-11,1.0558e-11,8.5789e-12,6.2778e-12,4.6111e-12,3.6579e-12,2.5211e-12,2.6199e-12,-9999.99,-9999.99,-9999.99,4.51e-10,1.39e-09,5.71e-10,4.72e-10,2.46e-10,1.5e-10,8.91e-11,4.74e-11,2.39e-11,1.3e-11,7.67e-12,4.38e-12,2.91e-12,1.68e-12,1.35e-12,9.31e-13,6.46e-13,7.46e-13,1.06e-12,2.87e-13,1.3e-12,7.83e-13,1.31e-12,5.4e-13,-9999.99,-9999.99,-9999.99,3.5877e-10,1.9523e-10,1.1646e-10,7.4298e-11,4.8947e-11,3.2807e-11,2.2275e-11,1.5082e-11,1.0313e-11,7.4269e-12,5.4474e-12,3.8596e-12,2.755e-12,1.8933e-12,1.2667e-12,7.9678e-13,5.0263e-13,2.864e-13,1.5266e-13,1.1591e-13,6.2719e-14,-9999.99,1.08e-11,5.86e-12,3.49e-12,2.23e-12,1.47e-12,9.84e-13,6.68e-13,4.54e-13,3.09e-13,2.24e-13,1.64e-13,1.16e-13,8.35e-14,5.72e-14,3.84e-14,2.44e-14,1.58e-14,9.45e-15,6.14e-15,6.73e-15,4.3e-15,-9999.99,42.935,0.0685,45.605,0.0685,-13.25,0.0,2.67,103901.0
24395,103900.0,701166.2,468170.2,44219.677037037,4312.0,224.8,47.43,11.0,-1.4199e-08,-4.5614e-08,1.4845e-08,1.3918e-08,7.5117e-09,4.7602e-09,2.8731e-09,1.6234e-09,8.8801e-10,5.4269e-10,-9999.99,-9999.99,-9999.99,-9999.99,-9999.99,4e-11,-9999.99,-9999.99,-9999.99,-9999.99,-9999.99,-9999.99,-9999.99,-9999.99,-9999.99,-9999.99,-9999.99,4.27e-10,1.37e-09,4.45e-10,4.18e-10,2.25e-10,1.43e-10,8.62e-11,4.89e-11,2.68e-11,1.66e-11,-9999.99,-9999.99,-9999.99,-9999.99,-9999.99,2.18e-12,-9999.99,-9999.99,-9999.99,-9999.99,-9999.99,-9999.99,-9999.99,-9999.99,-9999.99,-9999.99,-9999.99,-9999.99,-9999.99,-9999.99,-9999.99,-9999.99,-9999.99,-9999.99,-9999.99,-9999.99,-9999.99,-9999.99,-9999.99,-9999.99,-9999.99,-9999.99,-9999.99,-9999.99,-9999.99,-9999.99,-9999.99,-9999.99,-9999.99,-9999.99,-9999.99,-9999.99,-9999.99,-9999.99,-9999.99,-9999.99,-9999.99,-9999.99,-9999.99,-9999.99,-9999.99,-9999.99,-9999.99,-9999.99,-9999.99,-9999.99,-9999.99,-9999.99,-9999.99,-9999.99,-9999.99,47.43,0.061,50.29,0.061,-13.25,0.0,2.86,103901.0
24495,104000.0,699401.0,467825.6,44219.6787037037,4412.0,187.6,62.58,40.0,-5.5029e-09,-2.6029e-08,2.1023e-09,4.1491e-09,2.7146e-09,2.3433e-09,1.764e-09,1.3263e-09,9.9006e-10,7.0497e-10,5.0029e-10,3.383e-10,2.2868e-10,1.4658e-10,9.6111e-11,5.883e-11,3.5585e-11,2.4208e-11,1.595e-11,8.7368e-12,6.6345e-12,-9999.99,-9999.99,-9999.99,-9999.99,-9999.99,-9999.99,1.68e-10,7.86e-10,6.62e-11,1.25e-10,8.2e-11,7.05e-11,5.33e-11,4.01e-11,2.98e-11,2.12e-11,1.51e-11,1.02e-11,6.93e-12,4.46e-12,2.97e-12,1.81e-12,1.11e-12,7.89e-13,5.26e-13,3.81e-13,2.69e-13,-9999.99,-9999.99,-9999.99,-9999.99,-9999.99,-9999.99,5.9152e-10,4.3041e-10,3.0614e-10,2.1216e-10,1.4351e-10,9.5468e-11,6.2719e-11,4.0322e-11,2.6477e-11,1.7304e-11,1.143e-11,7.3129e-12,4.652e-12,2.8798e-12,1.7377e-12,9.9123e-13,5.6725e-13,3.117e-13,1.9015e-13,-9999.99,-9999.99,-9999.99,1.77e-11,1.29e-11,9.18e-12,6.36e-12,4.31e-12,2.86e-12,1.88e-12,1.21e-12,7.94e-13,5.19e-13,3.43e-13,2.19e-13,1.4e-13,8.67e-14,5.23e-14,3e-14,1.73e-14,9.79e-15,6.39e-15,-9999.99,-9999.99,-9999.99,62.58,0.0475,63.79,0.048,-13.25,0.0,1.21,104001.0
24603,104000.0,702413.3,466630.4,44219.6800925926,4512.0,229.9,33.83,39.0,-3.0906e-08,-1.0067e-07,2.3868e-08,2.9415e-08,1.8605e-08,1.3281e-08,8.8977e-09,5.3655e-09,3.0819e-09,1.714e-09,9.152e-10,4.7836e-10,2.4558e-10,1.2579e-10,7.0819e-11,3.9942e-11,2.0623e-11,1.338e-11,-9999.99,-9999.99,-9999.99,-9999.99,-9999.99,-9999.99,-9999.99,-9999.99,-9999.99,9.27e-10,3.02e-09,7.16e-10,8.82e-10,5.58e-10,3.98e-10,2.67e-10,1.61e-10,9.25e-11,5.14e-11,2.75e-11,1.44e-11,7.42e-12,3.9e-12,2.27e-12,1.27e-12,6.83e-13,5.24e-13,-9999.99,-9999.99,-9999.99,-9999.99,-9999.99,-9999.99,-9999.99,-9999.99,-9999.99,1.3365e-09,7.155e-10,3.7661e-10,1.9994e-10,1.0886e-10,6.1754e-11,3.6404e-11,2.2272e-11,1.4444e-11,9.5789e-12,6.6433e-12,4.6053e-12,3.1988e-12,2.1442e-12,1.4708e-12,9.5526e-13,5.7281e-13,3.4357e-13,2.0588e-13,1.214e-13,6.7895e-14,-9999.99,4.01e-11,2.15e-11,1.13e-11,6e-12,3.27e-12,1.85e-12,1.09e-12,6.68e-13,4.33e-13,2.87e-13,2e-13,1.38e-13,9.63e-14,6.48e-14,4.46e-14,2.9e-14,1.76e-14,1.14e-14,6.9e-15,5.65e-15,4.51e-15,-9999.99,33.83,0.086,36.19,0.086,-13.25,0.0,2.36,104001.0
24709,104000.0,705532.4,465359.4,44219.6814467593,4612.0,242.1,32.38,7.0,-2.9018e-08,-4.4532e-08,4.7953e-08,1.6477e-08,4.6579e-09,-9999.99,8.886e-10,4.3392e-10,-9999.99,-9999.99,-9999.99,-9999.99,-9999.99,-9999.99,-9999.99,-9999.99,-9999.99,-9999.99,-9999.99,-9999.99,-9999.99,-9999.99,-9999.99,-9999.99,-9999.99,-9999.99,-9999.99,8.71e-10,1.34e-09,1.44e-09,4.94e-10,1.4e-10,-9999.99,2.77e-11,1.35e-11,-9999.99,-9999.99,-9999.99,-9999.99,-9999.99,-9999.99,-9999.99,-9999.99,-9999.99,-9999.99,-9999.99,-9999.99,-9999.99,-9999.99,-9999.99,-9999.99,-9999.99,-9999.99,-9999.99,-9999.99,-9999.99,-9999.99,-9999.99,-9999.99,-9999.99,-9999.99,-9999.99,-9999.99,-9999.99,-9999.99,-9999.99,-9999.99,-9999.99,-9999.99,-9999.99,-9999.99,-9999.99,-9999.99,-9999.99,-9999.99,-9999.99,-9999.99,-9999.99,-9999.99,-9999.99,-9999.99,-9999.99,-9999.99,-9999.99,-9999.99,-9999.99,-9999.99,-9999.99,-9999.99,-9999.99,-9999.99,-9999.99,-9999.99,-9999.99,-9999.99,-9999.99,-9999.99,-9999.99,32.38,0.09,34.21,0.09,-13.25,0.0,1.83,104001.0
24815,104000.0,709363.0,463755.2,44219.683125,4712.0,234.9,35.14,21.0,-2.5211e-08,-4.3363e-08,4.2865e-08,1.6553e-08,5.152e-09,2.4927e-09,1.136e-09,4.731e-10,1.824e-10,-9999.99,-9999.99,-9999.99,-9999.99,-9999.99,-9999.99,-9999.99,-9999.99,-9999.99,-9999.99,-9999.99,-9999.99,-9999.99,-9999.99,-9999.99,-9999.99,-9999.99,-9999.99,7.64e-10,1.35e-09,1.29e-09,4.97e-10,1.55e-10,7.53e-11,3.45e-11,1.47e-11,7.3e-12,-9999.99,-9999.99,-9999.99,-9999.99,-9999.99,-9999.99,-9999.99,-9999.99,-9999.99,-9999.99,-9999.99,-9999.99,-9999.99,-9999.99,-9999.99,-9999.99,-9999.99,-9999.99,8.2544e-11,4.4327e-11,2.8781e-11,2.0702e-11,1.5325e-11,1.1503e-11,8.4444e-12,6.2661e-12,4.6871e-12,3.4386e-12,2.852e-12,2.5678e-12,-9999.99,-9999.99,-9999.99,-9999.99,-9999.99,-9999.99,-9999.99,-9999.99,-9999.99,-9999.99,2.49e-12,1.33e-12,8.72e-13,6.27e-13,4.69e-13,3.62e-13,2.73e-13,2.14e-13,1.56e-13,1.24e-13,1.17e-13,1.08e-13,-9999.99,-9999.99,-9999.99,-9999.99,-9999.99,-9999.99,-9999.99,-9999.99,-9999.99,-9999.99,35.14,0.083,37.375,0.083,-13.25,0.0,2.23,104001.0
24921,104100.0,710646.1,462443.4,44219.7708101852,4812.0,232.7,49.87,25.0,-9.1345e-09,-2.1553e-08,1.7433e-08,8.0468e-09,2.8754e-09,1.4246e-09,6.7982e-10,3.0585e-10,-9999.99,-9999.99,-9999.99,-9999.99,-9999.99,-9999.99,-9999.99,-9999.99,-9999.99,-9999.99,-9999.99,-9999.99,-9999.99,-9999.99,-9999.99,-9999.99,-9999.99,-9999.99,-9999.99,2.77e-10,6.62e-10,5.23e-10,2.41e-10,8.68e-11,4.37e-11,2.1e-11,9.91e-12,-9999.99,-9999.99,-9999.99,-9999.99,-9999.99,-9999.99,-9999.99,-9999.99,-9999.99,-9999.99,-9999.99,-9999.99,-9999.99,-9999.99,-9999.99,-9999.99,-9999.99,-9999.99,-9999.99,6.7018e-11,3.2018e-11,1.9558e-11,1.4079e-11,1.0222e-11,7.7105e-12,5.6608e-12,4.3304e-12,3.3655e-12,2.6646e-12,2.0523e-12,1.6404e-12,1.288e-12,1.0132e-12,7.7076e-13,6.2953e-13,5.2222e-13,-9999.99,-9999.99,-9999.99,-9999.99,-9999.99,2.02e-12,9.61e-13,5.89e-13,4.29e-13,3.09e-13,2.36e-13,1.73e-13,1.33e-13,1.06e-13,8.31e-14,6.46e-14,5.41e-14,4.39e-14,4.19e-14,2.87e-14,2.68e-14,6.58e-14,-9999.99,-9999.99,-9999.99,-9999.99,-9999.99,49.865,0.059,51.065,0.0595,-13.25,0.0,1.2,104101.0
25025,104100.0,708851.5,463131.5,44219.7722106481,4912.0,241.1,33.94,19.0,-2.5199e-08,-4.117e-08,4.2427e-08,1.5766e-08,4.8304e-09,2.1617e-09,9.7544e-10,3.6871e-10,-9999.99,-9999.99,-9999.99,-9999.99,-9999.99,-9999.99,-9999.99,-9999.99,-9999.99,-9999.99,-9999.99,-9999.99,-9999.99,-9999.99,-9999.99,-9999.99,-9999.99,-9999.99,-9999.99,7.61e-10,1.26e-09,1.27e-09,4.73e-10,1.45e-10,6.57e-11,3.02e-11,1.22e-11,-9999.99,-9999.99,-9999.99,-9999.99,-9999.99,-9999.99,-9999.99,-9999.99,-9999.99,-9999.99,-9999.99,-9999.99,-9999.99,-9999.99,-9999.99,-9999.99,-9999.99,-9999.99,-9999.99,9.3713e-11,5.1725e-11,3.2632e-11,2.2781e-11,1.5444e-11,1.2257e-11,9.2368e-12,7.1813e-12,5.7398e-12,4.6725e-12,-9999.99,-9999.99,-9999.99,-9999.99,8.8655e-13,-9999.99,-9999.99,-9999.99,-9999.99,-9999.99,-9999.99,-9999.99,2.82e-12,1.56e-12,9.82e-13,6.9e-13,4.94e-13,4.4e-13,2.9e-13,2.34e-13,1.84e-13,1.74e-13,-9999.99,-9999.99,-9999.99,-9999.99,5.87e-14,-9999.99,-9999.99,-9999.99,-9999.99,-9999.99,-9999.99,-9999.99,33.94,0.086,35.72,0.086,-13.25,0.0,1.78,104101.0
25135,104100.0,705348.3,464568.6,44219.7740162037,5012.0,244.2,32.41,27.0,-3.0526e-08,-5.769e-08,5.038e-08,2.2278e-08,8.0439e-09,3.9854e-09,1.8377e-09,7.9591e-10,3.4532e-10,1.8149e-10,-9999.99,-9999.99,-9999.99,-9999.99,-9999.99,-9999.99,-9999.99,-9999.99,-9999.99,-9999.99,-9999.99,-9999.99,-9999.99,-9999.99,-9999.99,-9999.99,-9999.99,9.16e-10,1.74e-09,1.51e-09,6.68e-10,2.41e-10,1.2e-10,5.53e-11,2.42e-11,1.13e-11,5.79e-12,-9999.99,-9999.99,-9999.99,-9999.99,-9999.99,-9999.99,-9999.99,-9999.99,-9999.99,-9999.99,-9999.99,-9999.99,-9999.99,-9999.99,-9999.99,-9999.99,-9999.99,1.7485e-10,8.8187e-11,5.4678e-11,3.6901e-11,2.5126e-11,1.6292e-11,1.1611e-11,9.0263e-12,6.7427e-12,4.5936e-12,3.2222e-12,2.1181e-12,1.5371e-12,1.1734e-12,8.6959e-13,5.3713e-13,3.2719e-13,-9999.99,-9999.99,-9999.99,-9999.99,-9999.99,5.26e-12,2.65e-12,1.64e-12,1.11e-12,7.56e-13,4.92e-13,3.52e-13,2.73e-13,2.06e-13,1.41e-13,9.92e-14,6.59e-14,5.4e-14,4.37e-14,3.16e-14,2.14e-14,7.69e-14,-9999.99,-9999.99,-9999.99,-9999.99,-9999.99,32.405,0.09,34.115,0.09,-13.25,0.0,1.71,104101.0
25239,104100.0,702585.0,465697.8,44219.7755555556,5112.0,227.1,47.95,39.0,-1.2135e-08,-4.3655e-08,1.2512e-08,1.3301e-08,7.9298e-09,5.3158e-09,3.3977e-09,1.893e-09,1.0673e-09,5.9064e-10,3.1404e-10,1.7868e-10,9.3977e-11,5.6082e-11,3.7924e-11,2.0491e-11,1.4731e-11,1.1064e-11,5.617e-12,-9999.99,-9999.99,-9999.99,-9999.99,-9999.99,-9999.99,-9999.99,-9999.99,3.64e-10,1.31e-09,3.75e-10,3.99e-10,2.38e-10,1.59e-10,1.02e-10,5.68e-11,3.21e-11,1.79e-11,9.7e-12,5.56e-12,3.1e-12,1.86e-12,1.38e-12,7.46e-13,5.83e-13,7.01e-13,4.48e-13,-9999.99,-9999.99,-9999.99,-9999.99,-9999.99,-9999.99,-9999.99,-9999.99,5.1053e-10,2.6614e-10,1.45e-10,8.345e-11,5.0439e-11,3.2018e-11,2.0673e-11,1.3827e-11,9.4152e-12,6.6053e-12,4.8392e-12,3.4883e-12,2.4743e-12,1.7404e-12,1.15e-12,7.4006e-13,4.5234e-13,2.7602e-13,1.6213e-13,9.5292e-14,-9999.99,-9999.99,1.53e-11,7.98e-12,4.35e-12,2.5e-12,1.51e-12,9.61e-13,6.2e-13,4.16e-13,2.82e-13,1.98e-13,1.45e-13,1.05e-13,7.47e-14,5.29e-14,3.5e-14,2.26e-14,1.39e-14,9.16e-15,5.82e-15,3.97e-15,-9999.99,-9999.99,47.945,0.061,49.86,0.061,-13.25,0.0,1.91,104101.0
25341,104100.0,700445.9,466571.2,44219.7768287037,5212.0,228.4,44.95,39.0,-1.4529e-08,-4.7895e-08,1.8073e-08,1.6161e-08,8.5906e-09,5.3655e-09,3.0614e-09,1.6629e-09,8.8947e-10,4.4327e-10,2.7295e-10,1.5202e-10,9.6111e-11,6.2778e-11,3.5965e-11,2.7617e-11,1.6462e-11,1.1058e-11,-9999.99,-9999.99,-9999.99,-9999.99,-9999.99,-9999.99,-9999.99,-9999.99,-9999.99,4.39e-10,1.45e-09,5.44e-10,4.85e-10,2.58e-10,1.61e-10,9.18e-11,5.01e-11,2.69e-11,1.37e-11,8.38e-12,4.68e-12,3.09e-12,2.09e-12,1.24e-12,9.2e-13,6.24e-13,4.05e-13,-9999.99,-9999.99,-9999.99,-9999.99,-9999.99,-9999.99,-9999.99,-9999.99,-9999.99,4.4123e-10,2.4064e-10,1.4392e-10,9.1959e-11,6.0643e-11,3.9912e-11,2.6591e-11,1.8088e-11,1.2439e-11,8.6316e-12,6.2398e-12,4.462e-12,3.1287e-12,2.1807e-12,1.4211e-12,8.8655e-13,5.3596e-13,3.1374e-13,1.9298e-13,1.0196e-13,6.8187e-14,-9999.99,1.32e-11,7.22e-12,4.32e-12,2.76e-12,1.82e-12,1.2e-12,7.98e-13,5.43e-13,3.73e-13,2.59e-13,1.87e-13,1.34e-13,9.42e-14,6.56e-14,4.29e-14,2.69e-14,1.64e-14,9.88e-15,6.25e-15,3.88e-15,4.13e-15,-9999.99,44.95,0.066,46.325,0.066,-13.25,0.0,1.38,104101.0
25443,104200.0,700966.5,465541.7,44219.7794328704,5312.0,230.9,35.27,39.0,-2.9854e-08,-6.8918e-08,4.1579e-08,2.6257e-08,1.1184e-08,5.9503e-09,3.117e-09,1.4629e-09,7.2222e-10,3.9444e-10,2.1816e-10,1.493e-10,9.3947e-11,5.193e-11,3.5058e-11,2.781e-11,1.4439e-11,-9999.99,-9999.99,-9999.99,-9999.99,-9999.99,-9999.99,-9999.99,-9999.99,-9999.99,-9999.99,8.96e-10,2.07e-09,1.25e-09,7.88e-10,3.36e-10,1.79e-10,9.38e-11,4.4e-11,2.17e-11,1.22e-11,6.76e-12,4.85e-12,3.05e-12,1.69e-12,1.71e-12,1.13e-12,6.6e-13,-9999.99,-9999.99,-9999.99,-9999.99,-9999.99,-9999.99,-9999.99,-9999.99,-9999.99,-9999.99,3.7719e-10,2.0711e-10,1.2962e-10,8.614e-11,5.8041e-11,3.8129e-11,2.5661e-11,1.8965e-11,1.2298e-11,8.5439e-12,6.4152e-12,4.9386e-12,3.5702e-12,2.2705e-12,1.6181e-12,1.0368e-12,6.7895e-13,3.9474e-13,2.686e-13,1.7447e-13,1.0646e-13,7.3363e-14,1.13e-11,6.21e-12,3.89e-12,2.58e-12,1.74e-12,1.14e-12,7.7e-13,5.69e-13,3.69e-13,2.57e-13,1.93e-13,1.49e-13,1.07e-13,6.86e-14,4.89e-14,3.16e-14,2.09e-14,1.26e-14,8.49e-15,6.58e-15,5e-15,3.54e-15,35.265,0.086,35.875,0.086,-13.25,0.0,0.61,104201.0
25547,104200.0,703600.9,464385.4,44219.7807407407,5412.0,249.1,39.33,27.0,-1.2763e-08,-1.5988e-08,1.9447e-08,4.7427e-09,1.6108e-09,9.4211e-10,5.4327e-10,3.2719e-10,-9999.99,-9999.99,-9999.99,-9999.99,-9999.99,-9999.99,-9999.99,-9999.99,-9999.99,-9999.99,-9999.99,-9999.99,-9999.99,-9999.99,-9999.99,-9999.99,-9999.99,-9999.99,-9999.99,3.83e-10,4.84e-10,5.83e-10,1.43e-10,4.95e-11,3.08e-11,1.97e-11,1.24e-11,-9999.99,-9999.99,-9999.99,-9999.99,-9999.99,-9999.99,-9999.99,-9999.99,-9999.99,-9999.99,-9999.99,-9999.99,-9999.99,-9999.99,-9999.99,-9999.99,-9999.99,-9999.99,-9999.99,1.1032e-10,7.345e-11,5.1023e-11,3.4152e-11,2.5395e-11,1.9056e-11,1.3804e-11,8.8626e-12,7.4094e-12,4.8538e-12,3.769e-12,3.0936e-12,1.824e-12,1.4111e-12,1.1365e-12,6.0234e-13,3.9211e-13,2.8053e-13,1.9497e-13,-9999.99,-9999.99,-9999.99,3.31e-12,2.21e-12,1.54e-12,1.04e-12,7.85e-13,5.98e-13,4.28e-13,2.77e-13,2.3e-13,1.55e-13,1.21e-13,9.68e-14,6.71e-14,5.02e-14,3.99e-14,2.34e-14,2.16e-14,1.2e-14,1.16e-14,-9999.99,-9999.99,-9999.99,39.33,0.075,40.335,0.075,-13.25,0.0,1.01,104201.0
25657,104200.0,706837.4,463056.6,44219.7823611111,5512.0,256.8,29.3,21.0,-4.0819e-08,-9.0117e-08,6.5702e-08,3.6579e-08,1.4436e-08,7.3304e-09,3.4181e-09,1.4003e-09,6.4737e-10,-9999.99,-9999.99,-9999.99,-9999.99,-9999.99,-9999.99,-9999.99,-9999.99,-9999.99,-9999.99,-9999.99,-9999.99,-9999.99,-9999.99,-9999.99,-9999.99,-9999.99,-9999.99,1.22e-09,2.71e-09,1.97e-09,1.1e-09,4.33e-10,2.2e-10,1.03e-10,4.26e-11,2.05e-11,-9999.99,-9999.99,-9999.99,-9999.99,-9999.99,-9999.99,-9999.99,-9999.99,-9999.99,-9999.99,-9999.99,-9999.99,-9999.99,-9999.99,-9999.99,-9999.99,-9999.99,-9999.99,2.7044e-10,1.098e-10,5.3655e-11,2.8234e-11,1.5061e-11,1.2658e-11,1.3287e-11,9.0409e-12,6.1754e-12,4.7339e-12,3.0702e-12,3.1111e-12,-9999.99,-9999.99,-9999.99,-9999.99,-9999.99,-9999.99,-9999.99,-9999.99,-9999.99,-9999.99,8.11e-12,3.29e-12,1.61e-12,8.55e-13,4.58e-13,3.94e-13,4.05e-13,2.75e-13,1.96e-13,1.55e-13,1.04e-13,1.07e-13,-9999.99,-9999.99,-9999.99,-9999.99,-9999.99,-9999.99,-9999.99,-9999.99,-9999.99,-9999.99,29.295,0.1005,30.54,0.1005,-13.25,0.0,1.24,104201.0
25763,104300.0,708023.5,461717.1,44219.785462963,5612.0,244.9,30.86,15.0,-3.2573e-08,-5.848e-08,5.3421e-08,2.2345e-08,7.5585e-09,3.8216e-09,1.7728e-09,8.0205e-10,-9999.99,-9999.99,-9999.99,-9999.99,-9999.99,-9999.99,-9999.99,-9999.99,-9999.99,-9999.99,-9999.99,-9999.99,-9999.99,-9999.99,-9999.99,-9999.99,-9999.99,-9999.99,-9999.99,9.77e-10,1.76e-09,1.6e-09,6.7e-10,2.27e-10,1.15e-10,5.35e-11,2.44e-11,-9999.99,-9999.99,-9999.99,-9999.99,-9999.99,-9999.99,-9999.99,-9999.99,-9999.99,-9999.99,-9999.99,-9999.99,-9999.99,-9999.99,-9999.99,-9999.99,-9999.99,-9999.99,-9999.99,1.8342e-10,9.6053e-11,5.7573e-11,3.0526e-11,-9999.99,-9999.99,-9999.99,-9999.99,5.2427e-12,5.3538e-12,3.5906e-12,-9999.99,-9999.99,-9999.99,-9999.99,-9999.99,-9999.99,-9999.99,-9999.99,-9999.99,-9999.99,-9999.99,5.5e-12,2.88e-12,1.73e-12,9.19e-13,-9999.99,-9999.99,-9999.99,-9999.99,1.66e-13,1.63e-13,1.14e-13,-9999.99,-9999.99,-9999.99,-9999.99,-9999.99,-9999.99,-9999.99,-9999.99,-9999.99,-9999.99,-9999.99,30.865,0.095,32.4,0.095,-13.25,0.0,1.53,104301.0
25865,104300.0,705812.6,462643.0,44219.7866898148,5712.0,254.7,35.45,27.0,-1.9152e-08,-2.1766e-08,2.9649e-08,7.076e-09,1.7713e-09,7.3099e-10,3.5731e-10,1.1825e-10,-9999.99,-9999.99,-9999.99,-9999.99,-9999.99,-9999.99,-9999.99,-9999.99,-9999.99,-9999.99,-9999.99,-9999.99,-9999.99,-9999.99,-9999.99,-9999.99,-9999.99,-9999.99,-9999.99,5.76e-10,6.77e-10,8.89e-10,2.12e-10,5.4e-11,2.35e-11,1.28e-11,4.94e-12,-9999.99,-9999.99,-9999.99,-9999.99,-9999.99,-9999.99,-9999.99,-9999.99,-9999.99,-9999.99,-9999.99,-9999.99,-9999.99,-9999.99,-9999.99,-9999.99,-9999.99,-9999.99,-9999.99,4.617e-11,3.0731e-11,2.2763e-11,1.6795e-11,1.1933e-11,8.7222e-12,6.6287e-12,5.0877e-12,3.7953e-12,3.0292e-12,2.319e-12,1.6974e-12,1.2374e-12,9.0088e-13,6.6199e-13,4.0088e-13,3.1111e-13,2.2673e-13,1.6807e-13,-9999.99,-9999.99,-9999.99,1.39e-12,9.28e-13,6.87e-13,5.06e-13,3.62e-13,2.63e-13,2e-13,1.54e-13,1.16e-13,9.27e-14,7.33e-14,5.26e-14,3.93e-14,2.87e-14,2.26e-14,1.59e-14,1.19e-14,1.68e-14,1.78e-14,-9999.99,-9999.99,-9999.99,35.455,0.082,37.88,0.082,-13.25,0.0,2.43,104301.0
25971,104300.0,703413.3,463626.4,44219.7881134259,5812.0,257.5,52.84,28.0,-7.5556e-09,-1.3658e-08,1.3322e-08,4.5497e-09,1.5202e-09,6.9503e-10,3.1082e-10,1.5096e-10,-9999.99,-9999.99,-9999.99,-9999.99,-9999.99,-9999.99,-9999.99,-9999.99,-9999.99,-9999.99,-9999.99,-9999.99,-9999.99,-9999.99,-9999.99,-9999.99,-9999.99,-9999.99,-9999.99,2.27e-10,4.19e-10,4e-10,1.37e-10,4.65e-11,2.24e-11,1.08e-11,5.53e-12,-9999.99,-9999.99,-9999.99,-9999.99,-9999.99,-9999.99,-9999.99,-9999.99,-9999.99,-9999.99,-9999.99,-9999.99,-9999.99,-9999.99,-9999.99,-9999.99,-9999.99,-9999.99,-9999.99,4.6754e-11,3.0789e-11,2.2485e-11,1.7114e-11,1.2327e-11,9.1754e-12,6.6725e-12,5.2135e-12,3.9181e-12,2.9766e-12,2.3365e-12,1.781e-12,1.2918e-12,8.8596e-13,6.117e-13,4.1082e-13,2.8673e-13,1.7936e-13,1.2629e-13,8.6053e-14,-9999.99,-9999.99,1.42e-12,9.3e-13,6.79e-13,5.15e-13,3.75e-13,2.79e-13,2.01e-13,1.58e-13,1.19e-13,9.05e-14,7.1e-14,5.41e-14,4e-14,2.76e-14,2.05e-14,1.46e-14,1.09e-14,1.01e-14,9.21e-15,3.99e-14,-9999.99,-9999.99,52.94,0.056,55.09,0.056,-13.25,0.0,2.15,104301.0
26077,104300.0,701002.9,464495.4,44219.789537037,5912.0,230.3,29.48,41.0,-4.5468e-08,-1.3333e-07,4.2485e-08,4.2865e-08,2.5216e-08,1.6883e-08,1.0699e-08,6.1637e-09,3.3626e-09,1.7997e-09,9.348e-10,4.7251e-10,2.5482e-10,1.3705e-10,8.1374e-11,4.5936e-11,2.9795e-11,1.9079e-11,1.1746e-11,-9999.99,-9999.99,-9999.99,-9999.99,-9999.99,-9999.99,-9999.99,-9999.99,1.36e-09,4e-09,1.27e-09,1.29e-09,7.56e-10,5.06e-10,3.21e-10,1.85e-10,1.01e-10,5.4e-11,2.81e-11,1.43e-11,7.77e-12,4.21e-12,2.54e-12,1.47e-12,9.74e-13,6.53e-13,4.64e-13,-9999.99,-9999.99,-9999.99,-9999.99,-9999.99,-9999.99,-9999.99,-9999.99,1.5544e-09,7.8012e-10,3.9708e-10,2.1298e-10,1.231e-10,7.5146e-11,4.6696e-11,2.9971e-11,1.9439e-11,1.2719e-11,8.4825e-12,5.8918e-12,4.2281e-12,2.924e-12,1.9316e-12,1.3266e-12,8.2193e-13,5.3977e-13,3.1608e-13,2.1763e-13,1.1772e-13,6.2018e-14,4.66e-11,2.34e-11,1.19e-11,6.39e-12,3.69e-12,2.25e-12,1.4e-12,8.99e-13,5.83e-13,3.82e-13,2.54e-13,1.77e-13,1.28e-13,8.83e-14,5.81e-14,4.02e-14,2.52e-14,1.67e-14,1.04e-14,7.49e-15,4.2e-15,4.15e-15,29.335,0.0995,30.865,0.0995,-13.25,0.0,1.53,104301.0
26183,104300.0,698628.8,465575.4,44219.7909375,6012.0,201.7,53.25,10.0,-8.8713e-09,-3.5409e-08,5.5146e-09,7.4708e-09,4.848e-09,3.4094e-09,2.4538e-09,1.6494e-09,1.0468e-09,-9999.99,-9999.99,-9999.99,-9999.99,1.3538e-10,-9999.99,-9999.99,-9999.99,-9999.99,-9999.99,-9999.99,-9999.99,-9999.99,-9999.99,-9999.99,-9999.99,-9999.99,-9999.99,2.68e-10,1.07e-09,1.68e-10,2.25e-10,1.46e-10,1.03e-10,7.41e-11,5e-11,3.22e-11,-9999.99,-9999.99,-9999.99,-9999.99,4.22e-12,-9999.99,-9999.99,-9999.99,-9999.99,-9999.99,-9999.99,-9999.99,-9999.99,-9999.99,-9999.99,-9999.99,-9999.99,-9999.99,-9999.99,-9999.99,-9999.99,-9999.99,-9999.99,-9999.99,-9999.99,-9999.99,-9999.99,-9999.99,-9999.99,-9999.99,-9999.99,-9999.99,-9999.99,-9999.99,-9999.99,-9999.99,-9999.99,-9999.99,-9999.99,-9999.99,-9999.99,-9999.99,-9999.99,-9999.99,-9999.99,-9999.99,-9999.99,-9999.99,-9999.99,-9999.99,-9999.99,-9999.99,-9999.99,-9999.99,-9999.99,-9999.99,-9999.99,-9999.99,-9999.99,-9999.99,-9999.99,-9999.99,-9999.99,-9999.99,-9999.99,-9999.99,-9999.99,-9999.99,-9999.99,104301.0
26292,104400.0,700188.5,464088.9,44219.7927662037,6112.0,231.6,44.21,33.0,-1.5137e-08,-5.1784e-08,1.55e-08,1.6327e-08,9.4591e-09,6.1813e-09,3.8275e-09,2.0813e-09,1.1386e-09,5.4561e-10,2.9708e-10,1.7026e-10,1.1161e-10,7.1111e-11,-9999.99,-9999.99,-9999.99,-9999.99,-9999.99,-9999.99,-9999.99,-9999.99,-9999.99,-9999.99,-9999.99,-9999.99,-9999.99,4.56e-10,1.56e-09,4.65e-10,4.9e-10,2.84e-10,1.85e-10,1.15e-10,6.24e-11,3.45e-11,1.68e-11,9.12e-12,5.74e-12,3.9e-12,3.35e-12,-9999.99,-9999.99,-9999.99,-9999.99,-9999.99,-9999.99,-9999.99,-9999.99,-9999.99,-9999.99,-9999.99,-9999.99,-9999.99,4.9591e-10,2.4482e-10,1.3342e-10,8.152e-11,5.1374e-11,3.4094e-11,2.3149e-11,1.6073e-11,1.1225e-11,7.9561e-12,6.1111e-12,4.348e-12,3.348e-12,1.9325e-12,1.3038e-12,7.7953e-13,6.1988e-13,2.6047e-13,1.8877e-13,-9999.99,-9999.99,-9999.99,1.49e-11,7.34e-12,4e-12,2.45e-12,1.55e-12,1.03e-12,6.99e-13,4.9e-13,3.41e-13,2.56e-13,1.9e-13,1.6e-13,1.39e-13,7.13e-14,5.71e-14,3.98e-14,2.7e-14,2.84e-14,4.1e-14,-9999.99,-9999.99,-9999.99,44.21,0.067,45.155,0.067,-13.25,0.0,0.95,104401.0
26398,104400.0,703097.0,462871.1,44219.7941782407,6212.0,242.9,38.8,8.0,-1.5135e-08,-1.6421e-08,2.4237e-08,5.4386e-09,1.4135e-09,5.5439e-10,2.5152e-10,3.2193e-10,-9999.99,-9999.99,-9999.99,-9999.99,-9999.99,-9999.99,-9999.99,-9999.99,-9999.99,-9999.99,-9999.99,-9999.99,-9999.99,-9999.99,-9999.99,-9999.99,-9999.99,-9999.99,-9999.99,4.56e-10,5.14e-10,7.27e-10,1.64e-10,4.33e-11,2.02e-11,1.02e-11,1.08e-11,-9999.99,-9999.99,-9999.99,-9999.99,-9999.99,-9999.99,-9999.99,-9999.99,-9999.99,-9999.99,-9999.99,-9999.99,-9999.99,-9999.99,-9999.99,-9999.99,-9999.99,-9999.99,-9999.99,-9999.99,-9999.99,-9999.99,-9999.99,-9999.99,-9999.99,-9999.99,-9999.99,-9999.99,-9999.99,-9999.99,-9999.99,-9999.99,-9999.99,-9999.99,-9999.99,-9999.99,-9999.99,-9999.99,-9999.99,-9999.99,-9999.99,-9999.99,-9999.99,-9999.99,-9999.99,-9999.99,-9999.99,-9999.99,-9999.99,-9999.99,-9999.99,-9999.99,-9999.99,-9999.99,-9999.99,-9999.99,-9999.99,-9999.99,-9999.99,-9999.99,-9999.99,-9999.99,-9999.99,38.8,0.077,39.41,0.077,-13.25,0.0,0.61,104401.0
26498,104400.0,705565.8,461854.4,44219.7953356481,6312.0,246.5,33.26,30.0,-2.5482e-08,-4.6959e-08,4.3158e-08,1.7939e-08,6.1579e-09,2.7947e-09,1.2787e-09,5.1345e-10,2.4088e-10,1.1845e-10,-9999.99,-9999.99,-9999.99,-9999.99,-9999.99,-9999.99,-9999.99,-9999.99,-9999.99,-9999.99,-9999.99,-9999.99,-9999.99,-9999.99,-9999.99,-9999.99,-9999.99,7.64e-10,1.41e-09,1.29e-09,5.38e-10,1.85e-10,8.41e-11,3.86e-11,1.58e-11,7.78e-12,4.68e-12,-9999.99,-9999.99,-9999.99,-9999.99,-9999.99,-9999.99,-9999.99,-9999.99,-9999.99,-9999.99,-9999.99,-9999.99,-9999.99,-9999.99,-9999.99,-9999.99,-9999.99,1.0959e-10,5.386e-11,3.2515e-11,2.1772e-11,1.5673e-11,1.0816e-11,7.8596e-12,5.7281e-12,4.348e-12,3.3509e-12,2.6807e-12,1.9798e-12,1.5532e-12,1.1079e-12,7.1199e-13,5.4795e-13,3.6901e-13,2.1377e-13,1.2576e-13,7.9708e-14,-9999.99,-9999.99,3.3e-12,1.62e-12,9.79e-13,6.55e-13,4.72e-13,3.27e-13,2.37e-13,1.72e-13,1.32e-13,1.02e-13,8.1e-14,6.02e-14,4.75e-14,3.36e-14,2.19e-14,1.73e-14,1.34e-14,7.99e-15,9.49e-15,1.01e-14,-9999.99,-9999.99,33.255,0.088,34.715,0.088,-13.25,0.0,1.46,104401.0
26602,104500.0,703189.9,461971.5,44219.7979861111,6412.0,225.7,40.38,28.0,-1.4728e-08,-1.8994e-08,2.2918e-08,6.348e-09,2.0708e-09,1.0708e-09,6.3626e-10,3.193e-10,1.838e-10,-9999.99,-9999.99,-9999.99,-9999.99,-9999.99,-9999.99,-9999.99,-9999.99,-9999.99,-9999.99,-9999.99,-9999.99,-9999.99,-9999.99,-9999.99,-9999.99,-9999.99,-9999.99,4.42e-10,5.76e-10,6.88e-10,1.91e-10,6.27e-11,3.31e-11,2.01e-11,1e-11,6.23e-12,-9999.99,-9999.99,-9999.99,-9999.99,-9999.99,-9999.99,-9999.99,-9999.99,-9999.99,-9999.99,-9999.99,-9999.99,-9999.99,-9999.99,-9999.99,-9999.99,-9999.99,-9999.99,1.0617e-10,6.924e-11,4.9591e-11,3.6842e-11,2.552e-11,1.7675e-11,1.264e-11,8.9152e-12,6.3889e-12,5.193e-12,4.1257e-12,3.2368e-12,2.2202e-12,1.6567e-12,1.048e-12,7.2778e-13,4.8596e-13,3.5058e-13,1.814e-13,-9999.99,-9999.99,-9999.99,3.2e-12,2.08e-12,1.49e-12,1.11e-12,7.68e-13,5.32e-13,3.82e-13,2.69e-13,1.94e-13,1.57e-13,1.26e-13,9.87e-14,6.77e-14,5.15e-14,3.29e-14,2.37e-14,1.64e-14,1.27e-14,8.56e-15,-9999.99,-9999.99,-9999.99,40.385,0.073,41.785,0.073,-13.25,0.0,1.4,104501.0
26706,104500.0,700803.9,462931.5,44219.7993518518,6512.0,238.9,29.22,8.0,-4.0789e-08,-5.8363e-08,6.5234e-08,2.1632e-08,6.0351e-09,2.2345e-09,1.514e-09,8.6842e-10,-9999.99,-9999.99,-9999.99,-9999.99,-9999.99,-9999.99,-9999.99,-9999.99,-9999.99,-9999.99,-9999.99,-9999.99,-9999.99,-9999.99,-9999.99,-9999.99,-9999.99,-9999.99,-9999.99,1.22e-09,1.76e-09,1.96e-09,6.49e-10,1.82e-10,6.73e-11,4.6e-11,2.63e-11,-9999.99,-9999.99,-9999.99,-9999.99,-9999.99,-9999.99,-9999.99,-9999.99,-9999.99,-9999.99,-9999.99,-9999.99,-9999.99,-9999.99,-9999.99,-9999.99,-9999.99,-9999.99,-9999.99,-9999.99,-9999.99,-9999.99,-9999.99,-9999.99,-9999.99,-9999.99,-9999.99,-9999.99,-9999.99,-9999.99,-9999.99,-9999.99,-9999.99,-9999.99,-9999.99,-9999.99,-9999.99,-9999.99,-9999.99,-9999.99,-9999.99,-9999.99,-9999.99,-9999.99,-9999.99,-9999.99,-9999.99,-9999.99,-9999.99,-9999.99,-9999.99,-9999.99,-9999.99,-9999.99,-9999.99,-9999.99,-9999.99,-9999.99,-9999.99,-9999.99,-9999.99,-9999.99,-9999.99,29.22,0.099,31.46,0.099,-13.25,0.0,2.24,104501.0
26810,104500.0,698351.1,463979.2,44219.800787037,6612.0,204.9,57.78,38.0,-6.8567e-09,-3.0088e-08,2.4868e-09,4.9181e-09,3.5965e-09,2.8769e-09,2.2617e-09,1.6708e-09,1.1453e-09,8.1228e-10,5.3655e-10,3.6228e-10,2.1518e-10,1.4406e-10,8.9561e-11,5.7105e-11,3.6111e-11,2.019e-11,-9999.99,-9999.99,-9999.99,-9999.99,-9999.99,-9999.99,-9999.99,-9999.99,-9999.99,2.06e-10,9.09e-10,7.88e-11,1.49e-10,1.08e-10,8.66e-11,6.81e-11,5.03e-11,3.45e-11,2.44e-11,1.62e-11,1.09e-11,6.61e-12,4.48e-12,2.9e-12,1.77e-12,1.17e-12,7.59e-13,-9999.99,-9999.99,-9999.99,-9999.99,-9999.99,-9999.99,-9999.99,-9999.99,-9999.99,6.7749e-10,4.6462e-10,3.114e-10,2.0588e-10,1.3506e-10,8.7865e-11,5.6725e-11,3.6404e-11,2.3474e-11,1.5263e-11,1.0228e-11,6.8889e-12,4.7544e-12,3.0526e-12,1.9488e-12,1.2105e-12,7.1345e-13,4.5585e-13,2.3819e-13,1.186e-13,-9999.99,-9999.99,2.03e-11,1.39e-11,9.34e-12,6.18e-12,4.05e-12,2.64e-12,1.7e-12,1.09e-12,7.04e-13,4.59e-13,3.08e-13,2.08e-13,1.43e-13,9.22e-14,5.92e-14,3.79e-14,2.26e-14,1.49e-14,8.5e-15,4.93e-15,-9999.99,-9999.99,57.78,0.051,60.25,0.051,-13.25,0.0,2.47,104501.0
26916,104600.0,696665.7,463750.2,44219.8050231481,6712.0,220.2,49.96,41.0,-1.0667e-08,-2.8187e-08,1.7404e-08,8.8363e-09,3.1345e-09,1.5956e-09,8.8684e-10,5.617e-10,3.7427e-10,2.824e-10,1.9067e-10,1.4442e-10,9.9094e-11,5.655e-11,4.0029e-11,2.5558e-11,1.6401e-11,1.1845e-11,8.7135e-12,6.7076e-12,-9999.99,-9999.99,-9999.99,-9999.99,-9999.99,-9999.99,-9999.99,3.21e-10,8.48e-10,5.22e-10,2.65e-10,9.43e-11,4.83e-11,2.71e-11,1.71e-11,1.18e-11,8.7e-12,6.03e-12,4.49e-12,3.08e-12,1.89e-12,1.43e-12,8.97e-13,5.9e-13,7e-13,5.89e-13,2.62e-13,-9999.99,-9999.99,-9999.99,-9999.99,-9999.99,-9999.99,-9999.99,2.3997e-10,1.7102e-10,1.2173e-10,8.4883e-11,5.8041e-11,4.0351e-11,2.7506e-11,1.9558e-11,1.4193e-11,9.9708e-12,7.2953e-12,5.1959e-12,3.5789e-12,2.3801e-12,1.5213e-12,9.5409e-13,5.6491e-13,3.1491e-13,1.7003e-13,8.9708e-14,5.0234e-14,-9999.99,7.2e-12,5.13e-12,3.65e-12,2.55e-12,1.74e-12,1.21e-12,8.25e-13,5.87e-13,4.26e-13,2.99e-13,2.19e-13,1.56e-13,1.08e-13,7.16e-14,4.58e-14,2.9e-14,1.73e-14,9.92e-15,5.66e-15,4.52e-15,2.86e-15,-9999.99,49.96,0.059,51.895,0.059,-13.25,0.0,1.93,104601.0
27022,104600.0,699308.9,462679.5,44219.8063425926,6812.0,219.4,33.28,43.0,-3.3392e-08,-1.055e-07,2.8418e-08,3.2836e-08,2.0167e-08,1.3892e-08,8.9211e-09,5.1667e-09,2.8167e-09,1.4962e-09,7.6228e-10,3.883e-10,1.9523e-10,1.1009e-10,5.886e-11,3.2076e-11,2.3421e-11,1.3365e-11,1.1602e-11,6.3801e-12,5.4971e-12,2.5117e-12,2.7991e-12,-9999.99,-9999.99,-9999.99,-9999.99,1e-09,3.17e-09,8.53e-10,9.85e-10,6.05e-10,4.17e-10,2.68e-10,1.55e-10,8.45e-11,4.49e-11,2.29e-11,1.18e-11,5.99e-12,3.5e-12,1.88e-12,1.04e-12,7.8e-13,5.6e-13,7e-13,3.64e-13,3.51e-13,1.66e-13,2.64e-13,-9999.99,-9999.99,-9999.99,-9999.99,1.3006e-09,6.4795e-10,3.307e-10,1.7807e-10,1.0126e-10,6.0965e-11,3.7895e-11,2.4266e-11,1.6281e-11,1.1094e-11,7.7778e-12,5.3567e-12,3.7398e-12,2.5249e-12,1.5825e-12,1.0038e-12,6.4444e-13,3.7456e-13,2.2746e-13,1.3404e-13,-9999.99,-9999.99,3.9e-11,1.94e-11,9.92e-12,5.34e-12,3.04e-12,1.83e-12,1.14e-12,7.28e-13,4.88e-13,3.33e-13,2.33e-13,1.61e-13,1.13e-13,7.6e-14,4.78e-14,3.03e-14,1.97e-14,1.16e-14,7.19e-15,4.93e-15,-9999.99,-9999.99,33.285,0.0885,34.72,0.088,-13.25,0.0,1.44,104601.0
27124,104600.0,701736.4,461638.6,44219.8075347222,6912.0,224.3,48.27,33.0,-1.0231e-08,-2.452e-08,1.7319e-08,8.1667e-09,3.1637e-09,1.8898e-09,1.0129e-09,5.3918e-10,3.1111e-10,1.7406e-10,1.0263e-10,7.538e-11,4.9211e-11,-9999.99,-9999.99,-9999.99,-9999.99,-9999.99,-9999.99,-9999.99,-9999.99,-9999.99,-9999.99,-9999.99,-9999.99,-9999.99,-9999.99,3.07e-10,7.36e-10,5.2e-10,2.45e-10,9.55e-11,5.73e-11,3.08e-11,1.67e-11,9.71e-12,5.59e-12,3.28e-12,2.66e-12,1.94e-12,-9999.99,-9999.99,-9999.99,-9999.99,-9999.99,-9999.99,-9999.99,-9999.99,-9999.99,-9999.99,-9999.99,-9999.99,-9999.99,-9999.99,1.6281e-10,9.6491e-11,6.2193e-11,4.1813e-11,2.9018e-11,2.0114e-11,1.4348e-11,9.7895e-12,7.2076e-12,5.4825e-12,4.1696e-12,3.1754e-12,2.2506e-12,1.5801e-12,1.0813e-12,7.1053e-13,4.7456e-13,3.114e-13,2.0257e-13,1.2126e-13,-9999.99,-9999.99,4.88e-12,2.89e-12,1.87e-12,1.25e-12,8.73e-13,6.03e-13,4.3e-13,2.95e-13,2.17e-13,1.66e-13,1.26e-13,9.56e-14,6.77e-14,4.77e-14,3.29e-14,2.17e-14,1.5e-14,9.96e-15,7.03e-15,4.96e-15,-9999.99,-9999.99,48.265,0.061,50.28,0.061,-13.25,0.0,2.02,104601.0
27230,104700.0,701646.0,460850.1,44219.809849537,7012.0,221.0,31.04,38.0,-3.7047e-08,-9.9971e-08,4.3129e-08,3.4152e-08,1.7868e-08,1.1368e-08,6.7515e-09,3.7427e-09,2.0009e-09,1.0822e-09,5.6754e-10,3.1111e-10,1.5146e-10,8.0526e-11,4.8363e-11,3.1287e-11,1.8249e-11,-9999.99,-9999.99,-9999.99,-9999.99,-9999.99,-9999.99,-9999.99,-9999.99,-9999.99,-9999.99,1.11e-09,3e-09,1.29e-09,1.02e-09,5.36e-10,3.41e-10,2.03e-10,1.12e-10,6e-11,3.26e-11,1.71e-11,9.46e-12,4.66e-12,2.58e-12,1.58e-12,1.05e-12,1.13e-12,-9999.99,-9999.99,-9999.99,-9999.99,-9999.99,-9999.99,-9999.99,-9999.99,-9999.99,-9999.99,9.3596e-10,4.7105e-10,2.4573e-10,1.3491e-10,7.7427e-11,4.6754e-11,2.9561e-11,1.9161e-11,1.3181e-11,9.1959e-12,6.2544e-12,4.4532e-12,3.1199e-12,2.1734e-12,1.4368e-12,-9999.99,5.5e-13,2.9708e-13,2.1544e-13,1.169e-13,6.5058e-14,2.5664e-14,2.81e-11,1.41e-11,7.37e-12,4.05e-12,2.32e-12,1.4e-12,8.87e-13,5.75e-13,3.97e-13,2.77e-13,1.88e-13,1.34e-13,9.45e-14,6.56e-14,4.37e-14,-9999.99,1.81e-14,1.38e-14,8.04e-15,7.01e-15,6.9e-15,6.16e-15,31.035,0.094,32.9,0.094,-13.25,0.0,1.87,104701.0
27338,104700.0,699054.9,461923.2,44219.8112847222,7112.0,211.7,55.87,36.0,-8.2398e-09,-3.0673e-08,8.9123e-09,8.5497e-09,5.0117e-09,3.3216e-09,2.0637e-09,1.2178e-09,7.0058e-10,4.3216e-10,2.5275e-10,1.5471e-10,1.002e-10,6.3713e-11,4.152e-11,2.0789e-11,-9999.99,-9999.99,-9999.99,-9999.99,-9999.99,-9999.99,-9999.99,-9999.99,-9999.99,-9999.99,-9999.99,2.48e-10,9.23e-10,2.68e-10,2.56e-10,1.5e-10,1e-10,6.21e-11,3.67e-11,2.12e-11,1.32e-11,7.76e-12,4.78e-12,3.11e-12,2.1e-12,1.5e-12,7.59e-13,-9999.99,-9999.99,-9999.99,-9999.99,-9999.99,-9999.99,-9999.99,-9999.99,-9999.99,-9999.99,-9999.99,3.7544e-10,2.245e-10,1.4126e-10,9.0146e-11,5.8947e-11,3.6871e-11,2.4749e-11,1.8056e-11,1.2477e-11,8.731e-12,6.2895e-12,4.3743e-12,3.1199e-12,2.0424e-12,1.3158e-12,8.5058e-13,5.1053e-13,3.0468e-13,1.7801e-13,1.0263e-13,-9999.99,-9999.99,1.13e-11,6.73e-12,4.24e-12,2.7e-12,1.77e-12,1.11e-12,7.42e-13,5.42e-13,3.74e-13,2.62e-13,1.89e-13,1.31e-13,9.39e-14,6.15e-14,3.99e-14,2.59e-14,1.59e-14,9.63e-15,5.96e-15,5.19e-15,-9999.99,-9999.99,55.87,0.053,58.24,0.053,-13.25,0.0,2.37,104701.0
27440,104700.0,696813.9,462802.6,44219.8124768519,7212.0,226.4,21.54,42.0,-9.1023e-08,-2.1158e-07,1.3939e-07,8.769e-08,3.5234e-08,1.748e-08,8.1491e-09,3.4298e-09,1.5444e-09,7.8246e-10,4.6082e-10,2.8301e-10,1.6942e-10,1.0143e-10,5.8596e-11,4.0205e-11,2.8152e-11,1.8471e-11,1.4906e-11,1.3175e-11,1.0971e-11,1.3471e-11,-9999.99,-9999.99,-9999.99,-9999.99,-9999.99,2.73e-09,6.35e-09,4.18e-09,2.63e-09,1.06e-09,5.24e-10,2.44e-10,1.03e-10,4.65e-11,2.36e-11,1.4e-11,8.66e-12,5.34e-12,3.32e-12,2.04e-12,1.32e-12,1.14e-12,7.31e-13,2.89e-12,2.04e-12,5.23e-12,4.93e-12,-9999.99,-9999.99,-9999.99,-9999.99,-9999.99,7.7895e-10,4.0351e-10,2.4322e-10,1.5506e-10,9.9942e-11,6.6287e-11,4.4854e-11,3.1257e-11,2.2342e-11,1.5655e-11,1.1029e-11,7.5351e-12,5.0117e-12,3.3012e-12,2.2693e-12,1.3585e-12,7.6199e-13,5.383e-13,2.7132e-13,1.4465e-13,-9999.99,-9999.99,2.34e-11,1.21e-11,7.3e-12,4.65e-12,3e-12,1.99e-12,1.35e-12,9.38e-13,6.7e-13,4.71e-13,3.32e-13,2.27e-13,1.52e-13,1.01e-13,7.03e-14,4.36e-14,2.82e-14,2.07e-14,1.32e-14,1.05e-14,-9999.99,-9999.99,21.54,0.133,23.575,0.133,-13.25,0.0,2.04,104701.0
27546,104700.0,694354.6,463870.3,44219.8139467593,7312.0,211.4,47.69,36.0,-9.4386e-09,-2.0126e-08,8.2719e-09,3.5234e-09,2.0269e-09,1.5497e-09,1.2421e-09,9.0673e-10,7.1988e-10,5.1404e-10,3.4854e-10,2.3114e-10,1.5927e-10,9.345e-11,6.3713e-11,4.3333e-11,2.617e-11,-9999.99,-9999.99,-9999.99,-9999.99,-9999.99,-9999.99,-9999.99,-9999.99,-9999.99,-9999.99,2.83e-10,6.06e-10,2.48e-10,1.06e-10,6.14e-11,4.71e-11,3.75e-11,2.75e-11,2.19e-11,1.55e-11,1.06e-11,7.1e-12,4.94e-12,2.92e-12,2.01e-12,1.35e-12,8.43e-13,-9999.99,-9999.99,-9999.99,-9999.99,-9999.99,-9999.99,-9999.99,-9999.99,-9999.99,-9999.99,4.231e-10,3.0029e-10,2.083e-10,1.4064e-10,9.4298e-11,6.3626e-11,4.307e-11,2.9942e-11,2.0991e-11,1.5012e-11,1.0529e-11,7.1959e-12,4.7719e-12,3.0088e-12,1.8728e-12,1.1228e-12,6.2135e-13,3.4532e-13,1.9278e-13,-9999.99,-9999.99,-9999.99,1.27e-11,9.01e-12,6.25e-12,4.22e-12,2.83e-12,1.91e-12,1.29e-12,8.98e-13,6.3e-13,4.5e-13,3.16e-13,2.16e-13,1.43e-13,9.06e-14,5.64e-14,3.39e-14,1.9e-14,1.1e-14,6.36e-15,-9999.99,-9999.99,-9999.99,47.69,0.0615,49.925,0.0615,-13.25,0.0,2.23,104701.0
27650,104800.0,694863.9,462848.9,44219.8158217593,7412.0,213.4,57.23,39.0,-6.7281e-09,-1.767e-08,9.7105e-09,3.614e-09,1.4743e-09,1.0623e-09,6.9181e-10,5.0965e-10,3.9386e-10,2.9942e-10,2.2494e-10,1.4629e-10,1.1246e-10,6.8246e-11,4.2047e-11,2.9357e-11,2.0637e-11,1.3228e-11,9.4357e-12,-9999.99,-9999.99,-9999.99,-9999.99,-9999.99,-9999.99,-9999.99,-9999.99,2.03e-10,5.32e-10,2.91e-10,1.09e-10,4.51e-11,3.32e-11,2.14e-11,1.59e-11,1.21e-11,9.31e-12,6.95e-12,4.55e-12,3.55e-12,2.21e-12,1.49e-12,9.83e-13,8.09e-13,4.81e-13,4.29e-13,-9999.99,-9999.99,-9999.99,-9999.99,-9999.99,-9999.99,-9999.99,-9999.99,2.564e-10,1.8693e-10,1.3456e-10,9.4035e-11,6.4591e-11,4.4854e-11,3.0877e-11,2.1789e-11,1.5591e-11,1.1301e-11,8.1901e-12,5.8363e-12,3.9035e-12,2.6234e-12,1.7143e-12,1.0117e-12,6.3567e-13,3.5906e-13,2.262e-13,1.2532e-13,-9999.99,-9999.99,7.69e-12,5.61e-12,4.04e-12,2.82e-12,1.94e-12,1.35e-12,9.26e-13,6.54e-13,4.68e-13,3.39e-13,2.46e-13,1.75e-13,1.18e-13,7.92e-14,5.19e-14,3.09e-14,1.97e-14,1.25e-14,8.32e-15,4.75e-15,-9999.99,-9999.99,57.235,0.0535,59.245,0.0535,-13.25,0.0,2.01,104801.0
27754,104800.0,697234.0,461784.2,44219.818287037,7512.0,227.1,37.13,39.0,-2.6947e-08,-8.4444e-08,2.7433e-08,2.7792e-08,1.6088e-08,1.0635e-08,6.6053e-09,3.7749e-09,2.031e-09,1.0427e-09,5.5263e-10,3.1696e-10,1.5687e-10,8.8099e-11,5.8655e-11,3.5731e-11,2.8222e-11,-9999.99,-9999.99,-9999.99,-9999.99,-9999.99,-9999.99,-9999.99,-9999.99,-9999.99,-9999.99,8.08e-10,2.53e-09,8.23e-10,8.34e-10,4.83e-10,3.19e-10,1.98e-10,1.13e-10,6.11e-11,3.14e-11,1.67e-11,9.57e-12,4.93e-12,3.05e-12,2.63e-12,1.31e-12,1.11e-12,-9999.99,-9999.99,-9999.99,-9999.99,-9999.99,-9999.99,-9999.99,-9999.99,-9999.99,-9999.99,9.5351e-10,4.8918e-10,2.6433e-10,1.5111e-10,9.0175e-11,5.6374e-11,3.7398e-11,2.3915e-11,1.6421e-11,1.1254e-11,7.9971e-12,5.6491e-12,3.9561e-12,2.7661e-12,1.8474e-12,1.1164e-12,6.9064e-13,4.1082e-13,2.3868e-13,9.5439e-14,8.3655e-14,4.614e-14,2.86e-11,1.47e-11,7.93e-12,4.53e-12,2.71e-12,1.69e-12,1.13e-12,7.17e-13,4.93e-13,3.39e-13,2.42e-13,1.71e-13,1.19e-13,8.44e-14,5.89e-14,3.57e-14,2.52e-14,1.62e-14,1.14e-14,4.81e-15,4.51e-15,2.04e-14,36.605,0.081,37.645,0.081,-13.25,0.0,1.04,104802.0
27864,104800.0,700465.1,460412.0,44219.8199305556,7612.0,214.5,38.16,40.0,-2.2275e-08,-5.2982e-08,3.4942e-08,1.9307e-08,7.8129e-09,4.0614e-09,2.0737e-09,1.0307e-09,5.2485e-10,2.9415e-10,2.043e-10,1.3836e-10,7.2749e-11,4.9006e-11,3.1871e-11,2.1596e-11,1.5909e-11,9.5029e-12,-9999.99,-9999.99,-9999.99,-9999.99,-9999.99,-9999.99,-9999.99,-9999.99,-9999.99,6.68e-10,1.59e-09,1.05e-09,5.79e-10,2.34e-10,1.22e-10,6.24e-11,3.1e-11,1.61e-11,9.09e-12,6.58e-12,4.46e-12,2.4e-12,1.73e-12,1.31e-12,8.88e-13,8.34e-13,5.29e-13,-9999.99,-9999.99,-9999.99,-9999.99,-9999.99,-9999.99,-9999.99,-9999.99,-9999.99,2.8678e-10,1.6611e-10,1.0684e-10,7.076e-11,4.7398e-11,3.3392e-11,2.3635e-11,1.5959e-11,1.1465e-11,8.4591e-12,6.2076e-12,4.3655e-12,3.1345e-12,2.133e-12,1.4298e-12,8.8596e-13,5.2047e-13,3.3246e-13,1.9474e-13,1.0664e-13,7.2164e-14,3.7193e-14,8.6e-12,4.98e-12,3.21e-12,2.12e-12,1.42e-12,1e-12,7.11e-13,4.8e-13,3.45e-13,2.55e-13,1.87e-13,1.31e-13,9.43e-14,6.44e-14,4.32e-14,2.68e-14,1.6e-14,1.06e-14,6.23e-15,5.42e-15,4.78e-15,9.48e-15,37.245,0.08,38.2,0.08,-13.25,0.0,0.95,104802.0
27975,104900.0,702189.1,458884.3,44219.8221643519,7712.0,232.8,29.23,12.0,-4.0497e-08,-7.6959e-08,5.0088e-08,2.7272e-08,1.3146e-08,8.0731e-09,4.6667e-09,2.3702e-09,1.1725e-09,6.1754e-10,3.1374e-10,1.567e-10,-9999.99,-9999.99,-9999.99,-9999.99,-9999.99,-9999.99,-9999.99,-9999.99,-9999.99,-9999.99,-9999.99,-9999.99,-9999.99,-9999.99,-9999.99,1.21e-09,2.31e-09,1.5e-09,8.18e-10,3.94e-10,2.42e-10,1.4e-10,7.13e-11,3.53e-11,1.88e-11,9.57e-12,4.9e-12,-9999.99,-9999.99,-9999.99,-9999.99,-9999.99,-9999.99,-9999.99,-9999.99,-9999.99,-9999.99,-9999.99,-9999.99,-9999.99,-9999.99,-9999.99,-9999.99,-9999.99,-9999.99,-9999.99,-9999.99,-9999.99,-9999.99,-9999.99,-9999.99,-9999.99,-9999.99,-9999.99,-9999.99,-9999.99,-9999.99,-9999.99,-9999.99,-9999.99,-9999.99,-9999.99,-9999.99,-9999.99,-9999.99,-9999.99,-9999.99,-9999.99,-9999.99,-9999.99,-9999.99,-9999.99,-9999.99,-9999.99,-9999.99,-9999.99,-9999.99,-9999.99,-9999.99,-9999.99,-9999.99,-9999.99,-9999.99,-9999.99,-9999.99,-9999.99,29.23,0.1,31.0,0.1,-13.25,0.0,1.77,104901.0
28083,104900.0,699441.6,460074.7,44219.8237037037,7812.0,219.6,30.59,43.0,-4.2105e-08,-1.1734e-07,5.3275e-08,4.3713e-08,2.2117e-08,1.3073e-08,7.3509e-09,3.5994e-09,1.7038e-09,8.1287e-10,4.0351e-10,2.236e-10,1.1795e-10,7.2018e-11,4.4591e-11,2.9474e-11,2.0292e-11,1.3883e-11,8.6257e-12,7.3626e-12,5.2193e-12,-9999.99,-9999.99,-9999.99,-9999.99,-9999.99,-9999.99,1.26e-09,3.52e-09,1.6e-09,1.31e-09,6.64e-10,3.92e-10,2.21e-10,1.08e-10,5.11e-11,2.45e-11,1.22e-11,6.75e-12,3.66e-12,2.28e-12,1.57e-12,9.99e-13,6.88e-13,4.85e-13,4.42e-13,3.92e-13,4.67e-13,-9999.99,-9999.99,-9999.99,-9999.99,-9999.99,-9999.99,7.8216e-10,3.6053e-10,1.8772e-10,1.1023e-10,6.9532e-11,4.4737e-11,2.9795e-11,2.0108e-11,1.402e-11,9.9181e-12,7.1287e-12,5.0731e-12,3.4795e-12,2.3304e-12,1.5506e-12,9.5848e-13,6.2427e-13,3.538e-13,2.0994e-13,1.2111e-13,6.8713e-14,5.1053e-14,2.35e-11,1.08e-11,5.63e-12,3.31e-12,2.09e-12,1.34e-12,8.94e-13,6.03e-13,4.21e-13,2.98e-13,2.14e-13,1.52e-13,1.04e-13,7.01e-14,4.67e-14,2.9e-14,1.9e-14,1.13e-14,6.99e-15,4.23e-15,3.09e-15,3.56e-15,30.59,0.095,32.52,0.095,-13.25,0.0,1.93,104901.0
28189,104900.0,696768.4,461147.7,44219.825162037,7912.0,219.3,53.74,40.0,-8.9357e-09,-2.9854e-08,1.1971e-08,9.3713e-09,4.6637e-09,2.8395e-09,1.6678e-09,9.7164e-10,5.4942e-10,3.2222e-10,1.995e-10,1.3251e-10,9.0439e-11,5.6725e-11,4.5322e-11,2.4693e-11,1.8696e-11,1.1287e-11,1.1117e-11,-9999.99,-9999.99,-9999.99,-9999.99,-9999.99,-9999.99,-9999.99,-9999.99,2.68e-10,8.96e-10,3.59e-10,2.81e-10,1.4e-10,8.58e-11,5.02e-11,2.93e-11,1.67e-11,1e-11,6.24e-12,4.41e-12,2.87e-12,1.89e-12,1.56e-12,8.94e-13,7.27e-13,5.41e-13,5.54e-13,-9999.99,-9999.99,-9999.99,-9999.99,-9999.99,-9999.99,-9999.99,-9999.99,2.962e-10,1.7909e-10,1.1684e-10,7.7661e-11,5.2807e-11,3.6082e-11,2.4778e-11,1.7327e-11,1.233e-11,8.962e-12,6.5439e-12,4.6462e-12,3.2982e-12,2.2184e-12,1.4377e-12,9.2485e-13,5.5789e-13,3.1696e-13,1.7082e-13,9.2515e-14,6.6813e-14,-9999.99,8.89e-12,5.37e-12,3.51e-12,2.33e-12,1.58e-12,1.08e-12,7.43e-13,5.2e-13,3.7e-13,2.69e-13,1.96e-13,1.4e-13,9.89e-14,6.68e-14,4.33e-14,2.81e-14,1.7e-14,1e-14,5.76e-15,3.83e-15,4.06e-15,-9999.99,53.985,0.0545,56.1,0.0545,-13.25,0.0,2.12,104901.0
28295,104900.0,695010.8,461940.9,44219.8266319444,8012.0,222.3,66.86,32.0,-2.1766e-09,-7.3655e-09,3.3801e-09,9.3889e-10,3.3304e-10,3.2719e-10,1.9023e-10,1.5906e-10,1.4061e-10,1.4015e-10,-9999.99,-9999.99,-9999.99,-9999.99,-9999.99,-9999.99,-9999.99,-9999.99,-9999.99,-9999.99,-9999.99,-9999.99,-9999.99,-9999.99,-9999.99,-9999.99,-9999.99,6.92e-11,2.31e-10,1.03e-10,2.95e-11,1.44e-11,1.25e-11,7.48e-12,5.92e-12,4.82e-12,4.64e-12,-9999.99,-9999.99,-9999.99,-9999.99,-9999.99,-9999.99,-9999.99,-9999.99,-9999.99,-9999.99,-9999.99,-9999.99,-9999.99,-9999.99,-9999.99,-9999.99,-9999.99,1.0237e-10,7.9006e-11,6.0439e-11,4.4211e-11,3.2339e-11,2.3646e-11,1.7178e-11,1.2784e-11,9.3099e-12,7.0643e-12,5.3684e-12,4.0058e-12,2.824e-12,2.0026e-12,1.3713e-12,9.1345e-13,5.3567e-13,3.1053e-13,1.5219e-13,7.8304e-14,5.5205e-14,3.1959e-14,3.07e-12,2.37e-12,1.81e-12,1.33e-12,9.7e-13,7.09e-13,5.15e-13,3.84e-13,2.8e-13,2.13e-13,1.62e-13,1.21e-13,8.5e-14,6.11e-14,4.16e-14,2.84e-14,1.7e-14,1.09e-14,1.11e-14,7.52e-15,7.29e-15,6.04e-14,68.57,0.044,70.84,0.044,-13.25,0.0,2.27,104901.0
28398,105000.0,692346.8,462028.2,44219.8290046296,8112.0,220.7,51.68,43.0,-8.0965e-09,-1.8494e-08,7.4942e-09,3.0877e-09,1.7933e-09,1.3635e-09,1.0211e-09,7.7895e-10,6.1784e-10,4.4678e-10,3.2368e-10,2.3038e-10,1.4137e-10,9.1257e-11,5.7632e-11,4.0497e-11,2.4912e-11,1.7535e-11,1.3269e-11,8.617e-12,6.2749e-12,4.6579e-12,-9999.99,-9999.99,-9999.99,-9999.99,-9999.99,2.44e-10,5.59e-10,2.26e-10,9.29e-11,5.45e-11,4.16e-11,3.11e-11,2.36e-11,1.87e-11,1.36e-11,9.94e-12,7.05e-12,4.44e-12,2.83e-12,1.91e-12,1.28e-12,8.12e-13,6.08e-13,5e-13,3.91e-13,3.39e-13,2.92e-13,-9999.99,-9999.99,-9999.99,-9999.99,-9999.99,3.7982e-10,2.7661e-10,1.9547e-10,1.3526e-10,9.2281e-11,6.2339e-11,4.269e-11,2.9415e-11,2.0617e-11,1.4553e-11,1.0152e-11,7.1287e-12,4.7485e-12,3.1287e-12,1.9605e-12,1.2047e-12,6.7368e-13,4.5673e-13,2.7421e-13,2.0173e-13,1.4374e-13,-9999.99,1.14e-11,8.3e-12,5.86e-12,4.06e-12,2.77e-12,1.87e-12,1.28e-12,8.82e-13,6.19e-13,4.37e-13,3.05e-13,2.14e-13,1.43e-13,9.48e-14,5.94e-14,3.72e-14,2.19e-14,1.65e-14,1.19e-14,1.25e-14,7.32e-15,-9999.99,51.68,0.057,53.675,0.057,-13.25,0.0,1.99,105001.0
28508,105000.0,695483.7,460188.2,44219.8306712963,8212.0,230.7,58.09,14.0,-9999.99,-9999.99,-9999.99,-9999.99,-9999.99,-9999.99,-9999.99,-9999.99,-9999.99,-9999.99,-9999.99,-9999.99,-9999.99,-9999.99,-9999.99,-9999.99,-9999.99,-9999.99,-9999.99,-9999.99,-9999.99,-9999.99,-9999.99,-9999.99,-9999.99,-9999.99,-9999.99,-9999.99,-9999.99,-9999.99,-9999.99,-9999.99,-9999.99,-9999.99,-9999.99,-9999.99,-9999.99,-9999.99,-9999.99,-9999.99,-9999.99,-9999.99,-9999.99,-9999.99,-9999.99,-9999.99,-9999.99,-9999.99,-9999.99,-9999.99,-9999.99,-9999.99,-9999.99,-9999.99,1.1091e-10,8.5234e-11,6.5526e-11,4.7573e-11,3.5673e-11,2.6234e-11,1.8731e-11,1.4357e-11,9.9532e-12,7.2661e-12,5.3158e-12,3.9064e-12,2.6743e-12,1.9424e-12,-9999.99,-9999.99,-9999.99,-9999.99,-9999.99,-9999.99,-9999.99,-9999.99,3.33e-12,2.56e-12,1.97e-12,1.43e-12,1.07e-12,7.87e-13,5.62e-13,4.31e-13,2.99e-13,2.19e-13,1.6e-13,1.19e-13,8.08e-14,5.92e-14,-9999.99,-9999.99,-9999.99,-9999.99,-9999.99,-9999.99,-9999.99,-9999.99,58.575,0.0525,60.47,0.0525,-13.25,0.0,1.89,105001.0
28614,105000.0,698675.0,459499.7,44219.8321875,8312.0,224.9,36.77,39.0,-2.517e-08,-8.2135e-08,2.3801e-08,2.6231e-08,1.5594e-08,1.05e-08,6.5497e-09,3.6959e-09,1.988e-09,1.0556e-09,5.4825e-10,2.7412e-10,1.4567e-10,7.7281e-11,4.8392e-11,3.2368e-11,1.5804e-11,-9999.99,-9999.99,-9999.99,-9999.99,-9999.99,-9999.99,-9999.99,-9999.99,-9999.99,-9999.99,7.55e-10,2.46e-09,7.14e-10,7.87e-10,4.68e-10,3.15e-10,1.96e-10,1.11e-10,5.96e-11,3.18e-11,1.66e-11,8.39e-12,4.44e-12,2.47e-12,1.66e-12,1.08e-12,6.05e-13,-9999.99,-9999.99,-9999.99,-9999.99,-9999.99,-9999.99,-9999.99,-9999.99,-9999.99,-9999.99,9.1462e-10,4.5936e-10,2.3965e-10,1.3173e-10,7.6404e-11,4.6374e-11,2.9386e-11,1.9418e-11,1.3287e-11,9.2602e-12,6.6023e-12,4.7661e-12,3.2924e-12,2.2561e-12,1.4927e-12,9.7105e-13,6.0322e-13,3.5205e-13,2.0298e-13,1.3769e-13,7.5965e-14,4.845e-14,2.74e-11,1.38e-11,7.19e-12,3.95e-12,2.29e-12,1.39e-12,8.82e-13,5.83e-13,3.99e-13,2.78e-13,1.98e-13,1.43e-13,9.91e-14,6.79e-14,4.51e-14,2.93e-14,1.84e-14,1.12e-14,6.5e-15,5.36e-15,3.54e-15,6.3e-15,36.765,0.0805,37.755,0.0805,-13.25,0.0,0.99,105001.0
28720,105000.0,701371.5,458301.5,44219.8335648148,8412.0,237.9,55.65,8.0,-5.9357e-09,-1.1278e-08,1.0327e-08,2.6327e-09,7.2047e-10,2.7784e-10,2.1635e-10,1.7599e-10,-9999.99,-9999.99,-9999.99,-9999.99,-9999.99,-9999.99,-9999.99,-9999.99,-9999.99,-9999.99,-9999.99,-9999.99,-9999.99,-9999.99,-9999.99,-9999.99,-9999.99,-9999.99,-9999.99,1.79e-10,3.47e-10,3.11e-10,7.95e-11,2.31e-11,1.21e-11,1e-11,6.81e-12,-9999.99,-9999.99,-9999.99,-9999.99,-9999.99,-9999.99,-9999.99,-9999.99,-9999.99,-9999.99,-9999.99,-9999.99,-9999.99,-9999.99,-9999.99,-9999.99,-9999.99,-9999.99,-9999.99,-9999.99,-9999.99,-9999.99,-9999.99,-9999.99,-9999.99,-9999.99,-9999.99,-9999.99,-9999.99,-9999.99,-9999.99,-9999.99,-9999.99,-9999.99,-9999.99,-9999.99,-9999.99,-9999.99,-9999.99,-9999.99,-9999.99,-9999.99,-9999.99,-9999.99,-9999.99,-9999.99,-9999.99,-9999.99,-9999.99,-9999.99,-9999.99,-9999.99,-9999.99,-9999.99,-9999.99,-9999.99,-9999.99,-9999.99,-9999.99,-9999.99,-9999.99,-9999.99,-9999.99,55.65,0.054,56.5,0.054,-13.25,0.0,0.85,105001.0
28830,105100.0,700267.5,457926.9,44221.6500347222,73.0,219.5,44.73,30.0,-1.3398e-08,-3.1433e-08,2.1558e-08,1.1181e-08,4.2602e-09,2.1942e-09,1.0854e-09,4.7427e-10,2.6044e-10,1.2564e-10,-9999.99,-9999.99,-9999.99,-9999.99,-9999.99,-9999.99,-9999.99,-9999.99,-9999.99,-9999.99,-9999.99,-9999.99,-9999.99,-9999.99,-9999.99,-9999.99,-9999.99,4.02e-10,9.46e-10,6.47e-10,3.35e-10,1.28e-10,6.65e-11,3.31e-11,1.45e-11,8.41e-12,4.23e-12,-9999.99,-9999.99,-9999.99,-9999.99,-9999.99,-9999.99,-9999.99,-9999.99,-9999.99,-9999.99,-9999.99,-9999.99,-9999.99,-9999.99,-9999.99,-9999.99,-9999.99,-9999.99,9.3216e-11,6.5263e-11,4.6111e-11,3.307e-11,2.3193e-11,1.6626e-11,1.2082e-11,8.6637e-12,6.5731e-12,4.8012e-12,3.576e-12,2.5599e-12,1.795e-12,1.2474e-12,8.0292e-13,5.0175e-13,3.1111e-13,2.0161e-13,1.2129e-13,-9999.99,-9999.99,-9999.99,2.8e-12,1.96e-12,1.38e-12,9.92e-13,6.98e-13,5e-13,3.62e-13,2.61e-13,1.98e-13,1.45e-13,1.08e-13,7.71e-14,5.4e-14,3.78e-14,2.48e-14,1.58e-14,9.99e-15,7.54e-15,7.11e-15,-9999.99,-9999.99,44.73,0.0665,45.905,0.0665,-13.25,0.0,1.17,105101.0
28936,105100.0,697681.0,458890.8,44221.6515509259,173.0,233.6,34.89,9.0,-3.424e-08,-1.0061e-07,3.5819e-08,3.3918e-08,1.9629e-08,1.2474e-08,7.4649e-09,4.0994e-09,2.083e-09,-9999.99,-9999.99,-9999.99,-9999.99,-9999.99,-9999.99,-9999.99,-9999.99,-9999.99,-9999.99,-9999.99,-9999.99,-9999.99,-9999.99,-9999.99,-9999.99,-9999.99,-9999.99,1.03e-09,3.02e-09,1.07e-09,1.02e-09,5.89e-10,3.74e-10,2.24e-10,1.23e-10,6.25e-11,-9999.99,-9999.99,-9999.99,-9999.99,-9999.99,-9999.99,-9999.99,-9999.99,-9999.99,-9999.99,-9999.99,-9999.99,-9999.99,-9999.99,-9999.99,-9999.99,-9999.99,-9999.99,-9999.99,-9999.99,-9999.99,-9999.99,-9999.99,-9999.99,-9999.99,-9999.99,-9999.99,-9999.99,-9999.99,-9999.99,-9999.99,-9999.99,-9999.99,-9999.99,-9999.99,-9999.99,-9999.99,-9999.99,-9999.99,-9999.99,-9999.99,-9999.99,-9999.99,-9999.99,-9999.99,-9999.99,-9999.99,-9999.99,-9999.99,-9999.99,-9999.99,-9999.99,-9999.99,-9999.99,-9999.99,-9999.99,-9999.99,-9999.99,-9999.99,-9999.99,-9999.99,-9999.99,33.54,0.088,34.77,0.088,-13.25,0.0,1.23,105101.0
29042,105100.0,694719.8,460249.2,44221.6532986111,273.0,231.9,33.34,41.0,-2.0047e-08,-1.6784e-08,2.4208e-08,3.1842e-09,1.0541e-09,9.0789e-10,7.2251e-10,4.8304e-10,3.5965e-10,2.848e-10,1.9462e-10,1.4857e-10,-9999.99,6.4649e-11,4.1725e-11,3.076e-11,2.1251e-11,1.4225e-11,9.3509e-12,8.4357e-12,-9999.99,-9999.99,-9999.99,-9999.99,-9999.99,-9999.99,-9999.99,6.01e-10,5.09e-10,7.26e-10,9.58e-11,3.33e-11,2.99e-11,2.27e-11,1.51e-11,1.13e-11,9e-12,6.19e-12,4.59e-12,-9999.99,2.07e-12,1.36e-12,1.05e-12,6.89e-13,5.56e-13,4.11e-13,3.58e-13,-9999.99,-9999.99,-9999.99,-9999.99,-9999.99,-9999.99,-9999.99,-9999.99,1.7135e-10,1.2313e-10,8.6228e-11,6.0117e-11,4.1696e-11,2.924e-11,2.0725e-11,1.5187e-11,1.1061e-11,8.0819e-12,5.8041e-12,4.0702e-12,2.7152e-12,1.7187e-12,1.0962e-12,6.617e-13,3.7456e-13,2.1199e-13,1.2149e-13,5.5789e-14,-9999.99,-9999.99,5.14e-12,3.69e-12,2.59e-12,1.8e-12,1.25e-12,8.77e-13,6.22e-13,4.56e-13,3.32e-13,2.42e-13,1.75e-13,1.23e-13,8.17e-14,5.19e-14,3.34e-14,2.02e-14,1.18e-14,7.25e-15,5.43e-15,3.43e-15,-9999.99,32.58,0.09,34.235,0.09,-13.25,0.0,1.66,105101.0
29152,105100.0,691938.9,461394.7,44221.654849537,373.0,221.3,63.22,45.0,-3.9298e-09,-1.2161e-08,3.5906e-09,1.7854e-09,9.2251e-10,8.4474e-10,6.5146e-10,5.1316e-10,3.8099e-10,2.6608e-10,2.1754e-10,1.5734e-10,-9999.99,5.769e-11,4.3275e-11,2.8599e-11,2.2105e-11,1.2851e-11,9.0906e-12,6.1199e-12,6.0263e-12,4.4971e-12,3.5585e-12,-9999.99,-9999.99,-9999.99,-9999.99,1.18e-10,3.68e-10,1.08e-10,5.43e-11,2.89e-11,2.61e-11,2.04e-11,1.63e-11,1.21e-11,8.41e-12,6.74e-12,4.92e-12,-9999.99,1.94e-12,1.43e-12,9.21e-13,7.47e-13,4.68e-13,3.85e-13,2.66e-13,2.92e-13,3.6e-13,2.77e-13,-9999.99,-9999.99,-9999.99,-9999.99,-9999.99,1.7763e-10,1.2927e-10,9.1374e-11,6.348e-11,4.4181e-11,3.0848e-11,2.202e-11,1.5798e-11,1.1404e-11,8.2076e-12,5.7836e-12,3.9591e-12,2.6044e-12,1.6158e-12,1.0137e-12,5.8216e-13,3.2427e-13,1.9289e-13,1.0909e-13,6.1813e-14,2.8158e-14,-9999.99,5.33e-12,3.88e-12,2.74e-12,1.9e-12,1.33e-12,9.25e-13,6.61e-13,4.74e-13,3.42e-13,2.46e-13,1.74e-13,1.19e-13,7.87e-14,4.86e-14,3.07e-14,1.8e-14,1.09e-14,6.92e-15,1.29e-14,6.74e-15,4.51e-15,63.33,0.047,65.035,0.047,-13.25,0.0,1.7,105101.0
29255,105200.0,691455.0,460746.4,44221.6565277778,473.0,222.2,68.67,39.0,-3.3889e-09,-1.2439e-08,3.9883e-09,1.9851e-09,8.5702e-10,7.3947e-10,5.4006e-10,4.2719e-10,3.2632e-10,2.3099e-10,1.8351e-10,1.1933e-10,-9999.99,6.0877e-11,4.4912e-11,2.6251e-11,1.7023e-11,-9999.99,-9999.99,-9999.99,-9999.99,-9999.99,-9999.99,-9999.99,-9999.99,-9999.99,-9999.99,1.03e-10,3.78e-10,1.2e-10,6.01e-11,2.68e-11,2.34e-11,1.77e-11,1.35e-11,1.02e-11,7.37e-12,5.8e-12,4.19e-12,-9999.99,2e-12,1.65e-12,9.03e-13,5.94e-13,-9999.99,-9999.99,-9999.99,-9999.99,-9999.99,-9999.99,-9999.99,-9999.99,-9999.99,-9999.99,-9999.99,1.5471e-10,1.1327e-10,8.038e-11,5.6374e-11,3.9474e-11,2.7722e-11,1.9848e-11,1.4289e-11,1.0374e-11,7.4825e-12,5.3012e-12,3.6316e-12,2.424e-12,1.5608e-12,9.5468e-13,5.6725e-13,3.2456e-13,1.5365e-13,1.1588e-13,5.6404e-14,3.4561e-14,-9999.99,4.64e-12,3.4e-12,2.41e-12,1.69e-12,1.18e-12,8.32e-13,5.95e-13,4.29e-13,3.11e-13,2.24e-13,1.59e-13,1.09e-13,7.3e-14,4.7e-14,2.92e-14,1.76e-14,1.05e-14,5.87e-15,5.42e-15,5e-15,8.64e-15,68.665,0.043,70.135,0.043,-13.25,0.0,1.47,105201.0
29361,105200.0,694117.5,459484.4,44221.6579513889,573.0,241.9,39.37,8.0,-1.4541e-08,-1.907e-08,1.9904e-08,4.5731e-09,1.6488e-09,9.848e-10,6.1111e-10,4.3889e-10,-9999.99,-9999.99,-9999.99,-9999.99,-9999.99,-9999.99,-9999.99,-9999.99,-9999.99,-9999.99,-9999.99,-9999.99,-9999.99,-9999.99,-9999.99,-9999.99,-9999.99,-9999.99,-9999.99,4.36e-10,5.76e-10,5.97e-10,1.38e-10,5.14e-11,3.06e-11,1.9e-11,1.4e-11,-9999.99,-9999.99,-9999.99,-9999.99,-9999.99,-9999.99,-9999.99,-9999.99,-9999.99,-9999.99,-9999.99,-9999.99,-9999.99,-9999.99,-9999.99,-9999.99,-9999.99,-9999.99,-9999.99,-9999.99,-9999.99,-9999.99,-9999.99,-9999.99,-9999.99,-9999.99,-9999.99,-9999.99,-9999.99,-9999.99,-9999.99,-9999.99,-9999.99,-9999.99,-9999.99,-9999.99,-9999.99,-9999.99,-9999.99,-9999.99,-9999.99,-9999.99,-9999.99,-9999.99,-9999.99,-9999.99,-9999.99,-9999.99,-9999.99,-9999.99,-9999.99,-9999.99,-9999.99,-9999.99,-9999.99,-9999.99,-9999.99,-9999.99,-9999.99,-9999.99,-9999.99,-9999.99,-9999.99,39.37,0.075,40.78,0.075,-13.25,0.0,1.41,105201.0
29469,105200.0,696965.8,458445.1,44221.6594907407,673.0,231.3,41.14,38.0,-1.9058e-08,-6.269e-08,1.6681e-08,1.9442e-08,1.1936e-08,8.2193e-09,5.1667e-09,3.0146e-09,1.6313e-09,8.2836e-10,4.3275e-10,2.1728e-10,-9999.99,7.3743e-11,4.6374e-11,2.5076e-11,-9999.99,-9999.99,-9999.99,-9999.99,-9999.99,-9999.99,-9999.99,-9999.99,-9999.99,-9999.99,-9999.99,5.72e-10,1.88e-09,5e-10,5.83e-10,3.58e-10,2.47e-10,1.55e-10,9.04e-11,4.91e-11,2.49e-11,1.31e-11,6.67e-12,-9999.99,2.38e-12,1.59e-12,9.08e-13,-9999.99,-9999.99,-9999.99,-9999.99,-9999.99,-9999.99,-9999.99,-9999.99,-9999.99,-9999.99,-9999.99,-9999.99,3.4561e-10,1.8211e-10,1.0237e-10,6.1023e-11,3.8538e-11,2.5234e-11,1.7304e-11,1.1836e-11,8.4357e-12,6.1842e-12,4.4708e-12,3.193e-12,2.2079e-12,1.4652e-12,9.4269e-13,5.8977e-13,3.462e-13,1.9029e-13,1.155e-13,5.652e-14,3.538e-14,-9999.99,1.04e-11,5.46e-12,3.07e-12,1.83e-12,1.16e-12,7.57e-13,5.19e-13,3.56e-13,2.53e-13,1.86e-13,1.34e-13,9.64e-14,6.65e-14,4.42e-14,2.86e-14,1.82e-14,1.1e-14,6.43e-15,4.8e-15,3.02e-15,3.33e-15,39.01,0.0775,39.495,0.0775,-13.25,0.0,0.48,105201.0
29577,105200.0,700132.1,457110.7,44221.6610416667,773.0,228.5,34.7,29.0,-2.7178e-08,-6.2047e-08,4.462e-08,2.4485e-08,9.3333e-09,4.5263e-09,2.1617e-09,8.1988e-10,3.7135e-10,-9999.99,-9999.99,-9999.99,-9999.99,-9999.99,-9999.99,-9999.99,-9999.99,-9999.99,-9999.99,-9999.99,-9999.99,-9999.99,-9999.99,-9999.99,-9999.99,-9999.99,-9999.99,8.15e-10,1.86e-09,1.34e-09,7.35e-10,2.8e-10,1.36e-10,6.51e-11,2.48e-11,1.13e-11,-9999.99,-9999.99,-9999.99,-9999.99,-9999.99,-9999.99,-9999.99,-9999.99,-9999.99,-9999.99,-9999.99,-9999.99,-9999.99,-9999.99,-9999.99,-9999.99,-9999.99,-9999.99,-9999.99,9.8012e-11,6.5702e-11,4.5643e-11,3.2544e-11,2.2447e-11,1.5871e-11,1.1357e-11,8.4591e-12,6.2749e-12,4.8012e-12,3.5029e-12,2.5924e-12,1.8313e-12,1.2357e-12,7.6813e-13,4.6199e-13,2.9149e-13,1.7211e-13,9.3099e-14,-9999.99,-9999.99,-9999.99,2.95e-12,1.97e-12,1.37e-12,9.76e-13,6.76e-13,4.76e-13,3.42e-13,2.54e-13,1.89e-13,1.45e-13,1.05e-13,7.8e-14,5.53e-14,3.74e-14,2.34e-14,1.44e-14,9.59e-15,6.04e-15,4.14e-15,-9999.99,-9999.99,34.69,0.085,35.74,0.085,-13.25,0.0,1.05,105201.0
29684,105300.0,700250.0,456220.6,44221.6635300926,873.0,237.7,43.19,30.0,-1.7064e-08,-4.7281e-08,2.4225e-08,1.6547e-08,7.9006e-09,4.5673e-09,2.5611e-09,1.2573e-09,5.9298e-10,3.0526e-10,1.4658e-10,-9999.99,-9999.99,-9999.99,-9999.99,-9999.99,-9999.99,-9999.99,-9999.99,-9999.99,-9999.99,-9999.99,-9999.99,-9999.99,-9999.99,-9999.99,-9999.99,5.12e-10,1.42e-09,7.27e-10,4.96e-10,2.37e-10,1.37e-10,7.71e-11,3.78e-11,1.8e-11,9.55e-12,4.72e-12,-9999.99,-9999.99,-9999.99,-9999.99,-9999.99,-9999.99,-9999.99,-9999.99,-9999.99,-9999.99,-9999.99,-9999.99,-9999.99,-9999.99,-9999.99,-9999.99,-9999.99,1.2997e-10,7.1842e-11,4.3713e-11,2.7953e-11,1.8924e-11,1.3091e-11,9.193e-12,6.4357e-12,4.9094e-12,3.9883e-12,2.8439e-12,2.1003e-12,1.5079e-12,1.0304e-12,6.7485e-13,4.8538e-13,3.1667e-13,1.8699e-13,-9999.99,-9999.99,-9999.99,-9999.99,3.9e-12,2.16e-12,1.31e-12,8.41e-13,5.68e-13,3.93e-13,2.77e-13,1.94e-13,1.48e-13,1.2e-13,8.62e-14,6.34e-14,4.58e-14,3.14e-14,2.13e-14,1.57e-14,1.07e-14,7.4e-15,-9999.99,-9999.99,-9999.99,43.185,0.0695,44.605,0.0695,-13.25,0.0,1.42,105301.0
29790,105300.0,697900.6,457181.1,44221.6649189815,973.0,224.6,37.01,40.0,-2.3711e-08,-7.8538e-08,1.6003e-08,2.1377e-08,1.4322e-08,1.0737e-08,7.4795e-09,4.769e-09,2.8208e-09,1.5883e-09,8.5789e-10,4.3099e-10,-9999.99,1.1781e-10,5.886e-11,3.6023e-11,1.9898e-11,1.1886e-11,-9999.99,-9999.99,-9999.99,-9999.99,-9999.99,-9999.99,-9999.99,-9999.99,-9999.99,7.11e-10,2.36e-09,4.8e-10,6.41e-10,4.3e-10,3.22e-10,2.24e-10,1.43e-10,8.46e-11,4.78e-11,2.58e-11,1.3e-11,-9999.99,3.65e-12,1.89e-12,1.17e-12,7.02e-13,4.9e-13,-9999.99,-9999.99,-9999.99,-9999.99,-9999.99,-9999.99,-9999.99,-9999.99,-9999.99,-9999.99,6.5848e-10,3.4415e-10,1.8009e-10,9.7982e-11,5.6404e-11,3.4123e-11,2.1728e-11,1.4667e-11,1.0304e-11,7.4444e-12,5.4006e-12,3.8596e-12,2.7599e-12,1.7933e-12,1.2009e-12,7.0877e-13,4.3947e-13,2.3272e-13,1.3339e-13,7.0819e-14,5.0058e-14,-9999.99,1.98e-11,1.03e-11,5.4e-12,2.94e-12,1.69e-12,1.02e-12,6.52e-13,4.4e-13,3.1e-13,2.23e-13,1.63e-13,1.16e-13,8.31e-14,5.42e-14,3.65e-14,2.18e-14,1.39e-14,7.73e-15,5.75e-15,5.57e-15,5.41e-14,37.01,0.0795,38.38,0.08,-13.25,0.0,1.37,105301.0
29896,105300.0,695374.5,458179.9,44221.666400463,1073.0,235.6,37.04,31.0,-2.2942e-08,-5.2164e-08,3.4883e-08,1.8886e-08,7.1813e-09,3.7222e-09,1.8921e-09,9.5058e-10,4.883e-10,-9999.99,-9999.99,-9999.99,-9999.99,-9999.99,-9999.99,-9999.99,-9999.99,-9999.99,-9999.99,-9999.99,-9999.99,-9999.99,-9999.99,-9999.99,-9999.99,-9999.99,-9999.99,6.88e-10,1.57e-09,1.05e-09,5.67e-10,2.15e-10,1.12e-10,5.7e-11,2.87e-11,1.51e-11,-9999.99,-9999.99,-9999.99,-9999.99,-9999.99,-9999.99,-9999.99,-9999.99,-9999.99,-9999.99,-9999.99,-9999.99,-9999.99,-9999.99,-9999.99,-9999.99,-9999.99,-9999.99,-9999.99,1.7404e-10,1.2175e-10,8.3889e-11,5.7427e-11,4.0936e-11,2.9415e-11,2.1553e-11,1.5921e-11,1.1617e-11,8.2661e-12,6.0263e-12,4.2427e-12,2.9114e-12,1.9442e-12,1.2137e-12,7.345e-13,4.3567e-13,2.9129e-13,1.2883e-13,1.0351e-13,7.5409e-14,-9999.99,5.22e-12,3.65e-12,2.52e-12,1.72e-12,1.23e-12,8.82e-13,6.47e-13,4.78e-13,3.49e-13,2.48e-13,1.81e-13,1.28e-13,8.76e-14,5.87e-14,3.74e-14,2.3e-14,1.49e-14,1.11e-14,6.07e-15,5.64e-15,5.47e-15,37.04,0.0795,38.835,0.0795,-13.25,0.0,1.79,105301.0
29998,105300.0,693380.7,458991.8,44221.6677199074,1173.0,253.0,41.35,38.0,-1.7289e-08,-4.5205e-08,2.6798e-08,1.6269e-08,6.5175e-09,3.2836e-09,1.657e-09,7.962e-10,4.3801e-10,2.5263e-10,1.7632e-10,1.1181e-10,-9999.99,5.2368e-11,3.3304e-11,2.3623e-11,1.8854e-11,9.4912e-12,-9999.99,-9999.99,-9999.99,-9999.99,-9999.99,-9999.99,-9999.99,-9999.99,-9999.99,5.2e-10,1.36e-09,8.04e-10,4.88e-10,1.96e-10,9.88e-11,5e-11,2.41e-11,1.34e-11,8.01e-12,5.52e-12,3.56e-12,-9999.99,1.74e-12,1.21e-12,8.17e-13,6.94e-13,6.6e-13,-9999.99,-9999.99,-9999.99,-9999.99,-9999.99,-9999.99,-9999.99,-9999.99,-9999.99,-9999.99,1.5784e-10,1.0977e-10,7.6637e-11,5.3158e-11,3.6345e-11,2.5368e-11,1.7763e-11,1.2792e-11,9.3012e-12,6.8246e-12,4.9298e-12,3.5292e-12,2.3444e-12,1.5547e-12,9.7368e-13,5.5058e-13,3.1608e-13,1.6327e-13,1.0339e-13,-9999.99,-9999.99,-9999.99,4.74e-12,3.29e-12,2.3e-12,1.59e-12,1.09e-12,7.61e-13,5.33e-13,3.84e-13,2.79e-13,2.05e-13,1.48e-13,1.06e-13,7.06e-14,4.71e-14,2.99e-14,1.73e-14,1.07e-14,6.58e-15,6.93e-15,-9999.99,-9999.99,41.355,0.0705,43.755,0.07,-13.25,0.0,2.4,105301.0
30102,105300.0,690648.0,460193.0,44221.669525463,1273.0,224.6,38.62,43.0,-1.1246e-08,-2.7532e-08,6.0585e-09,5.1608e-09,3.231e-09,2.6693e-09,1.9775e-09,1.4418e-09,1.0275e-09,7.0936e-10,4.8977e-10,3.2924e-10,-9999.99,1.3304e-10,9.7602e-11,5.4415e-11,3.6374e-11,2.5257e-11,1.6865e-11,1.0143e-11,7.5906e-12,5.1433e-12,3.7807e-12,-9999.99,-9999.99,-9999.99,-9999.99,3.37e-10,8.29e-10,1.82e-10,1.55e-10,9.76e-11,8.03e-11,5.95e-11,4.34e-11,3.1e-11,2.14e-11,1.48e-11,9.94e-12,-9999.99,4.1e-12,2.98e-12,1.69e-12,1.14e-12,7.93e-13,5.48e-13,4.15e-13,2.91e-13,3.12e-13,2.44e-13,-9999.99,-9999.99,-9999.99,-9999.99,-9999.99,4.1608e-10,2.8547e-10,1.9143e-10,1.2696e-10,8.5029e-11,5.7749e-11,3.9795e-11,2.7865e-11,1.9623e-11,1.3629e-11,9.307e-12,6.2281e-12,4.0702e-12,2.545e-12,1.5444e-12,8.9591e-13,5.0322e-13,2.6623e-13,1.4632e-13,-9999.99,-9999.99,-9999.99,1.25e-11,8.56e-12,5.74e-12,3.81e-12,2.55e-12,1.73e-12,1.19e-12,8.36e-13,5.89e-13,4.09e-13,2.79e-13,1.87e-13,1.22e-13,7.66e-14,4.65e-14,2.71e-14,1.54e-14,8.57e-15,5.43e-15,-9999.99,-9999.99,38.615,0.076,40.28,0.076,-13.25,0.0,1.66,105301.0
30206,105400.0,690822.5,459249.7,44221.6712384259,1373.0,224.9,72.18,42.0,-2.9132e-09,-1.1117e-08,3.2018e-09,1.5842e-09,8.0526e-10,6.2485e-10,4.7778e-10,4.2573e-10,2.9649e-10,2.5029e-10,1.6371e-10,1.2906e-10,-9999.99,6.1462e-11,4.1725e-11,2.4193e-11,1.8535e-11,1.4912e-11,1.0509e-11,6.155e-12,-9999.99,-9999.99,-9999.99,-9999.99,-9999.99,-9999.99,-9999.99,9.03e-11,3.39e-10,9.73e-11,4.86e-11,2.58e-11,2.07e-11,1.61e-11,1.31e-11,9.61e-12,7.91e-12,5.12e-12,4.08e-12,-9999.99,2.01e-12,1.36e-12,8.49e-13,6.6e-13,5.34e-13,8.91e-13,2.74e-13,-9999.99,-9999.99,-9999.99,-9999.99,-9999.99,-9999.99,-9999.99,-9999.99,1.4623e-10,1.0787e-10,7.7135e-11,5.4357e-11,3.845e-11,2.705e-11,1.9266e-11,1.4129e-11,1.0149e-11,7.5029e-12,5.3684e-12,3.7368e-12,2.5026e-12,1.6389e-12,1.033e-12,6.1842e-13,3.4152e-13,1.9833e-13,1.1596e-13,6.4152e-14,4.5702e-14,-9999.99,4.39e-12,3.24e-12,2.31e-12,1.63e-12,1.15e-12,8.12e-13,5.78e-13,4.24e-13,3.04e-13,2.25e-13,1.61e-13,1.12e-13,7.53e-14,4.95e-14,3.15e-14,1.89e-14,1.08e-14,7.02e-15,4.44e-15,3.23e-15,5.12e-15,72.18,0.041,73.92,0.041,-13.25,0.0,1.74,105401.0
30312,105400.0,694033.2,457896.8,44221.6729282407,1473.0,243.7,38.42,20.0,-2.5547e-08,-5.2778e-08,4.0673e-08,1.8725e-08,6.7602e-09,3.3158e-09,1.6836e-09,8.7105e-10,4.9825e-10,-9999.99,-9999.99,-9999.99,-9999.99,-9999.99,-9999.99,-9999.99,-9999.99,-9999.99,-9999.99,-9999.99,-9999.99,-9999.99,-9999.99,-9999.99,-9999.99,-9999.99,-9999.99,7.66e-10,1.58e-09,1.22e-09,5.62e-10,2.03e-10,9.98e-11,5.12e-11,2.67e-11,1.59e-11,-9999.99,-9999.99,-9999.99,-9999.99,-9999.99,-9999.99,-9999.99,-9999.99,-9999.99,-9999.99,-9999.99,-9999.99,-9999.99,-9999.99,-9999.99,-9999.99,-9999.99,-9999.99,-9999.99,1.9257e-10,1.3254e-10,8.9503e-11,5.9386e-11,4.2719e-11,2.9737e-11,2.0152e-11,1.5222e-11,1.0184e-11,7.4708e-12,-9999.99,-9999.99,-9999.99,-9999.99,-9999.99,-9999.99,-9999.99,-9999.99,-9999.99,-9999.99,-9999.99,-9999.99,5.78e-12,3.98e-12,2.69e-12,1.78e-12,1.28e-12,8.92e-13,6.05e-13,4.57e-13,3.06e-13,2.25e-13,-9999.99,-9999.99,-9999.99,-9999.99,-9999.99,-9999.99,-9999.99,-9999.99,-9999.99,-9999.99,-9999.99,38.425,0.0775,39.105,0.0775,-13.25,0.0,0.68,105401.0
30420,105400.0,697136.6,456567.4,44221.6744907407,1573.0,232.7,25.05,14.0,-6.7485e-08,-1.9857e-07,5.8655e-08,6.1901e-08,3.6462e-08,2.4705e-08,1.5705e-08,9.0585e-09,-9999.99,-9999.99,-9999.99,-9999.99,-9999.99,-9999.99,-9999.99,-9999.99,-9999.99,-9999.99,-9999.99,-9999.99,-9999.99,-9999.99,-9999.99,-9999.99,-9999.99,-9999.99,-9999.99,2.02e-09,5.96e-09,1.76e-09,1.86e-09,1.09e-09,7.41e-10,4.71e-10,2.72e-10,-9999.99,-9999.99,-9999.99,-9999.99,-9999.99,-9999.99,-9999.99,-9999.99,-9999.99,-9999.99,-9999.99,-9999.99,-9999.99,-9999.99,-9999.99,-9999.99,-9999.99,-9999.99,-9999.99,-9999.99,1.1778e-09,6.6199e-10,3.5468e-10,2.1459e-10,1.3792e-10,-9999.99,-9999.99,-9999.99,-9999.99,-9999.99,-9999.99,-9999.99,-9999.99,-9999.99,-9999.99,-9999.99,-9999.99,-9999.99,-9999.99,-9999.99,-9999.99,-9999.99,3.53e-11,1.99e-11,1.06e-11,6.44e-12,4.14e-12,-9999.99,-9999.99,-9999.99,-9999.99,-9999.99,-9999.99,-9999.99,-9999.99,-9999.99,-9999.99,-9999.99,-9999.99,-9999.99,-9999.99,-9999.99,-9999.99,25.045,0.117,26.505,0.117,-13.25,0.0,1.46,105401.0
30524,105400.0,699645.8,455488.6,44221.675787037,1673.0,239.4,31.28,36.0,-3.7456e-08,-9.0029e-08,5.2105e-08,3.4123e-08,1.5322e-08,8.8421e-09,4.8246e-09,2.3453e-09,1.0836e-09,5.3626e-10,2.5304e-10,1.3942e-10,-9999.99,4.4035e-11,2.614e-11,1.7556e-11,-9999.99,-9999.99,-9999.99,-9999.99,-9999.99,-9999.99,-9999.99,-9999.99,-9999.99,-9999.99,-9999.99,1.12e-09,2.7e-09,1.56e-09,1.02e-09,4.6e-10,2.65e-10,1.45e-10,7.04e-11,3.27e-11,1.63e-11,7.79e-12,4.53e-12,-9999.99,1.58e-12,1.07e-12,7.11e-13,-9999.99,-9999.99,-9999.99,-9999.99,-9999.99,-9999.99,-9999.99,-9999.99,-9999.99,-9999.99,-9999.99,-9999.99,2.0921e-10,1.0743e-10,6.2661e-11,3.9357e-11,2.5997e-11,1.7746e-11,1.2304e-11,8.7807e-12,6.3596e-12,4.8158e-12,3.538e-12,2.6199e-12,1.8652e-12,1.2754e-12,8.231e-13,5.2836e-13,3.0965e-13,2.1032e-13,1.2275e-13,-9999.99,-9999.99,-9999.99,6.28e-12,3.22e-12,1.88e-12,1.18e-12,7.8e-13,5.32e-13,3.7e-13,2.63e-13,1.91e-13,1.45e-13,1.06e-13,7.89e-14,5.63e-14,4.63e-14,8.48e-14,3.33e-13,1.09e-14,6.84e-15,4.96e-15,-9999.99,-9999.99,31.28,0.0955,31.615,0.0955,-13.25,0.0,0.34,105401.0
30628,105500.0,700600.4,454380.3,44221.6780208333,1773.0,242.2,33.27,18.0,-3.1784e-08,-8.9386e-08,4.1754e-08,3.3567e-08,1.6708e-08,9.9708e-09,5.538e-09,2.7058e-09,1.2617e-09,5.7719e-10,2.5488e-10,1.1029e-10,-9999.99,-9999.99,-9999.99,-9999.99,-9999.99,-9999.99,-9999.99,-9999.99,-9999.99,-9999.99,-9999.99,-9999.99,-9999.99,-9999.99,-9999.99,9.63e-10,2.72e-09,1.26e-09,1.01e-09,5.01e-10,2.99e-10,1.66e-10,8.12e-11,3.8e-11,1.75e-11,7.9e-12,3.92e-12,-9999.99,-9999.99,-9999.99,-9999.99,-9999.99,-9999.99,-9999.99,-9999.99,-9999.99,-9999.99,-9999.99,-9999.99,-9999.99,-9999.99,-9999.99,-9999.99,2.0956e-10,9.6053e-11,4.9678e-11,2.9415e-11,1.907e-11,-9999.99,-9999.99,-9999.99,-9999.99,-9999.99,-9999.99,-9999.99,-9999.99,-9999.99,-9999.99,-9999.99,-9999.99,-9999.99,-9999.99,-9999.99,-9999.99,-9999.99,6.29e-12,2.88e-12,1.5e-12,8.85e-13,5.76e-13,-9999.99,-9999.99,-9999.99,-9999.99,-9999.99,-9999.99,-9999.99,-9999.99,-9999.99,-9999.99,-9999.99,-9999.99,-9999.99,-9999.99,-9999.99,-9999.99,33.265,0.0885,34.535,0.0885,-13.25,0.0,1.27,105501.0
30732,105500.0,698018.7,455397.6,44221.6794791667,1873.0,236.8,31.27,42.0,-3.9561e-08,-1.2401e-07,3.2076e-08,3.8275e-08,2.3848e-08,1.6865e-08,1.1009e-08,6.6082e-09,3.6754e-09,1.9956e-09,1.0392e-09,5.1959e-10,-9999.99,1.2436e-10,6.2135e-11,3.5994e-11,2.095e-11,1.4135e-11,9.6082e-12,5.693e-12,-9999.99,-9999.99,-9999.99,-9999.99,-9999.99,-9999.99,-9999.99,1.19e-09,3.72e-09,9.62e-10,1.15e-09,7.15e-10,5.06e-10,3.3e-10,1.98e-10,1.1e-10,5.99e-11,3.13e-11,1.56e-11,-9999.99,3.84e-12,1.96e-12,1.14e-12,7.27e-13,5.81e-13,4.03e-13,4.08e-13,-9999.99,-9999.99,-9999.99,-9999.99,-9999.99,-9999.99,-9999.99,-9999.99,7.9357e-10,3.9766e-10,2.0129e-10,1.0608e-10,5.924e-11,3.5556e-11,2.1985e-11,1.405e-11,9.5029e-12,6.614e-12,4.7047e-12,3.3977e-12,2.2661e-12,1.5181e-12,9.693e-13,6.2544e-13,3.5439e-13,1.9795e-13,1.2424e-13,8.5673e-14,5.7368e-14,-9999.99,2.38e-11,1.19e-11,6.04e-12,3.18e-12,1.78e-12,1.07e-12,6.6e-13,4.22e-13,2.85e-13,1.98e-13,1.42e-13,1.02e-13,6.82e-14,4.58e-14,2.94e-14,1.94e-14,1.15e-14,6.83e-15,5.73e-15,4.89e-15,9.64e-15,31.265,0.0935,33.065,0.0935,-13.25,0.0,1.8,105501.0
30838,105500.0,695621.1,456395.8,44221.6808101852,1973.0,241.1,34.03,12.0,-3.3041e-08,-8.6579e-08,4.2749e-08,2.9228e-08,1.2822e-08,7.9532e-09,4.8246e-09,1.8675e-09,1.2389e-09,6.8743e-10,4.9649e-10,2.2959e-10,-9999.99,-9999.99,-9999.99,-9999.99,-9999.99,-9999.99,-9999.99,-9999.99,-9999.99,-9999.99,-9999.99,-9999.99,-9999.99,-9999.99,-9999.99,9.91e-10,2.6e-09,1.28e-09,8.77e-10,3.85e-10,2.39e-10,1.45e-10,5.62e-11,3.73e-11,2.08e-11,1.5e-11,7e-12,-9999.99,-9999.99,-9999.99,-9999.99,-9999.99,-9999.99,-9999.99,-9999.99,-9999.99,-9999.99,-9999.99,-9999.99,-9999.99,-9999.99,-9999.99,-9999.99,-9999.99,-9999.99,-9999.99,-9999.99,-9999.99,-9999.99,-9999.99,-9999.99,-9999.99,-9999.99,-9999.99,-9999.99,-9999.99,-9999.99,-9999.99,-9999.99,-9999.99,-9999.99,-9999.99,-9999.99,-9999.99,-9999.99,-9999.99,-9999.99,-9999.99,-9999.99,-9999.99,-9999.99,-9999.99,-9999.99,-9999.99,-9999.99,-9999.99,-9999.99,-9999.99,-9999.99,-9999.99,-9999.99,-9999.99,-9999.99,-9999.99,-9999.99,-9999.99,34.03,0.087,35.24,0.087,-13.25,0.0,1.21,105501.0
30944,105500.0,692983.6,457465.9,44221.6822800926,2073.0,251.1,29.93,41.0,-3.7544e-08,-8.6696e-08,5.3333e-08,3.4474e-08,1.5032e-08,7.9298e-09,3.9766e-09,1.8465e-09,8.8216e-10,4.8684e-10,3.2047e-10,1.8842e-10,-9999.99,7.6784e-11,4.5994e-11,2.9444e-11,2.3605e-11,1.4061e-11,1.3681e-11,9.3363e-12,6.4883e-12,-9999.99,-9999.99,-9999.99,-9999.99,-9999.99,-9999.99,1.13e-09,2.6e-09,1.6e-09,1.03e-09,4.51e-10,2.38e-10,1.19e-10,5.56e-11,2.66e-11,1.48e-11,9.84e-12,5.78e-12,-9999.99,2.43e-12,1.57e-12,9.95e-13,8.03e-13,5.3e-13,7.54e-13,3.01e-12,1.38e-12,-9999.99,-9999.99,-9999.99,-9999.99,-9999.99,-9999.99,-9999.99,2.5503e-10,1.6447e-10,1.0868e-10,7.1462e-11,4.7807e-11,3.2427e-11,2.2816e-11,1.6219e-11,1.1635e-11,8.4357e-12,5.8947e-12,4.038e-12,2.6719e-12,1.693e-12,1.1061e-12,6.6491e-13,3.5234e-13,2.1857e-13,1.4246e-13,-9999.99,-9999.99,-9999.99,7.65e-12,4.93e-12,3.26e-12,2.14e-12,1.43e-12,9.73e-13,6.84e-13,4.87e-13,3.49e-13,2.54e-13,1.77e-13,1.22e-13,8.04e-14,5.13e-14,3.4e-14,2.07e-14,1.21e-14,8.74e-15,6.18e-15,-9999.99,-9999.99,29.925,0.097,31.89,0.097,-13.25,0.0,1.97,105501.0
31050,105500.0,690660.3,458408.9,44221.6836574074,2173.0,225.6,40.63,42.0,-1.3082e-08,-2.5798e-08,1.0108e-08,4.7924e-09,2.8889e-09,2.2038e-09,1.6339e-09,1.269e-09,9.0965e-10,6.4211e-10,4.424e-10,3.0936e-10,-9999.99,1.186e-10,8.3333e-11,5.1433e-11,3.2193e-11,2.3278e-11,1.4178e-11,1.0781e-11,7.4123e-12,4.7807e-12,-9999.99,-9999.99,-9999.99,-9999.99,-9999.99,3.92e-10,7.77e-10,3.03e-10,1.44e-10,8.7e-11,6.63e-11,4.92e-11,3.82e-11,2.75e-11,1.94e-11,1.34e-11,9.37e-12,-9999.99,3.78e-12,2.63e-12,1.59e-12,1.02e-12,7.54e-13,4.66e-13,3.84e-13,3.17e-13,2.27e-13,-9999.99,-9999.99,-9999.99,-9999.99,-9999.99,-9999.99,3.7544e-10,2.6199e-10,1.7901e-10,1.2012e-10,8.1404e-11,5.4942e-11,3.7865e-11,2.6219e-11,1.8652e-11,1.3137e-11,9.0585e-12,6.0673e-12,3.9737e-12,2.488e-12,1.5064e-12,8.9357e-13,5.2456e-13,2.7009e-13,1.5158e-13,-9999.99,-9999.99,-9999.99,1.13e-11,7.86e-12,5.37e-12,3.6e-12,2.44e-12,1.65e-12,1.14e-12,7.87e-13,5.6e-13,3.94e-13,2.72e-13,1.82e-13,1.2e-13,7.49e-14,4.55e-14,2.72e-14,1.63e-14,8.7e-15,5.44e-15,-9999.99,-9999.99,40.635,0.0725,42.745,0.072,-13.25,0.0,2.11,105501.0
31154,105600.0,688697.5,458433.1,44221.6858564815,2273.0,205.1,75.76,37.0,-2.6035e-09,-1.4646e-08,1.5398e-09,2.1623e-09,1.4099e-09,1.1278e-09,9.1404e-10,6.9094e-10,5.0263e-10,3.6988e-10,2.4249e-10,1.6921e-10,-9999.99,7.1491e-11,4.2427e-11,3.8421e-11,2.6719e-11,-9999.99,-9999.99,-9999.99,-9999.99,-9999.99,-9999.99,-9999.99,-9999.99,-9999.99,-9999.99,8.2e-11,4.45e-10,4.77e-11,6.53e-11,4.3e-11,3.5e-11,2.8e-11,2.11e-11,1.53e-11,1.15e-11,7.61e-12,5.43e-12,-9999.99,2.57e-12,1.95e-12,1.39e-12,1.07e-12,-9999.99,-9999.99,-9999.99,-9999.99,-9999.99,-9999.99,-9999.99,-9999.99,-9999.99,-9999.99,-9999.99,2.1605e-10,1.5251e-10,1.0737e-10,7.4854e-11,5.3129e-11,3.8538e-11,2.8281e-11,2.098e-11,1.5187e-11,1.107e-11,7.6696e-12,5.307e-12,3.6784e-12,2.2383e-12,1.5377e-12,9.8509e-13,6.3684e-13,4.269e-13,2.5561e-13,-9999.99,-9999.99,-9999.99,6.48e-12,4.58e-12,3.22e-12,2.25e-12,1.59e-12,1.16e-12,8.51e-13,6.31e-13,4.57e-13,3.33e-13,2.32e-13,1.61e-13,1.12e-13,7.03e-14,4.81e-14,3.14e-14,2.18e-14,1.41e-14,9.23e-15,-9999.99,-9999.99,75.76,0.04,73.91,0.04,-13.25,0.0,-1.85,105601.0
31258,105600.0,690897.2,457456.9,44221.6872800926,2373.0,239.5,44.36,36.0,-1.0143e-08,-1.8424e-08,1.3196e-08,3.7135e-09,1.4965e-09,1.1792e-09,7.6784e-10,6.2076e-10,4.2953e-10,3.4678e-10,2.4728e-10,1.6532e-10,-9999.99,6.7661e-11,4.5731e-11,2.7602e-11,2.1573e-11,-9999.99,-9999.99,-9999.99,-9999.99,-9999.99,-9999.99,-9999.99,-9999.99,-9999.99,-9999.99,3.04e-10,5.55e-10,3.96e-10,1.12e-10,4.56e-11,3.66e-11,2.4e-11,1.94e-11,1.34e-11,1.06e-11,7.57e-12,5.21e-12,-9999.99,2.25e-12,1.59e-12,9.5e-13,7.66e-13,-9999.99,-9999.99,-9999.99,-9999.99,-9999.99,-9999.99,-9999.99,-9999.99,-9999.99,-9999.99,-9999.99,1.9857e-10,1.4292e-10,1e-10,6.9854e-11,4.8626e-11,3.383e-11,2.4135e-11,1.7342e-11,1.2567e-11,9.1257e-12,6.4737e-12,4.4766e-12,3.0263e-12,1.9132e-12,1.2023e-12,7.693e-13,4.117e-13,2.269e-13,-9999.99,-9999.99,-9999.99,-9999.99,5.96e-12,4.29e-12,3e-12,2.1e-12,1.46e-12,1.01e-12,7.24e-13,5.2e-13,3.77e-13,2.74e-13,1.94e-13,1.35e-13,9.14e-14,5.78e-14,3.73e-14,2.39e-14,1.33e-14,8.4e-15,-9999.99,-9999.99,-9999.99,44.36,0.067,45.375,0.067,-13.25,0.0,1.02,105601.0
31364,105600.0,693633.2,456340.5,44221.6887731481,2473.0,249.9,53.01,35.0,-7.8041e-09,-2.7687e-08,9.3626e-09,8.848e-09,4.9883e-09,3.0819e-09,1.9047e-09,1.0927e-09,6.0936e-10,3.2135e-10,2.0731e-10,1.1997e-10,-9999.99,-9999.99,-9999.99,-9999.99,-9999.99,-9999.99,-9999.99,-9999.99,-9999.99,-9999.99,-9999.99,-9999.99,-9999.99,-9999.99,-9999.99,2.34e-10,8.31e-10,2.81e-10,2.65e-10,1.5e-10,9.31e-11,5.73e-11,3.29e-11,1.86e-11,1.01e-11,6.36e-12,3.72e-12,-9999.99,-9999.99,-9999.99,-9999.99,-9999.99,-9999.99,-9999.99,-9999.99,-9999.99,-9999.99,-9999.99,-9999.99,-9999.99,-9999.99,-9999.99,-9999.99,1.5582e-10,9.5702e-11,6.2398e-11,4.076e-11,2.7933e-11,1.9123e-11,1.3383e-11,9.3187e-12,6.8304e-12,5.0322e-12,3.8158e-12,2.7374e-12,1.9178e-12,1.2909e-12,8.2865e-13,5.2865e-13,3.1901e-13,1.8474e-13,1.0354e-13,6.0205e-14,4.2661e-14,-9999.99,4.67e-12,2.87e-12,1.87e-12,1.23e-12,8.38e-13,5.74e-13,4.01e-13,2.8e-13,2.06e-13,1.51e-13,1.15e-13,8.24e-14,5.77e-14,3.9e-14,2.52e-14,1.63e-14,1.08e-14,6.61e-15,4.62e-15,4.4e-15,1.69e-14,53.005,0.056,54.715,0.056,-13.25,0.0,1.71,105601.0
31470,105600.0,696193.3,455405.1,44221.6901273148,2573.0,243.7,60.77,35.0,-6.652e-09,-2.843e-08,3.5906e-09,6.231e-09,4.3626e-09,3.4912e-09,2.4661e-09,1.7041e-09,1.0985e-09,6.5146e-10,3.6404e-10,2.0982e-10,-9999.99,5.4737e-11,-9999.99,-9999.99,-9999.99,-9999.99,-9999.99,-9999.99,-9999.99,-9999.99,-9999.99,-9999.99,-9999.99,-9999.99,-9999.99,2.01e-10,8.53e-10,1.08e-10,1.87e-10,1.31e-10,1.05e-10,7.42e-11,5.13e-11,3.31e-11,1.97e-11,1.11e-11,6.42e-12,-9999.99,1.81e-12,-9999.99,-9999.99,-9999.99,-9999.99,-9999.99,-9999.99,-9999.99,-9999.99,-9999.99,-9999.99,-9999.99,-9999.99,-9999.99,-9999.99,2.9041e-10,1.6354e-10,9.0526e-11,5.1111e-11,3.0029e-11,1.8471e-11,1.2333e-11,7.9678e-12,5.5936e-12,4.1287e-12,3.1754e-12,2.2915e-12,1.6471e-12,1.1161e-12,7.3889e-13,4.8567e-13,2.9854e-13,1.898e-13,1.0962e-13,7.3246e-14,-9999.99,-9999.99,8.71e-12,4.91e-12,2.72e-12,1.53e-12,9.01e-13,5.56e-13,3.7e-13,2.4e-13,1.68e-13,1.24e-13,9.59e-14,6.92e-14,4.99e-14,3.38e-14,2.25e-14,1.52e-14,9.7e-15,7.1e-15,7.32e-15,2.56e-14,-9999.99,60.775,0.049,62.275,0.049,-13.25,0.0,1.5,105601.0
31574,105600.0,698495.1,454293.8,44221.6914583333,2673.0,238.6,56.58,39.0,-6.7573e-09,-2.5193e-08,7.8713e-09,7.4415e-09,4.3392e-09,2.9795e-09,1.8801e-09,1.0655e-09,5.9825e-10,3.2632e-10,1.6927e-10,1.0901e-10,-9999.99,4.0497e-11,2.2298e-11,1.8146e-11,1.0775e-11,8.6404e-12,5.5877e-12,-9999.99,-9999.99,-9999.99,-9999.99,-9999.99,-9999.99,-9999.99,-9999.99,2.03e-10,7.56e-10,2.36e-10,2.23e-10,1.3e-10,9e-11,5.66e-11,3.21e-11,1.82e-11,1.01e-11,5.37e-12,3.46e-12,-9999.99,1.45e-12,1.07e-12,1.16e-12,7.71e-13,1.13e-12,6.43e-13,-9999.99,-9999.99,-9999.99,-9999.99,-9999.99,-9999.99,-9999.99,-9999.99,-9999.99,1.419e-10,8.2251e-11,4.9474e-11,3.1404e-11,2.0184e-11,1.3702e-11,9.4532e-12,6.4444e-12,4.731e-12,3.5556e-12,2.6295e-12,1.9023e-12,1.4126e-12,9.5643e-13,6.4094e-13,4.3655e-13,2.5933e-13,1.5912e-13,9.3275e-14,-9999.99,-9999.99,-9999.99,4.26e-12,2.47e-12,1.48e-12,9.42e-13,6.08e-13,4.12e-13,2.85e-13,1.94e-13,1.42e-13,1.07e-13,7.97e-14,5.78e-14,4.27e-14,2.94e-14,1.99e-14,1.38e-14,9.13e-15,5.55e-15,5.9e-15,-9999.99,-9999.99,56.58,0.0525,58.08,0.0525,-13.25,0.0,1.5,105601.0
31676,105600.0,701351.6,453182.3,44221.6928935185,2773.0,248.9,39.82,33.0,-2.2091e-08,-5.9181e-08,3.1696e-08,2.2401e-08,1.0442e-08,5.9942e-09,3.2281e-09,1.5395e-09,6.5614e-10,3.2368e-10,1.2526e-10,-9999.99,-9999.99,-9999.99,-9999.99,-9999.99,-9999.99,-9999.99,-9999.99,-9999.99,-9999.99,-9999.99,-9999.99,-9999.99,-9999.99,-9999.99,-9999.99,6.65e-10,1.78e-09,9.51e-10,6.72e-10,3.13e-10,1.8e-10,9.68e-11,4.63e-11,1.99e-11,1.01e-11,4.85e-12,-9999.99,-9999.99,-9999.99,-9999.99,-9999.99,-9999.99,-9999.99,-9999.99,-9999.99,-9999.99,-9999.99,-9999.99,-9999.99,-9999.99,-9999.99,-9999.99,-9999.99,1.0789e-10,4.9532e-11,2.9678e-11,1.9965e-11,1.3971e-11,9.5906e-12,6.9942e-12,4.9503e-12,3.7865e-12,2.8339e-12,1.9982e-12,1.5751e-12,1.138e-12,1.0149e-12,6.7661e-13,4.6667e-13,3.5175e-13,1.9599e-13,1.3585e-13,9.7251e-14,6.7135e-14,-9999.99,3.24e-12,1.49e-12,8.96e-13,6.01e-13,4.22e-13,2.95e-13,2.14e-13,1.49e-13,1.15e-13,8.62e-14,6.05e-14,4.8e-14,3.47e-14,3.09e-14,2.09e-14,1.55e-14,1.25e-14,8.09e-15,8.33e-15,7.34e-15,1.04e-13,39.82,0.074,41.68,0.074,-13.25,0.0,1.86,105601.0
31780,105700.0,699076.2,453136.6,44221.694849537,2873.0,244.0,38.06,14.0,-2.607e-08,-8.7281e-08,2.0289e-08,2.5749e-08,1.6515e-08,1.138e-08,7.5058e-09,4.5468e-09,2.5971e-09,1.431e-09,7.076e-10,3.4766e-10,-9999.99,8.1433e-11,-9999.99,-9999.99,-9999.99,-9999.99,-9999.99,-9999.99,-9999.99,-9999.99,-9999.99,-9999.99,-9999.99,-9999.99,-9999.99,7.82e-10,2.62e-09,6.09e-10,7.72e-10,4.95e-10,3.41e-10,2.25e-10,1.36e-10,7.79e-11,4.31e-11,2.13e-11,1.07e-11,-9999.99,2.95e-12,-9999.99,-9999.99,-9999.99,-9999.99,-9999.99,-9999.99,-9999.99,-9999.99,-9999.99,-9999.99,-9999.99,-9999.99,-9999.99,-9999.99,-9999.99,-9999.99,-9999.99,-9999.99,-9999.99,-9999.99,-9999.99,-9999.99,-9999.99,-9999.99,-9999.99,-9999.99,-9999.99,-9999.99,-9999.99,-9999.99,-9999.99,-9999.99,-9999.99,-9999.99,-9999.99,-9999.99,-9999.99,-9999.99,-9999.99,-9999.99,-9999.99,-9999.99,-9999.99,-9999.99,-9999.99,-9999.99,-9999.99,-9999.99,-9999.99,-9999.99,-9999.99,-9999.99,-9999.99,-9999.99,-9999.99,-9999.99,-9999.99,38.085,0.0775,39.65,0.0775,-13.25,0.0,1.56,105701.0
31886,105700.0,696535.7,454237.8,44221.6962384259,2973.0,239.7,47.01,40.0,-1.3102e-08,-5.0819e-08,4.6784e-09,9.4971e-09,6.9591e-09,5.8012e-09,4.617e-09,3.4269e-09,2.3535e-09,1.5494e-09,9.8158e-10,5.6023e-10,-9999.99,1.5462e-10,7.4503e-11,4.2719e-11,2.3056e-11,1.3401e-11,-9999.99,-9999.99,-9999.99,-9999.99,-9999.99,-9999.99,-9999.99,-9999.99,-9999.99,3.93e-10,1.52e-09,1.41e-10,2.85e-10,2.09e-10,1.75e-10,1.39e-10,1.03e-10,7.06e-11,4.66e-11,2.95e-11,1.69e-11,-9999.99,4.7e-12,2.35e-12,1.35e-12,7.93e-13,5.57e-13,-9999.99,-9999.99,-9999.99,-9999.99,-9999.99,-9999.99,-9999.99,-9999.99,-9999.99,-9999.99,7.3626e-10,4.3246e-10,2.4111e-10,1.3064e-10,7.1228e-11,3.9825e-11,2.2968e-11,1.3518e-11,8.576e-12,5.6784e-12,3.962e-12,2.7488e-12,1.8801e-12,1.2985e-12,8.7485e-13,5.4444e-13,3.4327e-13,1.9772e-13,1.1482e-13,7.0292e-14,3.9357e-14,-9999.99,2.21e-11,1.3e-11,7.23e-12,3.92e-12,2.14e-12,1.19e-12,6.89e-13,4.06e-13,2.57e-13,1.71e-13,1.19e-13,8.3e-14,5.7e-14,3.93e-14,2.67e-14,1.71e-14,1.13e-14,7.18e-15,6.85e-15,4.7e-15,4.96e-15,47.005,0.063,48.885,0.063,-13.25,0.0,1.88,105701.0
31990,105700.0,694474.2,455102.3,44221.6975115741,3073.0,244.2,36.39,25.0,-2.4851e-08,-7.0673e-08,3.3421e-08,2.5202e-08,1.2389e-08,7.3421e-09,4.0819e-09,2.0985e-09,1.067e-09,5.9269e-10,-9999.99,-9999.99,-9999.99,-9999.99,-9999.99,-9999.99,-9999.99,-9999.99,-9999.99,-9999.99,-9999.99,-9999.99,-9999.99,-9999.99,-9999.99,-9999.99,-9999.99,7.46e-10,2.12e-09,1e-09,7.56e-10,3.72e-10,2.2e-10,1.22e-10,6.3e-11,3.21e-11,1.81e-11,-9999.99,-9999.99,-9999.99,-9999.99,-9999.99,-9999.99,-9999.99,-9999.99,-9999.99,-9999.99,-9999.99,-9999.99,-9999.99,-9999.99,-9999.99,-9999.99,-9999.99,-9999.99,2.4272e-10,1.4143e-10,8.7281e-11,5.6901e-11,3.8216e-11,2.6105e-11,1.7886e-11,-9999.99,9.3421e-12,7.0556e-12,5.2047e-12,3.924e-12,2.7395e-12,1.8567e-12,1.2058e-12,-9999.99,-9999.99,-9999.99,-9999.99,-9999.99,-9999.99,-9999.99,7.28e-12,4.24e-12,2.62e-12,1.71e-12,1.15e-12,7.83e-13,5.37e-13,-9999.99,2.82e-13,2.13e-13,1.57e-13,1.18e-13,8.36e-14,5.89e-14,3.71e-14,-9999.99,-9999.99,-9999.99,-9999.99,-9999.99,-9999.99,36.39,0.0815,37.46,0.0815,-13.25,0.0,1.07,105701.0
32096,105700.0,692321.4,456541.3,44221.6989351852,3173.0,247.6,47.14,38.0,-1.2278e-08,-3.5702e-08,1.7023e-08,1.1825e-08,5.345e-09,3.0906e-09,1.607e-09,9.3392e-10,4.5848e-10,2.962e-10,1.9886e-10,1.312e-10,-9999.99,5.7749e-11,4.5526e-11,2.4693e-11,1.819e-11,1.2129e-11,1.0178e-11,-9999.99,-9999.99,-9999.99,-9999.99,-9999.99,-9999.99,-9999.99,-9999.99,3.68e-10,1.07e-09,5.11e-10,3.55e-10,1.61e-10,9.3e-11,4.89e-11,2.82e-11,1.4e-11,9.21e-12,6.34e-12,4.25e-12,-9999.99,2.09e-12,1.56e-12,1.18e-12,7.84e-13,5.88e-13,1.37e-12,-9999.99,-9999.99,-9999.99,-9999.99,-9999.99,-9999.99,-9999.99,-9999.99,-9999.99,1.5962e-10,1.0851e-10,7.3889e-11,5.1433e-11,3.538e-11,2.3713e-11,1.7161e-11,1.3181e-11,1.0386e-11,6.9181e-12,5.3918e-12,3.8977e-12,2.7301e-12,1.8953e-12,1.2564e-12,8.2895e-13,4.9094e-13,2.862e-13,-9999.99,-9999.99,-9999.99,-9999.99,4.79e-12,3.26e-12,2.22e-12,1.54e-12,1.06e-12,7.11e-13,5.17e-13,3.95e-13,3.13e-13,2.08e-13,1.62e-13,1.17e-13,8.24e-14,5.72e-14,3.84e-14,2.56e-14,1.57e-14,9.56e-15,-9999.99,-9999.99,-9999.99,47.14,0.062,49.505,0.062,-13.25,0.0,2.36,105701.0
32200,105700.0,689719.0,456953.4,44221.7002893519,3273.0,228.6,26.34,46.0,-3.3918e-08,-4.9211e-08,2.2737e-08,1.1459e-08,7.1228e-09,5.2076e-09,3.8275e-09,2.6965e-09,1.8854e-09,1.2871e-09,8.4912e-10,5.4532e-10,-9999.99,2.0477e-10,1.2915e-10,8.3626e-11,4.8275e-11,3.2164e-11,2.1307e-11,1.4173e-11,1.026e-11,6.0088e-12,5.5029e-12,3.4708e-12,-9999.99,-9999.99,-9999.99,1.02e-09,1.48e-09,6.82e-10,3.44e-10,2.14e-10,1.56e-10,1.15e-10,8.09e-11,5.66e-11,3.87e-11,2.56e-11,1.64e-11,-9999.99,6.2e-12,3.95e-12,2.54e-12,1.48e-12,1.01e-12,6.8e-13,4.63e-13,3.5e-13,2.73e-13,2.43e-13,4.27e-13,-9999.99,-9999.99,-9999.99,-9999.99,6.7018e-10,4.4298e-10,2.8789e-10,1.8711e-10,1.2269e-10,8.2222e-11,5.5439e-11,3.8041e-11,2.6617e-11,1.8319e-11,1.2102e-11,7.9211e-12,5.0117e-12,3.0526e-12,1.7807e-12,9.9211e-13,5.7281e-13,2.8538e-13,1.6447e-13,8.2047e-14,5.0526e-14,-9999.99,2.01e-11,1.33e-11,8.64e-12,5.61e-12,3.68e-12,2.47e-12,1.66e-12,1.14e-12,7.99e-13,5.5e-13,3.63e-13,2.38e-13,1.5e-13,9.19e-14,5.36e-14,3e-14,1.77e-14,9.45e-15,6.66e-15,4.58e-15,5.51e-15,26.345,0.1115,27.905,0.1115,-13.25,0.0,1.56,105701.0
32304,105800.0,689556.5,456183.7,44221.7018634259,3373.0,229.1,69.89,44.0,-3.0789e-09,-1.1637e-08,3.6082e-09,1.7292e-09,8.9971e-10,6.6228e-10,5.2632e-10,3.9766e-10,2.7658e-10,2.486e-10,1.6205e-10,1.2731e-10,-9999.99,5.9269e-11,4.0819e-11,2.3056e-11,1.6874e-11,1.2126e-11,1.0181e-11,6.8743e-12,7.0088e-12,6.269e-12,-9999.99,-9999.99,-9999.99,-9999.99,-9999.99,9.39e-11,3.51e-10,1.09e-10,5.33e-11,2.81e-11,2.16e-11,1.66e-11,1.28e-11,8.71e-12,7.81e-12,5.09e-12,4.21e-12,-9999.99,1.99e-12,1.67e-12,8.25e-13,5.86e-13,5.14e-13,5.48e-13,5.88e-13,4.37e-13,4.91e-13,-9999.99,-9999.99,-9999.99,-9999.99,-9999.99,-9999.99,1.4816e-10,1.0904e-10,7.8392e-11,5.5205e-11,3.9123e-11,2.7596e-11,1.9857e-11,1.4339e-11,1.0509e-11,7.6725e-12,5.5497e-12,3.8889e-12,2.6509e-12,1.7313e-12,1.0623e-12,6.4825e-13,3.7749e-13,2.3348e-13,1.3494e-13,8.1813e-14,5e-14,-9999.99,4.44e-12,3.27e-12,2.35e-12,1.66e-12,1.17e-12,8.28e-13,5.96e-13,4.3e-13,3.15e-13,2.3e-13,1.66e-13,1.17e-13,7.98e-14,5.23e-14,3.22e-14,1.98e-14,1.2e-14,7.47e-15,5.2e-15,4.03e-15,3.49e-15,69.895,0.0435,70.71,0.0435,-13.25,0.0,0.82,105801.0
32412,105800.0,692310.4,455129.3,44221.7033796296,3473.0,247.6,38.62,35.0,-2.1626e-08,-5.8626e-08,2.8749e-08,2.0506e-08,9.7895e-09,5.7456e-09,3.4386e-09,1.7418e-09,8.8918e-10,5.5965e-10,3.1023e-10,1.8289e-10,-9999.99,6.7632e-11,-9999.99,3.2515e-11,1.2295e-11,-9999.99,-9999.99,-9999.99,-9999.99,-9999.99,-9999.99,-9999.99,-9999.99,-9999.99,-9999.99,6.49e-10,1.76e-09,8.62e-10,6.15e-10,2.94e-10,1.73e-10,1.04e-10,5.23e-11,2.68e-11,1.72e-11,9.71e-12,5.87e-12,-9999.99,2.56e-12,-9999.99,1.27e-12,6.28e-13,-9999.99,-9999.99,-9999.99,-9999.99,-9999.99,-9999.99,-9999.99,-9999.99,-9999.99,-9999.99,-9999.99,2.3708e-10,1.4623e-10,9.3801e-11,6.1579e-11,4.0702e-11,2.7942e-11,1.9281e-11,1.3664e-11,9.8421e-12,7.076e-12,5.2251e-12,3.769e-12,2.5582e-12,1.7424e-12,1.1152e-12,7.1579e-13,3.8246e-13,2.3588e-13,-9999.99,-9999.99,-9999.99,-9999.99,7.11e-12,4.39e-12,2.81e-12,1.85e-12,1.22e-12,8.38e-13,5.78e-13,4.1e-13,2.95e-13,2.14e-13,1.57e-13,1.13e-13,7.78e-14,5.33e-14,3.42e-14,2.18e-14,1.26e-14,9.34e-15,-9999.99,-9999.99,-9999.99,38.625,0.076,40.61,0.076,-13.25,0.0,1.98,105801.0
32518,105800.0,695331.4,453800.4,44221.7051851852,3573.0,241.9,39.77,37.0,-2.0953e-08,-6.8099e-08,2.1216e-08,2.274e-08,1.3494e-08,9.0029e-09,5.5439e-09,3.0877e-09,1.5988e-09,8.1433e-10,3.6228e-10,2.0558e-10,-9999.99,6.2398e-11,3.5117e-11,-9999.99,-9999.99,-9999.99,-9999.99,-9999.99,-9999.99,-9999.99,-9999.99,-9999.99,-9999.99,-9999.99,-9999.99,6.29e-10,2.04e-09,6.36e-10,6.82e-10,4.05e-10,2.7e-10,1.66e-10,9.26e-11,4.81e-11,2.46e-11,1.1e-11,6.39e-12,-9999.99,2.13e-12,1.31e-12,-9999.99,-9999.99,-9999.99,-9999.99,-9999.99,-9999.99,-9999.99,-9999.99,-9999.99,-9999.99,-9999.99,-9999.99,-9999.99,3.193e-10,1.6556e-10,9.424e-11,5.693e-11,3.5117e-11,2.214e-11,1.6225e-11,1.174e-11,7.7515e-12,6.076e-12,4.4591e-12,3.2602e-12,2.2915e-12,1.5456e-12,1.0333e-12,6.6637e-13,4.1287e-13,2.3401e-13,1.35e-13,8.4503e-14,5.1637e-14,-9999.99,9.58e-12,4.97e-12,2.83e-12,1.71e-12,1.05e-12,6.64e-13,4.87e-13,3.52e-13,2.33e-13,1.83e-13,1.34e-13,9.85e-14,6.9e-14,4.67e-14,3.16e-14,2.05e-14,1.4e-14,8.89e-15,5.74e-15,3.95e-15,3.74e-15,39.765,0.075,40.865,0.0745,-13.25,0.0,1.1,105801.0
32624,105800.0,698012.9,452726.1,44221.7066087963,3673.0,250.2,33.84,30.0,-3e-08,-7.8772e-08,4.1111e-08,2.8757e-08,1.3488e-08,7.9971e-09,4.5117e-09,2.3877e-09,1.2047e-09,6.3216e-10,3.193e-10,1.8208e-10,-9999.99,-9999.99,-9999.99,-9999.99,-9999.99,-9999.99,-9999.99,-9999.99,-9999.99,-9999.99,-9999.99,-9999.99,-9999.99,-9999.99,-9999.99,9e-10,2.36e-09,1.23e-09,8.63e-10,4.05e-10,2.4e-10,1.35e-10,7.16e-11,3.63e-11,1.92e-11,9.77e-12,5.79e-12,-9999.99,-9999.99,-9999.99,-9999.99,-9999.99,-9999.99,-9999.99,-9999.99,-9999.99,-9999.99,-9999.99,-9999.99,-9999.99,-9999.99,-9999.99,-9999.99,2.5804e-10,1.3596e-10,7.4795e-11,4.2485e-11,2.5892e-11,1.6512e-11,1.0865e-11,7.4971e-12,5.4123e-12,3.9444e-12,2.9532e-12,2.1301e-12,1.4468e-12,1.0225e-12,6.4035e-13,4.2807e-13,-9999.99,-9999.99,-9999.99,-9999.99,-9999.99,-9999.99,7.74e-12,4.08e-12,2.24e-12,1.27e-12,7.77e-13,4.97e-13,3.27e-13,2.25e-13,1.63e-13,1.19e-13,8.89e-14,6.43e-14,4.38e-14,3.12e-14,2e-14,1.33e-14,-9999.99,-9999.99,-9999.99,-9999.99,-9999.99,33.845,0.0865,35.605,0.0865,-13.25,0.0,1.76,105801.0
32728,105800.0,701025.5,451498.7,44221.7080787037,3773.0,255.6,27.82,8.0,-4.9912e-08,-1.2167e-07,6.3655e-08,4.5965e-08,2.283e-08,1.3257e-08,7.4211e-09,3.7164e-09,-9999.99,-9999.99,-9999.99,-9999.99,-9999.99,-9999.99,-9999.99,-9999.99,-9999.99,-9999.99,-9999.99,-9999.99,-9999.99,-9999.99,-9999.99,-9999.99,-9999.99,-9999.99,-9999.99,1.5e-09,3.67e-09,1.91e-09,1.38e-09,6.85e-10,3.98e-10,2.23e-10,1.12e-10,-9999.99,-9999.99,-9999.99,-9999.99,-9999.99,-9999.99,-9999.99,-9999.99,-9999.99,-9999.99,-9999.99,-9999.99,-9999.99,-9999.99,-9999.99,-9999.99,-9999.99,-9999.99,-9999.99,-9999.99,-9999.99,-9999.99,-9999.99,-9999.99,-9999.99,-9999.99,-9999.99,-9999.99,-9999.99,-9999.99,-9999.99,-9999.99,-9999.99,-9999.99,-9999.99,-9999.99,-9999.99,-9999.99,-9999.99,-9999.99,-9999.99,-9999.99,-9999.99,-9999.99,-9999.99,-9999.99,-9999.99,-9999.99,-9999.99,-9999.99,-9999.99,-9999.99,-9999.99,-9999.99,-9999.99,-9999.99,-9999.99,-9999.99,-9999.99,-9999.99,-9999.99,-9999.99,-9999.99,28.035,0.105,29.71,0.105,-13.25,0.0,1.68,105801.0
32838,105900.0,698113.2,451876.3,44221.7801851852,3873.0,252.8,30.69,29.0,-4.0409e-08,-1.2482e-07,3.8187e-08,4.0936e-08,2.4222e-08,1.6167e-08,1.0129e-08,5.7982e-09,3.0936e-09,1.6275e-09,8.2807e-10,4.0088e-10,-9999.99,8.5526e-11,4.8655e-11,2.3594e-11,-9999.99,-9999.99,-9999.99,-9999.99,-9999.99,-9999.99,-9999.99,-9999.99,-9999.99,-9999.99,-9999.99,1.21e-09,3.74e-09,1.15e-09,1.23e-09,7.27e-10,4.85e-10,3.04e-10,1.74e-10,9.28e-11,4.88e-11,2.49e-11,1.21e-11,-9999.99,2.69e-12,1.62e-12,8.28e-13,-9999.99,-9999.99,-9999.99,-9999.99,-9999.99,-9999.99,-9999.99,-9999.99,-9999.99,-9999.99,-9999.99,-9999.99,7.2427e-10,3.4152e-10,1.6412e-10,8.1871e-11,4.3158e-11,2.3658e-11,1.3556e-11,9.2193e-12,5.962e-12,4.7398e-12,3.4415e-12,2.6883e-12,-9999.99,-9999.99,-9999.99,-9999.99,-9999.99,-9999.99,-9999.99,-9999.99,-9999.99,-9999.99,2.17e-11,1.02e-11,4.92e-12,2.46e-12,1.29e-12,7.1e-13,4.08e-13,2.78e-13,1.79e-13,1.43e-13,1.05e-13,8.28e-14,-9999.99,-9999.99,-9999.99,-9999.99,-9999.99,-9999.99,-9999.99,-9999.99,-9999.99,30.69,0.0965,31.79,0.096,-13.25,0.0,1.1,105901.0
32942,105900.0,695492.1,452950.3,44221.7815277778,3973.0,249.9,29.61,41.0,-4.0322e-08,-8.0877e-08,6.0848e-08,2.9444e-08,1.1646e-08,6.5877e-09,3.5731e-09,1.8135e-09,8.6462e-10,4.3918e-10,2.2237e-10,1.2997e-10,-9999.99,4.7515e-11,3.1696e-11,1.8105e-11,1.5547e-11,1.0933e-11,8.5205e-12,5.2515e-12,-9999.99,-9999.99,-9999.99,-9999.99,-9999.99,-9999.99,-9999.99,1.21e-09,2.43e-09,1.83e-09,8.83e-10,3.49e-10,1.98e-10,1.07e-10,5.46e-11,2.6e-11,1.35e-11,6.87e-12,4.13e-12,-9999.99,1.66e-12,1.11e-12,7.75e-13,6.27e-13,2.7e-12,5.4e-13,6.98e-13,-9999.99,-9999.99,-9999.99,-9999.99,-9999.99,-9999.99,-9999.99,-9999.99,2.1664e-10,1.1775e-10,7.1667e-11,4.6345e-11,3.1111e-11,2.1284e-11,1.4643e-11,1.038e-11,7.5029e-12,5.4854e-12,4.1111e-12,3e-12,2.1038e-12,1.4301e-12,9.4211e-13,5.8509e-13,3.4591e-13,1.9632e-13,1.2096e-13,5.2573e-14,-9999.99,-9999.99,6.5e-12,3.53e-12,2.15e-12,1.39e-12,9.33e-13,6.39e-13,4.39e-13,3.11e-13,2.26e-13,1.65e-13,1.23e-13,9.03e-14,6.33e-14,4.33e-14,2.85e-14,1.78e-14,1.08e-14,6.73e-15,4.89e-15,3.08e-15,-9999.99,29.61,0.0995,30.97,0.0995,-13.25,0.0,1.36,105901.0
33044,105900.0,692072.7,454360.6,44221.783587963,4073.0,244.1,33.96,41.0,-2.9357e-08,-8.6023e-08,3.0497e-08,2.8187e-08,1.5909e-08,1.0374e-08,6.2924e-09,3.5205e-09,1.8743e-09,9.9532e-10,5.4854e-10,2.9056e-10,-9999.99,9e-11,5.6082e-11,3.5058e-11,2.248e-11,1.5795e-11,1.0962e-11,-9999.99,-9999.99,-9999.99,-9999.99,-9999.99,-9999.99,-9999.99,-9999.99,8.81e-10,2.58e-09,9.15e-10,8.46e-10,4.77e-10,3.11e-10,1.89e-10,1.06e-10,5.64e-11,3e-11,1.66e-11,8.83e-12,-9999.99,2.89e-12,1.81e-12,1.11e-12,7.4e-13,5.94e-13,1.19e-12,-9999.99,-9999.99,-9999.99,-9999.99,-9999.99,-9999.99,-9999.99,-9999.99,-9999.99,4.9064e-10,2.6532e-10,1.536e-10,9.3655e-11,5.9064e-11,3.8304e-11,2.5371e-11,1.7529e-11,1.2342e-11,8.8363e-12,6.3099e-12,4.4766e-12,3.0906e-12,2.0219e-12,1.2801e-12,7.655e-13,4.4064e-13,2.5599e-13,1.3696e-13,6.9942e-14,4.1023e-14,-9999.99,1.47e-11,7.96e-12,4.61e-12,2.81e-12,1.77e-12,1.15e-12,7.61e-13,5.26e-13,3.7e-13,2.65e-13,1.89e-13,1.34e-13,9.27e-14,6.09e-14,3.87e-14,2.32e-14,1.36e-14,8.06e-15,4.81e-15,3.11e-15,2.66e-15,33.96,0.087,34.775,0.087,-13.25,0.0,0.82,105902.0
33148,105900.0,689867.5,455341.9,44221.7849189815,4173.0,244.8,41.09,43.0,-1.4939e-08,-1.8711e-08,1.4971e-08,3.5673e-09,1.7193e-09,1.214e-09,9.5877e-10,6.6345e-10,5.0702e-10,3.848e-10,2.5789e-10,1.8839e-10,-9999.99,7.7339e-11,5.6053e-11,3.8216e-11,2.3135e-11,1.9892e-11,1.3339e-11,9.5263e-12,7.424e-12,-9999.99,-9999.99,-9999.99,-9999.99,-9999.99,-9999.99,4.48e-10,5.65e-10,4.49e-10,1.07e-10,5.23e-11,3.71e-11,2.91e-11,2.02e-11,1.54e-11,1.19e-11,7.92e-12,5.84e-12,-9999.99,2.54e-12,1.86e-12,1.24e-12,1.02e-12,6.64e-13,1.53e-12,4.86e-13,1.22e-12,-9999.99,-9999.99,-9999.99,-9999.99,-9999.99,-9999.99,-9999.99,2.3842e-10,1.681e-10,1.1699e-10,8.038e-11,5.5234e-11,3.8363e-11,2.7711e-11,2.0225e-11,1.4518e-11,1.0219e-11,7.3596e-12,5.1053e-12,3.5058e-12,2.3678e-12,1.4716e-12,8.9415e-13,5.4269e-13,3.2865e-13,2.1629e-13,1.1102e-13,6.1813e-14,-9999.99,7.15e-12,5.04e-12,3.51e-12,2.41e-12,1.66e-12,1.15e-12,8.31e-13,6.07e-13,4.36e-13,3.07e-13,2.21e-13,1.54e-13,1.05e-13,7.13e-14,4.43e-14,2.74e-14,1.67e-14,1.05e-14,7.14e-15,4.23e-15,3.2e-15,41.09,0.0795,41.27,0.0795,-13.25,0.0,0.18,105902.0
33252,106000.0,688151.8,455108.0,44221.7871180556,4273.0,225.3,42.59,44.0,-1.7965e-08,-4.5614e-08,1.2468e-08,8.8596e-09,5.3304e-09,4.076e-09,3.0643e-09,2.1904e-09,1.5635e-09,1.0956e-09,7.883e-10,5.1228e-10,-9999.99,2.0766e-10,1.3588e-10,8.5556e-11,5.6754e-11,3.4561e-11,2.5032e-11,1.6491e-11,1.2307e-11,6.1053e-12,-9999.99,-9999.99,-9999.99,-9999.99,-9999.99,5.39e-10,1.37e-09,3.74e-10,2.66e-10,1.6e-10,1.23e-10,9.22e-11,6.57e-11,4.71e-11,3.3e-11,2.37e-11,1.54e-11,-9999.99,6.31e-12,4.14e-12,2.61e-12,1.74e-12,1.1e-12,8.21e-13,5.49e-13,4.43e-13,6.03e-13,-9999.99,-9999.99,-9999.99,-9999.99,-9999.99,-9999.99,6.7281e-10,4.5643e-10,3.0439e-10,2.0088e-10,1.3357e-10,8.9444e-11,6.0877e-11,4.1901e-11,2.8898e-11,1.9772e-11,1.3298e-11,8.7193e-12,5.6053e-12,3.4211e-12,2.0406e-12,1.1556e-12,6.2135e-13,3.4532e-13,1.7436e-13,9.2895e-14,5.9327e-14,-9999.99,2.02e-11,1.37e-11,9.13e-12,6.03e-12,4.01e-12,2.68e-12,1.83e-12,1.26e-12,8.67e-13,5.93e-13,3.99e-13,2.62e-13,1.68e-13,1.03e-13,6.14e-14,3.49e-14,1.91e-14,1.08e-14,6.47e-15,4.83e-15,1.06e-14,42.585,0.072,40.275,0.072,-13.25,0.0,-2.31,106001.0
33358,106000.0,690458.6,454137.1,44221.7886111111,4373.0,241.2,40.63,37.0,-1.8287e-08,-4.4678e-08,2.7091e-08,1.4789e-08,5.7602e-09,3.1374e-09,1.7713e-09,9.5205e-10,5.6404e-10,3.6082e-10,2.5339e-10,1.7661e-10,-9999.99,7.5994e-11,5.2222e-11,-9999.99,-9999.99,-9999.99,-9999.99,-9999.99,-9999.99,-9999.99,-9999.99,-9999.99,-9999.99,-9999.99,-9999.99,5.49e-10,1.34e-09,8.13e-10,4.44e-10,1.73e-10,9.6e-11,5.37e-11,2.95e-11,1.77e-11,1.13e-11,8.29e-12,5.63e-12,-9999.99,2.56e-12,1.89e-12,-9999.99,-9999.99,-9999.99,-9999.99,-9999.99,-9999.99,-9999.99,-9999.99,-9999.99,-9999.99,-9999.99,-9999.99,-9999.99,2.3632e-10,1.6292e-10,1.1123e-10,7.5965e-11,5.2368e-11,3.693e-11,2.6825e-11,1.9398e-11,1.4307e-11,1.0023e-11,7.2339e-12,5.2339e-12,3.5497e-12,2.4468e-12,1.6447e-12,1.0237e-12,6.6257e-13,3.5965e-13,2.3088e-13,1.1719e-13,8.1316e-14,-9999.99,7.09e-12,4.89e-12,3.34e-12,2.28e-12,1.57e-12,1.11e-12,8.05e-13,5.82e-13,4.29e-13,3.01e-13,2.17e-13,1.58e-13,1.07e-13,7.41e-14,5.03e-14,3.1e-14,2.05e-14,1.22e-14,8.66e-15,6.01e-15,5.37e-15,40.635,0.072,42.415,0.072,-13.25,0.0,1.78,106001.0
33460,106000.0,693642.3,452817.8,44221.7912731481,4473.0,243.8,37.61,35.0,-2.5836e-08,-7.8655e-08,2.7491e-08,2.6254e-08,1.512e-08,9.9357e-09,6.0234e-09,3.3099e-09,1.7091e-09,8.4503e-10,4.2661e-10,2.2234e-10,-9999.99,7.5e-11,4.5702e-11,-9999.99,-9999.99,-9999.99,-9999.99,-9999.99,-9999.99,-9999.99,-9999.99,-9999.99,-9999.99,-9999.99,-9999.99,7.75e-10,2.36e-09,8.25e-10,7.88e-10,4.54e-10,2.98e-10,1.81e-10,9.93e-11,5.13e-11,2.55e-11,1.28e-11,6.76e-12,-9999.99,2.45e-12,1.51e-12,-9999.99,-9999.99,-9999.99,-9999.99,-9999.99,-9999.99,-9999.99,-9999.99,-9999.99,-9999.99,-9999.99,-9999.99,-9999.99,4.0439e-10,2.0275e-10,1.1178e-10,6.6462e-11,4.1871e-11,2.7219e-11,1.8538e-11,1.3029e-11,9.4912e-12,6.8801e-12,4.9825e-12,3.5205e-12,2.3874e-12,1.5939e-12,1.0032e-12,6.2456e-13,3.6345e-13,2.2392e-13,1.3056e-13,-9999.99,-9999.99,-9999.99,1.21e-11,6.08e-12,3.35e-12,1.99e-12,1.26e-12,8.17e-13,5.56e-13,3.91e-13,2.85e-13,2.07e-13,1.49e-13,1.06e-13,7.19e-14,4.81e-14,3.04e-14,1.92e-14,1.13e-14,7.37e-15,4.58e-15,-9999.99,-9999.99,37.61,0.078,39.08,0.078,-13.25,0.0,1.47,106002.0
33564,106000.0,695854.8,451880.4,44221.7926041667,4573.0,255.3,33.95,16.0,-2.8971e-08,-6.9298e-08,4.5614e-08,2.7015e-08,1.0766e-08,5.7076e-09,2.848e-09,1.3456e-09,6.0819e-10,-9999.99,-9999.99,-9999.99,-9999.99,-9999.99,-9999.99,-9999.99,-9999.99,-9999.99,-9999.99,-9999.99,-9999.99,-9999.99,-9999.99,-9999.99,-9999.99,-9999.99,-9999.99,8.69e-10,2.08e-09,1.37e-09,8.1e-10,3.23e-10,1.71e-10,8.54e-11,4.05e-11,1.85e-11,-9999.99,-9999.99,-9999.99,-9999.99,-9999.99,-9999.99,-9999.99,-9999.99,-9999.99,-9999.99,-9999.99,-9999.99,-9999.99,-9999.99,-9999.99,-9999.99,-9999.99,-9999.99,-9999.99,1.5512e-10,9.6784e-11,5.8158e-11,3.9006e-11,2.5652e-11,1.8605e-11,-9999.99,-9999.99,-9999.99,-9999.99,-9999.99,-9999.99,-9999.99,-9999.99,-9999.99,-9999.99,-9999.99,-9999.99,-9999.99,-9999.99,-9999.99,-9999.99,4.65e-12,2.9e-12,1.74e-12,1.17e-12,7.72e-13,5.6e-13,-9999.99,-9999.99,-9999.99,-9999.99,-9999.99,-9999.99,-9999.99,-9999.99,-9999.99,-9999.99,-9999.99,-9999.99,-9999.99,-9999.99,-9999.99,33.945,0.087,35.245,0.087,-13.25,0.0,1.3,106002.0
33672,106000.0,698428.7,450858.2,44221.7940625,4673.0,258.1,37.29,36.0,-2.4082e-08,-7.8626e-08,2.8243e-08,2.7146e-08,1.5175e-08,9.6404e-09,5.7339e-09,3.1287e-09,1.6178e-09,8.3363e-10,4.0322e-10,2.0801e-10,-9999.99,6.0205e-11,-9999.99,-9999.99,-9999.99,-9999.99,-9999.99,-9999.99,-9999.99,-9999.99,-9999.99,-9999.99,-9999.99,-9999.99,-9999.99,7.22e-10,2.36e-09,8.47e-10,8.14e-10,4.55e-10,2.89e-10,1.72e-10,9.39e-11,4.85e-11,2.52e-11,1.23e-11,6.47e-12,-9999.99,2.02e-12,-9999.99,-9999.99,-9999.99,-9999.99,-9999.99,-9999.99,-9999.99,-9999.99,-9999.99,-9999.99,-9999.99,-9999.99,-9999.99,-9999.99,3.6725e-10,1.7436e-10,8.6404e-11,4.538e-11,2.5474e-11,1.5041e-11,9.3158e-12,6.307e-12,4.2865e-12,3.2251e-12,2.3667e-12,1.7746e-12,1.2418e-12,9.1345e-13,6.0439e-13,3.9971e-13,2.086e-13,1.431e-13,7.6023e-14,5.2719e-14,3.2807e-14,-9999.99,1.1e-11,5.23e-12,2.59e-12,1.36e-12,7.67e-13,4.51e-13,2.79e-13,1.9e-13,1.29e-13,9.74e-14,7.12e-14,5.41e-14,3.84e-14,2.8e-14,1.95e-14,1.32e-14,8.91e-15,7.08e-15,2.2e-14,1.19e-13,1.06e-14,37.29,0.08,38.28,0.08,-13.25,0.0,0.99,106002.0
33774,106000.0,700700.5,449858.5,44221.7954282407,4773.0,257.8,30.82,10.0,-4.0292e-08,-8e-08,6.7368e-08,3.2339e-08,1.1518e-08,5.5205e-09,2.4032e-09,9.2105e-10,3.4357e-10,1.3667e-10,-9999.99,-9999.99,-9999.99,-9999.99,-9999.99,-9999.99,-9999.99,-9999.99,-9999.99,-9999.99,-9999.99,-9999.99,-9999.99,-9999.99,-9999.99,-9999.99,-9999.99,1.21e-09,2.4e-09,2.02e-09,9.7e-10,3.46e-10,1.66e-10,7.23e-11,2.79e-11,1.06e-11,5.85e-12,-9999.99,-9999.99,-9999.99,-9999.99,-9999.99,-9999.99,-9999.99,-9999.99,-9999.99,-9999.99,-9999.99,-9999.99,-9999.99,-9999.99,-9999.99,-9999.99,-9999.99,-9999.99,-9999.99,-9999.99,-9999.99,-9999.99,-9999.99,-9999.99,-9999.99,-9999.99,-9999.99,-9999.99,-9999.99,-9999.99,-9999.99,-9999.99,-9999.99,-9999.99,-9999.99,-9999.99,-9999.99,-9999.99,-9999.99,-9999.99,-9999.99,-9999.99,-9999.99,-9999.99,-9999.99,-9999.99,-9999.99,-9999.99,-9999.99,-9999.99,-9999.99,-9999.99,-9999.99,-9999.99,-9999.99,-9999.99,-9999.99,-9999.99,-9999.99,-9999.99,-9999.99,30.82,0.096,31.68,0.096,-13.25,0.0,0.86,106002.0
33876,106100.0,698576.5,449920.3,44221.7975347222,4873.0,267.2,25.93,11.0,-5.924e-08,-1.5655e-07,7.5936e-08,6.2485e-08,3.1404e-08,1.8152e-08,9.5614e-09,4.3509e-09,1.7737e-09,7.0848e-10,2.9883e-10,-9999.99,-9999.99,-9999.99,-9999.99,-9999.99,-9999.99,-9999.99,-9999.99,-9999.99,-9999.99,-9999.99,-9999.99,-9999.99,-9999.99,-9999.99,-9999.99,1.78e-09,4.71e-09,2.28e-09,1.87e-09,9.42e-10,5.45e-10,2.87e-10,1.31e-10,5.32e-11,2.14e-11,9.95e-12,-9999.99,-9999.99,-9999.99,-9999.99,-9999.99,-9999.99,-9999.99,-9999.99,-9999.99,-9999.99,-9999.99,-9999.99,-9999.99,-9999.99,-9999.99,-9999.99,-9999.99,-9999.99,-9999.99,-9999.99,-9999.99,-9999.99,-9999.99,-9999.99,-9999.99,-9999.99,-9999.99,-9999.99,-9999.99,-9999.99,-9999.99,-9999.99,-9999.99,-9999.99,-9999.99,-9999.99,-9999.99,-9999.99,-9999.99,-9999.99,-9999.99,-9999.99,-9999.99,-9999.99,-9999.99,-9999.99,-9999.99,-9999.99,-9999.99,-9999.99,-9999.99,-9999.99,-9999.99,-9999.99,-9999.99,-9999.99,-9999.99,-9999.99,-9999.99,-9999.99,25.945,0.113,27.31,0.113,-13.25,0.0,1.37,106101.0
33984,106100.0,695683.6,451161.1,44221.7990972222,4973.0,257.3,35.24,29.0,-2.7427e-08,-6.9415e-08,4.3889e-08,2.6865e-08,1.1015e-08,5.7047e-09,2.8792e-09,1.3482e-09,6.0205e-10,-9999.99,-9999.99,-9999.99,-9999.99,-9999.99,-9999.99,-9999.99,-9999.99,-9999.99,-9999.99,-9999.99,-9999.99,-9999.99,-9999.99,-9999.99,-9999.99,-9999.99,-9999.99,8.23e-10,2.08e-09,1.32e-09,8.06e-10,3.3e-10,1.71e-10,8.67e-11,4.07e-11,1.82e-11,-9999.99,-9999.99,-9999.99,-9999.99,-9999.99,-9999.99,-9999.99,-9999.99,-9999.99,-9999.99,-9999.99,-9999.99,-9999.99,-9999.99,-9999.99,-9999.99,-9999.99,-9999.99,-9999.99,1.4827e-10,7.8421e-11,4.7661e-11,3.0819e-11,2.1032e-11,1.443e-11,1.0155e-11,7.5351e-12,5.5292e-12,4.1637e-12,3.1988e-12,2.2839e-12,1.6135e-12,1.1263e-12,7.4678e-13,4.7193e-13,2.8599e-13,1.9889e-13,1.124e-13,-9999.99,-9999.99,-9999.99,4.45e-12,2.35e-12,1.43e-12,9.28e-13,6.31e-13,4.34e-13,3.07e-13,2.27e-13,1.66e-13,1.26e-13,9.66e-14,6.92e-14,4.95e-14,3.46e-14,2.34e-14,1.53e-14,1.03e-14,7.5e-15,5.44e-15,-9999.99,-9999.99,35.245,0.083,36.84,0.083,-13.25,0.0,1.59,106101.0
34088,106100.0,693336.0,452096.7,44221.8003819444,5073.0,244.2,33.88,38.0,-3.0556e-08,-8.2105e-08,3.7982e-08,2.8939e-08,1.5319e-08,9.3333e-09,5.4269e-09,2.8684e-09,1.4553e-09,7.3801e-10,3.962e-10,2.2184e-10,-9999.99,7.6257e-11,4.8889e-11,2.7936e-11,-9999.99,-9999.99,-9999.99,-9999.99,-9999.99,-9999.99,-9999.99,-9999.99,-9999.99,-9999.99,-9999.99,9.17e-10,2.46e-09,1.14e-09,8.68e-10,4.6e-10,2.8e-10,1.63e-10,8.61e-11,4.38e-11,2.23e-11,1.2e-11,6.79e-12,-9999.99,2.43e-12,1.66e-12,9.41e-13,-9999.99,-9999.99,-9999.99,-9999.99,-9999.99,-9999.99,-9999.99,-9999.99,-9999.99,-9999.99,-9999.99,-9999.99,3.576e-10,1.9333e-10,1.1374e-10,6.883e-11,4.4123e-11,2.8944e-11,1.9728e-11,1.3708e-11,9.6374e-12,7.0585e-12,5.076e-12,3.5497e-12,2.3602e-12,1.5518e-12,9.8655e-13,5.886e-13,3.652e-13,2.0322e-13,1.1231e-13,6.5468e-14,4.0468e-14,-9999.99,1.07e-11,5.8e-12,3.41e-12,2.06e-12,1.32e-12,8.68e-13,5.92e-13,4.11e-13,2.89e-13,2.12e-13,1.52e-13,1.06e-13,7.1e-14,4.7e-14,3e-14,1.84e-14,1.16e-14,6.97e-15,4.57e-15,4.35e-15,6.31e-14,33.875,0.087,35.48,0.0865,-13.25,0.0,1.61,106101.0
34194,106100.0,691165.7,452996.0,44221.8017361111,5173.0,238.1,51.36,44.0,-9.7544e-09,-3.5439e-08,1.0477e-08,1.055e-08,6.1023e-09,3.9912e-09,2.4637e-09,1.3614e-09,7.7076e-10,4.269e-10,2.4661e-10,1.5646e-10,-9999.99,5.6696e-11,4.1345e-11,2.9737e-11,1.8842e-11,1.2401e-11,8.8392e-12,6.7135e-12,5.3187e-12,3.6404e-12,-9999.99,-9999.99,-9999.99,-9999.99,-9999.99,2.93e-10,1.06e-09,3.14e-10,3.16e-10,1.83e-10,1.2e-10,7.42e-11,4.11e-11,2.36e-11,1.3e-11,7.74e-12,5.1e-12,-9999.99,1.86e-12,1.31e-12,1.08e-12,6.88e-13,4.68e-13,3.68e-13,6.47e-13,3.72e-13,4.33e-12,-9999.99,-9999.99,-9999.99,-9999.99,-9999.99,-9999.99,2.3825e-10,1.4684e-10,9.4912e-11,6.2982e-11,4.2515e-11,2.8564e-11,1.9895e-11,1.417e-11,1.0202e-11,7.4006e-12,5.4269e-12,3.848e-12,2.6719e-12,1.733e-12,1.1193e-12,7.1082e-13,3.9678e-13,2.3015e-13,1.2129e-13,6.3333e-14,3.1579e-14,-9999.99,7.15e-12,4.41e-12,2.85e-12,1.89e-12,1.28e-12,8.57e-13,5.97e-13,4.25e-13,3.06e-13,2.22e-13,1.63e-13,1.16e-13,8.04e-14,5.22e-14,3.38e-14,2.18e-14,1.22e-14,7.5e-15,4.61e-15,4e-15,3.92e-15,51.36,0.058,52.805,0.058,-13.25,0.0,1.45,106101.0
34296,106200.0,688939.9,453119.0,44221.8043171296,5273.0,238.1,53.59,43.0,-8.2398e-09,-2.8731e-08,9.5088e-09,8e-09,4.0263e-09,2.602e-09,1.538e-09,9.0322e-10,5.9503e-10,3.7749e-10,2.6015e-10,1.7436e-10,-9999.99,7.9211e-11,5.0058e-11,3.2895e-11,2.0947e-11,1.4152e-11,9.5175e-12,7.4561e-12,5.8304e-12,-9999.99,-9999.99,-9999.99,-9999.99,-9999.99,-9999.99,2.47e-10,8.62e-10,2.85e-10,2.4e-10,1.21e-10,7.86e-11,4.66e-11,2.74e-11,1.81e-11,1.18e-11,7.96e-12,5.39e-12,-9999.99,2.53e-12,1.64e-12,1.07e-12,7.5e-13,5e-13,4.13e-13,3.12e-13,2.78e-13,-9999.99,-9999.99,-9999.99,-9999.99,-9999.99,-9999.99,-9999.99,2.3959e-10,1.648e-10,1.1298e-10,7.7485e-11,5.2865e-11,3.6111e-11,2.5386e-11,1.7845e-11,1.2725e-11,9.2485e-12,6.5994e-12,4.5702e-12,3.1491e-12,2.0333e-12,1.2661e-12,7.5205e-13,4.4269e-13,2.5424e-13,1.3263e-13,7.0526e-14,3.614e-14,-9999.99,7.19e-12,4.94e-12,3.39e-12,2.32e-12,1.59e-12,1.08e-12,7.62e-13,5.35e-13,3.82e-13,2.77e-13,1.98e-13,1.37e-13,9.48e-14,6.12e-14,3.82e-14,2.28e-14,1.37e-14,8.01e-15,4.87e-15,5.64e-15,5.85e-15,53.595,0.056,54.13,0.056,-13.25,0.0,0.53,106201.0
34398,106200.0,691098.7,452148.1,44221.8055439815,5373.0,238.7,47.41,36.0,-1.1982e-08,-3.9094e-08,1.5453e-08,1.2389e-08,6.3889e-09,3.8801e-09,2.3175e-09,1.2693e-09,7.4737e-10,4.652e-10,2.5526e-10,1.6848e-10,-9999.99,7.2632e-11,3.9766e-11,-9999.99,-9999.99,-9999.99,-9999.99,-9999.99,-9999.99,-9999.99,-9999.99,-9999.99,-9999.99,-9999.99,-9999.99,3.59e-10,1.18e-09,4.64e-10,3.72e-10,1.92e-10,1.17e-10,6.98e-11,3.82e-11,2.25e-11,1.41e-11,8.02e-12,5.17e-12,-9999.99,2.38e-12,1.36e-12,-9999.99,-9999.99,-9999.99,-9999.99,-9999.99,-9999.99,-9999.99,-9999.99,-9999.99,-9999.99,-9999.99,-9999.99,-9999.99,2.467e-10,1.5415e-10,1.0073e-10,6.6813e-11,4.4708e-11,3.0497e-11,2.1219e-11,1.5137e-11,1.0939e-11,8.0263e-12,5.7573e-12,4.1111e-12,2.8058e-12,1.8339e-12,1.1901e-12,7.1608e-13,4.1871e-13,2.3152e-13,1.2716e-13,7.652e-14,-9999.99,-9999.99,7.4e-12,4.62e-12,3.02e-12,2e-12,1.34e-12,9.15e-13,6.37e-13,4.54e-13,3.28e-13,2.41e-13,1.73e-13,1.23e-13,8.42e-14,5.52e-14,3.64e-14,2.18e-14,1.3e-14,7.85e-15,4.76e-15,1.25e-14,-9999.99,47.415,0.062,49.265,0.062,-13.25,0.0,1.85,106201.0
34500,106200.0,693640.2,451079.5,44221.8069560185,5473.0,241.3,52.15,37.0,-9.1959e-09,-3.5058e-08,7.1199e-09,9.1228e-09,6.038e-09,4.3129e-09,2.9708e-09,1.8678e-09,1.107e-09,6.2661e-10,3.4795e-10,1.8561e-10,-9999.99,5.9064e-11,3.9971e-11,2.3301e-11,1.531e-11,1.1006e-11,-9999.99,-9999.99,-9999.99,-9999.99,-9999.99,-9999.99,-9999.99,-9999.99,-9999.99,2.76e-10,1.05e-09,2.14e-10,2.74e-10,1.81e-10,1.3e-10,8.94e-11,5.62e-11,3.33e-11,1.9e-11,1.05e-11,5.7e-12,-9999.99,1.98e-12,1.44e-12,8.09e-13,7.29e-13,4.24e-13,-9999.99,-9999.99,-9999.99,-9999.99,-9999.99,-9999.99,-9999.99,-9999.99,-9999.99,-9999.99,3.0731e-10,1.676e-10,9.5731e-11,5.7427e-11,3.6053e-11,2.3249e-11,1.5439e-11,1.0594e-11,7.4094e-12,5.3509e-12,3.883e-12,2.7216e-12,1.8936e-12,1.2471e-12,7.6637e-13,4.8304e-13,2.8126e-13,1.6842e-13,-9999.99,-9999.99,-9999.99,-9999.99,9.22e-12,5.03e-12,2.87e-12,1.72e-12,1.08e-12,6.97e-13,4.63e-13,3.18e-13,2.22e-13,1.61e-13,1.16e-13,8.19e-14,5.72e-14,3.79e-14,2.35e-14,1.53e-14,9.17e-15,6.47e-15,-9999.99,-9999.99,-9999.99,52.145,0.057,53.725,0.057,-13.25,0.0,1.58,106201.0
34608,106200.0,696245.4,450044.6,44221.8084143519,5573.0,259.4,34.91,14.0,-2.5538e-08,-8.3129e-08,1.9854e-08,2.3348e-08,1.4319e-08,1.0067e-08,7.0994e-09,4.4415e-09,2.6722e-09,1.5187e-09,-9999.99,-9999.99,-9999.99,-9999.99,-9999.99,2.255e-11,7.9474e-12,7.3333e-12,2.9708e-12,-9999.99,-9999.99,-9999.99,-9999.99,-9999.99,-9999.99,-9999.99,-9999.99,7.66e-10,2.49e-09,5.96e-10,7e-10,4.3e-10,3.02e-10,2.13e-10,1.33e-10,8.02e-11,4.56e-11,-9999.99,-9999.99,-9999.99,-9999.99,-9999.99,1.81e-12,2.57e-12,8.95e-13,4.01e-13,-9999.99,-9999.99,-9999.99,-9999.99,-9999.99,-9999.99,-9999.99,-9999.99,-9999.99,-9999.99,-9999.99,-9999.99,-9999.99,-9999.99,-9999.99,-9999.99,-9999.99,-9999.99,-9999.99,-9999.99,-9999.99,-9999.99,-9999.99,-9999.99,-9999.99,-9999.99,-9999.99,-9999.99,-9999.99,-9999.99,-9999.99,-9999.99,-9999.99,-9999.99,-9999.99,-9999.99,-9999.99,-9999.99,-9999.99,-9999.99,-9999.99,-9999.99,-9999.99,-9999.99,-9999.99,-9999.99,-9999.99,-9999.99,-9999.99,-9999.99,-9999.99,-9999.99,34.925,0.084,36.145,0.084,-13.25,0.0,1.22,106201.0
34714,106200.0,698629.7,449056.3,44221.8098263889,5673.0,269.3,31.91,30.0,-4.0029e-08,-8.348e-08,6.2924e-08,3.2485e-08,1.2591e-08,6.4883e-09,3.1111e-09,1.3731e-09,5.7427e-10,2.3459e-10,1.1509e-10,-9999.99,-9999.99,-9999.99,-9999.99,-9999.99,-9999.99,-9999.99,-9999.99,-9999.99,-9999.99,-9999.99,-9999.99,-9999.99,-9999.99,-9999.99,-9999.99,1.2e-09,2.5e-09,1.89e-09,9.75e-10,3.78e-10,1.95e-10,9.36e-11,4.13e-11,1.74e-11,7.67e-12,4.07e-12,-9999.99,-9999.99,-9999.99,-9999.99,-9999.99,-9999.99,-9999.99,-9999.99,-9999.99,-9999.99,-9999.99,-9999.99,-9999.99,-9999.99,-9999.99,-9999.99,-9999.99,1.1216e-10,5.2749e-11,2.9114e-11,1.8228e-11,1.2006e-11,8.3158e-12,5.9386e-12,4.307e-12,3.3187e-12,2.4377e-12,1.9412e-12,1.3854e-12,1.0325e-12,7.4503e-13,4.7339e-13,3.5965e-13,2.2778e-13,1.6635e-13,-9999.99,-9999.99,-9999.99,-9999.99,3.36e-12,1.58e-12,8.73e-13,5.47e-13,3.63e-13,2.51e-13,1.8e-13,1.31e-13,1.01e-13,7.46e-14,5.96e-14,4.39e-14,3.41e-14,2.5e-14,1.81e-14,1.69e-14,1.24e-14,1.93e-14,-9999.99,-9999.99,-9999.99,31.905,0.091,33.995,0.091,-13.25,0.0,2.09,106201.0
34818,106300.0,700645.4,447327.0,44221.8119212963,5773.0,258.4,27.61,33.0,-5.0965e-08,-9.8801e-08,7.883e-08,3.9123e-08,1.5029e-08,7.8012e-09,3.7836e-09,1.7091e-09,6.9591e-10,3.038e-10,1.3632e-10,-9999.99,-9999.99,-9999.99,-9999.99,-9999.99,-9999.99,-9999.99,-9999.99,-9999.99,-9999.99,-9999.99,-9999.99,-9999.99,-9999.99,-9999.99,-9999.99,1.53e-09,2.96e-09,2.36e-09,1.17e-09,4.51e-10,2.34e-10,1.14e-10,5.14e-11,2.11e-11,9.36e-12,4.36e-12,-9999.99,-9999.99,-9999.99,-9999.99,-9999.99,-9999.99,-9999.99,-9999.99,-9999.99,-9999.99,-9999.99,-9999.99,-9999.99,-9999.99,-9999.99,-9999.99,-9999.99,1.3579e-10,6.1111e-11,3.117e-11,1.8515e-11,1.2173e-11,8.4327e-12,6.0439e-12,4.4561e-12,3.383e-12,2.4792e-12,1.9275e-12,1.426e-12,1.0322e-12,6.9444e-13,4.7836e-13,3.3889e-13,2.1389e-13,1.3599e-13,1.0342e-13,6.6257e-14,5.5234e-14,-9999.99,4.07e-12,1.83e-12,9.35e-13,5.55e-13,3.68e-13,2.55e-13,1.82e-13,1.35e-13,1.02e-13,7.46e-14,5.82e-14,4.35e-14,3.14e-14,2.14e-14,1.51e-14,1.08e-14,7.7e-15,5.06e-15,4.95e-15,4.58e-15,2.02e-14,27.605,0.107,28.56,0.107,-13.25,0.0,0.96,106301.0
34922,106300.0,698078.5,448271.1,44221.8133217593,5873.0,276.6,32.87,31.0,-3.6404e-08,-8.3918e-08,5.348e-08,3.1988e-08,1.3605e-08,7.5175e-09,3.9591e-09,1.8822e-09,8.3713e-10,3.9825e-10,1.7427e-10,7.8187e-11,-9999.99,-9999.99,-9999.99,-9999.99,-9999.99,-9999.99,-9999.99,-9999.99,-9999.99,-9999.99,-9999.99,-9999.99,-9999.99,-9999.99,-9999.99,1.09e-09,2.52e-09,1.6e-09,9.6e-10,4.08e-10,2.26e-10,1.19e-10,5.65e-11,2.54e-11,1.22e-11,5.61e-12,2.94e-12,-9999.99,-9999.99,-9999.99,-9999.99,-9999.99,-9999.99,-9999.99,-9999.99,-9999.99,-9999.99,-9999.99,-9999.99,-9999.99,-9999.99,-9999.99,-9999.99,1.7067e-10,7.7135e-11,4.1199e-11,2.4509e-11,1.5939e-11,1.0281e-11,6.6871e-12,4.8421e-12,3.6228e-12,2.8974e-12,2.1298e-12,1.8927e-12,1.5295e-12,1.1529e-12,7.5556e-13,6.4649e-13,3.462e-13,2.9108e-13,-9999.99,-9999.99,-9999.99,-9999.99,5.12e-12,2.31e-12,1.24e-12,7.35e-13,4.8e-13,3.13e-13,2.04e-13,1.55e-13,1.13e-13,9.24e-14,6.99e-14,6.44e-14,5.74e-14,4.57e-14,3.52e-14,5.89e-14,1.27e-13,2.39e-13,-9999.99,-9999.99,-9999.99,32.87,0.0905,34.04,0.0905,-13.25,0.0,1.17,106301.0
35028,106300.0,695327.5,449514.6,44221.8148148148,5973.0,257.7,31.91,31.0,-3.1433e-08,-5.5936e-08,5.2076e-08,2.1491e-08,7.2281e-09,3.4825e-09,1.4947e-09,6.6345e-10,3.0877e-10,-9999.99,-9999.99,-9999.99,-9999.99,-9999.99,-9999.99,-9999.99,-9999.99,-9999.99,-9999.99,-9999.99,-9999.99,-9999.99,-9999.99,-9999.99,-9999.99,-9999.99,-9999.99,9.43e-10,1.68e-09,1.56e-09,6.45e-10,2.18e-10,1.05e-10,4.68e-11,2.14e-11,1.03e-11,-9999.99,-9999.99,-9999.99,-9999.99,-9999.99,-9999.99,-9999.99,-9999.99,-9999.99,-9999.99,-9999.99,-9999.99,-9999.99,-9999.99,-9999.99,-9999.99,-9999.99,-9999.99,-9999.99,8.2456e-11,5.1404e-11,3.5322e-11,2.4702e-11,1.7608e-11,1.2564e-11,9.2602e-12,6.6842e-12,5.2047e-12,4.0175e-12,2.9561e-12,2.1942e-12,1.6181e-12,1.0985e-12,7.6579e-13,4.6579e-13,2.8836e-13,1.8234e-13,1.0842e-13,6.9357e-14,4.655e-14,-9999.99,2.47e-12,1.54e-12,1.06e-12,7.44e-13,5.28e-13,3.78e-13,2.79e-13,2.02e-13,1.57e-13,1.21e-13,8.96e-14,6.67e-14,4.94e-14,3.43e-14,2.45e-14,1.68e-14,1.31e-14,1.88e-13,1.39e-14,1.62e-14,7.91e-14,31.91,0.092,33.435,0.092,-13.25,0.0,1.53,106301.0
35134,106300.0,692486.2,450734.0,44221.8162962963,6073.0,243.8,51.08,39.0,-6.5439e-09,-2.6813e-08,4.8772e-09,6.424e-09,4.2865e-09,3.3187e-09,2.3471e-09,1.5085e-09,8.5e-10,4.9035e-10,2.8857e-10,1.5708e-10,-9999.99,6.3304e-11,3.193e-11,2.4909e-11,1.3985e-11,1.1316e-11,8.8216e-12,5.1111e-12,-9999.99,-9999.99,-9999.99,-9999.99,-9999.99,-9999.99,-9999.99,2e-10,8.1e-10,1.48e-10,1.93e-10,1.29e-10,1e-10,7.06e-11,4.54e-11,2.57e-11,1.49e-11,8.83e-12,4.89e-12,-9999.99,2.17e-12,1.25e-12,9.84e-13,5.55e-13,7.45e-13,2.15e-12,7.56e-13,-9999.99,-9999.99,-9999.99,-9999.99,-9999.99,-9999.99,-9999.99,-9999.99,2.5243e-10,1.4056e-10,8.2573e-11,5.0702e-11,3.2105e-11,2.1202e-11,1.4439e-11,1.0143e-11,7.1287e-12,5.2076e-12,3.8772e-12,2.7515e-12,1.957e-12,1.2927e-12,8.6404e-13,5.8275e-13,3.5643e-13,1.7164e-13,-9999.99,-9999.99,-9999.99,-9999.99,7.57e-12,4.22e-12,2.48e-12,1.52e-12,9.63e-13,6.36e-13,4.33e-13,3.04e-13,2.15e-13,1.56e-13,1.17e-13,8.28e-14,5.91e-14,3.96e-14,2.68e-14,1.91e-14,1.14e-14,7.6e-15,-9999.99,-9999.99,-9999.99,51.075,0.0585,52.765,0.0585,-13.25,0.0,1.69,106301.0
35238,106300.0,689898.0,451715.4,44221.8176041667,6173.0,236.5,51.1,43.0,-1.0155e-08,-3.9006e-08,8.2865e-09,1.0219e-08,6.269e-09,4.4152e-09,2.8591e-09,1.7412e-09,1.0374e-09,6.614e-10,4.0789e-10,2.4877e-10,-9999.99,9.4649e-11,6.7251e-11,3.8772e-11,2.5971e-11,1.5067e-11,1.1558e-11,8.3684e-12,6.2982e-12,-9999.99,-9999.99,-9999.99,-9999.99,-9999.99,-9999.99,3.05e-10,1.17e-09,2.49e-10,3.07e-10,1.88e-10,1.33e-10,8.58e-11,5.24e-11,3.13e-11,2e-11,1.23e-11,7.59e-12,-9999.99,2.97e-12,2.13e-12,1.21e-12,8.52e-13,6.49e-13,5.59e-13,5.18e-13,3.64e-13,-9999.99,-9999.99,-9999.99,-9999.99,-9999.99,-9999.99,-9999.99,3.5994e-10,2.2427e-10,1.4365e-10,9.2602e-11,6.0936e-11,4.0234e-11,2.7126e-11,1.8664e-11,1.3053e-11,9.2193e-12,6.7135e-12,4.693e-12,3.1959e-12,2.1363e-12,1.3968e-12,8.4474e-13,5.2193e-13,2.8164e-13,1.6605e-13,1.0319e-13,5.2573e-14,-9999.99,1.08e-11,6.73e-12,4.31e-12,2.78e-12,1.83e-12,1.21e-12,8.14e-13,5.6e-13,3.92e-13,2.77e-13,2.01e-13,1.41e-13,9.59e-14,6.43e-14,4.2e-14,2.55e-14,1.59e-14,8.93e-15,5.61e-15,5.45e-15,4.47e-15,51.105,0.058,52.925,0.058,-13.25,0.0,1.82,106301.0
35344,106300.0,687548.2,452794.0,44221.8189583333,6273.0,238.9,41.52,43.0,-1.7342e-08,-5.0175e-08,2.0433e-08,1.3591e-08,6.4152e-09,4.0702e-09,2.6412e-09,1.752e-09,1.198e-09,8.3158e-10,5.5292e-10,3.6871e-10,-9999.99,1.5178e-10,9.1696e-11,5.2602e-11,3.9503e-11,2.4678e-11,1.5111e-11,1.148e-11,8.1901e-12,-9999.99,-9999.99,-9999.99,-9999.99,-9999.99,-9999.99,5.22e-10,1.51e-09,6.13e-10,4.08e-10,1.92e-10,1.23e-10,7.95e-11,5.27e-11,3.61e-11,2.51e-11,1.67e-11,1.12e-11,-9999.99,4.67e-12,2.85e-12,1.62e-12,1.24e-12,7.85e-13,4.84e-13,3.93e-13,3.42e-13,-9999.99,-9999.99,-9999.99,-9999.99,-9999.99,-9999.99,-9999.99,4.8743e-10,3.2807e-10,2.1687e-10,1.4202e-10,9.3684e-11,6.2076e-11,4.2339e-11,2.8716e-11,2.0155e-11,1.4079e-11,9.6316e-12,6.4181e-12,4.0994e-12,2.5082e-12,1.5485e-12,8.8772e-13,4.7924e-13,2.6716e-13,1.374e-13,8.1696e-14,3.7544e-14,-9999.99,1.46e-11,9.84e-12,6.51e-12,4.26e-12,2.81e-12,1.86e-12,1.27e-12,8.61e-13,6.05e-13,4.22e-13,2.89e-13,1.93e-13,1.23e-13,7.55e-14,4.68e-14,2.68e-14,1.46e-14,8.47e-15,5.21e-15,4.41e-15,3.06e-15,41.515,0.0725,42.38,0.0725,-13.25,0.0,0.86,106301.0
35446,106400.0,689245.1,451115.3,44221.8215046296,6373.0,239.2,39.51,43.0,-2.1383e-08,-7.2193e-08,1.3912e-08,1.6807e-08,1.1088e-08,8.5263e-09,6.1725e-09,4.1491e-09,2.6567e-09,1.6284e-09,9.7544e-10,5.7632e-10,-9999.99,1.9848e-10,1.1015e-10,6.4649e-11,3.6959e-11,2.3523e-11,1.7246e-11,9.1316e-12,6.9152e-12,3.7135e-12,-9999.99,-9999.99,-9999.99,-9999.99,-9999.99,6.41e-10,2.17e-09,4.17e-10,5.04e-10,3.33e-10,2.56e-10,1.85e-10,1.24e-10,7.97e-11,4.89e-11,2.93e-11,1.73e-11,-9999.99,6.05e-12,3.35e-12,1.98e-12,1.17e-12,7.6e-13,5.85e-13,3.67e-13,3.02e-13,1.73e-13,-9999.99,-9999.99,-9999.99,-9999.99,-9999.99,-9999.99,8.5322e-10,5.0468e-10,2.9971e-10,1.7977e-10,1.0918e-10,6.7427e-11,4.2281e-11,2.7225e-11,1.8076e-11,1.2389e-11,8.5205e-12,5.769e-12,3.8187e-12,2.5067e-12,1.5301e-12,9.345e-13,5.4883e-13,3.117e-13,1.7462e-13,1.2904e-13,-9999.99,-9999.99,2.56e-11,1.51e-11,8.99e-12,5.39e-12,3.28e-12,2.02e-12,1.27e-12,8.17e-13,5.42e-13,3.72e-13,2.56e-13,1.73e-13,1.15e-13,7.55e-14,4.62e-14,2.85e-14,1.81e-14,1.09e-14,7.4e-15,6.56e-15,-9999.99,39.51,0.0745,41.085,0.0745,-13.25,0.0,1.57,106401.0
35552,106400.0,691781.8,450119.6,44221.8228240741,6473.0,243.2,50.98,11.0,-1.1287e-08,-3.9737e-08,1.069e-08,1.1424e-08,6.8596e-09,4.7164e-09,2.8108e-09,1.7325e-09,-9999.99,5.9094e-10,3.2164e-10,1.9292e-10,-9999.99,-9999.99,-9999.99,-9999.99,-9999.99,-9999.99,-9999.99,-9999.99,-9999.99,-9999.99,-9999.99,-9999.99,-9999.99,-9999.99,-9999.99,3.4e-10,1.2e-09,3.23e-10,3.44e-10,2.08e-10,1.45e-10,8.8e-11,5.56e-11,-9999.99,2.19e-11,1.31e-11,1.09e-11,-9999.99,-9999.99,-9999.99,-9999.99,-9999.99,-9999.99,-9999.99,-9999.99,-9999.99,-9999.99,-9999.99,-9999.99,-9999.99,-9999.99,-9999.99,-9999.99,-9999.99,-9999.99,-9999.99,-9999.99,-9999.99,-9999.99,-9999.99,-9999.99,-9999.99,-9999.99,-9999.99,-9999.99,-9999.99,-9999.99,-9999.99,-9999.99,-9999.99,-9999.99,-9999.99,-9999.99,-9999.99,-9999.99,-9999.99,-9999.99,-9999.99,-9999.99,-9999.99,-9999.99,-9999.99,-9999.99,-9999.99,-9999.99,-9999.99,-9999.99,-9999.99,-9999.99,-9999.99,-9999.99,-9999.99,-9999.99,-9999.99,-9999.99,-9999.99,50.98,0.058,52.15,0.058,-13.25,0.0,1.17,106401.0
35660,106400.0,694863.4,448841.7,44221.824837963,6573.0,259.1,30.55,35.0,-3.6901e-08,-7.7456e-08,6.1491e-08,3.0409e-08,1.095e-08,5.4094e-09,2.5921e-09,1.1333e-09,4.9123e-10,2.2798e-10,1.3588e-10,8.4415e-11,-9999.99,3.3655e-11,-9999.99,-9999.99,-9999.99,-9999.99,-9999.99,-9999.99,-9999.99,-9999.99,-9999.99,-9999.99,-9999.99,-9999.99,-9999.99,1.11e-09,2.32e-09,1.84e-09,9.12e-10,3.29e-10,1.63e-10,7.8e-11,3.43e-11,1.51e-11,7.18e-12,4.58e-12,3.18e-12,-9999.99,1.74e-12,-9999.99,-9999.99,-9999.99,-9999.99,-9999.99,-9999.99,-9999.99,-9999.99,-9999.99,-9999.99,-9999.99,-9999.99,-9999.99,-9999.99,1.1746e-10,6.4737e-11,4.0234e-11,2.7129e-11,1.8357e-11,1.298e-11,9.3655e-12,6.9357e-12,5.2778e-12,4.0409e-12,3.0468e-12,2.1848e-12,1.6766e-12,1.1705e-12,8.1287e-13,5.4386e-13,3.4123e-13,2.4509e-13,2.1415e-13,1.1962e-13,-9999.99,-9999.99,3.52e-12,1.94e-12,1.21e-12,8.17e-13,5.53e-13,3.91e-13,2.82e-13,2.09e-13,1.6e-13,1.22e-13,9.29e-14,6.73e-14,5.23e-14,3.8e-14,2.76e-14,2.04e-14,1.6e-14,1.76e-14,9.17e-14,1.97e-13,-9999.99,30.545,0.096,31.905,0.096,-13.25,0.0,1.36,106401.0
35762,106400.0,697220.9,447863.6,44221.8262152778,6673.0,281.1,57.09,27.0,-7.0439e-09,-1.9368e-08,1.2635e-08,6.9532e-09,2.898e-09,1.5044e-09,7.5906e-10,3.7778e-10,-9999.99,-9999.99,-9999.99,-9999.99,-9999.99,-9999.99,-9999.99,-9999.99,-9999.99,-9999.99,-9999.99,-9999.99,-9999.99,-9999.99,-9999.99,-9999.99,-9999.99,-9999.99,-9999.99,2.13e-10,5.91e-10,3.79e-10,2.09e-10,8.72e-11,4.57e-11,2.34e-11,1.17e-11,-9999.99,-9999.99,-9999.99,-9999.99,-9999.99,-9999.99,-9999.99,-9999.99,-9999.99,-9999.99,-9999.99,-9999.99,-9999.99,-9999.99,-9999.99,-9999.99,-9999.99,-9999.99,-9999.99,-9999.99,3.7105e-11,1.988e-11,1.1868e-11,8.7018e-12,6.038e-12,4.4561e-12,3.386e-12,2.5249e-12,1.9602e-12,1.6576e-12,1.3041e-12,9.4123e-13,7.3567e-13,5.2368e-13,5.2018e-13,2.6942e-13,2.0942e-13,1.4541e-13,-9999.99,-9999.99,-9999.99,-9999.99,1.12e-12,6e-13,3.57e-13,2.65e-13,1.87e-13,1.37e-13,1.08e-13,8e-14,6.21e-14,5.32e-14,4.33e-14,3.07e-14,2.61e-14,2e-14,2.18e-14,1.9e-14,4.29e-14,1.83e-14,-9999.99,-9999.99,-9999.99,57.085,0.052,58.64,0.052,-13.25,0.0,1.55,106401.0
35866,106400.0,699733.1,446794.2,44221.827650463,6773.0,261.9,32.73,37.0,-2.5061e-08,-5.6842e-08,2.7825e-08,1.6588e-08,9.3567e-09,6.6345e-09,4.5029e-09,2.8327e-09,1.6599e-09,9.5585e-10,5.1667e-10,2.5351e-10,-9999.99,5.3246e-11,2.848e-11,-9999.99,-9999.99,-9999.99,-9999.99,-9999.99,-9999.99,-9999.99,-9999.99,-9999.99,-9999.99,-9999.99,-9999.99,7.52e-10,1.71e-09,8.35e-10,4.98e-10,2.81e-10,1.99e-10,1.35e-10,8.5e-11,5e-11,2.88e-11,1.56e-11,7.73e-12,-9999.99,1.69e-12,1.06e-12,-9999.99,-9999.99,-9999.99,-9999.99,-9999.99,-9999.99,-9999.99,-9999.99,-9999.99,-9999.99,-9999.99,-9999.99,-9999.99,4.3918e-10,2.2167e-10,1.0942e-10,5.4006e-11,2.7044e-11,1.4471e-11,8.2807e-12,5.1257e-12,3.4649e-12,2.5418e-12,1.8564e-12,1.3491e-12,9.5819e-13,7.4269e-13,4.6374e-13,2.9532e-13,1.8787e-13,1.2211e-13,8.2719e-14,4.345e-14,2.5082e-14,-9999.99,1.32e-11,6.65e-12,3.28e-12,1.62e-12,8.11e-13,4.36e-13,2.5e-13,1.54e-13,1.05e-13,7.68e-14,5.64e-14,4.11e-14,2.99e-14,2.35e-14,1.47e-14,1.01e-14,7.21e-15,5.54e-15,5.07e-15,1.75e-14,1.48e-14,32.725,0.09,33.97,0.09,-13.25,0.0,1.24,106401.0
35966,106500.0,699909.9,445940.7,44221.8314814815,6873.0,245.2,29.64,31.0,-4.6667e-08,-1.2769e-07,4.5205e-08,3.924e-08,2.3076e-08,1.5623e-08,1.0213e-08,6.0146e-09,3.4971e-09,1.8988e-09,1.0181e-09,5.0819e-10,-9999.99,1.233e-10,6.383e-11,3.3216e-11,2.3389e-11,1.264e-11,2.9591e-12,-9999.99,-9999.99,-9999.99,-9999.99,-9999.99,-9999.99,-9999.99,-9999.99,1.4e-09,3.83e-09,1.36e-09,1.18e-09,6.92e-10,4.69e-10,3.06e-10,1.8e-10,1.05e-10,5.7e-11,3.06e-11,1.53e-11,-9999.99,3.81e-12,2e-12,1.07e-12,8.37e-13,8.17e-13,1.22e-12,-9999.99,-9999.99,-9999.99,-9999.99,-9999.99,-9999.99,-9999.99,-9999.99,-9999.99,8.6959e-10,4.3041e-10,2.1284e-10,1.0769e-10,5.769e-11,3.3977e-11,2.2632e-11,1.5959e-11,1.036e-11,7.7281e-12,5.4181e-12,-9999.99,-9999.99,-9999.99,-9999.99,-9999.99,-9999.99,-9999.99,-9999.99,-9999.99,-9999.99,-9999.99,2.61e-11,1.29e-11,6.39e-12,3.23e-12,1.73e-12,1.02e-12,6.79e-13,4.82e-13,3.12e-13,2.33e-13,1.64e-13,-9999.99,-9999.99,-9999.99,-9999.99,-9999.99,-9999.99,-9999.99,-9999.99,-9999.99,-9999.99,29.645,0.0995,30.71,0.0995,-13.25,0.0,1.07,106501.0
36070,106500.0,697626.6,446867.8,44221.8329513889,6973.0,272.0,47.63,9.0,-1.2982e-08,-4.0819e-08,1.7933e-08,1.3988e-08,6.9152e-09,4.0731e-09,2.2936e-09,1.2023e-09,5.9123e-10,-9999.99,-9999.99,-9999.99,-9999.99,-9999.99,-9999.99,-9999.99,-9999.99,-9999.99,-9999.99,-9999.99,-9999.99,-9999.99,-9999.99,-9999.99,-9999.99,-9999.99,-9999.99,3.91e-10,1.23e-09,5.38e-10,4.2e-10,2.07e-10,1.23e-10,6.9e-11,3.63e-11,1.8e-11,-9999.99,-9999.99,-9999.99,-9999.99,-9999.99,-9999.99,-9999.99,-9999.99,-9999.99,-9999.99,-9999.99,-9999.99,-9999.99,-9999.99,-9999.99,-9999.99,-9999.99,-9999.99,-9999.99,-9999.99,-9999.99,-9999.99,-9999.99,-9999.99,-9999.99,-9999.99,-9999.99,-9999.99,-9999.99,-9999.99,-9999.99,-9999.99,-9999.99,-9999.99,-9999.99,-9999.99,-9999.99,-9999.99,-9999.99,-9999.99,-9999.99,-9999.99,-9999.99,-9999.99,-9999.99,-9999.99,-9999.99,-9999.99,-9999.99,-9999.99,-9999.99,-9999.99,-9999.99,-9999.99,-9999.99,-9999.99,-9999.99,-9999.99,-9999.99,-9999.99,-9999.99,-9999.99,47.53,0.0625,48.75,0.062,-13.25,0.0,1.22,106501.0
36172,106500.0,695332.3,447799.5,44221.8342939815,7073.0,259.0,50.15,32.0,-1.1181e-08,-3.6111e-08,1.4558e-08,1.2383e-08,6.6228e-09,4.114e-09,2.3412e-09,1.2061e-09,6.1842e-10,3.0643e-10,1.3538e-10,7.0994e-11,-9999.99,-9999.99,-9999.99,-9999.99,-9999.99,-9999.99,-9999.99,-9999.99,-9999.99,-9999.99,-9999.99,-9999.99,-9999.99,-9999.99,-9999.99,3.35e-10,1.08e-09,4.37e-10,3.71e-10,1.99e-10,1.24e-10,7.05e-11,3.63e-11,1.87e-11,9.65e-12,4.55e-12,2.87e-12,-9999.99,-9999.99,-9999.99,-9999.99,-9999.99,-9999.99,-9999.99,-9999.99,-9999.99,-9999.99,-9999.99,-9999.99,-9999.99,-9999.99,-9999.99,-9999.99,1.362e-10,6.6345e-11,3.6345e-11,2.1731e-11,1.4184e-11,9.5146e-12,6.6871e-12,4.7953e-12,3.6959e-12,2.8547e-12,2.2047e-12,1.6918e-12,1.262e-12,8.5731e-13,6.3012e-13,4.1696e-13,2.3833e-13,1.6167e-13,-9999.99,-9999.99,-9999.99,-9999.99,4.09e-12,1.99e-12,1.09e-12,6.52e-13,4.27e-13,2.86e-13,2.02e-13,1.45e-13,1.12e-13,8.65e-14,6.7e-14,5.18e-14,3.84e-14,2.65e-14,1.96e-14,1.46e-14,1.04e-14,1.01e-14,-9999.99,-9999.99,-9999.99,50.15,0.059,51.21,0.059,-13.25,0.0,1.06,106501.0
36278,106500.0,692637.6,448862.1,44221.8358333333,7173.0,243.5,47.76,40.0,-1.2632e-08,-4.6345e-08,8.193e-09,1.1099e-08,7.5936e-09,5.7573e-09,4.1023e-09,2.6775e-09,1.6673e-09,9.7456e-10,5.5526e-10,2.9825e-10,-9999.99,8.8333e-11,4.6784e-11,3.0292e-11,2.052e-11,1.1857e-11,-9999.99,-9999.99,-9999.99,-9999.99,-9999.99,-9999.99,-9999.99,-9999.99,-9999.99,3.79e-10,1.39e-09,2.46e-10,3.33e-10,2.28e-10,1.73e-10,1.23e-10,8.03e-11,5e-11,2.94e-11,1.68e-11,9.07e-12,-9999.99,2.82e-12,1.59e-12,9.63e-13,8.93e-13,8.93e-13,-9999.99,-9999.99,-9999.99,-9999.99,-9999.99,-9999.99,-9999.99,-9999.99,-9999.99,-9999.99,4.7251e-10,2.5737e-10,1.4137e-10,8e-11,4.7807e-11,2.9386e-11,1.8927e-11,1.2579e-11,8.9591e-12,6.3509e-12,4.5146e-12,3.1696e-12,2.3029e-12,1.4889e-12,1.0111e-12,6.4006e-13,3.8977e-13,2.2535e-13,1.6111e-13,7.7719e-14,7.8509e-14,-9999.99,1.42e-11,7.72e-12,4.24e-12,2.4e-12,1.43e-12,8.82e-13,5.68e-13,3.77e-13,2.7e-13,1.91e-13,1.36e-13,9.57e-14,7e-14,4.6e-14,3.17e-14,2.07e-14,1.68e-14,8.79e-15,7.33e-15,5.3e-15,3.38e-14,47.755,0.062,49.365,0.062,-13.25,0.0,1.61,106501.0
36384,106500.0,690527.0,449962.8,44221.8371296296,7273.0,240.8,44.77,39.0,-1.8713e-08,-6.5146e-08,1.2661e-08,1.7015e-08,1.1167e-08,8.2135e-09,5.6374e-09,3.5585e-09,2.0442e-09,1.1421e-09,7.0497e-10,3.9269e-10,-9999.99,1.2234e-10,7.0585e-11,4.9532e-11,3.0936e-11,-9999.99,-9999.99,-9999.99,-9999.99,-9999.99,-9999.99,-9999.99,-9999.99,-9999.99,-9999.99,5.61e-10,1.95e-09,3.8e-10,5.1e-10,3.35e-10,2.46e-10,1.69e-10,1.07e-10,6.13e-11,3.44e-11,2.12e-11,1.18e-11,-9999.99,3.79e-12,2.23e-12,1.55e-12,9.9e-13,-9999.99,-9999.99,-9999.99,-9999.99,-9999.99,-9999.99,-9999.99,-9999.99,-9999.99,-9999.99,-9999.99,6.0351e-10,3.4737e-10,2.0173e-10,1.2175e-10,7.8538e-11,5.1257e-11,3.538e-11,2.567e-11,1.7088e-11,1.2126e-11,8.5497e-12,5.7515e-12,3.9123e-12,2.6465e-12,1.6278e-12,1.0237e-12,6.386e-13,3.9327e-13,2.4936e-13,1.5488e-13,8.6725e-14,-9999.99,1.81e-11,1.04e-11,6.05e-12,3.65e-12,2.36e-12,1.54e-12,1.06e-12,7.7e-13,5.13e-13,3.64e-13,2.56e-13,1.73e-13,1.18e-13,7.97e-14,4.92e-14,3.1e-14,2e-14,1.21e-14,7.93e-15,5.73e-15,3.59e-15,44.77,0.065,47.145,0.065,-13.25,0.0,2.37,106501.0
36488,106500.0,688600.9,450578.7,44221.8383333333,7373.0,241.0,36.07,42.0,-2.7591e-08,-8.9942e-08,2.1158e-08,2.4436e-08,1.524e-08,1.0798e-08,7.2281e-09,4.4883e-09,2.6591e-09,1.6085e-09,9.5175e-10,5.6667e-10,-9999.99,1.9544e-10,1.2658e-10,6.9298e-11,4.1082e-11,2.619e-11,1.6202e-11,9.2515e-12,-9999.99,-9999.99,-9999.99,-9999.99,-9999.99,-9999.99,-9999.99,8.28e-10,2.7e-09,6.35e-10,7.33e-10,4.57e-10,3.24e-10,2.17e-10,1.35e-10,7.98e-11,4.83e-11,2.86e-11,1.71e-11,-9999.99,5.92e-12,3.86e-12,2.11e-12,1.28e-12,8.67e-13,5.56e-13,1.93e-12,-9999.99,-9999.99,-9999.99,-9999.99,-9999.99,-9999.99,-9999.99,-9999.99,8.383e-10,4.9912e-10,3.0351e-10,1.8681e-10,1.1626e-10,7.2602e-11,4.6111e-11,3.0029e-11,2.0105e-11,1.3769e-11,9.5058e-12,6.3538e-12,4.1842e-12,2.6629e-12,1.6921e-12,9.9883e-13,5.2456e-13,3.2339e-13,1.7137e-13,8.5643e-14,4.9766e-14,-9999.99,2.51e-11,1.5e-11,9.11e-12,5.6e-12,3.49e-12,2.18e-12,1.38e-12,9.01e-13,6.03e-13,4.13e-13,2.85e-13,1.91e-13,1.26e-13,8.02e-14,5.13e-14,3.04e-14,1.6e-14,1.02e-14,5.76e-15,4.08e-15,3.69e-15,36.07,0.0815,37.63,0.0815,-13.25,0.0,1.56,106501.0
36596,106600.0,687700.4,450059.2,44221.8405555556,7473.0,239.3,27.72,46.0,-5.8713e-08,-1.7123e-07,5.5263e-08,5.4649e-08,3.1433e-08,2.045e-08,1.2602e-08,7.2193e-09,4.0643e-09,2.3608e-09,1.3962e-09,8.1111e-10,-9999.99,2.8126e-10,1.6456e-10,9.5819e-11,5.7047e-11,3.9474e-11,2.2003e-11,1.4757e-11,9.8626e-12,6.6053e-12,4.9386e-12,3.3216e-12,-9999.99,-9999.99,-9999.99,1.76e-09,5.14e-09,1.66e-09,1.64e-09,9.43e-10,6.14e-10,3.78e-10,2.17e-10,1.22e-10,7.08e-11,4.19e-11,2.44e-11,-9999.99,8.49e-12,4.99e-12,2.9e-12,1.76e-12,1.25e-12,7.08e-13,5.24e-13,3.98e-13,2.79e-13,3.11e-13,1.02e-11,-9999.99,-9999.99,-9999.99,-9999.99,1.2199e-09,7.0906e-10,4.2251e-10,2.5488e-10,1.5538e-10,9.576e-11,6.0556e-11,3.8947e-11,2.5772e-11,1.7477e-11,1.1608e-11,7.6754e-12,4.9561e-12,3.1111e-12,1.8912e-12,1.1313e-12,6.8246e-13,4.383e-13,2.5281e-13,2.2947e-13,1.4459e-13,-9999.99,3.66e-11,2.13e-11,1.27e-11,7.65e-12,4.66e-12,2.87e-12,1.82e-12,1.17e-12,7.73e-13,5.24e-13,3.49e-13,2.31e-13,1.49e-13,9.4e-14,5.75e-14,3.64e-14,2.48e-14,1.74e-14,1.3e-14,1.65e-14,1.04e-13,27.72,0.106,28.675,0.106,-13.25,0.0,0.95,106601.0
36704,106600.0,689756.1,449179.3,44221.8420486111,7573.0,239.5,29.45,39.0,-4.6491e-08,-1.4061e-07,4.2719e-08,4.4883e-08,2.6488e-08,1.7635e-08,1.1249e-08,6.2456e-09,3.4006e-09,1.8547e-09,1.0173e-09,5.7047e-10,-9999.99,1.7956e-10,1.1295e-10,6.4766e-11,3.9269e-11,2.6e-11,1.324e-11,1.0912e-11,-9999.99,-9999.99,-9999.99,-9999.99,-9999.99,-9999.99,-9999.99,1.39e-09,4.22e-09,1.28e-09,1.35e-09,7.95e-10,5.29e-10,3.37e-10,1.87e-10,1.02e-10,5.56e-11,3.06e-11,1.72e-11,-9999.99,5.44e-12,3.47e-12,1.98e-12,1.22e-12,8.79e-13,4.83e-13,1.37e-12,-9999.99,-9999.99,-9999.99,-9999.99,-9999.99,-9999.99,-9999.99,-9999.99,9.1053e-10,4.9503e-10,2.8518e-10,1.7094e-10,1.036e-10,6.5789e-11,4.2251e-11,2.762e-11,1.8614e-11,1.2965e-11,8.9123e-12,6.1316e-12,4.0965e-12,2.5713e-12,1.6181e-12,9.2485e-13,5.4971e-13,3.2749e-13,-9999.99,-9999.99,-9999.99,-9999.99,2.73e-11,1.49e-11,8.56e-12,5.13e-12,3.11e-12,1.97e-12,1.27e-12,8.29e-13,5.58e-13,3.89e-13,2.67e-13,1.84e-13,1.23e-13,7.79e-14,4.98e-14,2.87e-14,1.84e-14,1.39e-14,-9999.99,-9999.99,-9999.99,29.45,0.099,30.96,0.099,-13.25,0.0,1.51,106601.0
36806,106600.0,691955.0,448433.1,44221.8432523148,7673.0,240.8,38.92,23.0,-2.2912e-08,-7.5731e-08,1.6398e-08,2.0026e-08,1.3137e-08,9.7602e-09,6.655e-09,4.2193e-09,2.507e-09,1.4105e-09,7.8684e-10,4.1696e-10,-9999.99,1.0813e-10,6.2485e-11,4.962e-11,4.1462e-11,-9999.99,-9999.99,-9999.99,-9999.99,-9999.99,-9999.99,-9999.99,-9999.99,-9999.99,-9999.99,6.87e-10,2.27e-09,4.92e-10,6.01e-10,3.94e-10,2.93e-10,2e-10,1.27e-10,7.52e-11,4.23e-11,2.37e-11,1.26e-11,-9999.99,3.45e-12,2.84e-12,2.05e-12,1.57e-12,-9999.99,-9999.99,-9999.99,-9999.99,-9999.99,-9999.99,-9999.99,-9999.99,-9999.99,-9999.99,-9999.99,6.8158e-10,3.655e-10,1.9994e-10,1.1582e-10,7.2719e-11,-9999.99,-9999.99,-9999.99,-9999.99,-9999.99,-9999.99,-9999.99,-9999.99,-9999.99,-9999.99,-9999.99,-9999.99,-9999.99,-9999.99,-9999.99,-9999.99,-9999.99,2.04e-11,1.1e-11,6e-12,3.47e-12,2.18e-12,-9999.99,-9999.99,-9999.99,-9999.99,-9999.99,-9999.99,-9999.99,-9999.99,-9999.99,-9999.99,-9999.99,-9999.99,-9999.99,-9999.99,-9999.99,-9999.99,38.925,0.075,40.97,0.075,-13.25,0.0,2.05,106601.0
36910,106600.0,694355.5,447287.6,44221.8446527778,7773.0,255.3,36.45,10.0,-2.4573e-08,-6.2953e-08,3.7193e-08,2.3915e-08,1.0474e-08,5.7427e-09,3.0263e-09,1.4789e-09,6.9415e-10,3.1813e-10,-9999.99,-9999.99,-9999.99,-9999.99,-9999.99,-9999.99,-9999.99,-9999.99,-9999.99,-9999.99,-9999.99,-9999.99,-9999.99,-9999.99,-9999.99,-9999.99,-9999.99,7.37e-10,1.89e-09,1.12e-09,7.17e-10,3.14e-10,1.72e-10,9.11e-11,4.47e-11,2.1e-11,9.89e-12,-9999.99,-9999.99,-9999.99,-9999.99,-9999.99,-9999.99,-9999.99,-9999.99,-9999.99,-9999.99,-9999.99,-9999.99,-9999.99,-9999.99,-9999.99,-9999.99,-9999.99,-9999.99,-9999.99,-9999.99,-9999.99,-9999.99,-9999.99,-9999.99,-9999.99,-9999.99,-9999.99,-9999.99,-9999.99,-9999.99,-9999.99,-9999.99,-9999.99,-9999.99,-9999.99,-9999.99,-9999.99,-9999.99,-9999.99,-9999.99,-9999.99,-9999.99,-9999.99,-9999.99,-9999.99,-9999.99,-9999.99,-9999.99,-9999.99,-9999.99,-9999.99,-9999.99,-9999.99,-9999.99,-9999.99,-9999.99,-9999.99,-9999.99,-9999.99,-9999.99,-9999.99,36.45,0.081,38.03,0.081,-13.25,0.0,1.58,106601.0
37018,106600.0,697026.6,446223.3,44221.8461805556,7873.0,281.1,50.49,28.0,-9.7807e-09,-2.8474e-08,1.6076e-08,1.0561e-08,4.8801e-09,2.7874e-09,1.4325e-09,7.193e-10,2.6711e-10,1.3635e-10,-9999.99,-9999.99,-9999.99,-9999.99,-9999.99,-9999.99,-9999.99,-9999.99,-9999.99,-9999.99,-9999.99,-9999.99,-9999.99,-9999.99,-9999.99,-9999.99,-9999.99,2.93e-10,8.57e-10,4.82e-10,3.17e-10,1.47e-10,8.42e-11,4.33e-11,2.19e-11,8.49e-12,4.95e-12,-9999.99,-9999.99,-9999.99,-9999.99,-9999.99,-9999.99,-9999.99,-9999.99,-9999.99,-9999.99,-9999.99,-9999.99,-9999.99,-9999.99,-9999.99,-9999.99,-9999.99,-9999.99,6.0439e-11,2.6737e-11,1.3997e-11,9.0965e-12,6.1696e-12,4.6462e-12,3.3012e-12,2.598e-12,2.1146e-12,1.6377e-12,1.2991e-12,1.0149e-12,8.0556e-13,6.0731e-13,4.5029e-13,2.9795e-13,2.1173e-13,-9999.99,-9999.99,-9999.99,-9999.99,-9999.99,1.81e-12,8.07e-13,4.21e-13,2.74e-13,1.88e-13,1.41e-13,9.97e-14,8e-14,6.43e-14,5.03e-14,3.99e-14,3.12e-14,2.51e-14,1.9e-14,1.49e-14,9.65e-15,8.58e-15,-9999.99,-9999.99,-9999.99,-9999.99,50.495,0.0585,52.175,0.0585,-13.25,0.0,1.68,106601.0
37126,106600.0,699669.1,445080.3,44221.8475925926,7973.0,245.7,32.37,38.0,-3.6316e-08,-1.067e-07,3.1023e-08,3.1228e-08,1.9196e-08,1.3819e-08,9.4561e-09,5.8596e-09,3.4357e-09,1.9269e-09,1.024e-09,5.2982e-10,-9999.99,1.2719e-10,6.4035e-11,2.8845e-11,-9999.99,-9999.99,-9999.99,-9999.99,-9999.99,-9999.99,-9999.99,-9999.99,-9999.99,-9999.99,-9999.99,1.09e-09,3.2e-09,9.31e-10,9.37e-10,5.76e-10,4.15e-10,2.84e-10,1.76e-10,1.03e-10,5.78e-11,3.08e-11,1.59e-11,-9999.99,3.88e-12,2.03e-12,9.58e-13,-9999.99,-9999.99,-9999.99,-9999.99,-9999.99,-9999.99,-9999.99,-9999.99,-9999.99,-9999.99,-9999.99,-9999.99,8.9532e-10,4.4942e-10,2.2032e-10,1.0962e-10,5.5848e-11,3.117e-11,1.869e-11,1.0924e-11,6.7047e-12,4.6082e-12,3.231e-12,2.5143e-12,1.8418e-12,1.2968e-12,9.2602e-13,6.4415e-13,4.6082e-13,3.5556e-13,2.1556e-13,1.2737e-13,1.0096e-13,-9999.99,2.69e-11,1.35e-11,6.61e-12,3.29e-12,1.68e-12,9.35e-13,5.61e-13,3.28e-13,2.02e-13,1.39e-13,9.89e-14,7.59e-14,5.58e-14,3.94e-14,2.94e-14,2.04e-14,1.5e-14,1.25e-14,9.59e-15,1.1e-14,8.47e-15,32.37,0.09,34.14,0.09,-13.25,0.0,1.77,106601.0
37226,106700.0,700057.5,444145.2,44223.6415972222,44.0,255.1,30.64,42.0,-3.4971e-08,-1.0395e-07,3.1579e-08,3.0029e-08,1.7333e-08,1.2143e-08,8.3392e-09,5.3947e-09,3.4064e-09,2.074e-09,1.198e-09,6.5058e-10,3.4327e-10,1.7702e-10,8.5058e-11,4.6988e-11,2.5444e-11,1.4114e-11,8.6374e-12,4.8246e-12,-9999.99,-9999.99,-9999.99,-9999.99,-9999.99,-9999.99,-9999.99,1.05e-09,3.12e-09,9.47e-10,9.01e-10,5.2e-10,3.64e-10,2.5e-10,1.62e-10,1.02e-10,6.22e-11,3.59e-11,1.96e-11,1.04e-11,5.35e-12,2.64e-12,1.48e-12,8.45e-13,5e-13,4.32e-13,4.97e-13,-9999.99,-9999.99,-9999.99,-9999.99,-9999.99,-9999.99,-9999.99,1.5664e-09,9.1754e-10,5.1725e-10,2.812e-10,1.4904e-10,7.8567e-11,4.114e-11,2.1918e-11,1.1763e-11,6.5906e-12,3.9152e-12,2.4795e-12,1.7453e-12,1.2959e-12,9.1754e-13,6.3304e-13,4.4152e-13,3.1257e-13,1.9781e-13,1.3146e-13,8.3567e-14,4.5175e-14,4.7e-11,2.75e-11,1.55e-11,8.44e-12,4.47e-12,2.36e-12,1.23e-12,6.58e-13,3.54e-13,1.98e-13,1.17e-13,7.51e-14,5.27e-14,3.95e-14,2.82e-14,1.94e-14,1.39e-14,1.04e-14,6.65e-15,5.14e-15,4.21e-15,3.04e-15,30.64,0.097,31.32,0.097,-13.25,0.0,0.68,106701.0
37328,106700.0,697980.6,444963.4,44223.6428356481,144.0,261.8,35.65,34.0,-2.5319e-08,-6.4971e-08,3.5146e-08,2.4015e-08,1.1474e-08,6.8596e-09,3.886e-09,1.9541e-09,9.1433e-10,4.5556e-10,1.9731e-10,9.3421e-11,-9999.99,-9999.99,-9999.99,-9999.99,-9999.99,-9999.99,-9999.99,-9999.99,-9999.99,-9999.99,-9999.99,-9999.99,-9999.99,-9999.99,-9999.99,7.6e-10,1.95e-09,1.05e-09,7.2e-10,3.44e-10,2.06e-10,1.17e-10,5.88e-11,2.76e-11,1.4e-11,6.2e-12,3.05e-12,-9999.99,-9999.99,-9999.99,-9999.99,-9999.99,-9999.99,-9999.99,-9999.99,-9999.99,-9999.99,-9999.99,-9999.99,-9999.99,-9999.99,-9999.99,3.5263e-10,1.5301e-10,6.7573e-11,3.2573e-11,1.7886e-11,1.0541e-11,6.9971e-12,5.2778e-12,3.8947e-12,2.9912e-12,2.2684e-12,1.9178e-12,1.4216e-12,1.0588e-12,7.7544e-13,4.9211e-13,3.6725e-13,2.4061e-13,1.4275e-13,1.0702e-13,6.5614e-14,3.655e-14,1.06e-11,4.59e-12,2.03e-12,9.77e-13,5.38e-13,3.19e-13,2.13e-13,1.6e-13,1.19e-13,9.06e-14,6.9e-14,5.83e-14,4.38e-14,3.26e-14,2.4e-14,1.55e-14,1.17e-14,8.81e-15,5.68e-15,5.18e-15,5.99e-15,6.98e-15,35.645,0.083,36.77,0.083,-13.25,0.0,1.12,106701.0
37434,106700.0,695809.1,445885.3,44223.6441898148,244.0,271.4,40.21,35.0,-1.8161e-08,-5.4503e-08,2.367e-08,1.9977e-08,1.0503e-08,6.4825e-09,3.7251e-09,1.9178e-09,9.5292e-10,4.4006e-10,2.0386e-10,9.348e-11,3.8538e-11,-9999.99,-9999.99,-9999.99,-9999.99,-9999.99,-9999.99,-9999.99,-9999.99,-9999.99,-9999.99,-9999.99,-9999.99,-9999.99,-9999.99,5.45e-10,1.64e-09,7.1e-10,5.99e-10,3.15e-10,1.94e-10,1.12e-10,5.77e-11,2.88e-11,1.35e-11,6.4e-12,3.25e-12,1.54e-12,-9999.99,-9999.99,-9999.99,-9999.99,-9999.99,-9999.99,-9999.99,-9999.99,-9999.99,-9999.99,-9999.99,-9999.99,-9999.99,-9999.99,3.6579e-10,1.6436e-10,7.5643e-11,3.6316e-11,1.9006e-11,1.1333e-11,7.5088e-12,5.3275e-12,3.9591e-12,2.9795e-12,2.3623e-12,1.7813e-12,1.4339e-12,1.064e-12,8.1345e-13,5.8509e-13,4.2339e-13,2.798e-13,1.6863e-13,1.1579e-13,7.2456e-14,4.3304e-14,1.1e-11,4.93e-12,2.27e-12,1.09e-12,5.72e-13,3.42e-13,2.26e-13,1.61e-13,1.2e-13,9.06e-14,7.18e-14,5.4e-14,4.34e-14,3.28e-14,2.51e-14,1.82e-14,1.38e-14,9.07e-15,6.14e-15,5.09e-15,3.59e-15,4.21e-15,40.21,0.0735,41.535,0.0735,-13.25,0.0,1.33,106701.0
37538,106700.0,693527.2,446815.4,44223.645462963,344.0,255.6,30.51,12.0,-3.7164e-08,-1.038e-07,4.2778e-08,3.6345e-08,1.9433e-08,1.2079e-08,7.0088e-09,3.7368e-09,1.8167e-09,9.3041e-10,4.2544e-10,2.3529e-10,-9999.99,-9999.99,-9999.99,-9999.99,-9999.99,-9999.99,-9999.99,-9999.99,-9999.99,-9999.99,-9999.99,-9999.99,-9999.99,-9999.99,-9999.99,1.11e-09,3.11e-09,1.28e-09,1.09e-09,5.83e-10,3.62e-10,2.1e-10,1.12e-10,5.47e-11,2.81e-11,1.31e-11,7.48e-12,-9999.99,-9999.99,-9999.99,-9999.99,-9999.99,-9999.99,-9999.99,-9999.99,-9999.99,-9999.99,-9999.99,-9999.99,-9999.99,-9999.99,-9999.99,-9999.99,-9999.99,-9999.99,-9999.99,-9999.99,-9999.99,-9999.99,-9999.99,-9999.99,-9999.99,-9999.99,-9999.99,-9999.99,-9999.99,-9999.99,-9999.99,-9999.99,-9999.99,-9999.99,-9999.99,-9999.99,-9999.99,-9999.99,-9999.99,-9999.99,-9999.99,-9999.99,-9999.99,-9999.99,-9999.99,-9999.99,-9999.99,-9999.99,-9999.99,-9999.99,-9999.99,-9999.99,-9999.99,-9999.99,-9999.99,-9999.99,-9999.99,-9999.99,-9999.99,30.51,0.096,31.95,0.096,-13.25,0.0,1.44,106701.0
37644,106700.0,691111.3,447823.9,44223.6467708333,444.0,239.8,40.72,34.0,-2.0354e-08,-7.2573e-08,1.3895e-08,1.8099e-08,1.1936e-08,9.0205e-09,6.4064e-09,4.1842e-09,2.581e-09,1.5342e-09,8.9298e-10,4.7076e-10,2.6936e-10,1.5181e-10,7.8626e-11,-9999.99,-9999.99,-9999.99,-9999.99,-9999.99,-9999.99,-9999.99,-9999.99,-9999.99,-9999.99,-9999.99,-9999.99,6.11e-10,2.18e-09,4.17e-10,5.43e-10,3.58e-10,2.71e-10,1.92e-10,1.26e-10,7.74e-11,4.6e-11,2.69e-11,1.42e-11,8.22e-12,4.72e-12,2.48e-12,-9999.99,-9999.99,-9999.99,-9999.99,-9999.99,-9999.99,-9999.99,-9999.99,-9999.99,-9999.99,-9999.99,-9999.99,1.1754e-09,6.8012e-10,3.8538e-10,2.1892e-10,1.2716e-10,7.6696e-11,4.845e-11,3.1901e-11,2.2012e-11,1.5436e-11,1.0749e-11,7.9211e-12,5.2193e-12,3.5322e-12,2.3959e-12,1.5868e-12,9.8187e-13,5.3041e-13,3.0731e-13,-9999.99,-9999.99,-9999.99,3.53e-11,2.04e-11,1.16e-11,6.57e-12,3.81e-12,2.3e-12,1.45e-12,9.57e-13,6.6e-13,4.63e-13,3.22e-13,2.38e-13,1.58e-13,1.07e-13,7.31e-14,5.06e-14,3.08e-14,1.78e-14,1.2e-14,-9999.99,-9999.99,-9999.99,40.72,0.072,43.16,0.0725,-13.25,0.0,2.44,106701.0
37748,106700.0,688852.4,448733.1,44223.6480671296,544.0,238.3,36.07,5.0,-9999.99,-9999.99,-9999.99,-9999.99,-9999.99,-9999.99,-9999.99,5.0702e-09,3.2076e-09,1.9462e-09,1.1974e-09,7.0877e-10,-9999.99,-9999.99,-9999.99,-9999.99,-9999.99,-9999.99,-9999.99,-9999.99,-9999.99,-9999.99,-9999.99,-9999.99,-9999.99,-9999.99,-9999.99,-9999.99,-9999.99,-9999.99,-9999.99,-9999.99,-9999.99,-9999.99,1.52e-10,9.65e-11,5.84e-11,3.62e-11,2.15e-11,-9999.99,-9999.99,-9999.99,-9999.99,-9999.99,-9999.99,-9999.99,-9999.99,-9999.99,-9999.99,-9999.99,-9999.99,-9999.99,-9999.99,-9999.99,-9999.99,-9999.99,-9999.99,-9999.99,-9999.99,-9999.99,-9999.99,-9999.99,-9999.99,-9999.99,-9999.99,-9999.99,-9999.99,-9999.99,-9999.99,-9999.99,-9999.99,-9999.99,-9999.99,-9999.99,-9999.99,-9999.99,-9999.99,-9999.99,-9999.99,-9999.99,-9999.99,-9999.99,-9999.99,-9999.99,-9999.99,-9999.99,-9999.99,-9999.99,-9999.99,-9999.99,-9999.99,-9999.99,-9999.99,-9999.99,-9999.99,-9999.99,-9999.99,-9999.99,36.07,0.082,37.0,0.082,-13.25,0.0,0.93,106701.0
37854,106800.0,687868.1,448278.9,44223.6503935185,644.0,240.0,33.85,24.0,-4.9094e-08,-1.5079e-07,3.424e-08,4.0994e-08,2.502e-08,1.7652e-08,1.1535e-08,7.0877e-09,4.2368e-09,2.7371e-09,1.7058e-09,1.0348e-09,6.8421e-10,3.9766e-10,2.5278e-10,1.5424e-10,1.1099e-10,6.3918e-11,3.5205e-11,-9999.99,-9999.99,-9999.99,-9999.99,-9999.99,-9999.99,-9999.99,-9999.99,1.47e-09,4.52e-09,1.03e-09,1.23e-09,7.51e-10,5.3e-10,3.46e-10,2.13e-10,1.27e-10,8.21e-11,5.12e-11,3.11e-11,2.07e-11,1.22e-11,7.74e-12,4.84e-12,3.85e-12,3.22e-12,2.05e-12,-9999.99,-9999.99,-9999.99,-9999.99,-9999.99,-9999.99,-9999.99,-9999.99,2.1453e-09,1.3538e-09,8.7193e-10,-9999.99,-9999.99,2.4096e-10,1.5582e-10,-9999.99,-9999.99,-9999.99,-9999.99,-9999.99,-9999.99,-9999.99,-9999.99,-9999.99,-9999.99,-9999.99,-9999.99,-9999.99,-9999.99,-9999.99,6.44e-11,4.06e-11,2.62e-11,-9999.99,-9999.99,7.23e-12,4.67e-12,-9999.99,-9999.99,-9999.99,-9999.99,-9999.99,-9999.99,-9999.99,-9999.99,-9999.99,-9999.99,-9999.99,-9999.99,-9999.99,-9999.99,-9999.99,33.85,0.088,34.53,0.088,-13.25,0.0,0.68,106801.0
37966,106800.0,690255.7,447254.7,44223.6518518519,744.0,237.7,43.23,39.0,-1.6447e-08,-6.0205e-08,9.4649e-09,1.3977e-08,9.2953e-09,7.2135e-09,5.2076e-09,3.5117e-09,2.2006e-09,1.3518e-09,8.1988e-10,4.9269e-10,2.9023e-10,1.6418e-10,9.5322e-11,5.8304e-11,3.3392e-11,2.0433e-11,1.2395e-11,-9999.99,-9999.99,-9999.99,-9999.99,-9999.99,-9999.99,-9999.99,-9999.99,4.95e-10,1.81e-09,2.85e-10,4.19e-10,2.79e-10,2.16e-10,1.56e-10,1.05e-10,6.6e-11,4.06e-11,2.46e-11,1.48e-11,8.74e-12,4.99e-12,2.94e-12,1.8e-12,1.07e-12,6.82e-13,4.8e-13,-9999.99,-9999.99,-9999.99,-9999.99,-9999.99,-9999.99,-9999.99,-9999.99,1.0716e-09,6.576e-10,3.9971e-10,2.4263e-10,1.4696e-10,9.0029e-11,5.5205e-11,3.4591e-11,2.2377e-11,1.474e-11,1.0135e-11,7.1023e-12,4.886e-12,3.2778e-12,2.1219e-12,1.3749e-12,8.0643e-13,4.7953e-13,3.0994e-13,1.9997e-13,-9999.99,-9999.99,3.21e-11,1.97e-11,1.2e-11,7.28e-12,4.41e-12,2.7e-12,1.66e-12,1.04e-12,6.71e-13,4.42e-13,3.05e-13,2.14e-13,1.48e-13,9.9e-14,6.43e-14,4.25e-14,2.7e-14,1.96e-14,1.58e-14,8.22e-14,-9999.99,-9999.99,43.23,0.0685,44.315,0.0685,-13.25,0.0,1.09,106801.0
38068,106800.0,692856.3,446131.6,44223.6531828704,844.0,250.0,34.78,9.0,-3.0643e-08,-8.8772e-08,3.7222e-08,3.0497e-08,1.5354e-08,9.345e-09,5.4035e-09,3.0731e-09,1.6547e-09,-9999.99,-9999.99,-9999.99,-9999.99,-9999.99,-9999.99,-9999.99,-9999.99,-9999.99,-9999.99,-9999.99,-9999.99,-9999.99,-9999.99,-9999.99,-9999.99,-9999.99,-9999.99,9.25e-10,2.7e-09,1.12e-09,9.15e-10,4.61e-10,2.8e-10,1.63e-10,9.25e-11,5.01e-11,-9999.99,-9999.99,-9999.99,-9999.99,-9999.99,-9999.99,-9999.99,-9999.99,-9999.99,-9999.99,-9999.99,-9999.99,-9999.99,-9999.99,-9999.99,-9999.99,-9999.99,-9999.99,-9999.99,-9999.99,-9999.99,-9999.99,-9999.99,-9999.99,-9999.99,-9999.99,-9999.99,-9999.99,-9999.99,-9999.99,-9999.99,-9999.99,-9999.99,-9999.99,-9999.99,-9999.99,-9999.99,-9999.99,-9999.99,-9999.99,-9999.99,-9999.99,-9999.99,-9999.99,-9999.99,-9999.99,-9999.99,-9999.99,-9999.99,-9999.99,-9999.99,-9999.99,-9999.99,-9999.99,-9999.99,-9999.99,-9999.99,-9999.99,-9999.99,-9999.99,-9999.99,-9999.99,34.78,0.085,35.93,0.085,-13.25,0.0,1.15,106801.0
38178,106800.0,696281.0,444853.9,44223.655150463,944.0,277.5,31.19,7.0,-3.8012e-08,-9.6053e-08,4.7544e-08,3.6608e-08,1.7956e-08,1.0637e-08,5.7398e-09,-9999.99,-9999.99,-9999.99,-9999.99,-9999.99,-9999.99,-9999.99,-9999.99,-9999.99,-9999.99,-9999.99,-9999.99,-9999.99,-9999.99,-9999.99,-9999.99,-9999.99,-9999.99,-9999.99,-9999.99,1.14e-09,2.88e-09,1.43e-09,1.1e-09,5.39e-10,3.19e-10,1.72e-10,-9999.99,-9999.99,-9999.99,-9999.99,-9999.99,-9999.99,-9999.99,-9999.99,-9999.99,-9999.99,-9999.99,-9999.99,-9999.99,-9999.99,-9999.99,-9999.99,-9999.99,-9999.99,-9999.99,-9999.99,-9999.99,-9999.99,-9999.99,-9999.99,-9999.99,-9999.99,-9999.99,-9999.99,-9999.99,-9999.99,-9999.99,-9999.99,-9999.99,-9999.99,-9999.99,-9999.99,-9999.99,-9999.99,-9999.99,-9999.99,-9999.99,-9999.99,-9999.99,-9999.99,-9999.99,-9999.99,-9999.99,-9999.99,-9999.99,-9999.99,-9999.99,-9999.99,-9999.99,-9999.99,-9999.99,-9999.99,-9999.99,-9999.99,-9999.99,-9999.99,-9999.99,-9999.99,-9999.99,-9999.99,31.19,0.093,33.1,0.093,-13.25,0.0,1.91,106801.0
38280,106800.0,698916.3,443629.5,44223.6563425926,1044.0,254.3,49.79,9.0,-1.0754e-08,-4.117e-08,5.6637e-09,8.1667e-09,5.4006e-09,4.3041e-09,3.1637e-09,2.3061e-09,1.6143e-09,-9999.99,-9999.99,-9999.99,-9999.99,-9999.99,-9999.99,-9999.99,-9999.99,-9999.99,-9999.99,-9999.99,-9999.99,-9999.99,-9999.99,-9999.99,-9999.99,-9999.99,-9999.99,3.27e-10,1.26e-09,1.75e-10,2.45e-10,1.63e-10,1.3e-10,9.52e-11,6.92e-11,4.86e-11,-9999.99,-9999.99,-9999.99,-9999.99,-9999.99,-9999.99,-9999.99,-9999.99,-9999.99,-9999.99,-9999.99,-9999.99,-9999.99,-9999.99,-9999.99,-9999.99,-9999.99,-9999.99,-9999.99,-9999.99,-9999.99,-9999.99,-9999.99,-9999.99,-9999.99,-9999.99,-9999.99,-9999.99,-9999.99,-9999.99,-9999.99,-9999.99,-9999.99,-9999.99,-9999.99,-9999.99,-9999.99,-9999.99,-9999.99,-9999.99,-9999.99,-9999.99,-9999.99,-9999.99,-9999.99,-9999.99,-9999.99,-9999.99,-9999.99,-9999.99,-9999.99,-9999.99,-9999.99,-9999.99,-9999.99,-9999.99,-9999.99,-9999.99,-9999.99,-9999.99,-9999.99,-9999.99,49.79,0.06,51.06,0.06,-13.25,0.0,1.27,106801.0
38386,106900.0,700376.5,442261.2,44223.6583564815,1144.0,274.4,23.41,14.0,-7.9678e-08,-2.1798e-07,6.8304e-08,6.538e-08,3.9181e-08,2.762e-08,1.8377e-08,1.1196e-08,6.4298e-09,3.5906e-09,1.864e-09,9.5029e-10,4.3684e-10,2.0561e-10,-9999.99,-9999.99,-9999.99,-9999.99,-9999.99,-9999.99,-9999.99,-9999.99,-9999.99,-9999.99,-9999.99,-9999.99,-9999.99,2.39e-09,6.54e-09,2.05e-09,1.96e-09,1.18e-09,8.29e-10,5.51e-10,3.36e-10,1.93e-10,1.08e-10,5.59e-11,2.85e-11,1.31e-11,6.23e-12,-9999.99,-9999.99,-9999.99,-9999.99,-9999.99,-9999.99,-9999.99,-9999.99,-9999.99,-9999.99,-9999.99,-9999.99,-9999.99,-9999.99,-9999.99,-9999.99,-9999.99,-9999.99,-9999.99,-9999.99,-9999.99,-9999.99,-9999.99,-9999.99,-9999.99,-9999.99,-9999.99,-9999.99,-9999.99,-9999.99,-9999.99,-9999.99,-9999.99,-9999.99,-9999.99,-9999.99,-9999.99,-9999.99,-9999.99,-9999.99,-9999.99,-9999.99,-9999.99,-9999.99,-9999.99,-9999.99,-9999.99,-9999.99,-9999.99,-9999.99,-9999.99,-9999.99,-9999.99,-9999.99,-9999.99,-9999.99,-9999.99,23.41,0.126,24.34,0.126,-13.25,0.0,0.93,106901.0
38492,106900.0,698256.1,443142.0,44223.6596643519,1244.0,257.7,44.45,24.0,-1.4585e-08,-4.8275e-08,1.4368e-08,1.4459e-08,8.7398e-09,5.9971e-09,3.9444e-09,2.3026e-09,1.302e-09,7.3655e-10,4.1462e-10,1.9164e-10,8.9474e-11,-9999.99,-9999.99,-9999.99,-9999.99,-9999.99,-9999.99,-9999.99,-9999.99,-9999.99,-9999.99,-9999.99,-9999.99,-9999.99,-9999.99,4.38e-10,1.45e-09,4.31e-10,4.34e-10,2.62e-10,1.8e-10,1.18e-10,6.91e-11,3.92e-11,2.22e-11,1.26e-11,5.98e-12,2.85e-12,-9999.99,-9999.99,-9999.99,-9999.99,-9999.99,-9999.99,-9999.99,-9999.99,-9999.99,-9999.99,-9999.99,-9999.99,-9999.99,-9999.99,5.6053e-10,3.0263e-10,1.5307e-10,7.7456e-11,4.2076e-11,2.0953e-11,1.3488e-11,6.4708e-12,5.4152e-12,4.2076e-12,1.8044e-12,-9999.99,-9999.99,-9999.99,-9999.99,-9999.99,-9999.99,-9999.99,-9999.99,-9999.99,-9999.99,-9999.99,1.68e-11,9.08e-12,4.59e-12,2.32e-12,1.26e-12,6.31e-13,4.06e-13,1.95e-13,1.64e-13,1.27e-13,5.59e-14,-9999.99,-9999.99,-9999.99,-9999.99,-9999.99,-9999.99,-9999.99,-9999.99,-9999.99,-9999.99,-9999.99,44.445,0.0665,46.0,0.066,-13.25,0.0,1.55,106901.0
38598,106900.0,695901.2,444096.2,44223.6610416667,1344.0,273.8,32.95,36.0,-3.2719e-08,-9.0614e-08,3.6637e-08,3.0292e-08,1.6798e-08,1.0982e-08,6.807e-09,3.8129e-09,2.0404e-09,1.0904e-09,5.2778e-10,2.5713e-10,1.1456e-10,5.0819e-11,-9999.99,-9999.99,-9999.99,-9999.99,-9999.99,-9999.99,-9999.99,-9999.99,-9999.99,-9999.99,-9999.99,-9999.99,-9999.99,9.82e-10,2.72e-09,1.1e-09,9.09e-10,5.04e-10,3.29e-10,2.04e-10,1.14e-10,6.12e-11,3.28e-11,1.59e-11,7.89e-12,3.53e-12,1.71e-12,-9999.99,-9999.99,-9999.99,-9999.99,-9999.99,-9999.99,-9999.99,-9999.99,-9999.99,-9999.99,-9999.99,-9999.99,-9999.99,8.2632e-10,4.0643e-10,1.9599e-10,9.348e-11,4.5058e-11,2.2468e-11,1.2287e-11,7.4649e-12,4.9766e-12,3.5702e-12,2.6804e-12,2.0439e-12,1.562e-12,1.133e-12,8.5585e-13,6.0029e-13,4.152e-13,2.6576e-13,1.5997e-13,1.0047e-13,6.7602e-14,5.4269e-14,2.48e-11,1.22e-11,5.88e-12,2.8e-12,1.35e-12,6.76e-13,3.69e-13,2.25e-13,1.51e-13,1.08e-13,8.12e-14,6.17e-14,4.73e-14,3.46e-14,2.64e-14,1.82e-14,1.3e-14,8.58e-15,5.55e-15,4.13e-15,4.29e-15,5.59e-15,32.945,0.089,34.795,0.089,-13.25,0.0,1.85,106901.0
38708,106900.0,693215.9,445211.2,44223.6624305556,1444.0,253.0,36.85,19.0,-2.455e-08,-7.0643e-08,2.6459e-08,2.1746e-08,1.1939e-08,7.9854e-09,4.9532e-09,2.8444e-09,1.5898e-09,8.3538e-10,4.6754e-10,2.6073e-10,1.455e-10,6.9474e-11,-9999.99,-9999.99,-9999.99,-9999.99,-9999.99,-9999.99,-9999.99,-9999.99,-9999.99,-9999.99,-9999.99,-9999.99,-9999.99,7.39e-10,2.13e-09,7.94e-10,6.52e-10,3.58e-10,2.4e-10,1.49e-10,8.53e-11,4.79e-11,2.52e-11,1.43e-11,7.95e-12,4.67e-12,2.56e-12,-9999.99,-9999.99,-9999.99,-9999.99,-9999.99,-9999.99,-9999.99,-9999.99,-9999.99,-9999.99,-9999.99,-9999.99,-9999.99,6.769e-10,3.6608e-10,2.0737e-10,1.2146e-10,7.3509e-11,-9999.99,-9999.99,-9999.99,-9999.99,-9999.99,-9999.99,-9999.99,-9999.99,-9999.99,-9999.99,-9999.99,-9999.99,-9999.99,-9999.99,-9999.99,-9999.99,-9999.99,2.03e-11,1.1e-11,6.22e-12,3.64e-12,2.21e-12,-9999.99,-9999.99,-9999.99,-9999.99,-9999.99,-9999.99,-9999.99,-9999.99,-9999.99,-9999.99,-9999.99,-9999.99,-9999.99,-9999.99,-9999.99,-9999.99,-9999.99,36.85,0.0805,38.54,0.08,-13.25,0.0,1.69,106901.0
38814,106900.0,690729.3,446229.5,44223.6637384259,1544.0,240.5,48.85,45.0,-1.1208e-08,-4.3801e-08,6.6199e-09,9.8275e-09,6.7456e-09,5.2018e-09,3.7544e-09,2.5585e-09,1.6041e-09,9.9123e-10,5.9591e-10,3.6725e-10,2.105e-10,1.1918e-10,7.1959e-11,3.9854e-11,2.6772e-11,1.4962e-11,1.1401e-11,7.8801e-12,6.4942e-12,5.9181e-12,4.9561e-12,-9999.99,-9999.99,-9999.99,-9999.99,3.37e-10,1.31e-09,1.99e-10,2.95e-10,2.02e-10,1.57e-10,1.13e-10,7.68e-11,4.83e-11,2.98e-11,1.8e-11,1.11e-11,6.42e-12,3.69e-12,2.3e-12,1.28e-12,9.05e-13,6.12e-13,1.31e-12,6.53e-13,3.58e-13,3.96e-13,6.49e-12,-9999.99,-9999.99,-9999.99,-9999.99,7.7398e-10,4.7573e-10,2.9012e-10,1.7678e-10,1.0871e-10,6.7573e-11,4.2339e-11,2.6781e-11,1.757e-11,1.1889e-11,8.3275e-12,5.8304e-12,3.962e-12,2.6415e-12,1.7471e-12,1.083e-12,6.6988e-13,3.8333e-13,2.0906e-13,1.3991e-13,9.807e-14,5.307e-14,2.32e-11,1.43e-11,8.7e-12,5.3e-12,3.26e-12,2.03e-12,1.27e-12,8.03e-13,5.27e-13,3.57e-13,2.5e-13,1.75e-13,1.19e-13,7.95e-14,5.28e-14,3.31e-14,2.1e-14,1.29e-14,8.15e-15,7.42e-15,5.75e-15,1.97e-14,48.85,0.06,51.135,0.06,-13.25,0.0,2.29,106901.0
38922,106900.0,688105.2,447340.2,44223.6652893519,1644.0,240.5,35.56,23.0,-3.2661e-08,-1.076e-07,2.1556e-08,2.7173e-08,1.6962e-08,1.2351e-08,8.3304e-09,5.5702e-09,3.424e-09,2.0822e-09,1.2904e-09,7.9298e-10,4.8596e-10,2.7687e-10,1.712e-10,9.7251e-11,-9999.99,-9999.99,-9999.99,-9999.99,-9999.99,-9999.99,-9999.99,-9999.99,-9999.99,-9999.99,-9999.99,9.8e-10,3.23e-09,6.47e-10,8.15e-10,5.09e-10,3.71e-10,2.5e-10,1.67e-10,1.03e-10,6.25e-11,3.87e-11,2.39e-11,1.47e-11,8.39e-12,5.22e-12,2.99e-12,-9999.99,-9999.99,-9999.99,-9999.99,-9999.99,-9999.99,-9999.99,-9999.99,-9999.99,-9999.99,-9999.99,1.6874e-09,1.0599e-09,6.6988e-10,4.2807e-10,2.6453e-10,1.5822e-10,9.7749e-11,-9999.99,-9999.99,-9999.99,-9999.99,-9999.99,-9999.99,-9999.99,-9999.99,-9999.99,-9999.99,-9999.99,-9999.99,-9999.99,-9999.99,-9999.99,5.06e-11,3.18e-11,2.01e-11,1.28e-11,7.94e-12,4.75e-12,2.93e-12,-9999.99,-9999.99,-9999.99,-9999.99,-9999.99,-9999.99,-9999.99,-9999.99,-9999.99,-9999.99,-9999.99,-9999.99,-9999.99,-9999.99,-9999.99,35.56,0.083,37.095,0.0825,-13.25,0.0,1.53,106901.0
39028,107000.0,687983.0,446482.1,44223.6677893519,1744.0,240.8,32.99,20.0,-3.1813e-08,-1.0316e-07,2.1558e-08,2.6626e-08,1.6953e-08,1.2316e-08,8.4708e-09,5.4094e-09,3.3246e-09,2.0915e-09,1.2956e-09,7.9591e-10,4.5994e-10,2.5635e-10,1.4225e-10,8.3889e-11,4.924e-11,2.6181e-11,1.9211e-11,1.0778e-11,-9999.99,-9999.99,-9999.99,-9999.99,-9999.99,-9999.99,-9999.99,9.54e-10,3.09e-09,6.47e-10,7.99e-10,5.09e-10,3.69e-10,2.54e-10,1.62e-10,9.97e-11,6.27e-11,3.89e-11,2.4e-11,1.39e-11,7.74e-12,4.35e-12,2.56e-12,1.53e-12,8.72e-13,6.55e-13,4.25e-13,-9999.99,-9999.99,-9999.99,-9999.99,-9999.99,-9999.99,-9999.99,-9999.99,-9999.99,-9999.99,-9999.99,-9999.99,-9999.99,-9999.99,-9999.99,-9999.99,-9999.99,-9999.99,-9999.99,-9999.99,-9999.99,-9999.99,-9999.99,-9999.99,-9999.99,-9999.99,-9999.99,-9999.99,-9999.99,-9999.99,-9999.99,-9999.99,-9999.99,-9999.99,-9999.99,-9999.99,-9999.99,-9999.99,-9999.99,-9999.99,-9999.99,-9999.99,-9999.99,-9999.99,-9999.99,-9999.99,-9999.99,-9999.99,-9999.99,-9999.99,-9999.99,32.99,0.091,32.77,0.091,-13.25,0.0,-0.22,107001.0
39136,107000.0,690511.4,445409.2,44223.6691319444,1844.0,240.8,48.43,33.0,-1.1632e-08,-4.3801e-08,6.6111e-09,9.5994e-09,6.424e-09,5.1053e-09,3.9211e-09,2.5287e-09,1.7225e-09,1.0213e-09,6.4357e-10,3.8392e-10,2.0851e-10,1.1494e-10,8.117e-11,-9999.99,-9999.99,-9999.99,-9999.99,-9999.99,-9999.99,-9999.99,-9999.99,-9999.99,-9999.99,-9999.99,-9999.99,3.52e-10,1.33e-09,2e-10,2.88e-10,1.93e-10,1.54e-10,1.18e-10,7.59e-11,5.18e-11,3.08e-11,1.96e-11,1.18e-11,6.9e-12,4.44e-12,4.51e-12,-9999.99,-9999.99,-9999.99,-9999.99,-9999.99,-9999.99,-9999.99,-9999.99,-9999.99,-9999.99,-9999.99,-9999.99,7.9561e-10,4.9006e-10,2.9503e-10,1.7731e-10,1.0632e-10,6.5088e-11,3.9971e-11,2.4868e-11,1.6605e-11,1.1035e-11,8.2456e-12,5.7895e-12,4.1257e-12,2.9971e-12,2.0696e-12,1.4237e-12,8.2105e-13,4.7749e-13,-9999.99,-9999.99,-9999.99,-9999.99,2.39e-11,1.47e-11,8.85e-12,5.32e-12,3.2e-12,1.96e-12,1.21e-12,7.68e-13,5.25e-13,3.42e-13,2.78e-13,2.04e-13,1.49e-13,1.16e-13,8.69e-14,9.21e-14,1.52e-13,8.17e-14,-9999.99,-9999.99,-9999.99,-9999.99,48.43,0.061,49.555,0.061,-13.25,0.0,1.13,107001.0
39242,107000.0,693453.6,444161.4,44223.6705902778,1944.0,255.2,37.37,31.0,-2.4816e-08,-7.4825e-08,2.6781e-08,2.5009e-08,1.4094e-08,9.2251e-09,5.6959e-09,3.1784e-09,1.7219e-09,8.8421e-10,4.6316e-10,-9999.99,-9999.99,-9999.99,-9999.99,-9999.99,-9999.99,-9999.99,-9999.99,-9999.99,-9999.99,-9999.99,-9999.99,-9999.99,-9999.99,-9999.99,-9999.99,7.44e-10,2.24e-09,8.03e-10,7.5e-10,4.23e-10,2.77e-10,1.71e-10,9.54e-11,5.17e-11,2.66e-11,1.4e-11,-9999.99,-9999.99,-9999.99,-9999.99,-9999.99,-9999.99,-9999.99,-9999.99,-9999.99,-9999.99,-9999.99,-9999.99,-9999.99,-9999.99,-9999.99,-9999.99,6.9503e-10,3.4825e-10,1.7626e-10,9.1988e-11,5.076e-11,2.8936e-11,1.7433e-11,1.1173e-11,7.6111e-12,5.5673e-12,4.2573e-12,3.2222e-12,2.4199e-12,1.6977e-12,1.2696e-12,8.1082e-13,5.1082e-13,3.2924e-13,2.3702e-13,1.1833e-13,-9999.99,-9999.99,2.09e-11,1.04e-11,5.29e-12,2.76e-12,1.52e-12,8.68e-13,5.25e-13,3.36e-13,2.29e-13,1.68e-13,1.28e-13,9.7e-14,7.33e-14,5.16e-14,4.01e-14,2.61e-14,1.73e-14,1.28e-14,1.02e-14,1.03e-14,-9999.99,-9999.99,37.37,0.0785,39.0,0.0785,-13.25,0.0,1.63,107001.0
39350,107000.0,696666.1,442914.3,44223.672337963,2044.0,267.4,63.66,35.0,-5.0965e-09,-2.1661e-08,4.2076e-09,5.0877e-09,3.462e-09,2.631e-09,1.8096e-09,1.1959e-09,7.7398e-10,4.6345e-10,2.5713e-10,1.3699e-10,6.8655e-11,3.269e-11,2.1997e-11,-9999.99,-9999.99,-9999.99,-9999.99,-9999.99,-9999.99,-9999.99,-9999.99,-9999.99,-9999.99,-9999.99,-9999.99,1.53e-10,6.52e-10,1.27e-10,1.53e-10,1.04e-10,7.92e-11,5.45e-11,3.61e-11,2.34e-11,1.41e-11,7.89e-12,4.23e-12,2.42e-12,1.32e-12,1.15e-12,-9999.99,-9999.99,-9999.99,-9999.99,-9999.99,-9999.99,-9999.99,-9999.99,-9999.99,-9999.99,-9999.99,-9999.99,3.4006e-10,1.9512e-10,1.0825e-10,5.8216e-11,3.1433e-11,1.7234e-11,9.7222e-12,6.2544e-12,4.1287e-12,2.8503e-12,2.0933e-12,1.6298e-12,1.2377e-12,9.0234e-13,6.4912e-13,4.8246e-13,3.5439e-13,2.3225e-13,1.4345e-13,1.0091e-13,-9999.99,-9999.99,1.02e-11,5.85e-12,3.25e-12,1.75e-12,9.43e-13,5.17e-13,2.95e-13,1.9e-13,1.26e-13,8.61e-14,6.38e-14,4.99e-14,3.86e-14,2.88e-14,2.02e-14,1.54e-14,1.24e-14,9.34e-15,6.64e-15,5.61e-15,-9999.99,-9999.99,63.66,0.046,66.18,0.046,-13.25,0.0,2.52,107001.0
39454,107000.0,699350.6,441809.9,44223.6735648148,2144.0,262.9,34.54,21.0,-3.1725e-08,-9.9123e-08,2.1719e-08,2.4751e-08,1.5105e-08,1.1067e-08,7.8158e-09,5.2164e-09,3.348e-09,2.1836e-09,1.3971e-09,8.5526e-10,5.0556e-10,2.9327e-10,-9999.99,-9999.99,-9999.99,-9999.99,-9999.99,-9999.99,-9999.99,-9999.99,-9999.99,-9999.99,-9999.99,-9999.99,-9999.99,9.52e-10,2.97e-09,6.52e-10,7.43e-10,4.53e-10,3.32e-10,2.34e-10,1.56e-10,1e-10,6.55e-11,4.19e-11,2.57e-11,1.52e-11,8.86e-12,-9999.99,-9999.99,-9999.99,-9999.99,-9999.99,-9999.99,-9999.99,-9999.99,-9999.99,-9999.99,-9999.99,-9999.99,-9999.99,1.7219e-09,1.1076e-09,6.9649e-10,4.2602e-10,2.4678e-10,1.4228e-10,8.0351e-11,-9999.99,-9999.99,-9999.99,-9999.99,-9999.99,-9999.99,-9999.99,-9999.99,-9999.99,-9999.99,-9999.99,-9999.99,-9999.99,-9999.99,-9999.99,5.17e-11,3.32e-11,2.09e-11,1.28e-11,7.4e-12,4.27e-12,2.41e-12,-9999.99,-9999.99,-9999.99,-9999.99,-9999.99,-9999.99,-9999.99,-9999.99,-9999.99,-9999.99,-9999.99,-9999.99,-9999.99,-9999.99,-9999.99,34.54,0.085,36.455,0.085,-13.25,0.0,1.91,107001.0
39562,107100.0,699457.4,440876.0,44223.6762268519,2244.0,257.3,44.04,14.0,-1.333e-08,-4.7251e-08,9.9649e-09,1.1158e-08,6.8421e-09,5.0292e-09,3.5906e-09,2.4772e-09,1.6246e-09,-9999.99,-9999.99,-9999.99,-9999.99,-9999.99,-9999.99,-9999.99,-9999.99,-9999.99,-9999.99,-9999.99,-9999.99,-9999.99,-9999.99,-9999.99,-9999.99,-9999.99,-9999.99,4.01e-10,1.42e-09,3.01e-10,3.35e-10,2.05e-10,1.51e-10,1.08e-10,7.43e-11,4.89e-11,-9999.99,-9999.99,-9999.99,-9999.99,-9999.99,-9999.99,-9999.99,-9999.99,-9999.99,-9999.99,-9999.99,-9999.99,-9999.99,-9999.99,-9999.99,-9999.99,-9999.99,-9999.99,8.2427e-10,5.2485e-10,3.2339e-10,1.8959e-10,1.0813e-10,-9999.99,-9999.99,-9999.99,-9999.99,-9999.99,-9999.99,-9999.99,-9999.99,-9999.99,-9999.99,-9999.99,-9999.99,-9999.99,-9999.99,-9999.99,-9999.99,-9999.99,2.47e-11,1.57e-11,9.7e-12,5.69e-12,3.24e-12,-9999.99,-9999.99,-9999.99,-9999.99,-9999.99,-9999.99,-9999.99,-9999.99,-9999.99,-9999.99,-9999.99,-9999.99,-9999.99,-9999.99,-9999.99,-9999.99,-9999.99,44.04,0.0675,44.825,0.0675,-13.25,0.0,0.79,107101.0
39664,107100.0,697259.3,441773.6,44223.6774537037,2344.0,258.7,33.78,40.0,-2.6436e-08,-8.1257e-08,2.0231e-08,2.0939e-08,1.2792e-08,9.4152e-09,6.7105e-09,4.5731e-09,2.9327e-09,1.8544e-09,1.1146e-09,6.4152e-10,3.4211e-10,1.686e-10,8.9094e-11,4.6696e-11,2.5488e-11,1.2865e-11,-9999.99,-9999.99,-9999.99,-9999.99,-9999.99,-9999.99,-9999.99,-9999.99,-9999.99,7.93e-10,2.44e-09,6.07e-10,6.28e-10,3.84e-10,2.82e-10,2.01e-10,1.37e-10,8.8e-11,5.56e-11,3.35e-11,1.93e-11,1.03e-11,5.14e-12,2.79e-12,1.43e-12,8.59e-13,4.36e-13,-9999.99,-9999.99,-9999.99,-9999.99,-9999.99,-9999.99,-9999.99,-9999.99,-9999.99,1.4026e-09,8.5029e-10,4.9123e-10,2.7257e-10,1.4573e-10,7.8772e-11,4.0819e-11,2.2354e-11,1.2608e-11,7.655e-12,4.8158e-12,3.3889e-12,2.3231e-12,1.6105e-12,1.1655e-12,7.8246e-13,5.2456e-13,3.5351e-13,2.2251e-13,1.3687e-13,8.2339e-14,6.345e-14,4.21e-11,2.55e-11,1.47e-11,8.18e-12,4.37e-12,2.36e-12,1.22e-12,6.71e-13,3.78e-13,2.3e-13,1.45e-13,1.02e-13,6.99e-14,4.88e-14,3.54e-14,2.39e-14,1.64e-14,1.12e-14,8.41e-15,5.09e-15,4.98e-15,1.13e-14,33.78,0.087,35.36,0.087,-13.25,0.0,1.58,107101.0
39768,107100.0,694716.5,442837.0,44223.6788194444,2444.0,253.9,33.68,9.0,-3.1082e-08,-8.3363e-08,3.6257e-08,2.883e-08,1.5301e-08,9.4912e-09,5.7749e-09,3.0906e-09,1.636e-09,-9999.99,-9999.99,-9999.99,-9999.99,-9999.99,-9999.99,-9999.99,-9999.99,-9999.99,-9999.99,-9999.99,-9999.99,-9999.99,-9999.99,-9999.99,-9999.99,-9999.99,-9999.99,9.32e-10,2.5e-09,1.09e-09,8.65e-10,4.59e-10,2.85e-10,1.73e-10,9.27e-11,4.92e-11,-9999.99,-9999.99,-9999.99,-9999.99,-9999.99,-9999.99,-9999.99,-9999.99,-9999.99,-9999.99,-9999.99,-9999.99,-9999.99,-9999.99,-9999.99,-9999.99,-9999.99,-9999.99,-9999.99,-9999.99,-9999.99,-9999.99,-9999.99,-9999.99,-9999.99,-9999.99,-9999.99,-9999.99,-9999.99,-9999.99,-9999.99,-9999.99,-9999.99,-9999.99,-9999.99,-9999.99,-9999.99,-9999.99,-9999.99,-9999.99,-9999.99,-9999.99,-9999.99,-9999.99,-9999.99,-9999.99,-9999.99,-9999.99,-9999.99,-9999.99,-9999.99,-9999.99,-9999.99,-9999.99,-9999.99,-9999.99,-9999.99,-9999.99,-9999.99,-9999.99,-9999.99,-9999.99,33.68,0.087,35.6,0.087,-13.25,0.0,1.92,107101.0
39876,107100.0,692565.2,443839.0,44223.6802083333,2544.0,247.4,34.79,38.0,-2.8424e-08,-8.8743e-08,2.9298e-08,2.8295e-08,1.6313e-08,1.1023e-08,6.9825e-09,3.9971e-09,2.1883e-09,1.1518e-09,6.0556e-10,3.0819e-10,1.5503e-10,7.9912e-11,4.8977e-11,2.9561e-11,-9999.99,-9999.99,-9999.99,-9999.99,-9999.99,-9999.99,-9999.99,-9999.99,-9999.99,-9999.99,-9999.99,8.53e-10,2.66e-09,8.79e-10,8.49e-10,4.89e-10,3.31e-10,2.09e-10,1.2e-10,6.56e-11,3.47e-11,1.82e-11,9.37e-12,4.85e-12,2.55e-12,1.6e-12,9.7e-13,-9999.99,-9999.99,-9999.99,-9999.99,-9999.99,-9999.99,-9999.99,-9999.99,-9999.99,-9999.99,-9999.99,9.0731e-10,4.6579e-10,2.3883e-10,1.2561e-10,6.8129e-11,3.9415e-11,2.414e-11,1.5544e-11,1.0585e-11,7.6374e-12,5.5556e-12,4.193e-12,3.0175e-12,2.1871e-12,1.4617e-12,9.5965e-13,6.3772e-13,3.8743e-13,2.4924e-13,1.5453e-13,8.7368e-14,4.7836e-14,2.72e-11,1.4e-11,7.16e-12,3.77e-12,2.04e-12,1.18e-12,7.24e-13,4.66e-13,3.18e-13,2.3e-13,1.67e-13,1.26e-13,9.08e-14,6.61e-14,4.4e-14,2.94e-14,2.04e-14,1.27e-14,8.45e-15,5.75e-15,8.71e-15,8.18e-15,34.79,0.0855,35.475,0.0855,-13.25,0.0,0.68,107101.0
39982,107100.0,690238.2,444764.6,44223.6815625,2644.0,242.9,34.0,10.0,-3.4298e-08,-1.1082e-07,2.0091e-08,2.5564e-08,1.6287e-08,1.2518e-08,9.2456e-09,6.2807e-09,4.0906e-09,2.5231e-09,-9999.99,-9999.99,-9999.99,-9999.99,-9999.99,-9999.99,-9999.99,-9999.99,-9999.99,-9999.99,-9999.99,-9999.99,-9999.99,-9999.99,-9999.99,-9999.99,-9999.99,1.03e-09,3.32e-09,6.03e-10,7.67e-10,4.89e-10,3.76e-10,2.77e-10,1.88e-10,1.23e-10,7.57e-11,-9999.99,-9999.99,-9999.99,-9999.99,-9999.99,-9999.99,-9999.99,-9999.99,-9999.99,-9999.99,-9999.99,-9999.99,-9999.99,-9999.99,-9999.99,-9999.99,-9999.99,-9999.99,-9999.99,-9999.99,-9999.99,-9999.99,-9999.99,-9999.99,-9999.99,-9999.99,-9999.99,-9999.99,-9999.99,-9999.99,-9999.99,-9999.99,-9999.99,-9999.99,-9999.99,-9999.99,-9999.99,-9999.99,-9999.99,-9999.99,-9999.99,-9999.99,-9999.99,-9999.99,-9999.99,-9999.99,-9999.99,-9999.99,-9999.99,-9999.99,-9999.99,-9999.99,-9999.99,-9999.99,-9999.99,-9999.99,-9999.99,-9999.99,-9999.99,-9999.99,-9999.99,34.0,0.086,35.96,0.086,-13.25,0.0,1.96,107101.0
40090,107100.0,687523.8,445835.0,44223.6831597222,2744.0,242.0,36.76,12.0,-9999.99,-9999.99,-9999.99,-9999.99,-9999.99,-9999.99,-9999.99,-9999.99,-9999.99,-9999.99,-9999.99,-9999.99,-9999.99,-9999.99,-9999.99,-9999.99,-9999.99,-9999.99,-9999.99,-9999.99,-9999.99,-9999.99,-9999.99,-9999.99,-9999.99,-9999.99,-9999.99,-9999.99,-9999.99,-9999.99,-9999.99,-9999.99,-9999.99,-9999.99,-9999.99,-9999.99,-9999.99,-9999.99,-9999.99,-9999.99,-9999.99,-9999.99,-9999.99,-9999.99,-9999.99,-9999.99,-9999.99,-9999.99,-9999.99,-9999.99,-9999.99,-9999.99,-9999.99,-9999.99,1.0462e-09,6.5029e-10,4.155e-10,2.712e-10,1.7193e-10,1.0965e-10,7.4444e-11,-9999.99,-9999.99,-9999.99,1.4827e-11,1.0602e-11,7.7836e-12,5.6608e-12,2.9825e-12,-9999.99,-9999.99,-9999.99,-9999.99,-9999.99,-9999.99,-9999.99,3.14e-11,1.95e-11,1.25e-11,8.14e-12,5.18e-12,3.3e-12,2.26e-12,-9999.99,-9999.99,-9999.99,5e-13,3.9e-13,3.21e-13,2.84e-13,1.35e-13,-9999.99,-9999.99,-9999.99,-9999.99,-9999.99,-9999.99,-9999.99,36.76,0.08,38.03,0.08,-13.25,0.0,1.27,107101.0
40196,107200.0,688721.2,444447.2,44223.6853935185,2844.0,246.6,33.42,43.0,-3.3216e-08,-1.1143e-07,2.0018e-08,2.7667e-08,1.8623e-08,1.4284e-08,1.019e-08,6.7281e-09,4.1608e-09,2.5161e-09,1.4632e-09,8.1082e-10,4.4181e-10,2.3699e-10,1.2658e-10,7.0906e-11,4.3392e-11,2.4766e-11,1.9556e-11,1.4655e-11,8.6053e-12,-9999.99,-9999.99,-9999.99,-9999.99,-9999.99,-9999.99,9.96e-10,3.34e-09,6.01e-10,8.3e-10,5.59e-10,4.29e-10,3.06e-10,2.02e-10,1.25e-10,7.55e-11,4.39e-11,2.44e-11,1.33e-11,7.2e-12,3.9e-12,2.23e-12,1.48e-12,1.13e-12,1.93e-12,2.51e-12,8.78e-13,-9999.99,-9999.99,-9999.99,-9999.99,-9999.99,-9999.99,1.9085e-09,1.117e-09,6.3772e-10,3.6053e-10,2.0497e-10,1.1816e-10,6.9883e-11,4.2456e-11,2.6737e-11,1.7529e-11,1.2041e-11,8.2807e-12,5.6988e-12,3.8947e-12,2.5257e-12,1.5298e-12,9.2544e-13,5.576e-13,4.3538e-13,2.4567e-13,2.7111e-13,1.1058e-13,5.73e-11,3.35e-11,1.91e-11,1.08e-11,6.15e-12,3.54e-12,2.1e-12,1.27e-12,8.02e-13,5.26e-13,3.62e-13,2.49e-13,1.73e-13,1.19e-13,7.75e-14,5.31e-14,3.38e-14,3.23e-14,2.89e-14,2.55e-14,2.06e-13,1.16e-14,33.425,0.0885,34.51,0.088,-13.25,0.0,1.09,107201.0
40304,107200.0,691532.1,443220.0,44223.6868055556,2944.0,243.3,39.2,24.0,-2.1836e-08,-7.7076e-08,1.3661e-08,1.9249e-08,1.2477e-08,9.2807e-09,6.6901e-09,4.3918e-09,2.6769e-09,1.6561e-09,9.9064e-10,5.7953e-10,3.4181e-10,1.9427e-10,9.9152e-11,6.4649e-11,-9999.99,-9999.99,-9999.99,-9999.99,-9999.99,-9999.99,-9999.99,-9999.99,-9999.99,-9999.99,-9999.99,6.55e-10,2.31e-09,4.1e-10,5.77e-10,3.74e-10,2.78e-10,2.01e-10,1.32e-10,8.03e-11,4.97e-11,2.97e-11,1.74e-11,1.03e-11,5.91e-12,3.04e-12,2.02e-12,-9999.99,-9999.99,-9999.99,-9999.99,-9999.99,-9999.99,-9999.99,-9999.99,-9999.99,-9999.99,-9999.99,1.2906e-09,7.8012e-10,4.6462e-10,2.7506e-10,1.6266e-10,9.6813e-11,5.8129e-11,3.5322e-11,-9999.99,-9999.99,-9999.99,-9999.99,-9999.99,-9999.99,-9999.99,-9999.99,-9999.99,-9999.99,-9999.99,-9999.99,-9999.99,-9999.99,3.87e-11,2.34e-11,1.39e-11,8.25e-12,4.88e-12,2.9e-12,1.74e-12,1.06e-12,-9999.99,-9999.99,-9999.99,-9999.99,-9999.99,-9999.99,-9999.99,-9999.99,-9999.99,-9999.99,-9999.99,-9999.99,-9999.99,-9999.99,39.2,0.0765,40.015,0.076,-13.25,0.0,0.81,107201.0
40410,107200.0,693882.9,442300.8,44223.6880787037,3044.0,256.9,35.42,8.0,-2.507e-08,-7.3772e-08,2.3977e-08,2.1585e-08,1.2822e-08,9.0585e-09,5.9825e-09,3.731e-09,-9999.99,-9999.99,-9999.99,-9999.99,-9999.99,-9999.99,-9999.99,-9999.99,-9999.99,-9999.99,-9999.99,-9999.99,-9999.99,-9999.99,-9999.99,-9999.99,-9999.99,-9999.99,-9999.99,7.55e-10,2.21e-09,7.19e-10,6.48e-10,3.85e-10,2.73e-10,1.79e-10,1.12e-10,-9999.99,-9999.99,-9999.99,-9999.99,-9999.99,-9999.99,-9999.99,-9999.99,-9999.99,-9999.99,-9999.99,-9999.99,-9999.99,-9999.99,-9999.99,-9999.99,-9999.99,-9999.99,-9999.99,-9999.99,-9999.99,-9999.99,-9999.99,-9999.99,-9999.99,-9999.99,-9999.99,-9999.99,-9999.99,-9999.99,-9999.99,-9999.99,-9999.99,-9999.99,-9999.99,-9999.99,-9999.99,-9999.99,-9999.99,-9999.99,-9999.99,-9999.99,-9999.99,-9999.99,-9999.99,-9999.99,-9999.99,-9999.99,-9999.99,-9999.99,-9999.99,-9999.99,-9999.99,-9999.99,-9999.99,-9999.99,-9999.99,-9999.99,-9999.99,-9999.99,-9999.99,-9999.99,-9999.99,35.42,0.084,36.38,0.084,-13.25,0.0,0.96,107201.0
40514,107200.0,696382.1,441330.5,44223.6893518519,3144.0,250.0,36.91,20.0,-2.8968e-08,-8.4649e-08,2.8243e-08,2.4471e-08,1.3734e-08,9.6959e-09,6.5292e-09,4.2047e-09,2.4953e-09,1.5135e-09,8.7076e-10,4.4474e-10,2.2392e-10,1.0608e-10,6.3129e-11,-9999.99,-9999.99,-9999.99,-9999.99,-9999.99,-9999.99,-9999.99,-9999.99,-9999.99,-9999.99,-9999.99,-9999.99,8.69e-10,2.54e-09,8.47e-10,7.34e-10,4.12e-10,2.91e-10,1.96e-10,1.26e-10,7.49e-11,4.54e-11,2.62e-11,1.34e-11,7.12e-12,3.69e-12,2.32e-12,-9999.99,-9999.99,-9999.99,-9999.99,-9999.99,-9999.99,-9999.99,-9999.99,-9999.99,-9999.99,-9999.99,-9999.99,1.145e-09,6.5409e-10,3.6199e-10,1.9591e-10,1.0556e-10,-9999.99,-9999.99,-9999.99,-9999.99,-9999.99,-9999.99,-9999.99,-9999.99,-9999.99,-9999.99,-9999.99,-9999.99,-9999.99,-9999.99,-9999.99,-9999.99,-9999.99,3.44e-11,1.96e-11,1.09e-11,5.88e-12,3.17e-12,-9999.99,-9999.99,-9999.99,-9999.99,-9999.99,-9999.99,-9999.99,-9999.99,-9999.99,-9999.99,-9999.99,-9999.99,-9999.99,-9999.99,-9999.99,-9999.99,-9999.99,36.915,0.08,38.445,0.08,-13.25,0.0,1.53,107201.0
40620,107200.0,698799.8,440265.5,44223.6906712963,3244.0,257.3,42.26,33.0,-1.6471e-08,-5.7193e-08,1.0626e-08,1.2462e-08,7.7339e-09,5.7865e-09,4.345e-09,3.1608e-09,2.2307e-09,1.5105e-09,9.9386e-10,6.1374e-10,3.6667e-10,1.902e-10,1.0424e-10,6.0263e-11,3.7602e-11,1.9602e-11,9.0292e-12,3.0439e-12,-9999.99,-9999.99,-9999.99,-9999.99,-9999.99,-9999.99,-9999.99,4.96e-10,1.72e-09,3.2e-10,3.74e-10,2.32e-10,1.74e-10,1.3e-10,9.48e-11,6.69e-11,4.53e-11,2.99e-11,1.85e-11,1.1e-11,5.78e-12,3.2e-12,1.87e-12,1.31e-12,7.06e-13,7.15e-13,4.05e-13,-9999.99,-9999.99,-9999.99,-9999.99,-9999.99,-9999.99,-9999.99,1.1547e-09,7.6725e-10,4.8421e-10,2.9202e-10,1.6971e-10,9.5292e-11,5.1257e-11,2.6915e-11,1.5775e-11,9.7456e-12,5.2135e-12,3.5965e-12,2.6892e-12,-9999.99,-9999.99,-9999.99,-9999.99,-9999.99,-9999.99,-9999.99,-9999.99,-9999.99,3.46e-11,2.3e-11,1.45e-11,8.76e-12,5.09e-12,2.86e-12,1.54e-12,8.07e-13,4.73e-13,2.92e-13,1.57e-13,1.08e-13,8.42e-14,-9999.99,-9999.99,-9999.99,-9999.99,-9999.99,-9999.99,-9999.99,-9999.99,-9999.99,42.255,0.0705,43.595,0.0705,-13.25,0.0,1.34,107201.0
40726,107300.0,700029.2,438986.5,44223.6932060185,3344.0,261.9,34.72,38.0,-3.2398e-08,-1.0289e-07,2.1561e-08,2.5254e-08,1.5822e-08,1.1693e-08,8.3421e-09,5.5263e-09,3.6053e-09,2.3254e-09,1.4912e-09,8.9532e-10,5.3187e-10,2.9971e-10,1.6474e-10,8.7924e-11,4.6696e-11,1.967e-11,1.2029e-11,-9999.99,-9999.99,-9999.99,-9999.99,-9999.99,-9999.99,-9999.99,-9999.99,9.72e-10,3.09e-09,6.47e-10,7.58e-10,4.75e-10,3.51e-10,2.5e-10,1.66e-10,1.08e-10,6.98e-11,4.47e-11,2.69e-11,1.6e-11,9.02e-12,4.98e-12,2.69e-12,1.48e-12,6.88e-13,5.85e-13,-9999.99,-9999.99,-9999.99,-9999.99,-9999.99,-9999.99,-9999.99,-9999.99,1.8231e-09,1.162e-09,7.2251e-10,4.3743e-10,2.5582e-10,1.4713e-10,8.038e-11,4.3246e-11,2.2494e-11,1.1532e-11,6.1345e-12,3.348e-12,1.895e-12,1.2146e-12,8.5877e-13,-9999.99,-9999.99,2.6596e-13,2.1848e-13,3.0673e-13,1.457e-13,-9999.99,5.47e-11,3.49e-11,2.17e-11,1.31e-11,7.67e-12,4.41e-12,2.41e-12,1.3e-12,6.75e-13,3.47e-13,1.85e-13,1.01e-13,5.95e-14,3.86e-14,2.71e-14,-9999.99,-9999.99,1.64e-14,2.18e-14,2.43e-14,2.3e-14,-9999.99,34.715,0.085,36.1,0.085,-13.25,0.0,1.38,107301.0
40828,107300.0,697941.3,439759.9,44223.6944097222,3444.0,259.3,46.76,38.0,-1.2503e-08,-4.3099e-08,1.0003e-08,1.0126e-08,6.0409e-09,4.4737e-09,3.1696e-09,2.2029e-09,1.5509e-09,1.0526e-09,6.8509e-10,4.193e-10,2.543e-10,1.4711e-10,8.2193e-11,4.5234e-11,2.2851e-11,-9999.99,-9999.99,-9999.99,-9999.99,-9999.99,-9999.99,-9999.99,-9999.99,-9999.99,-9999.99,3.75e-10,1.29e-09,3e-10,3.04e-10,1.81e-10,1.35e-10,9.51e-11,6.61e-11,4.67e-11,3.17e-11,2.07e-11,1.27e-11,7.68e-12,4.5e-12,2.6e-12,1.4e-12,7.66e-13,-9999.99,-9999.99,-9999.99,-9999.99,-9999.99,-9999.99,-9999.99,-9999.99,-9999.99,-9999.99,8.0906e-10,5.3684e-10,3.4298e-10,2.1067e-10,1.248e-10,7.2427e-11,4.076e-11,2.2909e-11,1.2778e-11,7.4386e-12,4.5292e-12,2.9386e-12,1.9254e-12,1.2392e-12,8.4912e-13,5.8158e-13,3.5058e-13,2.2599e-13,1.5205e-13,8.0994e-14,6.2339e-14,-9999.99,2.43e-11,1.61e-11,1.03e-11,6.32e-12,3.74e-12,2.17e-12,1.22e-12,6.87e-13,3.83e-13,2.23e-13,1.36e-13,8.87e-14,5.81e-14,3.78e-14,2.58e-14,1.8e-14,1.13e-14,7.53e-15,6.55e-15,4.05e-15,5.79e-15,-9999.99,46.76,0.063,48.125,0.063,-13.25,0.0,1.37,107301.0
40932,107300.0,695750.4,440662.7,44223.6957407407,3544.0,242.4,35.21,40.0,-2.8275e-08,-8.4737e-08,2.7705e-08,2.505e-08,1.4547e-08,1e-08,6.5906e-09,4.0965e-09,2.4357e-09,1.4038e-09,7.6959e-10,4.2222e-10,2.2099e-10,1.0801e-10,5.9444e-11,2.7617e-11,1.917e-11,1.0325e-11,-9999.99,-9999.99,-9999.99,-9999.99,-9999.99,-9999.99,-9999.99,-9999.99,-9999.99,8.48e-10,2.54e-09,8.31e-10,7.52e-10,4.36e-10,3e-10,1.98e-10,1.23e-10,7.31e-11,4.23e-11,2.32e-11,1.28e-11,6.7e-12,3.4e-12,1.9e-12,9.09e-13,6.75e-13,4.12e-13,-9999.99,-9999.99,-9999.99,-9999.99,-9999.99,-9999.99,-9999.99,-9999.99,-9999.99,1.0526e-09,5.8684e-10,3.2018e-10,1.7301e-10,9.383e-11,5.2368e-11,3.0263e-11,1.8061e-11,1.1766e-11,7.9357e-12,5.845e-12,4.1696e-12,3.0643e-12,2.1787e-12,1.4673e-12,9.9181e-13,6.0175e-13,3.5789e-13,2.1909e-13,1.2678e-13,9.2573e-14,5.3977e-14,3.16e-11,1.76e-11,9.61e-12,5.19e-12,2.81e-12,1.57e-12,9.08e-13,5.42e-13,3.53e-13,2.38e-13,1.76e-13,1.25e-13,9.22e-14,6.56e-14,4.43e-14,3.02e-14,1.84e-14,1.13e-14,6.92e-15,4.29e-15,4.74e-15,4.59e-15,35.21,0.084,36.115,0.084,-13.25,0.0,0.91,107301.0
41036,107300.0,693334.1,441563.4,44223.6970601852,3644.0,260.6,45.31,32.0,-1.393e-08,-4.8596e-08,9.3655e-09,1.0488e-08,6.6257e-09,5.2573e-09,4.038e-09,2.8003e-09,1.9284e-09,1.2158e-09,7.6667e-10,4.6754e-10,2.6111e-10,1.4047e-10,8.4561e-11,4.231e-11,2.2456e-11,-9999.99,-9999.99,-9999.99,-9999.99,-9999.99,-9999.99,-9999.99,-9999.99,-9999.99,-9999.99,4.21e-10,1.47e-09,2.83e-10,3.15e-10,1.99e-10,1.58e-10,1.21e-10,8.4e-11,5.8e-11,3.66e-11,2.31e-11,1.41e-11,7.89e-12,4.3e-12,2.62e-12,1.36e-12,7.61e-13,-9999.99,-9999.99,-9999.99,-9999.99,-9999.99,-9999.99,-9999.99,-9999.99,-9999.99,-9999.99,9.1199e-10,5.848e-10,3.5936e-10,2.1304e-10,1.2266e-10,6.9737e-11,3.9298e-11,2.202e-11,1.2944e-11,8.1023e-12,-9999.99,-9999.99,-9999.99,-9999.99,-9999.99,-9999.99,-9999.99,2.667e-13,1.2053e-13,6.3918e-14,6.7544e-14,3.0556e-14,2.74e-11,1.75e-11,1.08e-11,6.39e-12,3.68e-12,2.09e-12,1.18e-12,6.61e-13,3.88e-13,2.43e-13,-9999.99,-9999.99,-9999.99,-9999.99,-9999.99,-9999.99,-9999.99,1.01e-14,7.38e-15,6.52e-15,6.89e-15,1.12e-14,45.31,0.065,47.19,0.065,-13.25,0.0,1.88,107301.0
41146,107300.0,690836.9,442727.6,44223.6986226852,3744.0,243.8,40.72,42.0,-1.9632e-08,-7.0088e-08,1.0901e-08,1.5374e-08,9.9854e-09,7.7953e-09,5.7632e-09,4.0029e-09,2.6904e-09,1.7673e-09,1.0912e-09,6.5585e-10,3.9064e-10,2.2637e-10,1.331e-10,7.5292e-11,4.4211e-11,2.3225e-11,1.7556e-11,1.0643e-11,8.155e-12,4.9181e-12,-9999.99,-9999.99,-9999.99,-9999.99,-9999.99,5.89e-10,2.1e-09,3.27e-10,4.61e-10,3e-10,2.34e-10,1.73e-10,1.2e-10,8.07e-11,5.3e-11,3.27e-11,1.97e-11,1.18e-11,6.86e-12,4.06e-12,2.3e-12,1.38e-12,7.62e-13,5.86e-13,4.71e-13,4.62e-13,6.69e-13,-9999.99,-9999.99,-9999.99,-9999.99,-9999.99,1.3503e-09,8.6491e-10,5.3977e-10,3.3012e-10,1.9997e-10,1.2202e-10,7.3626e-11,4.5322e-11,2.8289e-11,1.8164e-11,1.2053e-11,8.4415e-12,5.7602e-12,3.8538e-12,2.4713e-12,1.6637e-12,9.8626e-13,6.0819e-13,3.5292e-13,2.2567e-13,-9999.99,-9999.99,4.05e-11,2.59e-11,1.62e-11,9.9e-12,6e-12,3.66e-12,2.21e-12,1.36e-12,8.49e-13,5.45e-13,3.62e-13,2.53e-13,1.73e-13,1.16e-13,7.51e-14,5.07e-14,3.07e-14,2.09e-14,1.33e-14,8.78e-15,-9999.99,-9999.99,40.715,0.072,42.115,0.072,-13.25,0.0,1.4,107301.0
41252,107300.0,688480.6,443677.0,44223.6999768519,3844.0,243.8,37.22,34.0,-2.5649e-08,-8.8129e-08,1.8292e-08,2.3067e-08,1.4491e-08,1.0266e-08,7.0117e-09,4.4357e-09,2.7673e-09,1.6936e-09,1.074e-09,6.6345e-10,3.9942e-10,2.405e-10,1.4099e-10,8.2339e-11,4.8041e-11,-9999.99,-9999.99,-9999.99,-9999.99,-9999.99,-9999.99,-9999.99,-9999.99,-9999.99,-9999.99,7.69e-10,2.64e-09,5.49e-10,6.92e-10,4.35e-10,3.08e-10,2.1e-10,1.33e-10,8.3e-11,5.08e-11,3.22e-11,2e-11,1.2e-11,7.26e-12,4.27e-12,2.52e-12,1.5e-12,-9999.99,-9999.99,-9999.99,-9999.99,-9999.99,-9999.99,-9999.99,-9999.99,-9999.99,-9999.99,1.3506e-09,8.4942e-10,5.3626e-10,3.3567e-10,2.0845e-10,1.2915e-10,7.9971e-11,5.0614e-11,3.2135e-11,2.1073e-11,1.3781e-11,9.0263e-12,5.7251e-12,3.5439e-12,2.1257e-12,1.2942e-12,7.1637e-13,-9999.99,-9999.99,-9999.99,-9999.99,-9999.99,4.05e-11,2.55e-11,1.61e-11,1.01e-11,6.25e-12,3.87e-12,2.4e-12,1.52e-12,9.64e-13,6.32e-13,4.13e-13,2.72e-13,1.73e-13,1.08e-13,6.65e-14,4.15e-14,2.94e-14,-9999.99,-9999.99,-9999.99,-9999.99,-9999.99,37.215,0.0795,38.365,0.0795,-13.25,0.0,1.15,107301.0
41356,107400.0,688272.4,442870.2,44223.7026273148,3944.0,243.8,46.29,36.0,-1.3886e-08,-4.8918e-08,1.1825e-08,1.2298e-08,6.731e-09,4.6667e-09,3.1696e-09,2.0544e-09,1.3275e-09,9.345e-10,6.2982e-10,3.9561e-10,2.5942e-10,1.6234e-10,9.6813e-11,5.4298e-11,3.6696e-11,1.9971e-11,1.426e-11,9.6988e-12,-9999.99,-9999.99,-9999.99,-9999.99,-9999.99,-9999.99,-9999.99,4.18e-10,1.47e-09,3.55e-10,3.69e-10,2.02e-10,1.4e-10,9.54e-11,6.16e-11,4e-11,2.81e-11,1.9e-11,1.19e-11,7.86e-12,4.98e-12,3.07e-12,1.73e-12,1.28e-12,8.01e-13,5.99e-13,6.62e-13,-9999.99,-9999.99,-9999.99,-9999.99,-9999.99,-9999.99,-9999.99,7.3596e-10,5.0117e-10,3.3596e-10,2.1924e-10,1.4453e-10,9.5292e-11,6.2719e-11,4.3655e-11,2.9415e-11,2.1053e-11,1.4012e-11,9.9123e-12,6.6111e-12,4.4123e-12,2.7515e-12,1.8079e-12,-9999.99,-9999.99,-9999.99,-9999.99,-9999.99,-9999.99,2.21e-11,1.5e-11,1.01e-11,6.58e-12,4.34e-12,2.86e-12,1.88e-12,1.31e-12,8.82e-13,6.32e-13,4.22e-13,2.97e-13,1.99e-13,1.33e-13,8.31e-14,5.46e-14,-9999.99,-9999.99,-9999.99,-9999.99,-9999.99,-9999.99,46.29,0.064,47.35,0.064,-13.25,0.0,1.06,107401.0
41468,107400.0,690904.6,441764.3,44223.7040393519,4044.0,250.9,60.8,31.0,-4.231e-09,-1.7874e-08,3.0439e-09,3.2427e-09,1.9883e-09,1.514e-09,1.138e-09,8.6959e-10,5.8041e-10,4.2515e-10,2.2895e-10,1.8813e-10,-9999.99,-9999.99,-9999.99,-9999.99,-9999.99,-9999.99,-9999.99,-9999.99,-9999.99,-9999.99,-9999.99,-9999.99,-9999.99,-9999.99,-9999.99,1.3e-10,5.42e-10,9.28e-11,9.76e-11,6.04e-11,4.62e-11,3.46e-11,2.64e-11,1.76e-11,1.3e-11,7.85e-12,6.77e-12,-9999.99,-9999.99,-9999.99,-9999.99,-9999.99,-9999.99,-9999.99,-9999.99,-9999.99,-9999.99,-9999.99,-9999.99,-9999.99,-9999.99,-9999.99,3.231e-10,2.2433e-10,1.5398e-10,1.0547e-10,7.1579e-11,4.8977e-11,3.3099e-11,2.3406e-11,1.5561e-11,1.05e-11,6.9181e-12,4.7573e-12,3.0877e-12,2.1249e-12,1.3813e-12,8.9532e-13,5.193e-13,3.4006e-13,1.7927e-13,-9999.99,-9999.99,-9999.99,9.69e-12,6.73e-12,4.62e-12,3.16e-12,2.15e-12,1.47e-12,9.93e-13,7.02e-13,4.67e-13,3.15e-13,2.08e-13,1.43e-13,9.29e-14,6.44e-14,4.27e-14,2.8e-14,1.72e-14,1.45e-14,1.53e-14,-9999.99,-9999.99,-9999.99,60.805,0.049,61.99,0.049,-13.25,0.0,1.18,107401.0
41574,107400.0,693550.5,440684.0,44223.7053819444,4144.0,252.2,32.92,38.0,-3.3333e-08,-1.0623e-07,2.3108e-08,2.7257e-08,1.6842e-08,1.2345e-08,8.7573e-09,5.8713e-09,3.8129e-09,2.4135e-09,1.4763e-09,8.5439e-10,4.7251e-10,2.4629e-10,1.3465e-10,6.1023e-11,3.3246e-11,1.9053e-11,1.181e-11,-9999.99,-9999.99,-9999.99,-9999.99,-9999.99,-9999.99,-9999.99,-9999.99,1e-09,3.19e-09,6.93e-10,8.18e-10,5.05e-10,3.7e-10,2.63e-10,1.76e-10,1.14e-10,7.24e-11,4.43e-11,2.57e-11,1.42e-11,7.46e-12,4.13e-12,1.87e-12,1.04e-12,6.55e-13,5.39e-13,-9999.99,-9999.99,-9999.99,-9999.99,-9999.99,-9999.99,-9999.99,-9999.99,1.8292e-09,1.1231e-09,6.6316e-10,3.769e-10,2.0833e-10,1.1266e-10,6.076e-11,3.2719e-11,1.8181e-11,1.0711e-11,6.7953e-12,4.5146e-12,2.9912e-12,1.9713e-12,1.3345e-12,8.2193e-13,4.9912e-13,3.2164e-13,1.8503e-13,-9999.99,-9999.99,-9999.99,5.49e-11,3.37e-11,1.99e-11,1.13e-11,6.25e-12,3.38e-12,1.82e-12,9.82e-13,5.45e-13,3.21e-13,2.04e-13,1.36e-13,9.03e-14,5.95e-14,4.04e-14,2.5e-14,1.57e-14,1.02e-14,6.92e-15,-9999.99,-9999.99,-9999.99,32.92,0.089,34.65,0.089,-13.25,0.0,1.73,107401.0
41678,107400.0,696175.2,439615.1,44223.706712963,4244.0,249.7,41.38,18.0,-1.7491e-08,-5.8275e-08,1.381e-08,1.3266e-08,7.5205e-09,5.4854e-09,4.0409e-09,2.8792e-09,2.0518e-09,1.4436e-09,9.7924e-10,6.0556e-10,3.693e-10,1.9778e-10,1.2132e-10,6.5526e-11,3.1871e-11,1.7819e-11,-9999.99,-9999.99,-9999.99,-9999.99,-9999.99,-9999.99,-9999.99,-9999.99,-9999.99,5.25e-10,1.75e-09,4.14e-10,3.98e-10,2.26e-10,1.65e-10,1.21e-10,8.64e-11,6.16e-11,4.35e-11,2.94e-11,1.82e-11,1.12e-11,6.03e-12,3.74e-12,2.04e-12,1.07e-12,9.05e-13,-9999.99,-9999.99,-9999.99,-9999.99,-9999.99,-9999.99,-9999.99,-9999.99,-9999.99,-9999.99,-9999.99,-9999.99,-9999.99,-9999.99,-9999.99,-9999.99,-9999.99,-9999.99,-9999.99,-9999.99,-9999.99,-9999.99,-9999.99,-9999.99,-9999.99,-9999.99,-9999.99,-9999.99,-9999.99,-9999.99,-9999.99,-9999.99,-9999.99,-9999.99,-9999.99,-9999.99,-9999.99,-9999.99,-9999.99,-9999.99,-9999.99,-9999.99,-9999.99,-9999.99,-9999.99,-9999.99,-9999.99,-9999.99,-9999.99,-9999.99,-9999.99,-9999.99,-9999.99,41.34,0.071,42.87,0.071,-13.25,0.0,1.53,107401.0
41782,107400.0,698857.5,438505.8,44223.7079861111,4344.0,249.9,51.99,36.0,-9.8246e-09,-3.8392e-08,5.7778e-09,7.9708e-09,5.1433e-09,3.9883e-09,2.9357e-09,2.0474e-09,1.4213e-09,1.0038e-09,6.5819e-10,4.0263e-10,2.4006e-10,1.4447e-10,8.7544e-11,4.2544e-11,2.3357e-11,-9999.99,-9999.99,-9999.99,-9999.99,-9999.99,-9999.99,-9999.99,-9999.99,-9999.99,-9999.99,2.96e-10,1.15e-09,1.74e-10,2.39e-10,1.54e-10,1.2e-10,8.84e-11,6.16e-11,4.28e-11,3.02e-11,1.98e-11,1.22e-11,7.27e-12,4.38e-12,2.72e-12,1.33e-12,7.59e-13,-9999.99,-9999.99,-9999.99,-9999.99,-9999.99,-9999.99,-9999.99,-9999.99,-9999.99,-9999.99,7.5848e-10,5.0614e-10,3.2661e-10,2.024e-10,1.2099e-10,7.1257e-11,4.0497e-11,2.2696e-11,1.2699e-11,7.0731e-12,4.231e-12,2.5582e-12,1.7731e-12,1.1316e-12,8.0322e-13,5.2018e-13,3.2661e-13,2.0263e-13,1.3789e-13,-9999.99,-9999.99,-9999.99,2.28e-11,1.52e-11,9.8e-12,6.07e-12,3.63e-12,2.14e-12,1.21e-12,6.81e-13,3.81e-13,2.13e-13,1.27e-13,7.73e-14,5.41e-14,3.51e-14,2.49e-14,1.66e-14,1.08e-14,7.27e-15,7.79e-15,-9999.99,-9999.99,-9999.99,51.995,0.057,53.705,0.057,-13.25,0.0,1.71,107401.0
41890,107500.0,699983.3,437197.0,44224.6114583333,33.0,251.4,31.12,14.0,-3.9123e-08,-1.105e-07,3.538e-08,3.1345e-08,1.7632e-08,1.2795e-08,8.9181e-09,4.8509e-09,3.4532e-09,-9999.99,-9999.99,-9999.99,-9999.99,-9999.99,-9999.99,-9999.99,-9999.99,-9999.99,-9999.99,-9999.99,-9999.99,-9999.99,-9999.99,-9999.99,-9999.99,-9999.99,-9999.99,1.17e-09,3.31e-09,1.06e-09,9.4e-10,5.29e-10,3.84e-10,2.68e-10,1.46e-10,1.04e-10,-9999.99,-9999.99,-9999.99,-9999.99,-9999.99,-9999.99,-9999.99,-9999.99,-9999.99,-9999.99,-9999.99,-9999.99,-9999.99,-9999.99,-9999.99,-9999.99,-9999.99,-9999.99,1.5506e-09,9.5848e-10,5.2924e-10,2.9111e-10,1.3997e-10,-9999.99,-9999.99,-9999.99,-9999.99,-9999.99,-9999.99,-9999.99,-9999.99,-9999.99,-9999.99,-9999.99,-9999.99,-9999.99,-9999.99,-9999.99,-9999.99,-9999.99,4.65e-11,2.88e-11,1.59e-11,8.73e-12,4.2e-12,-9999.99,-9999.99,-9999.99,-9999.99,-9999.99,-9999.99,-9999.99,-9999.99,-9999.99,-9999.99,-9999.99,-9999.99,-9999.99,-9999.99,-9999.99,-9999.99,-9999.99,31.12,0.095,32.28,0.0945,-13.25,0.0,1.16,107502.0
41994,107500.0,698018.9,437999.1,44224.6127314815,133.0,249.9,53.02,40.0,-9.3509e-09,-3.6404e-08,5.6696e-09,7.6491e-09,4.8538e-09,3.8509e-09,2.8781e-09,2.0874e-09,1.4336e-09,9.4152e-10,6.0205e-10,3.8333e-10,2.3088e-10,1.2933e-10,6.2749e-11,3.4532e-11,2.0363e-11,1.1137e-11,-9999.99,-9999.99,-9999.99,-9999.99,-9999.99,-9999.99,-9999.99,-9999.99,-9999.99,2.81e-10,1.09e-09,1.71e-10,2.29e-10,1.46e-10,1.16e-10,8.63e-11,6.26e-11,4.32e-11,2.84e-11,1.81e-11,1.16e-11,7e-12,3.94e-12,1.99e-12,1.14e-12,7.19e-13,4.57e-13,-9999.99,-9999.99,-9999.99,-9999.99,-9999.99,-9999.99,-9999.99,-9999.99,-9999.99,7.3801e-10,4.848e-10,3.0409e-10,1.8345e-10,1.0664e-10,6.0848e-11,3.4006e-11,1.8664e-11,1.0187e-11,5.7281e-12,3.3918e-12,2.1746e-12,1.574e-12,1.1342e-12,8.6842e-13,6.4094e-13,4.5936e-13,3.0585e-13,2.0909e-13,1.4936e-13,8.7865e-14,5.4357e-14,2.21e-11,1.45e-11,9.12e-12,5.5e-12,3.2e-12,1.83e-12,1.02e-12,5.6e-13,3.06e-13,1.72e-13,1.02e-13,6.55e-14,4.75e-14,3.46e-14,2.67e-14,2.01e-14,1.42e-14,9.82e-15,7.42e-15,6.11e-15,4.61e-15,4.29e-15,53.02,0.056,54.72,0.056,-13.25,0.0,1.7,107502.0
42096,107500.0,696054.8,438812.8,44224.6139351852,233.0,271.1,34.47,38.0,-2.6617e-08,-7.8363e-08,2.3909e-08,2.2626e-08,1.3854e-08,1.0053e-08,6.848e-09,4.3012e-09,2.5132e-09,1.4135e-09,7.155e-10,3.6111e-10,1.6307e-10,7.0146e-11,3.7427e-11,1.9544e-11,-9999.99,-9999.99,-9999.99,-9999.99,-9999.99,-9999.99,-9999.99,-9999.99,-9999.99,-9999.99,-9999.99,7.99e-10,2.35e-09,7.17e-10,6.79e-10,4.16e-10,3.02e-10,2.05e-10,1.29e-10,7.54e-11,4.24e-11,2.15e-11,1.1e-11,5.06e-12,2.26e-12,1.44e-12,8.23e-13,-9999.99,-9999.99,-9999.99,-9999.99,-9999.99,-9999.99,-9999.99,-9999.99,-9999.99,-9999.99,-9999.99,1.0497e-09,5.4591e-10,2.6962e-10,1.3325e-10,6.4444e-11,3.4825e-11,1.9576e-11,1.1792e-11,7.3713e-12,4.7251e-12,3.4825e-12,2.655e-12,2.0868e-12,1.6211e-12,1.231e-12,9.0175e-13,6.1579e-13,4.0877e-13,2.8749e-13,2.0933e-13,9.8392e-14,6.2456e-14,3.15e-11,1.64e-11,8.09e-12,4e-12,1.93e-12,1.04e-12,5.89e-13,3.56e-13,2.22e-13,1.43e-13,1.06e-13,8.04e-14,6.3e-14,5.01e-14,3.78e-14,2.87e-14,1.95e-14,1.36e-14,1.02e-14,8.69e-15,7.18e-15,9.37e-15,34.465,0.0865,35.335,0.0865,-13.25,0.0,0.87,107502.0
42202,107500.0,693719.9,439757.9,44224.6153472222,333.0,240.7,32.27,37.0,-3.693e-08,-1.0956e-07,2.9825e-08,2.9971e-08,1.8e-08,1.2901e-08,8.9649e-09,5.8538e-09,3.6667e-09,2.2585e-09,1.3254e-09,7.2836e-10,3.7339e-10,1.9825e-10,9.9094e-11,-9999.99,-9999.99,-9999.99,-9999.99,-9999.99,-9999.99,-9999.99,-9999.99,-9999.99,-9999.99,-9999.99,-9999.99,1.11e-09,3.29e-09,8.95e-10,8.99e-10,5.4e-10,3.87e-10,2.69e-10,1.76e-10,1.1e-10,6.78e-11,3.98e-11,2.19e-11,1.13e-11,6.05e-12,3.03e-12,-9999.99,-9999.99,-9999.99,-9999.99,-9999.99,-9999.99,-9999.99,-9999.99,-9999.99,-9999.99,-9999.99,-9999.99,1.7152e-09,1.007e-09,5.6579e-10,3.0585e-10,1.5982e-10,8.3713e-11,4.4795e-11,2.5398e-11,1.5032e-11,9.807e-12,6.731e-12,4.9561e-12,3.3129e-12,2.5026e-12,1.8108e-12,1.1658e-12,7.269e-13,4.6257e-13,2.8936e-13,1.6263e-13,8.9854e-14,5.6287e-14,5.15e-11,3.02e-11,1.7e-11,9.18e-12,4.79e-12,2.51e-12,1.34e-12,7.62e-13,4.51e-13,2.94e-13,2.03e-13,1.49e-13,1.01e-13,7.76e-14,5.7e-14,3.64e-14,2.48e-14,1.71e-14,1.12e-14,7.79e-15,7.84e-15,1.23e-14,32.275,0.091,33.58,0.091,-13.25,0.0,1.3,107502.0
42308,107500.0,691535.7,440638.3,44224.6166550926,433.0,245.8,44.78,46.0,-1.4026e-08,-5.1257e-08,6.6842e-09,9.9035e-09,6.2865e-09,4.8275e-09,3.6374e-09,2.7135e-09,1.9541e-09,1.4009e-09,9.8333e-10,6.4474e-10,4.1053e-10,2.4798e-10,1.4412e-10,8.2018e-11,4.5819e-11,2.4099e-11,1.5085e-11,8.6082e-12,6.2632e-12,3.0322e-12,2.7225e-12,1.5456e-12,-9999.99,-9999.99,-9999.99,4.22e-10,1.54e-09,2.02e-10,2.97e-10,1.89e-10,1.45e-10,1.09e-10,8.14e-11,5.86e-11,4.22e-11,2.96e-11,1.94e-11,1.24e-11,7.49e-12,4.38e-12,2.5e-12,1.42e-12,7.78e-13,6.15e-13,3.99e-13,3.44e-13,3.43e-13,2.59e-13,5.26e-13,-9999.99,-9999.99,-9999.99,1.1213e-09,7.924e-10,5.383e-10,3.5058e-10,2.1944e-10,1.3114e-10,7.7398e-11,4.4649e-11,2.5743e-11,1.4977e-11,9.114e-12,5.8684e-12,3.7836e-12,2.3775e-12,1.5216e-12,9.4094e-13,6.193e-13,3.7515e-13,2.4003e-13,1.3635e-13,1.1985e-13,8.2895e-14,3.36e-11,2.38e-11,1.61e-11,1.05e-11,6.58e-12,3.93e-12,2.32e-12,1.34e-12,7.72e-13,4.49e-13,2.73e-13,1.77e-13,1.14e-13,7.16e-14,4.66e-14,2.92e-14,1.98e-14,1.24e-14,8.43e-15,6.26e-15,7.14e-15,1.18e-14,44.78,0.066,45.935,0.066,-13.25,0.0,1.16,107502.0
42410,107500.0,689657.4,441524.2,44224.6178472222,533.0,245.3,35.85,30.0,-3.0088e-08,-9.7427e-08,1.4477e-08,2.0825e-08,1.3526e-08,1.0702e-08,8.1257e-09,5.8596e-09,4.0673e-09,2.7208e-09,1.7164e-09,1.038e-09,6.0673e-10,3.2807e-10,1.8096e-10,9.0497e-11,-9999.99,-9999.99,-9999.99,-9999.99,-9999.99,-9999.99,-9999.99,-9999.99,-9999.99,-9999.99,-9999.99,9.03e-10,2.92e-09,4.34e-10,6.25e-10,4.06e-10,3.21e-10,2.44e-10,1.76e-10,1.22e-10,8.16e-11,5.15e-11,3.11e-11,1.83e-11,9.91e-12,5.5e-12,2.78e-12,-9999.99,-9999.99,-9999.99,-9999.99,-9999.99,-9999.99,-9999.99,-9999.99,-9999.99,-9999.99,-9999.99,2.0722e-09,1.3386e-09,8.2661e-10,4.9327e-10,2.8763e-10,1.6643e-10,9.5643e-11,5.5877e-11,3.3684e-11,2.0819e-11,1.3158e-11,8.7018e-12,5.7865e-12,3.7865e-12,-9999.99,-9999.99,-9999.99,-9999.99,-9999.99,-9999.99,-9999.99,-9999.99,6.22e-11,4.02e-11,2.48e-11,1.48e-11,8.63e-12,4.99e-12,2.87e-12,1.68e-12,1.01e-12,6.25e-13,3.95e-13,2.63e-13,1.74e-13,1.14e-13,-9999.99,-9999.99,-9999.99,-9999.99,-9999.99,-9999.99,-9999.99,-9999.99,35.85,0.0825,37.48,0.083,-13.25,0.0,1.63,107502.0
42516,107500.0,687228.1,442415.5,44224.6193634259,633.0,234.0,44.66,44.0,-1.4646e-08,-5.2865e-08,9.4766e-09,1.283e-08,8.3129e-09,6.2368e-09,4.3713e-09,2.8734e-09,1.7383e-09,1.0623e-09,6.2398e-10,3.6053e-10,1.9313e-10,1.245e-10,7.5322e-11,5.1053e-11,3.3216e-11,2.2146e-11,1.7482e-11,1.2175e-11,7.2281e-12,5.462e-12,4.0058e-12,-9999.99,-9999.99,-9999.99,-9999.99,4.39e-10,1.59e-09,2.84e-10,3.85e-10,2.49e-10,1.87e-10,1.31e-10,8.62e-11,5.21e-11,3.2e-11,1.88e-11,1.09e-11,5.87e-12,3.83e-12,2.4e-12,1.59e-12,1.06e-12,7.15e-13,6.03e-13,6.68e-13,3.32e-13,1.5e-12,1.55e-12,-9999.99,-9999.99,-9999.99,-9999.99,8.2953e-10,4.962e-10,2.9795e-10,1.8412e-10,1.176e-10,7.8977e-11,5.4708e-11,3.9357e-11,2.8237e-11,1.9778e-11,1.3649e-11,9.1491e-12,5.9561e-12,3.6754e-12,2.267e-12,1.3515e-12,7.7953e-13,4.3918e-13,2.2374e-13,1.293e-13,6.0994e-14,-9999.99,2.49e-11,1.49e-11,8.94e-12,5.52e-12,3.53e-12,2.37e-12,1.64e-12,1.18e-12,8.47e-13,5.93e-13,4.09e-13,2.74e-13,1.79e-13,1.11e-13,6.87e-14,4.11e-14,2.41e-14,1.49e-14,8.66e-15,6.89e-15,8.78e-15,-9999.99,44.66,0.066,45.87,0.066,-13.25,0.0,1.21,107502.0
42620,107600.0,688631.5,441024.5,44224.6218402778,733.0,248.1,51.88,40.0,-1.1889e-08,-3.9912e-08,1.0825e-08,1.0576e-08,6.2544e-09,4.2924e-09,2.7363e-09,1.6643e-09,1.045e-09,5.9825e-10,3.5994e-10,2.2743e-10,1.3784e-10,8.7895e-11,4.7749e-11,3.2895e-11,2.1632e-11,1.4076e-11,-9999.99,-9999.99,-9999.99,-9999.99,-9999.99,-9999.99,-9999.99,-9999.99,-9999.99,3.58e-10,1.2e-09,3.26e-10,3.17e-10,1.88e-10,1.29e-10,8.24e-11,5.01e-11,3.15e-11,1.81e-11,1.1e-11,6.94e-12,4.19e-12,2.82e-12,1.59e-12,1.1e-12,9.93e-13,1.44e-12,-9999.99,-9999.99,-9999.99,-9999.99,-9999.99,-9999.99,-9999.99,-9999.99,-9999.99,4.8655e-10,2.917e-10,1.8044e-10,1.1363e-10,7.2368e-11,4.7281e-11,3.0468e-11,2.0389e-11,1.4137e-11,1.002e-11,7.4883e-12,5.4298e-12,3.7251e-12,2.6573e-12,1.7459e-12,1.1263e-12,7e-13,4.0117e-13,2.2854e-13,1.3497e-13,8.7398e-14,5.5205e-14,1.46e-11,8.75e-12,5.41e-12,3.41e-12,2.17e-12,1.42e-12,9.14e-13,6.12e-13,4.24e-13,3.01e-13,2.25e-13,1.63e-13,1.12e-13,8e-14,5.29e-14,3.45e-14,2.23e-14,1.29e-14,8.36e-15,6.36e-15,7.04e-15,5.85e-15,51.88,0.058,52.315,0.058,-13.25,0.0,0.44,107602.0
42720,107600.0,690928.6,439784.8,44224.6229976852,833.0,227.8,83.64,39.0,-3.1784e-09,-1.2032e-08,4.2865e-09,3.2807e-09,1.6257e-09,1.1333e-09,6.4591e-10,3.6199e-10,1.862e-10,1.3105e-10,8.9708e-11,5.3801e-11,4.0205e-11,2.6146e-11,2.3673e-11,1.6132e-11,1.0757e-11,-9999.99,-9999.99,-9999.99,-9999.99,-9999.99,-9999.99,-9999.99,-9999.99,-9999.99,-9999.99,9.98e-11,3.71e-10,1.3e-10,9.87e-11,4.94e-11,3.49e-11,2.01e-11,1.16e-11,6.5e-12,4.81e-12,3.85e-12,2.3e-12,1.73e-12,1.37e-12,1.56e-12,6.97e-13,1.41e-11,-9999.99,-9999.99,-9999.99,-9999.99,-9999.99,-9999.99,-9999.99,-9999.99,-9999.99,-9999.99,1.1444e-10,7.7895e-11,5.4912e-11,3.7924e-11,2.5626e-11,1.8936e-11,1.2447e-11,9.9474e-12,7.231e-12,5.2632e-12,4.3246e-12,3.1813e-12,2.2924e-12,1.7462e-12,1.2418e-12,8.386e-13,5.4825e-13,3.4766e-13,1.9819e-13,1.314e-13,6.8977e-14,4.3012e-14,3.44e-12,2.34e-12,1.65e-12,1.15e-12,7.82e-13,5.78e-13,3.8e-13,3e-13,2.18e-13,1.59e-13,1.32e-13,9.58e-14,6.95e-14,5.29e-14,3.81e-14,2.57e-14,1.73e-14,1.13e-14,6.88e-15,6.27e-15,5.83e-15,1.08e-14,83.635,0.036,83.9,0.036,-13.25,0.0,0.27,107602.0
42826,107600.0,693381.0,438981.2,44224.6242824074,933.0,219.5,59.28,31.0,-5.845e-09,-1.8137e-08,9.9474e-09,5.5819e-09,2.2433e-09,1.2787e-09,6.7544e-10,3.9123e-10,1.9661e-10,-9999.99,-9999.99,-9999.99,-9999.99,-9999.99,-9999.99,-9999.99,-9999.99,-9999.99,-9999.99,-9999.99,-9999.99,-9999.99,-9999.99,-9999.99,-9999.99,-9999.99,-9999.99,1.77e-10,5.48e-10,2.98e-10,1.67e-10,6.84e-11,3.91e-11,2.11e-11,1.24e-11,7.04e-12,-9999.99,-9999.99,-9999.99,-9999.99,-9999.99,-9999.99,-9999.99,-9999.99,-9999.99,-9999.99,-9999.99,-9999.99,-9999.99,-9999.99,-9999.99,-9999.99,-9999.99,-9999.99,1.0825e-10,6.8596e-11,4.5526e-11,3.1287e-11,2.1968e-11,1.6099e-11,1.1965e-11,8.8889e-12,6.9766e-12,5.5117e-12,4.1988e-12,3.4152e-12,2.5374e-12,1.8611e-12,1.3632e-12,9.0556e-13,6.1228e-13,3.576e-13,2.2512e-13,1.3503e-13,9.9123e-14,5.9942e-14,3.25e-12,2.06e-12,1.37e-12,9.42e-13,6.61e-13,4.86e-13,3.64e-13,2.69e-13,2.1e-13,1.66e-13,1.27e-13,1.03e-13,7.66e-14,5.68e-14,4.14e-14,2.83e-14,1.9e-14,1.19e-14,8.58e-15,6.05e-15,7.17e-15,6.83e-15,59.285,0.05,60.48,0.05,-13.25,0.0,1.2,107602.0
42926,107600.0,695856.9,438011.4,44224.6254398148,1033.0,279.9,32.67,31.0,-3.4444e-08,-1.0664e-07,2.6459e-08,2.9795e-08,1.8573e-08,1.3629e-08,9.424e-09,6e-09,3.5585e-09,2.0365e-09,1.1e-09,5.6374e-10,2.7784e-10,1.3263e-10,6.2602e-11,2.807e-11,1.7406e-11,8.3889e-12,4.4854e-12,4.3743e-12,4.3333e-12,-9999.99,-9999.99,-9999.99,-9999.99,-9999.99,-9999.99,1.03e-09,3.2e-09,7.94e-10,8.94e-10,5.57e-10,4.09e-10,2.83e-10,1.8e-10,1.07e-10,6.11e-11,3.31e-11,1.7e-11,8.39e-12,4.09e-12,2.05e-12,1.02e-12,8.51e-13,7.35e-13,7.45e-13,6.82e-13,9.19e-12,-9999.99,-9999.99,-9999.99,-9999.99,-9999.99,-9999.99,1.5567e-09,8.4152e-10,4.345e-10,2.1591e-10,1.064e-10,5.2135e-11,2.6219e-11,1.3728e-11,7.4006e-12,4.1754e-12,-9999.99,-9999.99,-9999.99,-9999.99,-9999.99,-9999.99,-9999.99,-9999.99,-9999.99,-9999.99,-9999.99,-9999.99,4.67e-11,2.52e-11,1.3e-11,6.48e-12,3.19e-12,1.56e-12,7.87e-13,4.13e-13,2.23e-13,1.32e-13,-9999.99,-9999.99,-9999.99,-9999.99,-9999.99,-9999.99,-9999.99,-9999.99,-9999.99,-9999.99,-9999.99,-9999.99,32.675,0.09,33.845,0.09,-13.25,0.0,1.17,107602.0
43036,107600.0,699001.4,436749.6,44224.6268287037,1133.0,258.2,28.37,40.0,-5.9444e-08,-1.6865e-07,4.8158e-08,4.9152e-08,2.9591e-08,2.1132e-08,1.4363e-08,9.1784e-09,5.5292e-09,3.2749e-09,1.8684e-09,1.0137e-09,5.1725e-10,2.6442e-10,1.3237e-10,6.3158e-11,3.0263e-11,1.2763e-11,-9999.99,-9999.99,-9999.99,-9999.99,-9999.99,-9999.99,-9999.99,-9999.99,-9999.99,1.78e-09,5.06e-09,1.44e-09,1.47e-09,8.88e-10,6.34e-10,4.31e-10,2.75e-10,1.66e-10,9.82e-11,5.61e-11,3.04e-11,1.56e-11,7.99e-12,4.06e-12,1.97e-12,9.68e-13,5.9e-13,-9999.99,-9999.99,-9999.99,-9999.99,-9999.99,-9999.99,-9999.99,-9999.99,-9999.99,2.4743e-09,1.402e-09,7.6842e-10,4.0965e-10,2.1316e-10,1.1012e-10,5.5556e-11,2.8354e-11,1.4088e-11,7.2398e-12,4.1257e-12,2.7129e-12,1.883e-12,1.3836e-12,1.0365e-12,8.2164e-13,6.1433e-13,4.0702e-13,3.0205e-13,1.9512e-13,1.5851e-13,9.6374e-14,7.42e-11,4.21e-11,2.31e-11,1.23e-11,6.39e-12,3.3e-12,1.67e-12,8.51e-13,4.23e-13,2.19e-13,1.25e-13,8.33e-14,6.01e-14,4.28e-14,3.25e-14,2.59e-14,1.97e-14,1.41e-14,1.13e-14,1.19e-14,3e-14,4.11e-14,28.37,0.104,29.465,0.104,-13.25,0.0,1.09,107602.0
43142,107700.0,699479.4,435650.9,44224.6294675926,1233.0,238.8,24.97,15.0,-5.462e-08,-1.1561e-07,7.348e-08,4.5731e-08,2.0401e-08,1.1246e-08,5.8918e-09,2.7757e-09,1.2161e-09,-9999.99,-9999.99,-9999.99,-9999.99,-9999.99,-9999.99,-9999.99,-9999.99,-9999.99,-9999.99,-9999.99,-9999.99,-9999.99,-9999.99,-9999.99,-9999.99,-9999.99,-9999.99,1.64e-09,3.47e-09,2.2e-09,1.37e-09,6.12e-10,3.37e-10,1.77e-10,8.33e-11,3.66e-11,-9999.99,-9999.99,-9999.99,-9999.99,-9999.99,-9999.99,-9999.99,-9999.99,-9999.99,-9999.99,-9999.99,-9999.99,-9999.99,-9999.99,-9999.99,-9999.99,-9999.99,-9999.99,4.9386e-10,2.314e-10,1.193e-10,6.6287e-11,3.9064e-11,2.35e-11,-9999.99,-9999.99,-9999.99,-9999.99,-9999.99,-9999.99,-9999.99,-9999.99,-9999.99,-9999.99,-9999.99,-9999.99,-9999.99,-9999.99,-9999.99,-9999.99,1.48e-11,6.94e-12,3.58e-12,1.99e-12,1.17e-12,7.1e-13,-9999.99,-9999.99,-9999.99,-9999.99,-9999.99,-9999.99,-9999.99,-9999.99,-9999.99,-9999.99,-9999.99,-9999.99,-9999.99,-9999.99,-9999.99,-9999.99,24.97,0.117,26.2,0.117,-13.25,0.0,1.23,107701.0
43246,107700.0,697633.0,436472.2,44224.6307175926,1333.0,261.1,27.07,39.0,-6.3275e-08,-1.7257e-07,5.4766e-08,4.9737e-08,2.8673e-08,2.0614e-08,1.4135e-08,9.1901e-09,5.5673e-09,3.3275e-09,1.8833e-09,1.0281e-09,5.2135e-10,2.5453e-10,1.1904e-10,5.3158e-11,2.2743e-11,-9999.99,-9999.99,-9999.99,-9999.99,-9999.99,-9999.99,-9999.99,-9999.99,-9999.99,-9999.99,1.9e-09,5.18e-09,1.64e-09,1.49e-09,8.6e-10,6.18e-10,4.24e-10,2.76e-10,1.67e-10,9.98e-11,5.65e-11,3.08e-11,1.56e-11,7.69e-12,3.65e-12,1.65e-12,7.55e-13,-9999.99,-9999.99,-9999.99,-9999.99,-9999.99,-9999.99,-9999.99,-9999.99,-9999.99,-9999.99,2.5342e-09,1.4444e-09,7.8626e-10,4.0994e-10,2.048e-10,1.007e-10,4.8363e-11,2.433e-11,1.2371e-11,7.1637e-12,4.5936e-12,3.0351e-12,2.1713e-12,1.6254e-12,1.2506e-12,8.9327e-13,6.4649e-13,4.3626e-13,2.8389e-13,1.8263e-13,1.2348e-13,7.3743e-14,7.6e-11,4.33e-11,2.36e-11,1.23e-11,6.14e-12,3.02e-12,1.45e-12,7.3e-13,3.71e-13,2.16e-13,1.39e-13,9.14e-14,6.54e-14,4.91e-14,3.8e-14,2.72e-14,1.99e-14,1.38e-14,9.43e-15,7.67e-15,6.06e-15,8.04e-15,27.075,0.1075,28.805,0.1075,-13.25,0.0,1.73,107701.0
43352,107700.0,695287.0,437390.5,44224.6320486111,1433.0,272.6,41.71,38.0,-1.8635e-08,-6.2193e-08,1.4871e-08,1.7026e-08,1.0874e-08,8.0877e-09,5.652e-09,3.6608e-09,2.1953e-09,1.3079e-09,7.2076e-10,3.8129e-10,2.0105e-10,9.8363e-11,4.807e-11,2.1895e-11,-9999.99,-9999.99,-9999.99,-9999.99,-9999.99,-9999.99,-9999.99,-9999.99,-9999.99,-9999.99,-9999.99,5.59e-10,1.87e-09,4.46e-10,5.11e-10,3.26e-10,2.43e-10,1.7e-10,1.1e-10,6.59e-11,3.94e-11,2.18e-11,1.15e-11,6.09e-12,3.05e-12,1.66e-12,7.51e-13,-9999.99,-9999.99,-9999.99,-9999.99,-9999.99,-9999.99,-9999.99,-9999.99,-9999.99,-9999.99,-9999.99,9.6842e-10,5.4094e-10,2.8991e-10,1.4994e-10,7.5556e-11,3.8596e-11,1.9868e-11,1.0722e-11,6.0819e-12,3.7222e-12,2.5395e-12,1.9298e-12,1.4047e-12,1.105e-12,8.1667e-13,6.0614e-13,4.4094e-13,2.8143e-13,1.802e-13,1.1491e-13,7.2895e-14,5.3977e-14,2.91e-11,1.62e-11,8.7e-12,4.5e-12,2.27e-12,1.16e-12,5.96e-13,3.23e-13,1.84e-13,1.12e-13,7.75e-14,5.92e-14,4.34e-14,3.46e-14,2.6e-14,1.9e-14,1.47e-14,1.07e-14,7.75e-15,6.8e-15,9.11e-15,1.69e-14,41.71,0.0715,43.675,0.0715,-13.25,0.0,1.97,107701.0
43458,107700.0,692222.1,438628.9,44224.6334953704,1533.0,230.8,62.87,33.0,-5.8363e-09,-2.0023e-08,7.2807e-09,5.5292e-09,2.8848e-09,1.902e-09,1.2173e-09,7.5439e-10,4.2719e-10,2.5111e-10,1.6146e-10,9.0468e-11,5.5994e-11,-9999.99,-9999.99,-9999.99,-9999.99,-9999.99,-9999.99,-9999.99,-9999.99,-9999.99,-9999.99,-9999.99,-9999.99,-9999.99,-9999.99,1.79e-10,6.13e-10,2.2e-10,1.66e-10,8.68e-11,5.78e-11,3.69e-11,2.29e-11,1.32e-11,8.04e-12,5.15e-12,2.96e-12,1.9e-12,-9999.99,-9999.99,-9999.99,-9999.99,-9999.99,-9999.99,-9999.99,-9999.99,-9999.99,-9999.99,-9999.99,-9999.99,-9999.99,-9999.99,1.952e-10,1.157e-10,6.9766e-11,4.5117e-11,2.8614e-11,1.9678e-11,1.3561e-11,9.693e-12,7.3304e-12,5.5439e-12,4.345e-12,3.4415e-12,2.5374e-12,1.8895e-12,1.3602e-12,9.7281e-13,6.1082e-13,3.6871e-13,2.3918e-13,1.6409e-13,-9999.99,-9999.99,5.86e-12,3.47e-12,2.1e-12,1.35e-12,8.61e-13,5.9e-13,4.08e-13,2.92e-13,2.21e-13,1.67e-13,1.31e-13,1.04e-13,7.69e-14,5.71e-14,4.14e-14,2.98e-14,1.94e-14,1.25e-14,8.73e-15,7.45e-15,-9999.99,-9999.99,62.865,0.0475,65.415,0.0475,-13.25,0.0,2.55,107701.0
43560,107700.0,689721.1,439681.4,44224.6346875,1633.0,247.6,58.9,38.0,-6.7719e-09,-2.681e-08,4.5702e-09,5.8333e-09,3.8246e-09,2.9269e-09,2.1734e-09,1.486e-09,9.4474e-10,6.1608e-10,3.6784e-10,2.2889e-10,1.1985e-10,7.5292e-11,4.5088e-11,2.6456e-11,-9999.99,-9999.99,-9999.99,-9999.99,-9999.99,-9999.99,-9999.99,-9999.99,-9999.99,-9999.99,-9999.99,2.05e-10,8.1e-10,1.38e-10,1.75e-10,1.15e-10,8.87e-11,6.54e-11,4.47e-11,2.85e-11,1.86e-11,1.13e-11,7.05e-12,3.73e-12,2.46e-12,1.57e-12,8.94e-13,-9999.99,-9999.99,-9999.99,-9999.99,-9999.99,-9999.99,-9999.99,-9999.99,-9999.99,-9999.99,-9999.99,4.6023e-10,2.8848e-10,1.7848e-10,1.0953e-10,6.8246e-11,4.307e-11,2.7655e-11,1.8067e-11,1.2009e-11,8.2515e-12,5.9444e-12,4.2544e-12,3.0819e-12,2.2649e-12,1.5368e-12,1.0213e-12,6.7193e-13,3.9444e-13,2.5234e-13,1.5047e-13,8.3567e-14,5.6345e-14,1.38e-11,8.65e-12,5.35e-12,3.29e-12,2.05e-12,1.29e-12,8.3e-13,5.42e-13,3.6e-13,2.48e-13,1.79e-13,1.28e-13,9.31e-14,6.84e-14,4.67e-14,3.13e-14,2.13e-14,1.33e-14,9.56e-15,7.09e-15,1.04e-14,1.03e-14,58.9,0.0505,61.125,0.0505,-13.25,0.0,2.23,107701.0
43666,107700.0,687423.8,440645.7,44224.6360763889,1733.0,255.7,32.09,39.0,-3.9971e-08,-1.1512e-07,4.6959e-08,4.2602e-08,2.2094e-08,1.302e-08,7.155e-09,3.4444e-09,1.617e-09,8.2105e-10,4.6813e-10,2.8857e-10,1.7637e-10,1.0383e-10,6.2719e-11,4.0877e-11,2.367e-11,-9999.99,-9999.99,-9999.99,-9999.99,-9999.99,-9999.99,-9999.99,-9999.99,-9999.99,-9999.99,1.2e-09,3.45e-09,1.41e-09,1.28e-09,6.63e-10,3.91e-10,2.15e-10,1.03e-10,4.87e-11,2.47e-11,1.42e-11,8.83e-12,5.41e-12,3.22e-12,2.03e-12,1.3e-12,8.21e-13,-9999.99,-9999.99,-9999.99,-9999.99,-9999.99,-9999.99,-9999.99,-9999.99,-9999.99,-9999.99,7.2398e-10,3.9035e-10,2.3643e-10,1.5216e-10,9.8363e-11,6.424e-11,4.2368e-11,2.8404e-11,1.9409e-11,1.3892e-11,1.0094e-11,7.3363e-12,5.2485e-12,3.576e-12,2.4474e-12,1.5544e-12,9.3187e-13,5.8187e-13,3.2164e-13,2.1164e-13,1.1135e-13,6.4444e-14,2.17e-11,1.17e-11,7.09e-12,4.56e-12,2.95e-12,1.93e-12,1.27e-12,8.52e-13,5.82e-13,4.17e-13,3.04e-13,2.2e-13,1.57e-13,1.08e-13,7.39e-14,4.69e-14,2.84e-14,1.82e-14,1.05e-14,8.34e-15,8.75e-15,5.48e-15,32.095,0.0965,30.125,0.096,-13.25,0.0,-1.97,107701.0
43768,107700.0,686648.7,440984.1,44224.6373958333,1833.0,246.2,33.81,46.0,-3.4503e-08,-1.0158e-07,3.7573e-08,3.4532e-08,1.8193e-08,1.1079e-08,6.5234e-09,3.4971e-09,1.8833e-09,1.0626e-09,6.2719e-10,3.7193e-10,2.2789e-10,1.3678e-10,8.4211e-11,5.1901e-11,3.3684e-11,2.0357e-11,1.5664e-11,9.2193e-12,6.8743e-12,5.6784e-12,4.2632e-12,3.9532e-12,-9999.99,-9999.99,-9999.99,1.04e-09,3.05e-09,1.13e-09,1.04e-09,5.46e-10,3.32e-10,1.96e-10,1.05e-10,5.67e-11,3.2e-11,1.89e-11,1.12e-11,6.93e-12,4.2e-12,2.64e-12,1.61e-12,1.05e-12,6.74e-13,5.5e-13,3.31e-13,3.51e-13,3.02e-13,3.96e-13,3.28e-13,-9999.99,-9999.99,-9999.99,8.6725e-10,5.076e-10,3.1374e-10,1.9851e-10,1.2661e-10,8.1082e-11,5.3538e-11,3.5468e-11,2.5023e-11,1.7623e-11,1.2667e-11,9.0497e-12,6.2602e-12,4.2368e-12,2.767e-12,1.726e-12,1.0415e-12,5.9795e-13,3.3801e-13,1.8725e-13,1.386e-13,7.731e-14,2.6e-11,1.52e-11,9.41e-12,5.96e-12,3.8e-12,2.43e-12,1.61e-12,1.06e-12,7.51e-13,5.29e-13,3.8e-13,2.71e-13,1.88e-13,1.27e-13,8.33e-14,5.21e-14,3.18e-14,1.85e-14,1.11e-14,6.8e-15,7.11e-15,5.4e-15,33.815,0.087,35.315,0.087,-13.25,0.0,1.5,107701.0
43872,107800.0,684263.2,440550.9,44224.6397106481,1933.0,247.5,55.16,44.0,-1.2635e-08,-3.7339e-08,1.1655e-08,9.7778e-09,5.2573e-09,3.4649e-09,2.3772e-09,1.4842e-09,9.9883e-10,6.7164e-10,4.5292e-10,2.6877e-10,1.8898e-10,1.1392e-10,6.8626e-11,5.114e-11,2.8713e-11,1.7558e-11,1.3237e-11,9.8333e-12,6.9942e-12,5.8538e-12,4.4766e-12,3.1871e-12,2.6839e-12,-9999.99,-9999.99,3.79e-10,1.12e-09,3.5e-10,2.93e-10,1.58e-10,1.04e-10,7.16e-11,4.47e-11,3.02e-11,2.04e-11,1.38e-11,8.28e-12,5.82e-12,3.69e-12,2.22e-12,1.61e-12,9.19e-13,6.02e-13,5.2e-13,4.27e-13,3.04e-13,7.43e-13,8.55e-13,4.14e-13,3.57e-12,-9999.99,-9999.99,5.3772e-10,3.6316e-10,2.4471e-10,1.6325e-10,1.0865e-10,7.0702e-11,4.7632e-11,3.2105e-11,2.2047e-11,1.5675e-11,1.1327e-11,7.9064e-12,5.5029e-12,3.7135e-12,2.3348e-12,1.4605e-12,8.114e-13,4.7544e-13,2.9099e-13,-9999.99,-9999.99,-9999.99,1.61e-11,1.09e-11,7.34e-12,4.9e-12,3.26e-12,2.12e-12,1.43e-12,9.63e-13,6.61e-13,4.7e-13,3.4e-13,2.37e-13,1.66e-13,1.12e-13,7.03e-14,4.41e-14,2.48e-14,1.48e-14,9.37e-15,-9999.99,-9999.99,-9999.99,55.16,0.054,56.75,0.0545,-13.25,0.0,1.59,107801.0
43982,107800.0,686700.8,440050.4,44224.6412731481,2033.0,247.8,37.94,7.0,-2.3895e-08,-7.5994e-08,2.3304e-08,2.2523e-08,1.1865e-08,7.5497e-09,4.7661e-09,-9999.99,-9999.99,-9999.99,-9999.99,-9999.99,-9999.99,-9999.99,-9999.99,-9999.99,-9999.99,-9999.99,-9999.99,-9999.99,-9999.99,-9999.99,-9999.99,-9999.99,-9999.99,-9999.99,-9999.99,7.17e-10,2.28e-09,6.99e-10,6.76e-10,3.56e-10,2.28e-10,1.43e-10,-9999.99,-9999.99,-9999.99,-9999.99,-9999.99,-9999.99,-9999.99,-9999.99,-9999.99,-9999.99,-9999.99,-9999.99,-9999.99,-9999.99,-9999.99,-9999.99,-9999.99,-9999.99,-9999.99,-9999.99,-9999.99,-9999.99,-9999.99,-9999.99,-9999.99,-9999.99,-9999.99,-9999.99,-9999.99,-9999.99,-9999.99,-9999.99,-9999.99,-9999.99,-9999.99,-9999.99,-9999.99,-9999.99,-9999.99,-9999.99,-9999.99,-9999.99,-9999.99,-9999.99,-9999.99,-9999.99,-9999.99,-9999.99,-9999.99,-9999.99,-9999.99,-9999.99,-9999.99,-9999.99,-9999.99,-9999.99,-9999.99,-9999.99,-9999.99,-9999.99,-9999.99,-9999.99,-9999.99,-9999.99,37.94,0.078,39.43,0.078,-13.25,0.0,1.49,107801.0
44088,107800.0,690019.6,438675.1,44224.6681597222,2133.0,261.3,30.05,43.0,-4.3216e-08,-1.3374e-07,2.8749e-08,3.5614e-08,2.3289e-08,1.7301e-08,1.2208e-08,7.8918e-09,4.7778e-09,2.7807e-09,1.5675e-09,8.3099e-10,4.3392e-10,2.2015e-10,1.1257e-10,5.2368e-11,2.9532e-11,2.0295e-11,1.0327e-11,4.0731e-12,5.3626e-12,5.3977e-12,6.3977e-13,-9999.99,-9999.99,-9999.99,-9999.99,1.3e-09,4.01e-09,8.62e-10,1.07e-09,6.99e-10,5.19e-10,3.66e-10,2.37e-10,1.43e-10,8.34e-11,4.7e-11,2.49e-11,1.31e-11,6.67e-12,3.56e-12,1.64e-12,1.17e-12,8.58e-13,9.22e-13,4.72e-13,9.65e-13,5.51e-13,2.1e-13,-9999.99,-9999.99,-9999.99,-9999.99,2.0795e-09,1.1722e-09,6.386e-10,3.4357e-10,1.8433e-10,1.012e-10,5.6959e-11,3.3333e-11,2.0582e-11,1.3392e-11,9.2281e-12,6.6667e-12,4.7076e-12,3.2865e-12,2.2415e-12,1.4275e-12,8.9035e-13,5.9298e-13,2.8436e-13,1.4047e-13,-9999.99,-9999.99,6.24e-11,3.52e-11,1.92e-11,1.03e-11,5.53e-12,3.04e-12,1.71e-12,1e-12,6.17e-13,4.02e-13,2.77e-13,2e-13,1.42e-13,9.93e-14,6.81e-14,4.44e-14,2.8e-14,2.01e-14,1.09e-14,8.44e-15,-9999.99,-9999.99,30.05,0.096,32.21,0.096,-13.25,0.0,2.16,107802.0
44196,107800.0,693496.9,437203.2,44224.6696643519,2233.0,231.8,59.82,37.0,-5.8743e-09,-2.4526e-08,4.4678e-09,5.8772e-09,4.0673e-09,3.0351e-09,2.1871e-09,1.4225e-09,8.4912e-10,4.8626e-10,2.6778e-10,1.4626e-10,7.0439e-11,3.9094e-11,2.3339e-11,-9999.99,-9999.99,-9999.99,-9999.99,-9999.99,-9999.99,-9999.99,-9999.99,-9999.99,-9999.99,-9999.99,-9999.99,1.76e-10,7.36e-10,1.34e-10,1.76e-10,1.22e-10,9.14e-11,6.58e-11,4.3e-11,2.56e-11,1.48e-11,8.17e-12,4.56e-12,2.29e-12,1.41e-12,1.23e-12,-9999.99,-9999.99,-9999.99,-9999.99,-9999.99,-9999.99,-9999.99,-9999.99,-9999.99,-9999.99,-9999.99,-9999.99,3.6871e-10,2.0447e-10,1.1108e-10,6.0643e-11,3.462e-11,2.0971e-11,1.333e-11,8.9766e-12,6.2602e-12,4.6901e-12,3.5146e-12,2.7085e-12,2.0649e-12,1.524e-12,1.148e-12,7.8041e-13,5.1257e-13,3.4064e-13,2.5102e-13,1.8006e-13,1.1614e-13,7.1287e-14,1.11e-11,6.13e-12,3.33e-12,1.82e-12,1.04e-12,6.29e-13,4.01e-13,2.7e-13,1.88e-13,1.42e-13,1.06e-13,8.18e-14,6.26e-14,4.63e-14,3.49e-14,2.43e-14,1.66e-14,1.14e-14,1.04e-14,9.69e-15,2.04e-14,1.68e-14,59.82,0.049,62.32,0.0495,-13.25,0.0,2.5,107802.0
44298,107800.0,696274.7,436072.0,44224.6708449074,2333.0,263.6,28.84,10.0,-4.6228e-08,-1.3447e-07,3.6637e-08,3.7398e-08,2.3041e-08,1.6927e-08,1.1713e-08,7.7222e-09,4.5731e-09,2.7105e-09,-9999.99,-9999.99,-9999.99,-9999.99,-9999.99,-9999.99,-9999.99,-9999.99,-9999.99,-9999.99,-9999.99,-9999.99,-9999.99,-9999.99,-9999.99,-9999.99,-9999.99,1.39e-09,4.03e-09,1.1e-09,1.12e-09,6.91e-10,5.08e-10,3.51e-10,2.32e-10,1.37e-10,8.13e-11,-9999.99,-9999.99,-9999.99,-9999.99,-9999.99,-9999.99,-9999.99,-9999.99,-9999.99,-9999.99,-9999.99,-9999.99,-9999.99,-9999.99,-9999.99,-9999.99,-9999.99,-9999.99,-9999.99,-9999.99,-9999.99,-9999.99,-9999.99,-9999.99,-9999.99,-9999.99,-9999.99,-9999.99,-9999.99,-9999.99,-9999.99,-9999.99,-9999.99,-9999.99,-9999.99,-9999.99,-9999.99,-9999.99,-9999.99,-9999.99,-9999.99,-9999.99,-9999.99,-9999.99,-9999.99,-9999.99,-9999.99,-9999.99,-9999.99,-9999.99,-9999.99,-9999.99,-9999.99,-9999.99,-9999.99,-9999.99,-9999.99,-9999.99,-9999.99,-9999.99,-9999.99,28.84,0.1,30.99,0.1,-13.25,0.0,2.15,107802.0
44406,107800.0,699753.7,434654.8,44224.6722916667,2433.0,228.7,43.76,7.0,-1.5173e-08,-5.2573e-08,1.1523e-08,1.3889e-08,9.1228e-09,6.7076e-09,4.6667e-09,-9999.99,-9999.99,-9999.99,-9999.99,-9999.99,-9999.99,-9999.99,-9999.99,-9999.99,-9999.99,-9999.99,-9999.99,-9999.99,-9999.99,-9999.99,-9999.99,-9999.99,-9999.99,-9999.99,-9999.99,4.57e-10,1.58e-09,3.47e-10,4.17e-10,2.75e-10,2.01e-10,1.4e-10,-9999.99,-9999.99,-9999.99,-9999.99,-9999.99,-9999.99,-9999.99,-9999.99,-9999.99,-9999.99,-9999.99,-9999.99,-9999.99,-9999.99,-9999.99,-9999.99,-9999.99,-9999.99,-9999.99,-9999.99,-9999.99,-9999.99,-9999.99,-9999.99,-9999.99,-9999.99,-9999.99,-9999.99,-9999.99,-9999.99,-9999.99,-9999.99,-9999.99,-9999.99,-9999.99,-9999.99,-9999.99,-9999.99,-9999.99,-9999.99,-9999.99,-9999.99,-9999.99,-9999.99,-9999.99,-9999.99,-9999.99,-9999.99,-9999.99,-9999.99,-9999.99,-9999.99,-9999.99,-9999.99,-9999.99,-9999.99,-9999.99,-9999.99,-9999.99,-9999.99,-9999.99,-9999.99,-9999.99,-9999.99,43.76,0.069,45.43,0.069,-13.25,0.0,1.67,107802.0
44508,107900.0,686393.5,439249.4,44224.6434259259,2533.0,255.6,43.26,33.0,-2.1746e-08,-6.5117e-08,2.1126e-08,2.1389e-08,1.2243e-08,7.9649e-09,4.8713e-09,2.6965e-09,1.488e-09,8.0643e-10,4.9795e-10,2.8933e-10,1.6526e-10,1.2064e-10,4.8947e-11,4.7281e-11,2.1655e-11,-9999.99,-9999.99,-9999.99,-9999.99,-9999.99,-9999.99,-9999.99,-9999.99,-9999.99,-9999.99,6.52e-10,1.95e-09,6.34e-10,6.42e-10,3.67e-10,2.39e-10,1.46e-10,8.09e-11,4.48e-11,2.43e-11,1.52e-11,8.85e-12,5.16e-12,4.03e-12,2.3e-12,1.6e-12,9.79e-13,-9999.99,-9999.99,-9999.99,-9999.99,-9999.99,-9999.99,-9999.99,-9999.99,-9999.99,-9999.99,6.4415e-10,3.7339e-10,2.262e-10,1.4254e-10,9.2485e-11,6.0058e-11,3.9678e-11,2.6974e-11,1.8781e-11,1.343e-11,9.8655e-12,7.3246e-12,5.1959e-12,3.6316e-12,2.402e-12,-9999.99,-9999.99,6.0409e-13,-9999.99,-9999.99,-9999.99,-9999.99,1.93e-11,1.12e-11,6.79e-12,4.28e-12,2.77e-12,1.8e-12,1.19e-12,8.09e-13,5.63e-13,4.06e-13,2.97e-13,2.2e-13,1.56e-13,1.1e-13,7.33e-14,-9999.99,-9999.99,2.22e-14,-9999.99,-9999.99,-9999.99,-9999.99,43.635,0.067,45.66,0.067,-13.25,0.0,2.02,107901.0
44610,107900.0,683971.3,440305.1,44224.6446875,2633.0,250.0,55.23,42.0,-7.9444e-09,-3.0789e-08,5.4181e-09,7.0088e-09,4.5702e-09,3.3275e-09,2.1626e-09,1.4655e-09,9.0322e-10,6.0292e-10,4.1696e-10,2.6997e-10,1.8339e-10,1.1404e-10,6.3538e-11,4.5409e-11,2.9444e-11,2.2351e-11,1.4649e-11,1.0997e-11,-9999.99,-9999.99,-9999.99,-9999.99,-9999.99,-9999.99,-9999.99,2.4e-10,9.3e-10,1.64e-10,2.11e-10,1.38e-10,1.01e-10,6.57e-11,4.43e-11,2.76e-11,1.84e-11,1.27e-11,8.64e-12,5.8e-12,3.82e-12,2.24e-12,1.5e-12,1.32e-12,8.85e-13,6.17e-12,8.49e-13,-9999.99,-9999.99,-9999.99,-9999.99,-9999.99,-9999.99,-9999.99,4.9942e-10,3.3889e-10,2.2904e-10,1.5462e-10,1.0301e-10,7.0643e-11,4.5322e-11,3.1725e-11,2.2202e-11,1.6015e-11,1.1322e-11,8.0994e-12,5.7135e-12,3.9211e-12,2.6196e-12,1.6292e-12,1.0114e-12,5.3538e-13,3.0848e-13,2.093e-13,1.4924e-13,1.3427e-13,1.5e-11,1.02e-11,6.87e-12,4.64e-12,3.09e-12,2.12e-12,1.36e-12,9.52e-13,6.66e-13,4.8e-13,3.41e-13,2.44e-13,1.72e-13,1.18e-13,7.94e-14,4.99e-14,3.22e-14,1.84e-14,1.27e-14,4.73e-14,2.81e-14,1.41e-14,54.915,0.054,56.64,0.054,-13.25,0.0,1.73,107901.0
44715,107900.0,701086.6,433256.0,44224.6594675926,2733.0,230.2,41.95,38.0,-1.662e-08,-5.1579e-08,1.455e-08,1.3652e-08,8.4532e-09,6.4971e-09,4.5088e-09,2.9076e-09,1.7026e-09,9.9825e-10,5.6725e-10,2.8526e-10,1.4646e-10,6.693e-11,3.8743e-11,1.8503e-11,-9999.99,-9999.99,-9999.99,-9999.99,-9999.99,-9999.99,-9999.99,-9999.99,-9999.99,-9999.99,-9999.99,4.99e-10,1.55e-09,4.36e-10,4.1e-10,2.54e-10,1.95e-10,1.35e-10,8.72e-11,5.11e-11,2.99e-11,1.71e-11,8.64e-12,4.5e-12,2.13e-12,1.51e-12,7.25e-13,-9999.99,-9999.99,-9999.99,-9999.99,-9999.99,-9999.99,-9999.99,-9999.99,-9999.99,-9999.99,-9999.99,7.3304e-10,4.0994e-10,2.1713e-10,1.0927e-10,5.383e-11,2.6474e-11,1.35e-11,7.2427e-12,4.2544e-12,2.7725e-12,1.9386e-12,1.3965e-12,1.1804e-12,9.076e-13,7.3947e-13,5.731e-13,4.4094e-13,3.2339e-13,2.3251e-13,1.6368e-13,1.1339e-13,1.0278e-13,2.2e-11,1.23e-11,6.51e-12,3.28e-12,1.61e-12,7.94e-13,4.06e-13,2.19e-13,1.29e-13,8.48e-14,5.95e-14,4.44e-14,3.61e-14,2.93e-14,2.34e-14,1.84e-14,1.52e-14,1.05e-14,8.74e-15,6.42e-15,8.22e-15,4.45e-14,41.955,0.0695,44.715,0.0695,-13.25,0.0,2.76,107902.0
44821,107900.0,698700.6,434205.9,44224.660787037,2833.0,231.1,30.62,36.0,-3.6754e-08,-9.383e-08,4.617e-08,3.4708e-08,1.7415e-08,1.0523e-08,5.9298e-09,2.9766e-09,1.4541e-09,6.8918e-10,3.231e-10,1.5933e-10,6.9327e-11,3.9035e-11,-9999.99,-9999.99,-9999.99,-9999.99,-9999.99,-9999.99,-9999.99,-9999.99,-9999.99,-9999.99,-9999.99,-9999.99,-9999.99,1.1e-09,2.81e-09,1.39e-09,1.04e-09,5.22e-10,3.16e-10,1.78e-10,8.93e-11,4.38e-11,2.08e-11,9.79e-12,4.97e-12,2.32e-12,1.44e-12,-9999.99,-9999.99,-9999.99,-9999.99,-9999.99,-9999.99,-9999.99,-9999.99,-9999.99,-9999.99,-9999.99,-9999.99,-9999.99,5.3421e-10,2.4111e-10,1.114e-10,5.4678e-11,2.9167e-11,1.7708e-11,1.162e-11,7.9474e-12,5.7719e-12,4.0468e-12,3.0702e-12,2.343e-12,1.9167e-12,1.481e-12,1.1149e-12,9.0409e-13,6.5789e-13,3.9123e-13,2.9117e-13,1.8868e-13,1.219e-13,9.1433e-14,1.6e-11,7.23e-12,3.34e-12,1.64e-12,8.75e-13,5.31e-13,3.51e-13,2.41e-13,1.75e-13,1.22e-13,9.3e-14,7.15e-14,5.85e-14,4.62e-14,3.57e-14,2.86e-14,2.16e-14,1.5e-14,1.21e-14,8.43e-15,6.94e-15,1.11e-14,30.625,0.095,32.705,0.095,-13.25,0.0,2.08,107902.0
44929,107900.0,695960.3,435318.8,44224.6622337963,2933.0,255.6,30.8,40.0,-4.0614e-08,-1.157e-07,3.269e-08,3.2515e-08,2.0167e-08,1.4655e-08,1.0275e-08,6.2251e-09,3.7193e-09,2.164e-09,1.1816e-09,6.2251e-10,3.0263e-10,1.5099e-10,7.7047e-11,3.7193e-11,2.1675e-11,1.3327e-11,7.9386e-12,-9999.99,-9999.99,-9999.99,-9999.99,-9999.99,-9999.99,-9999.99,-9999.99,1.22e-09,3.47e-09,9.81e-10,9.75e-10,6.05e-10,4.4e-10,3.08e-10,1.87e-10,1.12e-10,6.49e-11,3.54e-11,1.87e-11,9.14e-12,4.62e-12,2.42e-12,1.31e-12,1.17e-12,1.2e-12,3.56e-12,-9999.99,-9999.99,-9999.99,-9999.99,-9999.99,-9999.99,-9999.99,-9999.99,1.6129e-09,8.8596e-10,4.6813e-10,2.405e-10,1.2263e-10,6.2865e-11,3.2281e-11,1.7161e-11,9.4123e-12,5.807e-12,3.8567e-12,2.7804e-12,2.1023e-12,1.5792e-12,1.2313e-12,9.0526e-13,5.7427e-13,3.9298e-13,2.9795e-13,2.1436e-13,1.2415e-13,-9999.99,4.84e-11,2.66e-11,1.4e-11,7.22e-12,3.68e-12,1.89e-12,9.72e-13,5.17e-13,2.83e-13,1.78e-13,1.26e-13,8.9e-14,6.66e-14,5.57e-14,4.08e-14,3.25e-14,5.15e-14,1.74e-14,1.6e-14,2.62e-14,2.74e-14,-9999.99,30.805,0.096,32.275,0.096,-13.25,0.0,1.47,107902.0
45037,107900.0,693239.3,436489.6,44224.6636921296,3033.0,249.0,43.84,9.0,-1.624e-08,-5.3012e-08,1.5193e-08,1.5018e-08,8.6579e-09,6.1287e-09,4.1053e-09,2.4178e-09,1.4661e-09,-9999.99,-9999.99,-9999.99,-9999.99,-9999.99,-9999.99,-9999.99,-9999.99,-9999.99,-9999.99,-9999.99,-9999.99,-9999.99,-9999.99,-9999.99,-9999.99,-9999.99,-9999.99,4.89e-10,1.6e-09,4.56e-10,4.51e-10,2.6e-10,1.84e-10,1.23e-10,7.25e-11,4.41e-11,-9999.99,-9999.99,-9999.99,-9999.99,-9999.99,-9999.99,-9999.99,-9999.99,-9999.99,-9999.99,-9999.99,-9999.99,-9999.99,-9999.99,-9999.99,-9999.99,-9999.99,-9999.99,-9999.99,-9999.99,-9999.99,-9999.99,-9999.99,-9999.99,-9999.99,-9999.99,-9999.99,-9999.99,-9999.99,-9999.99,-9999.99,-9999.99,-9999.99,-9999.99,-9999.99,-9999.99,-9999.99,-9999.99,-9999.99,-9999.99,-9999.99,-9999.99,-9999.99,-9999.99,-9999.99,-9999.99,-9999.99,-9999.99,-9999.99,-9999.99,-9999.99,-9999.99,-9999.99,-9999.99,-9999.99,-9999.99,-9999.99,-9999.99,-9999.99,-9999.99,-9999.99,-9999.99,43.84,0.067,45.87,0.067,-13.25,0.0,2.03,107902.0
45141,107900.0,690761.4,437517.9,44224.6649421296,3133.0,263.9,33.01,40.0,-3.2719e-08,-8.9211e-08,3.3246e-08,2.5047e-08,1.3398e-08,9.4181e-09,6.5439e-09,4.2544e-09,2.7295e-09,1.631e-09,9.6842e-10,5.3655e-10,2.8374e-10,1.4936e-10,7.2251e-11,4.0146e-11,2.1874e-11,1.1348e-11,-9999.99,-9999.99,-9999.99,-9999.99,-9999.99,-9999.99,-9999.99,-9999.99,-9999.99,9.82e-10,2.68e-09,9.97e-10,7.51e-10,4.02e-10,2.83e-10,1.96e-10,1.28e-10,8.19e-11,4.89e-11,2.91e-11,1.62e-11,8.57e-12,4.56e-12,2.28e-12,1.26e-12,7.55e-13,6.79e-13,-9999.99,-9999.99,-9999.99,-9999.99,-9999.99,-9999.99,-9999.99,-9999.99,-9999.99,1.2079e-09,7.1111e-10,4.0175e-10,2.2199e-10,1.2102e-10,6.731e-11,3.8012e-11,2.2158e-11,1.3365e-11,8.6023e-12,5.9269e-12,4.231e-12,3.1228e-12,2.2769e-12,1.643e-12,1.1038e-12,7.2749e-13,4.617e-13,2.6889e-13,1.5213e-13,8.8333e-14,6.655e-14,3.62e-11,2.13e-11,1.21e-11,6.66e-12,3.63e-12,2.02e-12,1.14e-12,6.65e-13,4.01e-13,2.59e-13,1.78e-13,1.27e-13,9.4e-14,6.85e-14,4.96e-14,3.37e-14,2.26e-14,1.45e-14,9.41e-15,6.21e-15,5.57e-15,1.18e-14,33.01,0.088,34.93,0.088,-13.25,0.0,1.92,107902.0
45243,107900.0,688854.9,438291.7,44224.6662152778,3233.0,262.0,33.7,41.0,-3.2105e-08,-8.7544e-08,3.5556e-08,2.8254e-08,1.5181e-08,9.8275e-09,5.9854e-09,3.4327e-09,2.0102e-09,1.1333e-09,6.3421e-10,3.4181e-10,1.9637e-10,1.1599e-10,6.1023e-11,3.9357e-11,2.0997e-11,1.6219e-11,7.1462e-12,-9999.99,-9999.99,-9999.99,-9999.99,-9999.99,-9999.99,-9999.99,-9999.99,9.63e-10,2.63e-09,1.07e-09,8.48e-10,4.55e-10,2.95e-10,1.8e-10,1.03e-10,6.03e-11,3.41e-11,1.91e-11,1.04e-11,5.99e-12,3.6e-12,2e-12,1.23e-12,7.2e-13,5.76e-13,4.02e-13,-9999.99,-9999.99,-9999.99,-9999.99,-9999.99,-9999.99,-9999.99,-9999.99,8.5146e-10,4.7661e-10,2.7257e-10,1.6126e-10,9.8216e-11,6.2076e-11,3.9561e-11,2.5678e-11,1.6956e-11,1.1354e-11,7.8538e-12,5.5673e-12,3.9152e-12,2.7216e-12,1.8503e-12,1.2202e-12,7.8889e-13,4.6053e-13,2.6284e-13,1.6547e-13,9.5088e-14,5.7778e-14,2.55e-11,1.43e-11,8.18e-12,4.84e-12,2.95e-12,1.86e-12,1.19e-12,7.7e-13,5.09e-13,3.41e-13,2.36e-13,1.68e-13,1.18e-13,8.19e-14,5.61e-14,3.72e-14,2.49e-14,1.49e-14,1.06e-14,7.28e-15,6.68e-15,5.95e-15,33.695,0.0875,35.245,0.0875,-13.25,0.0,1.55,107902.0
45347,108000.0,683505.6,439628.1,44224.6482986111,3333.0,251.4,44.59,44.0,-1.4529e-08,-5.1608e-08,9.6725e-09,1.2015e-08,7.3275e-09,5.2485e-09,3.7076e-09,2.4746e-09,1.605e-09,1.0813e-09,7.2719e-10,4.731e-10,2.9474e-10,1.7906e-10,1.1272e-10,6.4298e-11,4.1842e-11,2.6269e-11,2.0117e-11,1.2251e-11,8.076e-12,6.0497e-12,4.5556e-12,3.7135e-12,-9999.99,-9999.99,-9999.99,4.36e-10,1.55e-09,2.9e-10,3.6e-10,2.2e-10,1.57e-10,1.11e-10,7.42e-11,4.83e-11,3.25e-11,2.19e-11,1.42e-11,8.93e-12,5.44e-12,3.47e-12,1.97e-12,1.31e-12,8.43e-13,6.46e-13,4.18e-13,3.13e-13,2.71e-13,3.54e-13,2.65e-13,-9999.99,-9999.99,-9999.99,8.6784e-10,5.8216e-10,3.8596e-10,2.5275e-10,1.6269e-10,1.0532e-10,6.8567e-11,4.5497e-11,3.0497e-11,2.1298e-11,1.4699e-11,1.0091e-11,6.8889e-12,4.5088e-12,2.8237e-12,1.693e-12,9.9094e-13,5.3626e-13,3.1374e-13,1.555e-13,-9999.99,-9999.99,2.6e-11,1.75e-11,1.16e-11,7.58e-12,4.88e-12,3.16e-12,2.06e-12,1.36e-12,9.15e-13,6.39e-13,4.41e-13,3.03e-13,2.07e-13,1.36e-13,8.5e-14,5.16e-14,3.02e-14,1.67e-14,1.09e-14,7.93e-15,-9999.99,-9999.99,44.585,0.0665,45.93,0.0665,-13.25,0.0,1.35,108001.0
45455,108000.0,686412.2,438429.6,44224.6496759259,3433.0,265.1,35.09,22.0,-2.8193e-08,-8.8363e-08,2.5181e-08,2.7404e-08,1.6711e-08,1.1468e-08,7.3626e-09,4.2164e-09,2.3132e-09,1.3599e-09,7.4503e-10,3.7047e-10,2.5833e-10,1.6111e-10,-9999.99,-9999.99,-9999.99,-9999.99,-9999.99,-9999.99,-9999.99,-9999.99,-9999.99,-9999.99,-9999.99,-9999.99,-9999.99,8.63e-10,2.73e-09,7.63e-10,8.22e-10,5.01e-10,3.44e-10,2.21e-10,1.26e-10,6.94e-11,4.09e-11,2.25e-11,1.14e-11,8.14e-12,4.95e-12,-9999.99,-9999.99,-9999.99,-9999.99,-9999.99,-9999.99,-9999.99,-9999.99,-9999.99,-9999.99,-9999.99,-9999.99,-9999.99,1.0211e-09,5.7281e-10,3.2661e-10,1.9646e-10,1.1772e-10,-9999.99,-9999.99,-9999.99,-9999.99,1.9187e-11,1.0249e-11,9.269e-12,-9999.99,-9999.99,-9999.99,-9999.99,-9999.99,-9999.99,-9999.99,-9999.99,-9999.99,-9999.99,3.06e-11,1.72e-11,9.8e-12,5.89e-12,3.53e-12,-9999.99,-9999.99,-9999.99,-9999.99,6.1e-13,3.52e-13,2.83e-13,-9999.99,-9999.99,-9999.99,-9999.99,-9999.99,-9999.99,-9999.99,-9999.99,-9999.99,-9999.99,35.095,0.0835,36.835,0.0835,-13.25,0.0,1.74,108001.0
45559,108000.0,689092.1,437367.3,44224.6509143518,3533.0,268.8,27.64,13.0,-6.348e-08,-1.6319e-07,7.1901e-08,5.2456e-08,2.7132e-08,1.7924e-08,1.1354e-08,6.4971e-09,3.9269e-09,2.1851e-09,1.2243e-09,6.4591e-10,3.6988e-10,-9999.99,-9999.99,-9999.99,-9999.99,-9999.99,-9999.99,-9999.99,-9999.99,-9999.99,-9999.99,-9999.99,-9999.99,-9999.99,-9999.99,1.9e-09,4.9e-09,2.16e-09,1.57e-09,8.14e-10,5.38e-10,3.41e-10,1.95e-10,1.18e-10,6.56e-11,3.69e-11,1.96e-11,1.14e-11,-9999.99,-9999.99,-9999.99,-9999.99,-9999.99,-9999.99,-9999.99,-9999.99,-9999.99,-9999.99,-9999.99,-9999.99,-9999.99,-9999.99,-9999.99,-9999.99,-9999.99,-9999.99,-9999.99,-9999.99,-9999.99,-9999.99,-9999.99,-9999.99,-9999.99,-9999.99,-9999.99,-9999.99,-9999.99,-9999.99,-9999.99,-9999.99,-9999.99,-9999.99,-9999.99,-9999.99,-9999.99,-9999.99,-9999.99,-9999.99,-9999.99,-9999.99,-9999.99,-9999.99,-9999.99,-9999.99,-9999.99,-9999.99,-9999.99,-9999.99,-9999.99,-9999.99,-9999.99,-9999.99,-9999.99,-9999.99,-9999.99,-9999.99,27.395,0.108,28.32,0.108,-13.25,0.0,0.93,108001.0
45667,108000.0,691566.2,436296.4,44224.6523611111,3633.0,262.1,34.53,39.0,-2.7792e-08,-8.8596e-08,1.8611e-08,2.2088e-08,1.3839e-08,1.0442e-08,7.6433e-09,5.2193e-09,3.4035e-09,2.1892e-09,1.2798e-09,7.3947e-10,4.0731e-10,2.2351e-10,1.1301e-10,5.9064e-11,2.9503e-11,1.4044e-11,-9999.99,-9999.99,-9999.99,-9999.99,-9999.99,-9999.99,-9999.99,-9999.99,-9999.99,8.34e-10,2.66e-09,5.58e-10,6.63e-10,4.15e-10,3.13e-10,2.29e-10,1.57e-10,1.02e-10,6.57e-11,3.84e-11,2.22e-11,1.23e-11,6.75e-12,3.48e-12,1.81e-12,9.56e-13,4.82e-13,-9999.99,-9999.99,-9999.99,-9999.99,-9999.99,-9999.99,-9999.99,-9999.99,-9999.99,1.607e-09,9.848e-10,5.7836e-10,3.2865e-10,1.8149e-10,9.8626e-11,5.3158e-11,2.8398e-11,1.5664e-11,8.9561e-12,5.7485e-12,3.8772e-12,2.7906e-12,2.0015e-12,1.4257e-12,9.9269e-13,6.4181e-13,4.2719e-13,2.7234e-13,1.6909e-13,1.1301e-13,-9999.99,4.82e-11,2.95e-11,1.74e-11,9.86e-12,5.44e-12,2.96e-12,1.59e-12,8.52e-13,4.7e-13,2.69e-13,1.73e-13,1.17e-13,8.43e-14,6.04e-14,4.31e-14,3.07e-14,2e-14,1.37e-14,9.23e-15,7.2e-15,5.56e-15,-9999.99,33.325,0.0885,34.6,0.0885,-13.25,0.0,1.27,108001.0
45771,108000.0,694396.9,435124.1,44224.6536458333,3733.0,222.1,70.53,27.0,-3.9123e-09,-1.717e-08,3.1988e-09,3.6199e-09,2.4123e-09,1.8556e-09,1.3164e-09,8.7895e-10,5.2398e-10,3.4942e-10,1.7827e-10,-9999.99,-9999.99,-9999.99,-9999.99,-9999.99,-9999.99,-9999.99,-9999.99,-9999.99,-9999.99,-9999.99,-9999.99,-9999.99,-9999.99,-9999.99,-9999.99,1.3e-10,5.55e-10,1.02e-10,1.09e-10,7.29e-11,5.66e-11,3.99e-11,2.68e-11,1.61e-11,1.11e-11,5.72e-12,-9999.99,-9999.99,-9999.99,-9999.99,-9999.99,-9999.99,-9999.99,-9999.99,-9999.99,-9999.99,-9999.99,-9999.99,-9999.99,-9999.99,-9999.99,-9999.99,2.4468e-10,1.476e-10,9.0088e-11,5.6842e-11,3.6345e-11,2.3865e-11,1.6705e-11,1.1345e-11,8.2749e-12,5.307e-12,4.8012e-12,3.3333e-12,2.7137e-12,2.0839e-12,1.6018e-12,9.5789e-13,-9999.99,-9999.99,-9999.99,-9999.99,-9999.99,-9999.99,7.34e-12,4.43e-12,2.71e-12,1.71e-12,1.1e-12,7.35e-13,5.11e-13,3.6e-13,2.92e-13,1.98e-13,1.85e-13,1.51e-13,1.32e-13,1.16e-13,1.65e-13,1.02e-13,-9999.99,-9999.99,-9999.99,-9999.99,-9999.99,-9999.99,69.505,0.043,70.97,0.043,-13.25,0.0,1.47,108001.0
45875,108000.0,696687.3,434185.5,44224.6549305556,3833.0,247.3,32.02,22.0,-3.3801e-08,-8.7982e-08,3.538e-08,2.9444e-08,1.6661e-08,1.1058e-08,6.8743e-09,3.848e-09,2.0272e-09,1.0146e-09,5.0556e-10,2.3708e-10,9.4737e-11,-9999.99,-9999.99,-9999.99,-9999.99,-9999.99,-9999.99,-9999.99,-9999.99,-9999.99,-9999.99,-9999.99,-9999.99,-9999.99,-9999.99,1.01e-09,2.64e-09,1.06e-09,8.83e-10,5e-10,3.32e-10,2.06e-10,1.15e-10,6.1e-11,3.05e-11,1.53e-11,7.35e-12,3.2e-12,-9999.99,-9999.99,-9999.99,-9999.99,-9999.99,-9999.99,-9999.99,-9999.99,-9999.99,-9999.99,-9999.99,-9999.99,-9999.99,-9999.99,7.8333e-10,3.7398e-10,1.7342e-10,8.0994e-11,3.962e-11,2.1459e-11,1.2705e-11,8.2953e-12,5.8567e-12,-9999.99,-9999.99,-9999.99,-9999.99,-9999.99,-9999.99,-9999.99,-9999.99,-9999.99,-9999.99,-9999.99,-9999.99,-9999.99,2.35e-11,1.12e-11,5.2e-12,2.43e-12,1.19e-12,6.46e-13,3.84e-13,2.55e-13,1.8e-13,-9999.99,-9999.99,-9999.99,-9999.99,-9999.99,-9999.99,-9999.99,-9999.99,-9999.99,-9999.99,-9999.99,-9999.99,-9999.99,30.995,0.095,32.035,0.095,-13.25,0.0,1.04,108001.0
45983,108000.0,699642.0,432990.5,44224.65625,3933.0,225.7,59.49,36.0,-6.2427e-09,-2.6585e-08,3.3304e-09,5.1082e-09,3.5497e-09,2.8684e-09,2.2684e-09,1.6953e-09,1.1687e-09,7.9649e-10,5.0526e-10,2.8906e-10,1.6099e-10,9.7281e-11,-9999.99,-9999.99,-9999.99,-9999.99,-9999.99,-9999.99,-9999.99,-9999.99,-9999.99,-9999.99,-9999.99,-9999.99,-9999.99,1.88e-10,8e-10,1e-10,1.54e-10,1.07e-10,8.66e-11,6.85e-11,5.1e-11,3.52e-11,2.41e-11,1.53e-11,8.73e-12,4.94e-12,3.04e-12,-9999.99,-9999.99,-9999.99,-9999.99,-9999.99,-9999.99,-9999.99,-9999.99,-9999.99,-9999.99,-9999.99,-9999.99,-9999.99,6.0351e-10,3.8801e-10,2.3249e-10,1.3406e-10,7.2339e-11,3.5936e-11,1.8117e-11,9.2456e-12,4.8596e-12,3.1199e-12,2.0295e-12,1.5135e-12,1.1635e-12,8.9532e-13,7.4795e-13,5.8392e-13,4.2544e-13,3.155e-13,1.9643e-13,1.7272e-13,1.012e-13,8.3655e-14,1.81e-11,1.16e-11,6.97e-12,4.02e-12,2.17e-12,1.08e-12,5.44e-13,2.77e-13,1.48e-13,9.45e-14,6.23e-14,4.62e-14,3.58e-14,2.81e-14,2.34e-14,1.91e-14,1.35e-14,1.1e-14,8.98e-15,1.07e-14,6.16e-13,1e-14,59.01,0.05,61.26,0.05,-13.25,0.0,2.25,108001.0
46087,108000.0,702644.1,431722.6,44224.6575694444,4033.0,229.9,51.05,42.0,-1.0807e-08,-3.6082e-08,8.1404e-09,8.114e-09,4.9825e-09,3.886e-09,2.8392e-09,2.0237e-09,1.4196e-09,9.038e-10,6.0819e-10,3.5088e-10,2.0734e-10,1.1272e-10,6.2982e-11,3.3129e-11,1.7699e-11,9.6667e-12,6.9854e-12,5.076e-12,-9999.99,-9999.99,-9999.99,-9999.99,-9999.99,-9999.99,-9999.99,3.25e-10,1.09e-09,2.45e-10,2.43e-10,1.5e-10,1.17e-10,8.55e-11,6.07e-11,4.27e-11,2.72e-11,1.83e-11,1.07e-11,6.3e-12,3.55e-12,2.13e-12,1.09e-12,6.11e-13,3.85e-13,4.02e-13,7.11e-13,-9999.99,-9999.99,-9999.99,-9999.99,-9999.99,-9999.99,-9999.99,6.9064e-10,4.4854e-10,2.7839e-10,1.6447e-10,9.386e-11,5.231e-11,2.795e-11,1.4646e-11,7.883e-12,4.1871e-12,2.5327e-12,1.5395e-12,1.0635e-12,7.3158e-13,6.5702e-13,4.7515e-13,3.9094e-13,2.9327e-13,2.1003e-13,1.2977e-13,9.2953e-14,6.8509e-14,2.07e-11,1.35e-11,8.35e-12,4.93e-12,2.82e-12,1.57e-12,8.41e-13,4.39e-13,2.37e-13,1.28e-13,7.83e-14,4.74e-14,3.33e-14,2.49e-14,2.25e-14,1.73e-14,1.4e-14,1.18e-14,9.37e-15,9.65e-15,1.17e-14,1.28e-14,49.815,0.0595,51.335,0.0595,-13.25,0.0,1.52,108001.0
46190,108100.0,701631.6,431283.4,44224.7505671296,4133.0,234.7,56.23,35.0,-8.0673e-09,-3.0029e-08,6.6725e-09,7.5117e-09,4.9474e-09,3.6813e-09,2.5845e-09,1.717e-09,1.0977e-09,6.1901e-10,3.4503e-10,1.7523e-10,9.1959e-11,-9999.99,-9999.99,-9999.99,-9999.99,-9999.99,-9999.99,-9999.99,-9999.99,-9999.99,-9999.99,-9999.99,-9999.99,-9999.99,-9999.99,2.43e-10,9.01e-10,2.01e-10,2.25e-10,1.49e-10,1.11e-10,7.78e-11,5.17e-11,3.3e-11,1.87e-11,1.05e-11,5.66e-12,3.22e-12,-9999.99,-9999.99,-9999.99,-9999.99,-9999.99,-9999.99,-9999.99,-9999.99,-9999.99,-9999.99,-9999.99,-9999.99,-9999.99,-9999.99,5.7281e-10,3.0906e-10,1.5942e-10,7.9737e-11,3.9444e-11,1.8886e-11,9.5556e-12,5.8041e-12,3.6462e-12,2.1822e-12,1.6067e-12,1.1079e-12,8.9678e-13,6.614e-13,5.1784e-13,4.2456e-13,3.614e-13,2.8219e-13,1.5725e-13,5.4678e-14,2.6246e-14,4.3567e-14,1.72e-11,9.27e-12,4.78e-12,2.39e-12,1.18e-12,5.68e-13,2.89e-13,1.79e-13,1.11e-13,6.63e-14,4.9e-14,3.47e-14,3.08e-14,2.33e-14,1.83e-14,1.54e-14,1.22e-14,1.13e-14,1.44e-14,6.94e-15,6.67e-15,1.25e-14,56.23,0.052,58.35,0.052,-13.25,0.0,2.12,108101.0
46292,108100.0,699438.0,432176.6,44224.7518055556,4233.0,231.8,28.5,20.0,-4.6345e-08,-1.3667e-07,3.8626e-08,4.1287e-08,2.5915e-08,1.8354e-08,1.2123e-08,7.2105e-09,3.9971e-09,2.1488e-09,1.1175e-09,5.3158e-10,2.6091e-10,1.4348e-10,-9999.99,-9999.99,-9999.99,-9999.99,-9999.99,-9999.99,-9999.99,-9999.99,-9999.99,-9999.99,-9999.99,-9999.99,-9999.99,1.39e-09,4.1e-09,1.16e-09,1.24e-09,7.77e-10,5.51e-10,3.64e-10,2.16e-10,1.2e-10,6.47e-11,3.36e-11,1.61e-11,7.91e-12,4.53e-12,-9999.99,-9999.99,-9999.99,-9999.99,-9999.99,-9999.99,-9999.99,-9999.99,-9999.99,-9999.99,-9999.99,-9999.99,-9999.99,2.1058e-09,1.0076e-09,4.7485e-10,2.2596e-10,1.1146e-10,5.8099e-11,-9999.99,-9999.99,-9999.99,-9999.99,-9999.99,-9999.99,-9999.99,-9999.99,-9999.99,-9999.99,-9999.99,-9999.99,-9999.99,-9999.99,-9999.99,-9999.99,6.32e-11,3.02e-11,1.42e-11,6.78e-12,3.34e-12,1.74e-12,-9999.99,-9999.99,-9999.99,-9999.99,-9999.99,-9999.99,-9999.99,-9999.99,-9999.99,-9999.99,-9999.99,-9999.99,-9999.99,-9999.99,-9999.99,-9999.99,28.505,0.102,30.525,0.102,-13.25,0.0,2.02,108101.0
46396,108100.0,697182.5,433118.2,44224.7530671296,4333.0,236.7,53.01,26.0,-4.348e-09,-1.8693e-08,4.2281e-09,4.8567e-09,3.3129e-09,2.6588e-09,1.848e-09,1.1696e-09,7.6374e-10,4.2018e-10,2.5529e-10,1.3716e-10,8.0789e-11,4.4444e-11,-9999.99,-9999.99,-9999.99,-9999.99,-9999.99,-9999.99,-9999.99,-9999.99,-9999.99,-9999.99,-9999.99,-9999.99,-9999.99,1.5e-10,6.28e-10,1.31e-10,1.46e-10,9.97e-11,8.03e-11,5.56e-11,3.53e-11,2.32e-11,1.32e-11,8.04e-12,4.61e-12,2.84e-12,2.17e-12,-9999.99,-9999.99,-9999.99,-9999.99,-9999.99,-9999.99,-9999.99,-9999.99,-9999.99,-9999.99,-9999.99,-9999.99,-9999.99,3.9678e-10,2.1345e-10,1.1278e-10,5.845e-11,2.9795e-11,1.5711e-11,8.7485e-12,5.193e-12,3.6199e-12,2.4553e-12,1.8345e-12,1.7503e-12,-9999.99,-9999.99,-9999.99,-9999.99,-9999.99,-9999.99,-9999.99,-9999.99,-9999.99,-9999.99,1.19e-11,6.4e-12,3.38e-12,1.75e-12,9e-13,4.81e-13,2.69e-13,1.68e-13,1.29e-13,1.07e-13,6.82e-14,1.57e-13,-9999.99,-9999.99,-9999.99,-9999.99,-9999.99,-9999.99,-9999.99,-9999.99,-9999.99,-9999.99,53.005,0.059,55.6,0.059,-13.25,0.0,2.59,108101.0
46504,108100.0,694491.7,434209.7,44224.754525463,4433.0,215.1,60.44,32.0,-5.7719e-09,-2.1e-08,8.5439e-09,6.538e-09,3.2778e-09,1.9962e-09,1.0857e-09,5.7427e-10,2.886e-10,1.5061e-10,8.6433e-11,6.1053e-11,4.6199e-11,-9999.99,-9999.99,-9999.99,-9999.99,-9999.99,-9999.99,-9999.99,-9999.99,-9999.99,-9999.99,-9999.99,-9999.99,-9999.99,-9999.99,1.75e-10,6.36e-10,2.58e-10,1.97e-10,9.93e-11,6.09e-11,3.29e-11,1.74e-11,8.98e-12,4.85e-12,3.15e-12,2.51e-12,1.64e-12,-9999.99,-9999.99,-9999.99,-9999.99,-9999.99,-9999.99,-9999.99,-9999.99,-9999.99,-9999.99,-9999.99,-9999.99,-9999.99,-9999.99,1.7588e-10,8.8772e-11,5.2778e-11,3.4591e-11,2.3848e-11,1.6825e-11,1.1871e-11,8.8421e-12,6.5585e-12,4.9064e-12,3.9561e-12,3.0614e-12,2.3216e-12,1.762e-12,1.2988e-12,8.9415e-13,6.0351e-13,3.8158e-13,2.4898e-13,-9999.99,-9999.99,-9999.99,5.29e-12,2.66e-12,1.6e-12,1.04e-12,7.2e-13,5.08e-13,3.57e-13,2.67e-13,1.97e-13,1.48e-13,1.2e-13,9.25e-14,7.03e-14,5.37e-14,4.01e-14,2.83e-14,2.05e-14,1.66e-14,2.32e-14,-9999.99,-9999.99,-9999.99,60.44,0.049,62.96,0.049,-13.25,0.0,2.52,108101.0
46608,108100.0,692144.1,435189.8,44224.755775463,4533.0,268.8,52.13,35.0,-9.4094e-09,-3.5819e-08,5.2778e-09,6.9152e-09,4.652e-09,3.8684e-09,2.962e-09,2.1842e-09,1.5208e-09,1.0234e-09,6.5936e-10,3.9854e-10,2.3129e-10,1.1453e-10,6.5994e-11,3.0673e-11,2.2427e-11,-9999.99,-9999.99,-9999.99,-9999.99,-9999.99,-9999.99,-9999.99,-9999.99,-9999.99,-9999.99,2.84e-10,1.08e-09,1.59e-10,2.07e-10,1.4e-10,1.16e-10,8.92e-11,6.55e-11,4.58e-11,3.08e-11,1.99e-11,1.21e-11,7.12e-12,3.66e-12,2.25e-12,1.44e-12,2.78e-12,-9999.99,-9999.99,-9999.99,-9999.99,-9999.99,-9999.99,-9999.99,-9999.99,-9999.99,-9999.99,8.8158e-10,5.6082e-10,3.4064e-10,1.9804e-10,1.1091e-10,6.0906e-11,3.3216e-11,1.9044e-11,1.1199e-11,6.886e-12,4.2749e-12,3.1023e-12,2.0924e-12,1.6769e-12,1.2184e-12,8.8801e-13,5.9474e-13,4.6228e-13,-9999.99,-9999.99,-9999.99,-9999.99,2.64e-11,1.68e-11,1.02e-11,5.94e-12,3.33e-12,1.83e-12,1e-12,5.75e-13,3.38e-13,2.12e-13,1.36e-13,1.09e-13,7.49e-14,6.04e-14,4.43e-14,4.12e-14,2.8e-14,3.59e-14,-9999.99,-9999.99,-9999.99,-9999.99,52.135,0.056,54.49,0.056,-13.25,0.0,2.35,108101.0
46712,108100.0,690191.6,436007.6,44224.7570833333,4633.0,271.1,39.85,42.0,-2.2863e-08,-7.2982e-08,1.9061e-08,1.8863e-08,1.0883e-08,7.8947e-09,5.5936e-09,3.7281e-09,2.4512e-09,1.5316e-09,9.3275e-10,5.383e-10,3.1287e-10,1.8202e-10,1.086e-10,5.5409e-11,3.3275e-11,1.9386e-11,1.169e-11,7.6374e-12,-9999.99,-9999.99,-9999.99,-9999.99,-9999.99,-9999.99,-9999.99,6.86e-10,2.19e-09,5.72e-10,5.66e-10,3.26e-10,2.37e-10,1.68e-10,1.12e-10,7.35e-11,4.61e-11,2.81e-11,1.63e-11,9.45e-12,5.59e-12,3.39e-12,1.71e-12,1.06e-12,6.98e-13,1.62e-12,1.71e-12,-9999.99,-9999.99,-9999.99,-9999.99,-9999.99,-9999.99,-9999.99,1.3702e-09,8.1842e-10,4.8012e-10,2.7965e-10,1.6357e-10,9.7865e-11,5.9064e-11,3.5409e-11,2.1234e-11,1.2474e-11,7.6228e-12,4.9357e-12,3.3567e-12,2.3091e-12,1.6333e-12,1.1322e-12,7.8216e-13,4.4942e-13,2.8734e-13,1.9292e-13,1.0281e-13,6.3421e-14,4.11e-11,2.46e-11,1.44e-11,8.39e-12,4.91e-12,2.94e-12,1.77e-12,1.06e-12,6.37e-13,3.74e-13,2.29e-13,1.49e-13,1.01e-13,6.95e-14,4.93e-14,3.44e-14,2.39e-14,1.41e-14,9.34e-15,7.12e-15,5.13e-15,6e-15,39.855,0.077,37.685,0.077,-13.25,0.0,-2.17,108101.0
46816,108100.0,689351.1,436397.8,44224.7583564815,4733.0,272.2,53.64,40.0,-1.1135e-08,-4.0263e-08,7.7836e-09,9.0058e-09,5.3918e-09,4.307e-09,3.076e-09,2.2249e-09,1.538e-09,1.0126e-09,6.5936e-10,4.0585e-10,2.3781e-10,1.2099e-10,6.7602e-11,3.3713e-11,2.2526e-11,1.2798e-11,-9999.99,-9999.99,-9999.99,-9999.99,-9999.99,-9999.99,-9999.99,-9999.99,-9999.99,3.34e-10,1.21e-09,2.34e-10,2.7e-10,1.62e-10,1.3e-10,9.23e-11,6.7e-11,4.63e-11,3.05e-11,1.98e-11,1.23e-11,7.25e-12,3.85e-12,2.27e-12,1.09e-12,8.2e-13,1.02e-12,-9999.99,-9999.99,-9999.99,-9999.99,-9999.99,-9999.99,-9999.99,-9999.99,-9999.99,8.8275e-10,5.6199e-10,3.4532e-10,2.0363e-10,1.1518e-10,6.4298e-11,3.5409e-11,1.9661e-11,1.1228e-11,6.9737e-12,4.8567e-12,3.4561e-12,2.4918e-12,1.8015e-12,1.3044e-12,8.7164e-13,6.0643e-13,4.269e-13,2.4874e-13,1.75e-13,8.1901e-14,6.1725e-14,2.65e-11,1.69e-11,1.04e-11,6.11e-12,3.46e-12,1.93e-12,1.07e-12,5.9e-13,3.38e-13,2.11e-13,1.47e-13,1.04e-13,7.58e-14,5.46e-14,3.97e-14,2.68e-14,1.92e-14,1.44e-14,9.58e-15,8.01e-15,5.21e-15,1.46e-14,53.64,0.056,56.03,0.056,-13.25,0.0,2.39,108101.0
46918,108100.0,687150.9,437283.4,44224.7595486111,4833.0,273.6,34.88,41.0,-2.8599e-08,-8.3801e-08,3.1696e-08,2.8947e-08,1.5614e-08,9.9708e-09,5.9649e-09,3.2222e-09,1.6722e-09,9.0292e-10,4.538e-10,2.5658e-10,1.3617e-10,8.3421e-11,5.1813e-11,3.3889e-11,2.0813e-11,1.4003e-11,7.576e-12,-9999.99,-9999.99,-9999.99,-9999.99,-9999.99,-9999.99,-9999.99,-9999.99,8.58e-10,2.51e-09,9.51e-10,8.68e-10,4.68e-10,2.99e-10,1.79e-10,9.67e-11,5.03e-11,2.72e-11,1.37e-11,7.77e-12,4.22e-12,2.61e-12,1.67e-12,1.13e-12,7.26e-13,5e-13,3.63e-13,-9999.99,-9999.99,-9999.99,-9999.99,-9999.99,-9999.99,-9999.99,-9999.99,9.2339e-10,4.4298e-10,2.3228e-10,1.3298e-10,8.1316e-11,5.155e-11,3.3889e-11,2.2649e-11,1.5298e-11,1.0687e-11,7.614e-12,5.5643e-12,4.0556e-12,2.8368e-12,1.9295e-12,1.2687e-12,8.0643e-13,4.8509e-13,2.876e-13,1.612e-13,1.0386e-13,5.5673e-14,2.77e-11,1.33e-11,6.97e-12,3.99e-12,2.44e-12,1.55e-12,1.02e-12,6.79e-13,4.59e-13,3.21e-13,2.28e-13,1.67e-13,1.22e-13,8.54e-14,5.83e-14,3.86e-14,2.48e-14,1.53e-14,1.04e-14,6.96e-15,6.19e-15,9.69e-15,34.88,0.0835,37.225,0.0835,-13.25,0.0,2.35,108101.0
47020,108100.0,685068.2,438170.5,44224.7607523148,4933.0,268.7,49.73,15.0,-1.1181e-08,-4.0175e-08,1.2658e-08,1.1927e-08,6.3801e-09,4.6433e-09,2.6556e-09,1.5421e-09,8.0643e-10,-9999.99,-9999.99,-9999.99,-9999.99,-9999.99,-9999.99,-9999.99,-9999.99,-9999.99,-9999.99,-9999.99,-9999.99,-9999.99,-9999.99,-9999.99,-9999.99,-9999.99,-9999.99,3.38e-10,1.21e-09,3.8e-10,3.58e-10,1.93e-10,1.4e-10,8.07e-11,4.78e-11,2.52e-11,-9999.99,-9999.99,-9999.99,-9999.99,-9999.99,-9999.99,-9999.99,-9999.99,-9999.99,-9999.99,-9999.99,-9999.99,-9999.99,-9999.99,-9999.99,-9999.99,-9999.99,-9999.99,4.8626e-10,2.686e-10,1.6363e-10,1.0465e-10,7.2544e-11,-9999.99,-9999.99,-9999.99,-9999.99,-9999.99,-9999.99,-9999.99,-9999.99,-9999.99,-9999.99,1.3532e-12,-9999.99,-9999.99,-9999.99,-9999.99,-9999.99,-9999.99,1.46e-11,8.06e-12,4.91e-12,3.14e-12,2.18e-12,-9999.99,-9999.99,-9999.99,-9999.99,-9999.99,-9999.99,-9999.99,-9999.99,-9999.99,-9999.99,4.7e-14,-9999.99,-9999.99,-9999.99,-9999.99,-9999.99,-9999.99,49.73,0.06,51.16,0.06,-13.25,0.0,1.43,108101.0
47126,108100.0,682836.3,439042.5,44224.7620486111,5033.0,259.2,31.46,45.0,-4.2047e-08,-1.2743e-07,3e-08,3.5819e-08,2.2351e-08,1.5623e-08,1.0392e-08,6.3596e-09,3.7836e-09,2.2471e-09,1.3152e-09,7.6374e-10,4.5234e-10,2.6939e-10,1.6038e-10,8.7807e-11,5.5088e-11,3.2661e-11,2.3135e-11,1.4251e-11,1.0257e-11,6.0848e-12,5.4123e-12,-9999.99,-9999.99,-9999.99,-9999.99,1.26e-09,3.82e-09,9e-10,1.07e-09,6.71e-10,4.69e-10,3.12e-10,1.91e-10,1.14e-10,6.76e-11,3.95e-11,2.29e-11,1.36e-11,8.16e-12,4.84e-12,2.65e-12,1.68e-12,1.02e-12,7.29e-13,4.65e-13,3.61e-13,2.5e-13,2.58e-13,-9999.99,-9999.99,-9999.99,-9999.99,2.1409e-09,1.1982e-09,6.9327e-10,4.1053e-10,2.4664e-10,1.5085e-10,9.4035e-11,6.0673e-11,3.9503e-11,2.6301e-11,1.7652e-11,1.1886e-11,7.8275e-12,5.0643e-12,3.1871e-12,1.9064e-12,1.1123e-12,6.4503e-13,3.6345e-13,1.9968e-13,1.1041e-13,6.0643e-14,6.42e-11,3.59e-11,2.08e-11,1.23e-11,7.4e-12,4.53e-12,2.82e-12,1.82e-12,1.19e-12,7.89e-13,5.3e-13,3.57e-13,2.35e-13,1.52e-13,9.56e-14,5.74e-14,3.38e-14,1.97e-14,1.15e-14,6.73e-15,5.01e-15,4.6e-15,31.46,0.094,32.885,0.094,-13.25,0.0,1.43,108101.0
47226,108100.0,680763.0,439905.5,44224.7632060185,5133.0,263.2,59.02,43.0,-5.652e-09,-2.2298e-08,4.0702e-09,3.4708e-09,2.357e-09,1.5699e-09,1.3725e-09,1.0827e-09,7.5088e-10,5.5731e-10,3.5614e-10,2.4301e-10,1.8889e-10,1.0985e-10,7.9708e-11,4.9474e-11,3.5175e-11,2.069e-11,1.8795e-11,1.15e-11,7.3889e-12,-9999.99,-9999.99,-9999.99,-9999.99,-9999.99,-9999.99,1.71e-10,6.71e-10,1.23e-10,1.04e-10,7.09e-11,4.79e-11,4.16e-11,3.28e-11,2.28e-11,1.71e-11,1.1e-11,7.8e-12,5.84e-12,3.59e-12,2.67e-12,1.66e-12,1.33e-12,1.01e-12,6.77e-13,5.04e-13,7.05e-13,-9999.99,-9999.99,-9999.99,-9999.99,-9999.99,-9999.99,4.8655e-10,3.4298e-10,2.3994e-10,1.6842e-10,1.1316e-10,7.652e-11,5.2953e-11,3.7135e-11,2.3664e-11,2.0503e-11,1.3982e-11,9.6228e-12,7.4123e-12,4.6813e-12,3.1345e-12,2.0398e-12,1.1994e-12,7.2222e-13,4.1813e-13,2.2792e-13,1.0947e-13,5.3187e-14,1.46e-11,1.03e-11,7.2e-12,5.05e-12,3.39e-12,2.3e-12,1.59e-12,1.11e-12,7.1e-13,6.15e-13,4.19e-13,2.89e-13,2.22e-13,1.41e-13,9.43e-14,6.16e-14,3.63e-14,2.2e-14,1.31e-14,7.77e-15,5.34e-15,4.3e-15,59.025,0.0515,60.49,0.0515,-13.25,0.0,1.46,108101.0
47328,108200.0,682788.9,438173.4,44224.7653935185,5233.0,264.2,33.68,43.0,-3.5175e-08,-1.1418e-07,2.1266e-08,2.776e-08,1.8278e-08,1.3602e-08,9.7047e-09,6.3889e-09,4.0526e-09,2.4909e-09,1.5137e-09,9.0292e-10,5.3392e-10,3.1608e-10,1.8795e-10,1.0029e-10,5.9211e-11,3.5234e-11,2.1895e-11,1.4333e-11,8.1667e-12,-9999.99,-9999.99,-9999.99,-9999.99,-9999.99,-9999.99,1.06e-09,3.43e-09,6.38e-10,8.33e-10,5.48e-10,4.08e-10,2.91e-10,1.92e-10,1.22e-10,7.47e-11,4.54e-11,2.72e-11,1.61e-11,9.51e-12,5.69e-12,3.03e-12,1.81e-12,1.08e-12,7.03e-13,4.74e-13,2.87e-13,-9999.99,-9999.99,-9999.99,-9999.99,-9999.99,-9999.99,2.3006e-09,1.357e-09,8.0439e-10,4.7982e-10,2.8757e-10,1.7386e-10,1.0564e-10,6.5175e-11,4.0848e-11,2.6193e-11,1.7123e-11,1.1287e-11,7.3713e-12,4.6199e-12,2.857e-12,1.6924e-12,9.7018e-13,5.3626e-13,2.8254e-13,1.7754e-13,8.9298e-14,5.848e-14,6.9e-11,4.07e-11,2.41e-11,1.44e-11,8.63e-12,5.22e-12,3.17e-12,1.96e-12,1.23e-12,7.86e-13,5.14e-13,3.39e-13,2.21e-13,1.39e-13,8.6e-14,5.09e-14,2.94e-14,1.64e-14,8.82e-15,6.09e-15,3.94e-15,5.5e-15,33.68,0.087,35.315,0.087,-13.25,0.0,1.63,108201.0
47436,108200.0,685532.9,437052.3,44224.7668171296,5333.0,278.0,40.82,32.0,-1.9787e-08,-6.4678e-08,1.5994e-08,1.8211e-08,1.1629e-08,8.4678e-09,5.6725e-09,3.6199e-09,2.1117e-09,1.2018e-09,6.5468e-10,3.6082e-10,2.0751e-10,-9999.99,-9999.99,-9999.99,-9999.99,-9999.99,-9999.99,-9999.99,-9999.99,-9999.99,-9999.99,-9999.99,-9999.99,-9999.99,-9999.99,5.94e-10,1.94e-09,4.8e-10,5.46e-10,3.49e-10,2.54e-10,1.7e-10,1.09e-10,6.34e-11,3.62e-11,1.97e-11,1.1e-11,6.7e-12,-9999.99,-9999.99,-9999.99,-9999.99,-9999.99,-9999.99,-9999.99,-9999.99,-9999.99,-9999.99,-9999.99,-9999.99,-9999.99,-9999.99,1.0965e-09,5.7953e-10,3.0702e-10,1.6629e-10,9.348e-11,5.6316e-11,3.3713e-11,2.2041e-11,1.5316e-11,1.0392e-11,7.4474e-12,5.7749e-12,4.269e-12,2.9269e-12,1.9836e-12,-9999.99,9.4854e-13,5.8801e-13,3.8509e-13,1.4757e-13,-9999.99,-9999.99,3.29e-11,1.74e-11,9.21e-12,4.99e-12,2.8e-12,1.69e-12,1.01e-12,6.66e-13,4.61e-13,3.16e-13,2.28e-13,1.75e-13,1.29e-13,8.84e-14,6.05e-14,-9999.99,3.59e-14,3.44e-14,2.83e-14,8.77e-15,-9999.99,-9999.99,40.82,0.072,43.0,0.072,-13.25,0.0,2.18,108201.0
47540,108200.0,688026.9,435998.1,44224.7680787037,5433.0,274.0,30.2,42.0,-4.3187e-08,-1.2977e-07,3.4971e-08,3.7018e-08,2.3111e-08,1.6582e-08,1.1199e-08,6.8421e-09,3.9152e-09,2.1541e-09,1.1316e-09,5.9883e-10,2.9444e-10,1.4684e-10,6.8772e-11,4.1637e-11,2.4079e-11,1.6178e-11,8.9912e-12,9.1345e-12,-9999.99,-9999.99,-9999.99,-9999.99,-9999.99,-9999.99,-9999.99,1.3e-09,3.89e-09,1.05e-09,1.11e-09,6.93e-10,4.97e-10,3.36e-10,2.05e-10,1.17e-10,6.46e-11,3.39e-11,1.8e-11,8.89e-12,4.48e-12,2.21e-12,1.38e-12,8.26e-13,6.92e-13,5.57e-13,5.85e-13,-9999.99,-9999.99,-9999.99,-9999.99,-9999.99,-9999.99,-9999.99,2.0658e-09,1.0289e-09,5.0322e-10,2.5038e-10,1.2933e-10,7.1053e-11,4.114e-11,2.5289e-11,1.5997e-11,1.0418e-11,7.3743e-12,5.3158e-12,3.9064e-12,2.8512e-12,1.988e-12,1.3035e-12,8.6842e-13,5.4708e-13,3.2164e-13,1.8936e-13,1.236e-13,6.0409e-14,6.2e-11,3.09e-11,1.51e-11,7.51e-12,3.88e-12,2.13e-12,1.23e-12,7.59e-13,4.8e-13,3.13e-13,2.21e-13,1.59e-13,1.17e-13,8.58e-14,6.02e-14,3.95e-14,2.65e-14,1.7e-14,1.04e-14,7.21e-15,5.45e-15,6.01e-15,30.675,0.095,32.65,0.095,-13.25,0.0,1.98,108201.0
47649,108200.0,695487.8,432924.5,44224.8076041667,5533.0,241.1,45.31,22.0,-1.3222e-08,-4.7164e-08,8.4591e-09,1.0494e-08,7.0497e-09,5.5e-09,4.0789e-09,2.8301e-09,1.8368e-09,1.2006e-09,6.7515e-10,3.9678e-10,2.5874e-10,1.4e-10,6.117e-11,-9999.99,-9999.99,-9999.99,-9999.99,-9999.99,-9999.99,-9999.99,-9999.99,-9999.99,-9999.99,-9999.99,-9999.99,4.01e-10,1.43e-09,2.57e-10,3.15e-10,2.11e-10,1.66e-10,1.22e-10,8.49e-11,5.53e-11,3.61e-11,2.04e-11,1.21e-11,8.23e-12,5.07e-12,3.39e-12,-9999.99,-9999.99,-9999.99,-9999.99,-9999.99,-9999.99,-9999.99,-9999.99,-9999.99,-9999.99,-9999.99,-9999.99,1.033e-09,6.1374e-10,3.5088e-10,1.9389e-10,1.038e-10,5.4649e-11,2.8833e-11,-9999.99,-9999.99,-9999.99,-9999.99,-9999.99,-9999.99,-9999.99,-9999.99,-9999.99,-9999.99,-9999.99,-9999.99,-9999.99,-9999.99,-9999.99,3.1e-11,1.84e-11,1.05e-11,5.82e-12,3.11e-12,1.64e-12,8.74e-13,-9999.99,-9999.99,-9999.99,-9999.99,-9999.99,-9999.99,-9999.99,-9999.99,-9999.99,-9999.99,-9999.99,-9999.99,-9999.99,-9999.99,-9999.99,45.315,0.066,45.695,0.066,-13.25,0.0,0.38,108202.0
47755,108200.0,698366.5,431732.5,44224.8090393519,5633.0,234.8,31.18,32.0,-3.5556e-08,-9.9883e-08,3.2427e-08,3.1637e-08,1.9222e-08,1.3213e-08,8.4035e-09,4.8743e-09,2.6787e-09,1.4237e-09,7.0731e-10,3.3099e-10,1.602e-10,7.1491e-11,3.5322e-11,-9999.99,-9999.99,-9999.99,-9999.99,-9999.99,-9999.99,-9999.99,-9999.99,-9999.99,-9999.99,-9999.99,-9999.99,1.07e-09,3e-09,9.73e-10,9.49e-10,5.77e-10,3.96e-10,2.52e-10,1.46e-10,8.04e-11,4.29e-11,2.12e-11,1.01e-11,5e-12,2.34e-12,1.38e-12,-9999.99,-9999.99,-9999.99,-9999.99,-9999.99,-9999.99,-9999.99,-9999.99,-9999.99,-9999.99,-9999.99,-9999.99,1.3754e-09,6.4269e-10,2.9532e-10,1.3532e-10,6.2719e-11,3.0526e-11,1.5857e-11,8.9444e-12,5.383e-12,3.7661e-12,2.752e-12,2.064e-12,1.7506e-12,1.4392e-12,1.0851e-12,8.2807e-13,6.0439e-13,-9999.99,-9999.99,-9999.99,-9999.99,-9999.99,4.13e-11,1.93e-11,8.86e-12,4.06e-12,1.88e-12,9.16e-13,4.77e-13,2.7e-13,1.64e-13,1.15e-13,8.45e-14,6.32e-14,5.3e-14,4.48e-14,3.41e-14,2.65e-14,2.07e-14,-9999.99,-9999.99,-9999.99,-9999.99,-9999.99,32.98,0.089,34.915,0.089,-13.25,0.0,1.93,108202.0
47861,108200.0,701079.3,430608.3,44224.8103935185,5733.0,232.7,33.19,21.0,-3.3538e-08,-9.1287e-08,3.2164e-08,2.7249e-08,1.6392e-08,1.1608e-08,7.7895e-09,4.7222e-09,2.7094e-09,1.5146e-09,7.9591e-10,3.9678e-10,2.0202e-10,8.1491e-11,3.6667e-11,-9999.99,-9999.99,-9999.99,-9999.99,-9999.99,-9999.99,-9999.99,-9999.99,-9999.99,-9999.99,-9999.99,-9999.99,1.01e-09,2.74e-09,9.65e-10,8.17e-10,4.92e-10,3.48e-10,2.34e-10,1.42e-10,8.13e-11,4.54e-11,2.4e-11,1.2e-11,6.18e-12,2.63e-12,1.35e-12,-9999.99,-9999.99,-9999.99,-9999.99,-9999.99,-9999.99,-9999.99,-9999.99,-9999.99,-9999.99,-9999.99,-9999.99,1.3895e-09,6.9591e-10,3.3538e-10,1.5696e-10,6.962e-11,3.0058e-11,-9999.99,-9999.99,-9999.99,-9999.99,-9999.99,-9999.99,-9999.99,-9999.99,-9999.99,-9999.99,-9999.99,-9999.99,-9999.99,-9999.99,-9999.99,-9999.99,4.17e-11,2.09e-11,1.01e-11,4.71e-12,2.09e-12,9.05e-13,-9999.99,-9999.99,-9999.99,-9999.99,-9999.99,-9999.99,-9999.99,-9999.99,-9999.99,-9999.99,-9999.99,-9999.99,-9999.99,-9999.99,-9999.99,-9999.99,33.28,0.088,34.625,0.088,-13.25,0.0,1.34,108202.0
47965,108200.0,703482.3,429625.6,44224.8116550926,5833.0,218.9,42.57,36.0,-1.5827e-08,-4.8099e-08,1.9231e-08,1.5921e-08,8.538e-09,5.5965e-09,3.3684e-09,1.9193e-09,1.0675e-09,5.5117e-10,2.845e-10,1.452e-10,6.7222e-11,3.4912e-11,-9999.99,-9999.99,-9999.99,-9999.99,-9999.99,-9999.99,-9999.99,-9999.99,-9999.99,-9999.99,-9999.99,-9999.99,-9999.99,4.75e-10,1.44e-09,5.77e-10,4.78e-10,2.56e-10,1.68e-10,1.01e-10,5.78e-11,3.21e-11,1.67e-11,8.73e-12,4.56e-12,2.34e-12,1.33e-12,-9999.99,-9999.99,-9999.99,-9999.99,-9999.99,-9999.99,-9999.99,-9999.99,-9999.99,-9999.99,-9999.99,-9999.99,-9999.99,5.4152e-10,2.6061e-10,1.2573e-10,6.0731e-11,2.9825e-11,1.5032e-11,8.3333e-12,4.9415e-12,3.0936e-12,2.1743e-12,1.5368e-12,1.1906e-12,9.5175e-13,7.4298e-13,6.1345e-13,4.8187e-13,3.4942e-13,2.786e-13,1.8982e-13,1.4196e-13,9.6988e-14,5.5994e-14,1.62e-11,7.82e-12,3.77e-12,1.82e-12,8.95e-13,4.52e-13,2.53e-13,1.5e-13,9.4e-14,6.59e-14,4.73e-14,3.69e-14,2.94e-14,2.33e-14,1.96e-14,1.56e-14,1.11e-14,9.58e-15,6.74e-15,5.98e-15,4.95e-15,5.07e-15,42.635,0.069,43.925,0.069,-13.25,0.0,1.29,108202.0
48070,108300.0,689530.2,434539.9,44224.7709375,5933.0,272.5,46.97,40.0,-1.2865e-08,-4.7778e-08,5.9795e-09,9.0439e-09,5.9678e-09,4.5439e-09,3.4766e-09,2.5342e-09,1.845e-09,1.35e-09,9.1082e-10,6.2661e-10,3.962e-10,2.4608e-10,1.4281e-10,7.7456e-11,4.0877e-11,2.152e-11,-9999.99,-9999.99,-9999.99,-9999.99,-9999.99,-9999.99,-9999.99,-9999.99,-9999.99,3.86e-10,1.43e-09,1.8e-10,2.71e-10,1.79e-10,1.37e-10,1.04e-10,7.6e-11,5.54e-11,4.05e-11,2.74e-11,1.89e-11,1.19e-11,7.46e-12,4.36e-12,2.35e-12,1.26e-12,6.89e-13,-9999.99,-9999.99,-9999.99,-9999.99,-9999.99,-9999.99,-9999.99,-9999.99,-9999.99,1.1693e-09,8.0965e-10,5.4474e-10,3.5175e-10,2.181e-10,1.3111e-10,7.6257e-11,4.307e-11,2.3921e-11,1.3187e-11,7.4152e-12,4.5409e-12,2.9708e-12,2.0684e-12,1.495e-12,9.8684e-13,6.5234e-13,4.2632e-13,2.5395e-13,1.6395e-13,1.0047e-13,6.1988e-14,3.51e-11,2.43e-11,1.63e-11,1.06e-11,6.54e-12,3.93e-12,2.29e-12,1.29e-12,7.18e-13,3.96e-13,2.22e-13,1.37e-13,8.97e-14,6.27e-14,4.53e-14,2.99e-14,2e-14,1.38e-14,8.53e-15,6.39e-15,5.81e-15,1.77e-14,46.965,0.063,48.625,0.063,-13.25,0.0,1.66,108301.0
48170,108300.0,687465.6,435376.5,44224.7721064815,6033.0,277.1,33.45,37.0,-3.5205e-08,-1.0462e-07,2.6947e-08,2.9386e-08,1.8386e-08,1.3351e-08,9.1082e-09,5.6667e-09,3.3099e-09,1.833e-09,9.9415e-10,4.9825e-10,2.5108e-10,1.3032e-10,7.7602e-11,4.8333e-11,2.9123e-11,2.4319e-11,1.224e-11,-9999.99,-9999.99,-9999.99,-9999.99,-9999.99,-9999.99,-9999.99,-9999.99,1.06e-09,3.14e-09,8.08e-10,8.82e-10,5.52e-10,4.01e-10,2.73e-10,1.7e-10,9.93e-11,5.52e-11,2.99e-11,1.51e-11,7.91e-12,4.35e-12,2.97e-12,1.99e-12,1.78e-12,1.8e-12,2.39e-12,-9999.99,-9999.99,-9999.99,-9999.99,-9999.99,-9999.99,-9999.99,-9999.99,1.7535e-09,8.9737e-10,4.5409e-10,2.3436e-10,1.2643e-10,7.3158e-11,4.4532e-11,2.8529e-11,1.8722e-11,1.2892e-11,8.9181e-12,6.4474e-12,4.6199e-12,3.3041e-12,2.2e-12,1.5529e-12,9.8304e-13,6.2427e-13,-9999.99,-9999.99,-9999.99,-9999.99,5.26e-11,2.69e-11,1.36e-11,7.03e-12,3.79e-12,2.19e-12,1.34e-12,8.59e-13,5.65e-13,3.94e-13,2.72e-13,2.1e-13,1.52e-13,1.12e-13,7.63e-14,6.07e-14,4.22e-14,3.73e-14,-9999.99,-9999.99,-9999.99,-9999.99,33.455,0.089,34.83,0.089,-13.25,0.0,1.38,108301.0
48272,108300.0,685452.1,436201.7,44224.7732986111,6133.0,278.7,27.22,38.0,-5.2105e-08,-1.5605e-07,3.8187e-08,4.0058e-08,2.4757e-08,1.8389e-08,1.3108e-08,8.6696e-09,5.4532e-09,3.3187e-09,1.9281e-09,1.05e-09,5.5789e-10,2.8722e-10,1.4974e-10,7.7339e-11,-9999.99,-9999.99,-9999.99,-9999.99,-9999.99,-9999.99,-9999.99,-9999.99,-9999.99,-9999.99,-9999.99,1.56e-09,4.68e-09,1.15e-09,1.2e-09,7.43e-10,5.52e-10,3.93e-10,2.6e-10,1.64e-10,9.96e-11,5.78e-11,3.16e-11,1.68e-11,8.65e-12,4.55e-12,2.36e-12,-9999.99,-9999.99,-9999.99,-9999.99,-9999.99,-9999.99,-9999.99,-9999.99,-9999.99,-9999.99,-9999.99,2.9591e-09,1.6664e-09,9.076e-10,4.8392e-10,2.564e-10,1.3807e-10,7.6053e-11,4.307e-11,2.5728e-11,1.5877e-11,1.0415e-11,7.2573e-12,5.0848e-12,3.6023e-12,2.495e-12,1.6096e-12,1.0058e-12,6.1316e-13,3.7836e-13,2.0491e-13,1.2193e-13,6.0965e-14,8.88e-11,5e-11,2.72e-11,1.45e-11,7.69e-12,4.14e-12,2.28e-12,1.29e-12,7.72e-13,4.76e-13,3.12e-13,2.18e-13,1.53e-13,1.08e-13,7.51e-14,4.88e-14,3.07e-14,1.9e-14,1.2e-14,7.21e-15,4.97e-15,4.07e-15,27.22,0.1075,28.65,0.1075,-13.25,0.0,1.43,108301.0
48378,108300.0,683344.1,437043.3,44224.7745833333,6233.0,265.0,42.91,25.0,-1.6129e-08,-5.8246e-08,1.0018e-08,1.4167e-08,9.0468e-09,6.7661e-09,4.7398e-09,3.0526e-09,1.8977e-09,1.2006e-09,6.7018e-10,3.9737e-10,2.2301e-10,1.2675e-10,8.3216e-11,5.0673e-11,3.3772e-11,2.0716e-11,1.1731e-11,1.088e-11,-9999.99,-9999.99,-9999.99,-9999.99,-9999.99,-9999.99,-9999.99,4.85e-10,1.75e-09,3.01e-10,4.25e-10,2.71e-10,2.03e-10,1.42e-10,9.16e-11,5.69e-11,3.61e-11,2.02e-11,1.2e-11,6.8e-12,3.94e-12,2.61e-12,1.63e-12,1.11e-12,7.23e-13,4.84e-13,4.2e-13,-9999.99,-9999.99,-9999.99,-9999.99,-9999.99,-9999.99,-9999.99,1.0959e-09,6.2368e-10,3.614e-10,2.1661e-10,1.3164e-10,-9999.99,-9999.99,-9999.99,-9999.99,-9999.99,-9999.99,-9999.99,-9999.99,-9999.99,-9999.99,-9999.99,-9999.99,-9999.99,-9999.99,-9999.99,-9999.99,-9999.99,3.29e-11,1.87e-11,1.08e-11,6.5e-12,3.95e-12,-9999.99,-9999.99,-9999.99,-9999.99,-9999.99,-9999.99,-9999.99,-9999.99,-9999.99,-9999.99,-9999.99,-9999.99,-9999.99,-9999.99,-9999.99,-9999.99,-9999.99,42.905,0.0695,43.755,0.0695,-13.25,0.0,0.85,108301.0
48482,108300.0,681117.2,437999.5,44224.7759837963,6333.0,266.9,43.2,45.0,-1.5772e-08,-5.2661e-08,1.6216e-08,1.4637e-08,7.2427e-09,4.7281e-09,2.9678e-09,1.9351e-09,1.2389e-09,8.4649e-10,5.6462e-10,3.4181e-10,2.2898e-10,1.426e-10,8.4971e-11,5.5088e-11,3.5819e-11,2.3272e-11,1.295e-11,1.0892e-11,8.114e-12,6.3421e-12,5.5322e-12,-9999.99,-9999.99,-9999.99,-9999.99,4.73e-10,1.58e-09,4.86e-10,4.39e-10,2.17e-10,1.42e-10,8.93e-11,5.82e-11,3.73e-11,2.55e-11,1.7e-11,1.03e-11,6.96e-12,4.34e-12,2.69e-12,1.7e-12,1.13e-12,7.47e-13,4.61e-13,3.78e-13,4.93e-13,3.57e-13,1.96e-12,-9999.99,-9999.99,-9999.99,-9999.99,7.7368e-10,4.9064e-10,3.1754e-10,2.0497e-10,1.3237e-10,8.617e-11,5.7076e-11,3.8772e-11,2.6915e-11,1.8977e-11,1.333e-11,9.193e-12,6.231e-12,4.0468e-12,2.5734e-12,1.5708e-12,8.9854e-13,5.1228e-13,2.9386e-13,1.5637e-13,1.0673e-13,5.2719e-14,2.32e-11,1.47e-11,9.53e-12,6.15e-12,3.97e-12,2.59e-12,1.71e-12,1.16e-12,8.07e-13,5.69e-13,4e-13,2.76e-13,1.87e-13,1.22e-13,7.77e-14,4.78e-14,2.79e-14,1.65e-14,9.93e-15,7.11e-15,8.39e-15,4.7e-14,43.205,0.0685,44.62,0.0685,-13.25,0.0,1.42,108301.0
48584,108300.0,704341.2,428433.7,44224.8611805556,6433.0,206.5,58.29,14.0,-6.4766e-09,-2.6339e-08,4.2632e-09,4.9737e-09,3.155e-09,2.3942e-09,1.881e-09,1.3924e-09,9.9269e-10,6.0088e-10,4.3392e-10,3.0351e-10,1.6383e-10,1.117e-10,-9999.99,-9999.99,-9999.99,-9999.99,-9999.99,-9999.99,-9999.99,-9999.99,-9999.99,-9999.99,-9999.99,-9999.99,-9999.99,1.95e-10,7.93e-10,1.29e-10,1.5e-10,9.5e-11,7.28e-11,5.66e-11,4.21e-11,2.99e-11,1.81e-11,1.32e-11,9.23e-12,5.1e-12,3.86e-12,-9999.99,-9999.99,-9999.99,-9999.99,-9999.99,-9999.99,-9999.99,-9999.99,-9999.99,-9999.99,-9999.99,-9999.99,-9999.99,-9999.99,-9999.99,-9999.99,-9999.99,-9999.99,-9999.99,-9999.99,-9999.99,-9999.99,-9999.99,-9999.99,-9999.99,-9999.99,-9999.99,-9999.99,-9999.99,-9999.99,-9999.99,-9999.99,-9999.99,-9999.99,-9999.99,-9999.99,-9999.99,-9999.99,-9999.99,-9999.99,-9999.99,-9999.99,-9999.99,-9999.99,-9999.99,-9999.99,-9999.99,-9999.99,-9999.99,-9999.99,-9999.99,-9999.99,-9999.99,-9999.99,-9999.99,-9999.99,-9999.99,58.445,0.051,60.365,0.0505,-13.25,0.0,1.92,108302.0
48692,108300.0,701949.2,429410.3,44224.8624768518,6533.0,232.1,29.71,40.0,-4.114e-08,-1.1406e-07,3.8772e-08,3.1316e-08,1.7193e-08,1.2073e-08,8.3216e-09,5.652e-09,3.6871e-09,2.3591e-09,1.4702e-09,8.6374e-10,4.7339e-10,2.595e-10,1.3442e-10,6.5351e-11,3.3363e-11,1.5845e-11,-9999.99,-9999.99,-9999.99,-9999.99,-9999.99,-9999.99,-9999.99,-9999.99,-9999.99,1.23e-09,3.42e-09,1.16e-09,9.39e-10,5.16e-10,3.62e-10,2.5e-10,1.7e-10,1.11e-10,7.08e-11,4.41e-11,2.6e-11,1.42e-11,7.86e-12,4.09e-12,2e-12,1.05e-12,5.78e-13,-9999.99,-9999.99,-9999.99,-9999.99,-9999.99,-9999.99,-9999.99,-9999.99,-9999.99,1.9769e-09,1.2032e-09,7.0673e-10,4.0205e-10,2.2178e-10,1.2e-10,6.3216e-11,3.2602e-11,1.6272e-11,8.0439e-12,4.2047e-12,2.4544e-12,1.5336e-12,1.114e-12,8.5702e-13,6.6667e-13,4.693e-13,3.4825e-13,2.4529e-13,1.4906e-13,8.8392e-14,6.3977e-14,5.93e-11,3.61e-11,2.12e-11,1.21e-11,6.65e-12,3.6e-12,1.9e-12,9.78e-13,4.88e-13,2.41e-13,1.27e-13,7.41e-14,4.68e-14,3.52e-14,2.67e-14,2.09e-14,1.53e-14,1.19e-14,8.83e-15,6.39e-15,5.33e-15,1.13e-14,29.715,0.097,32.08,0.097,-13.25,0.0,2.36,108302.0
48796,108300.0,699479.0,430418.8,44224.8637731481,6633.0,229.1,55.69,13.0,-7.1082e-09,-2.8798e-08,6.4503e-09,7.886e-09,5.1316e-09,3.7632e-09,2.5436e-09,1.557e-09,8.5643e-10,4.5351e-10,2.4386e-10,1.488e-10,5.1842e-11,-9999.99,-9999.99,-9999.99,-9999.99,-9999.99,-9999.99,-9999.99,-9999.99,-9999.99,-9999.99,-9999.99,-9999.99,-9999.99,-9999.99,2.14e-10,8.67e-10,1.94e-10,2.37e-10,1.54e-10,1.13e-10,7.66e-11,4.69e-11,2.59e-11,1.39e-11,7.49e-12,4.75e-12,2.13e-12,-9999.99,-9999.99,-9999.99,-9999.99,-9999.99,-9999.99,-9999.99,-9999.99,-9999.99,-9999.99,-9999.99,-9999.99,-9999.99,-9999.99,-9999.99,-9999.99,-9999.99,-9999.99,-9999.99,-9999.99,-9999.99,-9999.99,-9999.99,-9999.99,-9999.99,-9999.99,-9999.99,-9999.99,-9999.99,-9999.99,-9999.99,-9999.99,-9999.99,-9999.99,-9999.99,-9999.99,-9999.99,-9999.99,-9999.99,-9999.99,-9999.99,-9999.99,-9999.99,-9999.99,-9999.99,-9999.99,-9999.99,-9999.99,-9999.99,-9999.99,-9999.99,-9999.99,-9999.99,-9999.99,-9999.99,-9999.99,-9999.99,-9999.99,55.595,0.053,57.96,0.053,-13.25,0.0,2.36,108302.0
48902,108300.0,696981.8,431399.2,44224.8650462963,6733.0,228.7,38.02,30.0,-1.8711e-08,-3.383e-08,3.3801e-08,1.2751e-08,3.9211e-09,1.8398e-09,8.5614e-10,3.8977e-10,1.888e-10,1.0082e-10,5.3304e-11,-9999.99,-9999.99,-9999.99,-9999.99,-9999.99,-9999.99,-9999.99,-9999.99,-9999.99,-9999.99,-9999.99,-9999.99,-9999.99,-9999.99,-9999.99,-9999.99,5.61e-10,1.02e-09,1.01e-09,3.83e-10,1.18e-10,5.57e-11,2.62e-11,1.27e-11,6.63e-12,4.07e-12,2.27e-12,-9999.99,-9999.99,-9999.99,-9999.99,-9999.99,-9999.99,-9999.99,-9999.99,-9999.99,-9999.99,-9999.99,-9999.99,-9999.99,-9999.99,-9999.99,-9999.99,9.3889e-11,4.7368e-11,2.7792e-11,1.7447e-11,1.2439e-11,8.9942e-12,6.4181e-12,5.2602e-12,4.0614e-12,3.3626e-12,2.7392e-12,2.2146e-12,1.8398e-12,1.3798e-12,1.0491e-12,8.9035e-13,6.9708e-13,5.6842e-13,3.348e-13,-9999.99,-9999.99,-9999.99,2.82e-12,1.43e-12,8.73e-13,5.3e-13,3.88e-13,2.94e-13,2.04e-13,1.73e-13,1.35e-13,1.2e-13,1.04e-13,9.17e-14,8.78e-14,9.26e-14,1.64e-13,3.13e-13,3.03e-13,1.52e-13,4.22e-13,-9999.99,-9999.99,-9999.99,38.02,0.077,40.205,0.077,-13.25,0.0,2.19,108302.0
49004,108400.0,679021.1,437960.9,44224.7783912037,6833.0,281.5,36.06,45.0,-2.6202e-08,-7.9795e-08,2.9126e-08,2.5035e-08,1.2626e-08,7.7953e-09,4.6023e-09,2.6319e-09,1.531e-09,9.5643e-10,6.0175e-10,3.7456e-10,2.2295e-10,1.4079e-10,9.1199e-11,4.9357e-11,3.4181e-11,2.0523e-11,1.483e-11,9.7427e-12,8.6637e-12,4.3012e-12,3.3655e-12,-9999.99,-9999.99,-9999.99,-9999.99,7.86e-10,2.39e-09,8.74e-10,7.51e-10,3.79e-10,2.34e-10,1.38e-10,7.9e-11,4.61e-11,2.88e-11,1.81e-11,1.14e-11,6.76e-12,4.31e-12,2.84e-12,1.53e-12,1.11e-12,6.73e-13,5.06e-13,4.09e-13,3.47e-13,3.79e-13,4.88e-13,-9999.99,-9999.99,-9999.99,-9999.99,9.2427e-10,5.4386e-10,3.3772e-10,2.136e-10,1.3547e-10,8.7427e-11,5.7544e-11,3.8889e-11,2.7091e-11,1.9155e-11,1.352e-11,9.3713e-12,6.3538e-12,4.114e-12,2.5474e-12,1.5357e-12,8.9795e-13,4.8333e-13,2.7781e-13,1.469e-13,6.7368e-14,3.2105e-14,2.77e-11,1.63e-11,1.01e-11,6.41e-12,4.06e-12,2.62e-12,1.73e-12,1.17e-12,8.13e-13,5.75e-13,4.06e-13,2.81e-13,1.91e-13,1.24e-13,7.67e-14,4.65e-14,2.73e-14,1.56e-14,9.2e-15,6.43e-15,2.09e-14,5.84e-15,36.06,0.082,37.415,0.082,-13.25,0.0,1.35,108401.0
49108,108400.0,681670.8,436892.4,44224.7796990741,6933.0,274.0,41.49,44.0,-1.7819e-08,-6.2953e-08,1.4222e-08,1.8368e-08,1.1208e-08,7.807e-09,5.0205e-09,3.0175e-09,1.7018e-09,1.0155e-09,5.962e-10,3.5702e-10,2.0728e-10,1.2746e-10,7.6199e-11,4.4912e-11,3.0936e-11,2.1404e-11,1.4482e-11,1.0415e-11,7.5409e-12,6.1696e-12,4.5789e-12,-9999.99,-9999.99,-9999.99,-9999.99,5.35e-10,1.89e-09,4.27e-10,5.51e-10,3.36e-10,2.34e-10,1.51e-10,9.05e-11,5.11e-11,3.06e-11,1.8e-11,1.08e-11,6.32e-12,3.93e-12,2.35e-12,1.44e-12,1.01e-12,7.11e-13,5.13e-13,4.03e-13,4.41e-13,1.11e-12,3.81e-13,-9999.99,-9999.99,-9999.99,-9999.99,9.8129e-10,5.4503e-10,3.2135e-10,1.9687e-10,1.2307e-10,7.8509e-11,5.0965e-11,3.3889e-11,2.3126e-11,1.6415e-11,1.1904e-11,8.4123e-12,5.8129e-12,3.9532e-12,2.6061e-12,1.6591e-12,1.033e-12,5.8363e-13,3.6667e-13,1.814e-13,1.5231e-13,-9999.99,2.94e-11,1.64e-11,9.64e-12,5.91e-12,3.69e-12,2.36e-12,1.53e-12,1.02e-12,6.94e-13,4.92e-13,3.57e-13,2.52e-13,1.74e-13,1.19e-13,7.84e-14,5.01e-14,3.16e-14,1.83e-14,1.27e-14,7.78e-15,1.52e-14,-9999.99,41.495,0.0715,42.605,0.0715,-13.25,0.0,1.11,108401.0
49212,108400.0,684331.8,435798.3,44224.7809722222,7033.0,280.4,29.68,41.0,-4.4415e-08,-1.3558e-07,3.5468e-08,4.0351e-08,2.4895e-08,1.7485e-08,1.1541e-08,7.0585e-09,4.076e-09,2.3091e-09,1.2795e-09,6.924e-10,3.7193e-10,1.9354e-10,1.0228e-10,5.9035e-11,3.2515e-11,2.3997e-11,1.0155e-11,-9999.99,-9999.99,-9999.99,-9999.99,-9999.99,-9999.99,-9999.99,-9999.99,1.33e-09,4.07e-09,1.06e-09,1.21e-09,7.47e-10,5.25e-10,3.46e-10,2.12e-10,1.22e-10,6.93e-11,3.85e-11,2.08e-11,1.12e-11,5.88e-12,3.16e-12,1.84e-12,1.07e-12,8.23e-13,5.35e-13,-9999.99,-9999.99,-9999.99,-9999.99,-9999.99,-9999.99,-9999.99,-9999.99,2.1626e-09,1.1225e-09,5.8363e-10,3.0702e-10,1.6608e-10,9.3655e-11,5.4737e-11,3.3743e-11,2.1298e-11,1.3898e-11,9.5526e-12,6.8158e-12,4.8275e-12,3.3509e-12,2.3541e-12,1.5988e-12,9.2281e-13,6.0439e-13,2.9269e-13,1.5772e-13,1.0023e-13,6.1813e-14,6.49e-11,3.37e-11,1.75e-11,9.21e-12,4.98e-12,2.81e-12,1.64e-12,1.01e-12,6.39e-13,4.18e-13,2.88e-13,2.06e-13,1.45e-13,1.02e-13,7.16e-14,4.86e-14,2.86e-14,1.92e-14,9.81e-15,9.15e-15,7.34e-15,2.66e-14,29.68,0.099,31.135,0.099,-13.25,0.0,1.45,108401.0
49316,108400.0,686919.4,434723.7,44224.7822222222,7133.0,278.5,27.71,43.0,-5.2719e-08,-1.5699e-07,4.1257e-08,4.3158e-08,2.6272e-08,1.8833e-08,1.3012e-08,8.4094e-09,5.2135e-09,3.1287e-09,1.8102e-09,1.0009e-09,5.3889e-10,2.7757e-10,1.4202e-10,7.0819e-11,3.5351e-11,2.0444e-11,1.2114e-11,7.9854e-12,5.0263e-12,-9999.99,-9999.99,-9999.99,-9999.99,-9999.99,-9999.99,1.58e-09,4.71e-09,1.24e-09,1.29e-09,7.88e-10,5.65e-10,3.9e-10,2.52e-10,1.56e-10,9.39e-11,5.43e-11,3e-11,1.62e-11,8.35e-12,4.3e-12,2.16e-12,1.12e-12,6.91e-13,4.42e-13,4.19e-13,1.53e-12,-9999.99,-9999.99,-9999.99,-9999.99,-9999.99,-9999.99,2.8351e-09,1.5766e-09,8.5819e-10,4.6023e-10,2.4404e-10,1.2985e-10,6.962e-11,3.8275e-11,2.1635e-11,1.2918e-11,8.2982e-12,5.6784e-12,4.0146e-12,2.8725e-12,1.9933e-12,1.3377e-12,8.6316e-13,5.4591e-13,3.2719e-13,1.7865e-13,1.1365e-13,6.7456e-14,8.51e-11,4.73e-11,2.57e-11,1.38e-11,7.32e-12,3.9e-12,2.09e-12,1.15e-12,6.49e-13,3.88e-13,2.49e-13,1.7e-13,1.2e-13,8.65e-14,6e-14,4.05e-14,2.62e-14,1.68e-14,1.04e-14,6.23e-15,5.39e-15,4.41e-15,27.71,0.105,29.22,0.105,-13.25,0.0,1.51,108401.0
49422,108400.0,689989.0,433455.9,44224.78375,7233.0,274.0,35.76,5.0,-9999.99,-9999.99,-9999.99,-9999.99,-9999.99,1.0991e-08,6.8216e-09,4.9766e-09,3.6228e-09,2.8357e-09,-9999.99,-9999.99,-9999.99,-9999.99,-9999.99,-9999.99,-9999.99,-9999.99,-9999.99,-9999.99,-9999.99,-9999.99,-9999.99,-9999.99,-9999.99,-9999.99,-9999.99,-9999.99,-9999.99,-9999.99,-9999.99,-9999.99,3.34e-10,2.12e-10,1.54e-10,1.16e-10,8.9e-11,-9999.99,-9999.99,-9999.99,-9999.99,-9999.99,-9999.99,-9999.99,-9999.99,-9999.99,-9999.99,-9999.99,-9999.99,-9999.99,-9999.99,-9999.99,-9999.99,-9999.99,-9999.99,-9999.99,-9999.99,-9999.99,-9999.99,-9999.99,-9999.99,-9999.99,-9999.99,-9999.99,-9999.99,-9999.99,-9999.99,-9999.99,-9999.99,-9999.99,-9999.99,-9999.99,-9999.99,-9999.99,-9999.99,-9999.99,-9999.99,-9999.99,-9999.99,-9999.99,-9999.99,-9999.99,-9999.99,-9999.99,-9999.99,-9999.99,-9999.99,-9999.99,-9999.99,-9999.99,-9999.99,-9999.99,-9999.99,-9999.99,-9999.99,-9999.99,-9999.99,-9999.99,35.76,0.082,37.45,0.082,-13.25,0.0,1.69,108401.0
49530,108400.0,697449.2,430385.4,44224.8673032407,7333.0,233.2,42.02,8.0,-1.6129e-08,-3.4064e-08,2.817e-08,1.3199e-08,4.6257e-09,2.3442e-09,1.1673e-09,5.1374e-10,-9999.99,-9999.99,-9999.99,-9999.99,-9999.99,-9999.99,-9999.99,-9999.99,-9999.99,-9999.99,-9999.99,-9999.99,-9999.99,-9999.99,-9999.99,-9999.99,-9999.99,-9999.99,-9999.99,4.85e-10,1.03e-09,8.45e-10,3.96e-10,1.39e-10,7.1e-11,3.54e-11,1.6e-11,-9999.99,-9999.99,-9999.99,-9999.99,-9999.99,-9999.99,-9999.99,-9999.99,-9999.99,-9999.99,-9999.99,-9999.99,-9999.99,-9999.99,-9999.99,-9999.99,-9999.99,-9999.99,-9999.99,-9999.99,-9999.99,-9999.99,-9999.99,-9999.99,-9999.99,-9999.99,-9999.99,-9999.99,-9999.99,-9999.99,-9999.99,-9999.99,-9999.99,-9999.99,-9999.99,-9999.99,-9999.99,-9999.99,-9999.99,-9999.99,-9999.99,-9999.99,-9999.99,-9999.99,-9999.99,-9999.99,-9999.99,-9999.99,-9999.99,-9999.99,-9999.99,-9999.99,-9999.99,-9999.99,-9999.99,-9999.99,-9999.99,-9999.99,-9999.99,-9999.99,-9999.99,-9999.99,-9999.99,42.02,0.07,44.19,0.07,-13.25,0.0,2.17,108402.0
49632,108400.0,700176.3,429255.2,44224.8685532407,7433.0,244.5,32.49,19.0,-1.7374e-08,-1.1377e-08,2.2401e-08,3.7865e-09,1.0944e-09,6.7018e-10,2.7909e-10,2.0278e-10,-9999.99,-9999.99,-9999.99,-9999.99,-9999.99,-9999.99,-9999.99,-9999.99,-9999.99,-9999.99,-9999.99,-9999.99,-9999.99,-9999.99,-9999.99,-9999.99,-9999.99,-9999.99,-9999.99,5.21e-10,3.5e-10,6.72e-10,1.14e-10,3.41e-11,2.38e-11,1e-11,7.1e-12,-9999.99,-9999.99,-9999.99,-9999.99,-9999.99,-9999.99,-9999.99,-9999.99,-9999.99,-9999.99,-9999.99,-9999.99,-9999.99,-9999.99,-9999.99,-9999.99,-9999.99,-9999.99,-9999.99,5.6754e-11,3.1111e-11,2.0357e-11,1.5532e-11,1.0871e-11,7.5702e-12,6.3889e-12,5.2661e-12,3.5789e-12,2.3067e-12,1.3316e-12,-9999.99,-9999.99,-9999.99,-9999.99,-9999.99,-9999.99,-9999.99,-9999.99,-9999.99,-9999.99,-9999.99,1.71e-12,9.4e-13,6.13e-13,4.68e-13,3.29e-13,2.32e-13,1.96e-13,1.61e-13,1.08e-13,7.1e-14,4.41e-14,-9999.99,-9999.99,-9999.99,-9999.99,-9999.99,-9999.99,-9999.99,-9999.99,-9999.99,-9999.99,-9999.99,32.495,0.09,34.455,0.09,-13.25,0.0,1.96,108402.0
49736,108400.0,702907.9,428135.4,44224.8697916667,7533.0,222.5,35.47,18.0,-2.7851e-08,-8.1608e-08,2.9126e-08,2.752e-08,1.5594e-08,1.0175e-08,6.1111e-09,3.3801e-09,1.7749e-09,9.1023e-10,4.5673e-10,2.2819e-10,9.7778e-11,-9999.99,-9999.99,-9999.99,-9999.99,-9999.99,-9999.99,-9999.99,-9999.99,-9999.99,-9999.99,-9999.99,-9999.99,-9999.99,-9999.99,8.36e-10,2.45e-09,8.74e-10,8.26e-10,4.68e-10,3.05e-10,1.83e-10,1.01e-10,5.32e-11,2.74e-11,1.38e-11,7.1e-12,3.13e-12,-9999.99,-9999.99,-9999.99,-9999.99,-9999.99,-9999.99,-9999.99,-9999.99,-9999.99,-9999.99,-9999.99,-9999.99,-9999.99,-9999.99,8.3743e-10,3.924e-10,1.8789e-10,9.3099e-11,4.8421e-11,-9999.99,-9999.99,-9999.99,-9999.99,-9999.99,-9999.99,-9999.99,-9999.99,-9999.99,-9999.99,-9999.99,-9999.99,-9999.99,-9999.99,-9999.99,-9999.99,-9999.99,2.51e-11,1.18e-11,5.64e-12,2.79e-12,1.45e-12,-9999.99,-9999.99,-9999.99,-9999.99,-9999.99,-9999.99,-9999.99,-9999.99,-9999.99,-9999.99,-9999.99,-9999.99,-9999.99,-9999.99,-9999.99,-9999.99,-9999.99,35.47,0.0825,37.29,0.0825,-13.25,0.0,1.82,108402.0
49844,108500.0,690850.5,432246.2,44224.7858333333,7633.0,280.3,41.79,38.0,-1.7787e-08,-6.4094e-08,8.1784e-09,1.2263e-08,7.8889e-09,6.3187e-09,4.8392e-09,3.5789e-09,2.6152e-09,1.8772e-09,1.2775e-09,8.345e-10,5.1053e-10,2.9591e-10,1.6018e-10,9e-11,4.5965e-11,2.4947e-11,-9999.99,-9999.99,-9999.99,-9999.99,-9999.99,-9999.99,-9999.99,-9999.99,-9999.99,5.34e-10,1.92e-09,2.45e-10,3.68e-10,2.37e-10,1.9e-10,1.45e-10,1.07e-10,7.85e-11,5.63e-11,3.83e-11,2.5e-11,1.54e-11,8.97e-12,4.9e-12,2.73e-12,1.42e-12,8.18e-13,-9999.99,-9999.99,-9999.99,-9999.99,-9999.99,-9999.99,-9999.99,-9999.99,-9999.99,1.6018e-09,1.0918e-09,7.1345e-10,4.4386e-10,2.6295e-10,1.4988e-10,8.231e-11,4.4181e-11,2.3599e-11,1.2377e-11,6.8772e-12,4.1257e-12,2.655e-12,1.9079e-12,1.3956e-12,1.0684e-12,7.7281e-13,4.7895e-13,2.0228e-13,8.8363e-14,-9999.99,-9999.99,4.81e-11,3.28e-11,2.14e-11,1.33e-11,7.89e-12,4.5e-12,2.47e-12,1.33e-12,7.08e-13,3.73e-13,2.07e-13,1.25e-13,8.23e-14,6.11e-14,4.7e-14,3.87e-14,3.19e-14,2.81e-14,2.08e-14,4.88e-14,-9999.99,-9999.99,41.79,0.071,42.9,0.071,-13.25,0.0,1.11,108501.0
49948,108500.0,688771.0,433087.6,44224.7871296296,7733.0,276.5,41.19,43.0,-1.7336e-08,-6.0526e-08,1.0038e-08,1.3202e-08,8.7485e-09,7.0234e-09,5.307e-09,3.8246e-09,2.6433e-09,1.7269e-09,1.0827e-09,6.5292e-10,3.538e-10,1.8705e-10,1.0114e-10,5.4591e-11,2.9971e-11,1.7877e-11,1.0567e-11,7.5585e-12,5.617e-12,4.076e-12,4.0175e-12,-9999.99,-9999.99,-9999.99,-9999.99,5.2e-10,1.82e-09,3.02e-10,3.96e-10,2.62e-10,2.11e-10,1.59e-10,1.15e-10,7.93e-11,5.18e-11,3.25e-11,1.97e-11,1.07e-11,5.67e-12,3.09e-12,1.71e-12,9.77e-13,6.61e-13,1.06e-12,8.24e-13,2.94e-12,6.52e-13,1.12e-12,-9999.99,-9999.99,-9999.99,-9999.99,1.4918e-09,9.307e-10,5.5585e-10,3.1813e-10,1.7749e-10,9.8421e-11,5.348e-11,2.9708e-11,1.6673e-11,1.0012e-11,6.2953e-12,4.2251e-12,3.0409e-12,2.1985e-12,1.5187e-12,1.0398e-12,7.2251e-13,4.8041e-13,3.0058e-13,1.5558e-13,-9999.99,-9999.99,4.48e-11,2.79e-11,1.67e-11,9.54e-12,5.32e-12,2.95e-12,1.6e-12,8.91e-13,5e-13,3.01e-13,1.89e-13,1.28e-13,9.18e-14,6.66e-14,4.63e-14,3.28e-14,2.28e-14,1.53e-14,1.1e-14,7.13e-15,-9999.99,-9999.99,41.19,0.0715,43.275,0.0715,-13.25,0.0,2.09,108501.0
50054,108500.0,686704.0,433991.7,44224.7885300926,7833.0,282.4,37.92,11.0,-2.4117e-08,-8.152e-08,1.2336e-08,1.7719e-08,1.1468e-08,9e-09,6.6579e-09,4.5936e-09,3.0292e-09,2.1576e-09,-9999.99,-9999.99,4.9825e-10,-9999.99,-9999.99,-9999.99,-9999.99,-9999.99,-9999.99,-9999.99,-9999.99,-9999.99,-9999.99,-9999.99,-9999.99,-9999.99,-9999.99,7.26e-10,2.45e-09,3.71e-10,5.33e-10,3.46e-10,2.73e-10,2.02e-10,1.39e-10,9.39e-11,6.56e-11,-9999.99,-9999.99,1.63e-11,-9999.99,-9999.99,-9999.99,-9999.99,-9999.99,-9999.99,-9999.99,-9999.99,-9999.99,-9999.99,-9999.99,-9999.99,-9999.99,-9999.99,-9999.99,-9999.99,-9999.99,-9999.99,-9999.99,-9999.99,-9999.99,-9999.99,-9999.99,-9999.99,-9999.99,-9999.99,-9999.99,-9999.99,-9999.99,-9999.99,-9999.99,-9999.99,-9999.99,-9999.99,-9999.99,-9999.99,-9999.99,-9999.99,-9999.99,-9999.99,-9999.99,-9999.99,-9999.99,-9999.99,-9999.99,-9999.99,-9999.99,-9999.99,-9999.99,-9999.99,-9999.99,-9999.99,-9999.99,-9999.99,-9999.99,-9999.99,-9999.99,-9999.99,37.92,0.078,39.48,0.078,-13.25,0.0,1.56,108501.0
50158,108500.0,684543.5,434838.0,44224.7898032407,7933.0,282.0,28.76,43.0,-4.6491e-08,-1.4418e-07,3.1404e-08,3.7485e-08,2.4287e-08,1.8333e-08,1.3155e-08,8.6725e-09,5.424e-09,3.2778e-09,1.8836e-09,1.0377e-09,5.4181e-10,2.8564e-10,1.5073e-10,8.0819e-11,4.2368e-11,2.3368e-11,1.2558e-11,9.348e-12,5.0731e-12,-9999.99,-9999.99,-9999.99,-9999.99,-9999.99,-9999.99,1.39e-09,4.33e-09,9.42e-10,1.12e-09,7.29e-10,5.5e-10,3.95e-10,2.6e-10,1.63e-10,9.83e-11,5.65e-11,3.11e-11,1.63e-11,8.63e-12,4.58e-12,2.47e-12,1.34e-12,7.9e-13,4.99e-13,3.72e-13,3.35e-13,-9999.99,-9999.99,-9999.99,-9999.99,-9999.99,-9999.99,2.9175e-09,1.6327e-09,8.886e-10,4.7632e-10,2.5556e-10,1.3968e-10,7.731e-11,4.4474e-11,2.6292e-11,1.6272e-11,1.0564e-11,7.2456e-12,5.1433e-12,3.538e-12,2.4073e-12,1.5757e-12,1.0155e-12,6.0819e-13,3.538e-13,1.9871e-13,1.2503e-13,8.1228e-14,8.75e-11,4.9e-11,2.67e-11,1.43e-11,7.67e-12,4.19e-12,2.32e-12,1.33e-12,7.89e-13,4.88e-13,3.17e-13,2.17e-13,1.54e-13,1.06e-13,7.27e-14,4.76e-14,3.08e-14,1.91e-14,1.19e-14,7.87e-15,2.11e-14,3.06e-14,28.76,0.1015,30.695,0.1015,-13.25,0.0,1.93,108501.0
50262,108500.0,682299.9,435807.9,44224.79125,8033.0,278.7,33.7,42.0,-3.3333e-08,-1.0819e-07,2.0655e-08,2.536e-08,1.631e-08,1.2465e-08,9.0322e-09,6.1404e-09,4.0058e-09,2.5319e-09,1.5611e-09,9.2164e-10,5.3772e-10,3.155e-10,1.7076e-10,9.7427e-11,5.3567e-11,3.2368e-11,2.0924e-11,1.3424e-11,8.5439e-12,-9999.99,-9999.99,-9999.99,-9999.99,-9999.99,-9999.99,1e-09,3.25e-09,6.2e-10,7.61e-10,4.89e-10,3.74e-10,2.71e-10,1.84e-10,1.2e-10,7.6e-11,4.68e-11,2.76e-11,1.62e-11,9.53e-12,5.17e-12,2.95e-12,1.64e-12,1.02e-12,6.82e-13,5.3e-13,1.03e-12,-9999.99,-9999.99,-9999.99,-9999.99,-9999.99,-9999.99,2.2713e-09,1.3711e-09,8.1667e-10,4.8129e-10,2.824e-10,1.6667e-10,9.8421e-11,5.9152e-11,3.6199e-11,2.2965e-11,1.4953e-11,9.886e-12,6.4591e-12,4.1228e-12,2.6076e-12,1.6e-12,9.6082e-13,5.8392e-13,3.5117e-13,2.0602e-13,1.3576e-13,-9999.99,6.81e-11,4.11e-11,2.45e-11,1.44e-11,8.47e-12,5e-12,2.95e-12,1.77e-12,1.09e-12,6.89e-13,4.49e-13,2.97e-13,1.94e-13,1.24e-13,7.85e-14,4.85e-14,2.97e-14,1.86e-14,1.21e-14,8.49e-15,6.65e-15,-9999.99,33.695,0.087,35.355,0.087,-13.25,0.0,1.66,108501.0
50362,108500.0,680337.0,436568.5,44224.7924074074,8133.0,276.5,32.52,12.0,-3.7105e-08,-1.2231e-07,2.3711e-08,3.1988e-08,2.0673e-08,1.5143e-08,1.0354e-08,6.5848e-09,3.9766e-09,2.4474e-09,1.4108e-09,8.2632e-10,-9999.99,-9999.99,-9999.99,-9999.99,-9999.99,-9999.99,-9999.99,-9999.99,-9999.99,-9999.99,-9999.99,-9999.99,-9999.99,-9999.99,-9999.99,1.11e-09,3.67e-09,7.11e-10,9.6e-10,6.2e-10,4.54e-10,3.11e-10,1.98e-10,1.19e-10,7.34e-11,4.23e-11,2.49e-11,-9999.99,-9999.99,-9999.99,-9999.99,-9999.99,-9999.99,-9999.99,-9999.99,-9999.99,-9999.99,-9999.99,-9999.99,-9999.99,-9999.99,-9999.99,-9999.99,-9999.99,-9999.99,-9999.99,-9999.99,-9999.99,-9999.99,-9999.99,-9999.99,-9999.99,-9999.99,-9999.99,-9999.99,-9999.99,-9999.99,-9999.99,-9999.99,-9999.99,-9999.99,-9999.99,-9999.99,-9999.99,-9999.99,-9999.99,-9999.99,-9999.99,-9999.99,-9999.99,-9999.99,-9999.99,-9999.99,-9999.99,-9999.99,-9999.99,-9999.99,-9999.99,-9999.99,-9999.99,-9999.99,-9999.99,-9999.99,-9999.99,-9999.99,-9999.99,32.52,0.09,34.5,0.09,-13.25,0.0,1.98,108501.0
50468,108500.0,704447.1,426641.1,44224.871412037,8233.0,208.3,60.98,31.0,-5.5497e-09,-2.0637e-08,8.9912e-09,7.152e-09,3.6667e-09,2.207e-09,1.2067e-09,6.1257e-10,2.6854e-10,-9999.99,-9999.99,-9999.99,-9999.99,-9999.99,-9999.99,-9999.99,-9999.99,-9999.99,-9999.99,-9999.99,-9999.99,-9999.99,-9999.99,-9999.99,-9999.99,-9999.99,-9999.99,1.68e-10,6.21e-10,2.7e-10,2.15e-10,1.1e-10,6.67e-11,3.67e-11,1.87e-11,8.54e-12,-9999.99,-9999.99,-9999.99,-9999.99,-9999.99,-9999.99,-9999.99,-9999.99,-9999.99,-9999.99,-9999.99,-9999.99,-9999.99,-9999.99,-9999.99,-9999.99,-9999.99,-9999.99,1.2284e-10,4.8509e-11,2.2228e-11,1.1933e-11,6.3889e-12,5.1491e-12,3.2515e-12,2.7225e-12,1.8532e-12,1.4713e-12,1.2962e-12,1.052e-12,8.0702e-13,7.114e-13,5.4006e-13,4.386e-13,2.8871e-13,2.1137e-13,1.6205e-13,9.3363e-14,7.6082e-14,6.0789e-14,3.7e-12,1.46e-12,6.71e-13,3.63e-13,2.04e-13,1.57e-13,1.03e-13,8.39e-14,5.73e-14,4.61e-14,4.02e-14,3.27e-14,2.64e-14,2.21e-14,1.74e-14,1.43e-14,9.76e-15,7.74e-15,6.55e-15,4.35e-15,4.54e-15,8.15e-15,60.985,0.049,62.275,0.049,-13.25,0.0,1.29,108502.0
50572,108500.0,702047.2,427573.1,44224.8726967593,8333.0,219.2,55.7,8.0,-9.3158e-09,-3.3655e-08,5.8363e-09,6.8567e-09,4.0848e-09,3.1637e-09,2.2944e-09,1.7094e-09,-9999.99,-9999.99,-9999.99,-9999.99,-9999.99,-9999.99,-9999.99,-9999.99,-9999.99,-9999.99,-9999.99,-9999.99,-9999.99,-9999.99,-9999.99,-9999.99,-9999.99,-9999.99,-9999.99,2.8e-10,1.01e-09,1.76e-10,2.06e-10,1.23e-10,9.55e-11,6.91e-11,5.15e-11,-9999.99,-9999.99,-9999.99,-9999.99,-9999.99,-9999.99,-9999.99,-9999.99,-9999.99,-9999.99,-9999.99,-9999.99,-9999.99,-9999.99,-9999.99,-9999.99,-9999.99,-9999.99,-9999.99,-9999.99,-9999.99,-9999.99,-9999.99,-9999.99,-9999.99,-9999.99,-9999.99,-9999.99,-9999.99,-9999.99,-9999.99,-9999.99,-9999.99,-9999.99,-9999.99,-9999.99,-9999.99,-9999.99,-9999.99,-9999.99,-9999.99,-9999.99,-9999.99,-9999.99,-9999.99,-9999.99,-9999.99,-9999.99,-9999.99,-9999.99,-9999.99,-9999.99,-9999.99,-9999.99,-9999.99,-9999.99,-9999.99,-9999.99,-9999.99,-9999.99,-9999.99,-9999.99,-9999.99,55.7,0.053,57.56,0.053,-13.25,0.0,1.86,108502.0
50674,108500.0,699875.5,428515.2,44224.873900463,8433.0,230.4,36.69,38.0,-2.5538e-08,-7.9532e-08,2.1175e-08,2.2313e-08,1.3944e-08,1.0123e-08,6.9357e-09,4.3743e-09,2.6096e-09,1.4953e-09,8.4298e-10,4.2982e-10,2.1035e-10,1.0585e-10,4.6345e-11,2.324e-11,-9999.99,-9999.99,-9999.99,-9999.99,-9999.99,-9999.99,-9999.99,-9999.99,-9999.99,-9999.99,-9999.99,7.66e-10,2.39e-09,6.35e-10,6.69e-10,4.18e-10,3.04e-10,2.08e-10,1.31e-10,7.83e-11,4.49e-11,2.54e-11,1.3e-11,6.46e-12,3.27e-12,1.55e-12,7.99e-13,-9999.99,-9999.99,-9999.99,-9999.99,-9999.99,-9999.99,-9999.99,-9999.99,-9999.99,-9999.99,-9999.99,1.2874e-09,6.8801e-10,3.5351e-10,1.755e-10,8.5468e-11,4.1667e-11,2.0681e-11,1.102e-11,6.2105e-12,3.9269e-12,2.6558e-12,1.9085e-12,1.4898e-12,1.1643e-12,9.231e-13,7.2749e-13,4.9211e-13,3.9035e-13,2.3246e-13,1.6968e-13,1.1658e-13,7.3538e-14,3.86e-11,2.06e-11,1.06e-11,5.26e-12,2.56e-12,1.25e-12,6.22e-13,3.32e-13,1.89e-13,1.2e-13,8.23e-14,6.01e-14,4.8e-14,3.84e-14,3.09e-14,2.43e-14,1.74e-14,1.46e-14,1.03e-14,8.42e-15,8.57e-15,7.02e-15,36.685,0.08,38.725,0.08,-13.25,0.0,2.04,108502.0
50782,108500.0,697415.3,429649.6,44224.8754282407,8533.0,239.8,21.57,15.0,-6.9152e-08,-3.9942e-08,8.8889e-08,1.4857e-08,3.7281e-09,1.8485e-09,8.3655e-10,-9999.99,-9999.99,-9999.99,-9999.99,-9999.99,-9999.99,-9999.99,-9999.99,-9999.99,-9999.99,-9999.99,-9999.99,-9999.99,-9999.99,-9999.99,-9999.99,-9999.99,-9999.99,-9999.99,-9999.99,2.07e-09,1.22e-09,2.67e-09,4.46e-10,1.13e-10,5.69e-11,2.62e-11,-9999.99,-9999.99,-9999.99,-9999.99,-9999.99,-9999.99,-9999.99,-9999.99,-9999.99,-9999.99,-9999.99,-9999.99,-9999.99,-9999.99,-9999.99,-9999.99,-9999.99,-9999.99,-9999.99,-9999.99,1.2839e-10,7.5058e-11,4.3421e-11,2.7892e-11,-9999.99,-9999.99,-9999.99,-9999.99,7.4064e-12,6.0205e-12,4.9006e-12,3.6345e-12,-9999.99,-9999.99,-9999.99,-9999.99,-9999.99,-9999.99,-9999.99,-9999.99,-9999.99,-9999.99,3.88e-12,2.34e-12,1.74e-12,8.81e-13,-9999.99,-9999.99,-9999.99,-9999.99,2.39e-13,3.26e-13,3.06e-13,1.7e-13,-9999.99,-9999.99,-9999.99,-9999.99,-9999.99,-9999.99,-9999.99,-9999.99,-9999.99,-9999.99,21.575,0.1375,22.295,0.1375,-13.25,0.0,0.72,108502.0
50890,108600.0,679198.3,436195.1,44224.7959027778,8633.0,278.3,40.01,43.0,-2.3608e-08,-7.9298e-08,1.4827e-08,1.9675e-08,1.2886e-08,9.4357e-09,6.5673e-09,4.2485e-09,2.698e-09,1.6743e-09,1.0284e-09,6.2047e-10,3.6637e-10,2.2272e-10,1.3082e-10,8.0965e-11,4.4737e-11,2.8529e-11,1.8845e-11,1.1836e-11,9.2953e-12,5.9532e-12,5.4094e-12,3.2339e-12,-9999.99,-9999.99,-9999.99,7.08e-10,2.39e-09,4.46e-10,5.9e-10,3.87e-10,2.83e-10,1.97e-10,1.27e-10,8.09e-11,5.04e-11,3.09e-11,1.87e-11,1.11e-11,6.73e-12,3.98e-12,2.48e-12,1.4e-12,9.3e-13,6.67e-13,4.73e-13,6.79e-13,4.07e-13,1.09e-12,2.95e-13,-9999.99,-9999.99,-9999.99,1.5348e-09,9.114e-10,5.4883e-10,3.3333e-10,2.0365e-10,1.2564e-10,7.8889e-11,5.076e-11,3.3509e-11,2.2357e-11,1.5374e-11,1.0459e-11,6.9912e-12,4.4532e-12,2.7307e-12,1.6994e-12,1.0605e-12,6.2953e-13,3.1404e-13,-9999.99,-9999.99,-9999.99,4.6e-11,2.73e-11,1.65e-11,1e-11,6.11e-12,3.77e-12,2.37e-12,1.52e-12,1.01e-12,6.71e-13,4.61e-13,3.14e-13,2.1e-13,1.34e-13,8.27e-14,5.22e-14,3.35e-14,2.13e-14,1.28e-14,-9999.99,-9999.99,-9999.99,40.005,0.074,41.38,0.074,-13.25,0.0,1.38,108601.0
50992,108600.0,681677.9,435163.3,44224.7971643519,8733.0,284.5,34.45,5.0,-3.0322e-08,-9.1784e-08,3.269e-08,3.0058e-08,1.6386e-08,-9999.99,-9999.99,-9999.99,-9999.99,-9999.99,-9999.99,-9999.99,-9999.99,-9999.99,-9999.99,-9999.99,-9999.99,-9999.99,-9999.99,-9999.99,-9999.99,-9999.99,-9999.99,-9999.99,-9999.99,-9999.99,-9999.99,9.13e-10,2.76e-09,9.81e-10,9.02e-10,4.92e-10,-9999.99,-9999.99,-9999.99,-9999.99,-9999.99,-9999.99,-9999.99,-9999.99,-9999.99,-9999.99,-9999.99,-9999.99,-9999.99,-9999.99,-9999.99,-9999.99,-9999.99,-9999.99,-9999.99,-9999.99,-9999.99,-9999.99,-9999.99,-9999.99,-9999.99,-9999.99,-9999.99,-9999.99,-9999.99,-9999.99,-9999.99,-9999.99,-9999.99,-9999.99,-9999.99,-9999.99,-9999.99,-9999.99,-9999.99,-9999.99,-9999.99,-9999.99,-9999.99,-9999.99,-9999.99,-9999.99,-9999.99,-9999.99,-9999.99,-9999.99,-9999.99,-9999.99,-9999.99,-9999.99,-9999.99,-9999.99,-9999.99,-9999.99,-9999.99,-9999.99,-9999.99,-9999.99,-9999.99,-9999.99,-9999.99,-9999.99,34.45,0.086,35.2,0.086,-13.25,0.0,0.75,108601.0
51100,108600.0,684424.1,434010.4,44224.7984953704,8833.0,286.0,32.91,37.0,-3.424e-08,-1.1102e-07,1.9099e-08,2.5281e-08,1.6845e-08,1.3371e-08,9.9006e-09,6.8626e-09,4.5556e-09,2.852e-09,1.7216e-09,9.5117e-10,5.0234e-10,2.617e-10,1.3363e-10,7.731e-11,3.7749e-11,-9999.99,-9999.99,-9999.99,-9999.99,-9999.99,-9999.99,-9999.99,-9999.99,-9999.99,-9999.99,1.03e-09,3.33e-09,5.73e-10,7.58e-10,5.05e-10,4.01e-10,2.97e-10,2.06e-10,1.37e-10,8.56e-11,5.16e-11,2.85e-11,1.51e-11,7.9e-12,4.08e-12,2.35e-12,1.19e-12,-9999.99,-9999.99,-9999.99,-9999.99,-9999.99,-9999.99,-9999.99,-9999.99,-9999.99,-9999.99,2.4754e-09,1.4547e-09,8.1491e-10,4.4035e-10,2.3316e-10,1.2541e-10,6.9444e-11,3.9942e-11,2.4067e-11,1.5073e-11,9.8772e-12,6.7193e-12,4.6667e-12,3.2573e-12,2.1567e-12,1.4184e-12,8.7018e-13,5.155e-13,3.2339e-13,1.8816e-13,-9999.99,-9999.99,7.43e-11,4.36e-11,2.44e-11,1.32e-11,6.99e-12,3.76e-12,2.08e-12,1.2e-12,7.22e-13,4.52e-13,2.96e-13,2.02e-13,1.4e-13,9.8e-14,6.51e-14,4.28e-14,2.66e-14,1.6e-14,1.07e-14,8.13e-15,-9999.99,-9999.99,32.91,0.089,34.48,0.089,-13.25,0.0,1.57,108601.0
51204,108600.0,687201.7,432868.3,44224.7997569444,8933.0,288.5,34.34,23.0,-3.1374e-08,-1.0208e-07,1.812e-08,2.2889e-08,1.4608e-08,1.1901e-08,9.0614e-09,6.2661e-09,4.2105e-09,2.7675e-09,1.6599e-09,1.0044e-09,5.386e-10,-9999.99,-9999.99,-9999.99,-9999.99,-9999.99,-9999.99,-9999.99,-9999.99,-9999.99,-9999.99,-9999.99,-9999.99,-9999.99,-9999.99,9.41e-10,3.06e-09,5.45e-10,6.87e-10,4.38e-10,3.57e-10,2.72e-10,1.88e-10,1.26e-10,8.3e-11,5.01e-11,3.05e-11,1.66e-11,-9999.99,-9999.99,-9999.99,-9999.99,-9999.99,-9999.99,-9999.99,-9999.99,-9999.99,-9999.99,-9999.99,-9999.99,-9999.99,-9999.99,2.4099e-09,1.486e-09,8.7719e-10,4.9942e-10,2.755e-10,1.5003e-10,7.9591e-11,4.6404e-11,2.8667e-11,-9999.99,-9999.99,5.9503e-12,-9999.99,-9999.99,-9999.99,-9999.99,-9999.99,-9999.99,-9999.99,-9999.99,-9999.99,-9999.99,7.23e-11,4.46e-11,2.63e-11,1.5e-11,8.27e-12,4.52e-12,2.42e-12,1.43e-12,9.12e-13,-9999.99,-9999.99,2.31e-13,-9999.99,-9999.99,-9999.99,-9999.99,-9999.99,-9999.99,-9999.99,-9999.99,-9999.99,-9999.99,34.34,0.085,36.055,0.085,-13.25,0.0,1.72,108601.0
51310,108600.0,689904.1,431765.2,44224.8010416667,9033.0,265.0,52.67,42.0,-1.0126e-08,-3.7368e-08,7.6053e-09,9.0117e-09,5.8626e-09,4.3889e-09,3.0789e-09,2.0164e-09,1.2883e-09,8.1491e-10,4.8158e-10,3.0029e-10,1.7047e-10,9.845e-11,5.3216e-11,2.783e-11,1.9254e-11,1.0056e-11,8.3743e-12,5.3421e-12,-9999.99,-9999.99,-9999.99,-9999.99,-9999.99,-9999.99,-9999.99,3.05e-10,1.12e-09,2.29e-10,2.7e-10,1.76e-10,1.32e-10,9.24e-11,6.07e-11,3.88e-11,2.46e-11,1.47e-11,9.1e-12,5.23e-12,3.06e-12,1.82e-12,9.16e-13,7.01e-13,9.47e-13,7.58e-13,1.23e-12,-9999.99,-9999.99,-9999.99,-9999.99,-9999.99,-9999.99,-9999.99,7.2602e-10,4.2895e-10,2.5053e-10,1.4444e-10,8.2398e-11,4.7632e-11,2.7804e-11,1.6617e-11,1.0132e-11,6.8275e-12,4.7368e-12,3.3684e-12,2.5231e-12,1.8553e-12,1.2936e-12,9.5117e-13,6.2924e-13,3.9854e-13,2.4962e-13,1.552e-13,1.0769e-13,5.9152e-14,2.18e-11,1.29e-11,7.52e-12,4.33e-12,2.47e-12,1.43e-12,8.34e-13,4.99e-13,3.05e-13,2.06e-13,1.43e-13,1.01e-13,7.64e-14,5.62e-14,3.95e-14,2.92e-14,1.98e-14,1.3e-14,1.04e-14,2.02e-13,1.22e-14,7.99e-14,52.67,0.056,54.59,0.056,-13.25,0.0,1.92,108601.0
51414,108600.0,696764.6,429173.9,44224.8772569444,9133.0,243.5,34.44,9.0,-2.6781e-08,-6.9591e-08,3.652e-08,2.5807e-08,1.2257e-08,7.5175e-09,4.2076e-09,2.1202e-09,1.0307e-09,-9999.99,-9999.99,-9999.99,-9999.99,-9999.99,-9999.99,-9999.99,-9999.99,-9999.99,-9999.99,-9999.99,-9999.99,-9999.99,-9999.99,-9999.99,-9999.99,-9999.99,-9999.99,8.03e-10,2.09e-09,1.1e-09,7.74e-10,3.68e-10,2.26e-10,1.27e-10,6.38e-11,3.13e-11,-9999.99,-9999.99,-9999.99,-9999.99,-9999.99,-9999.99,-9999.99,-9999.99,-9999.99,-9999.99,-9999.99,-9999.99,-9999.99,-9999.99,-9999.99,-9999.99,-9999.99,-9999.99,-9999.99,-9999.99,-9999.99,-9999.99,-9999.99,-9999.99,-9999.99,-9999.99,-9999.99,-9999.99,-9999.99,-9999.99,-9999.99,-9999.99,-9999.99,-9999.99,-9999.99,-9999.99,-9999.99,-9999.99,-9999.99,-9999.99,-9999.99,-9999.99,-9999.99,-9999.99,-9999.99,-9999.99,-9999.99,-9999.99,-9999.99,-9999.99,-9999.99,-9999.99,-9999.99,-9999.99,-9999.99,-9999.99,-9999.99,-9999.99,-9999.99,-9999.99,-9999.99,-9999.99,34.44,0.086,35.58,0.086,-13.25,0.0,1.14,108602.0
51524,108600.0,699473.2,427797.4,44224.8787615741,9233.0,238.3,29.38,37.0,-4.3567e-08,-1.1561e-07,5.5497e-08,4.2485e-08,2.1322e-08,1.2649e-08,7.038e-09,3.5936e-09,1.695e-09,7.7018e-10,3.4591e-10,1.6418e-10,6.7018e-11,3.2515e-11,1.8567e-11,-9999.99,-9999.99,-9999.99,-9999.99,-9999.99,-9999.99,-9999.99,-9999.99,-9999.99,-9999.99,-9999.99,-9999.99,1.31e-09,3.47e-09,1.66e-09,1.27e-09,6.4e-10,3.79e-10,2.11e-10,1.08e-10,5.08e-11,2.32e-11,1.05e-11,5.06e-12,2.22e-12,1.46e-12,1.21e-12,-9999.99,-9999.99,-9999.99,-9999.99,-9999.99,-9999.99,-9999.99,-9999.99,-9999.99,-9999.99,-9999.99,-9999.99,7.8947e-10,3.2018e-10,1.3213e-10,5.7135e-11,2.5778e-11,1.3173e-11,8.117e-12,5.5526e-12,4.0205e-12,3.0263e-12,2.3827e-12,1.9693e-12,1.5573e-12,1.2667e-12,1.0064e-12,7.4474e-13,5.5994e-13,3.655e-13,2.3047e-13,1.5193e-13,1.0781e-13,6.2807e-14,2.37e-11,9.61e-12,3.96e-12,1.71e-12,7.78e-13,3.97e-13,2.45e-13,1.68e-13,1.22e-13,9.17e-14,7.24e-14,5.95e-14,4.73e-14,3.84e-14,3.07e-14,2.28e-14,1.72e-14,1.15e-14,7.56e-15,5.62e-15,4.81e-15,4.19e-15,29.375,0.1005,30.55,0.1005,-13.25,0.0,1.17,108602.0
51632,108600.0,702419.3,426542.2,44224.8801851852,9333.0,215.7,51.3,41.0,-9.8187e-09,-3.538e-08,7.6901e-09,7.3772e-09,4.3538e-09,3.2749e-09,2.426e-09,1.7944e-09,1.3216e-09,9.1053e-10,6.3392e-10,4.0175e-10,2.557e-10,1.4629e-10,7.9971e-11,4.6082e-11,2.4184e-11,1.664e-11,7.3713e-12,-9999.99,-9999.99,-9999.99,-9999.99,-9999.99,-9999.99,-9999.99,-9999.99,2.95e-10,1.06e-09,2.31e-10,2.22e-10,1.31e-10,9.86e-11,7.3e-11,5.4e-11,3.98e-11,2.74e-11,1.91e-11,1.21e-11,7.75e-12,4.45e-12,2.54e-12,1.47e-12,1e-12,6.79e-13,4.53e-13,-9999.99,-9999.99,-9999.99,-9999.99,-9999.99,-9999.99,-9999.99,-9999.99,7.7544e-10,5.3012e-10,3.4766e-10,2.1754e-10,1.3064e-10,7.576e-11,4.2485e-11,2.3702e-11,1.3053e-11,7.2865e-12,4.4211e-12,2.7956e-12,1.8155e-12,1.1684e-12,7.9942e-13,5.0205e-13,3.9444e-13,2.5161e-13,1.5918e-13,1.1415e-13,7.424e-14,6.4474e-14,2.33e-11,1.59e-11,1.04e-11,6.53e-12,3.92e-12,2.27e-12,1.27e-12,7.11e-13,3.92e-13,2.19e-13,1.34e-13,8.47e-14,5.52e-14,3.63e-14,2.56e-14,1.68e-14,1.33e-14,9.23e-15,7e-15,5.32e-15,1.04e-14,1.41e-14,51.3,0.058,52.975,0.058,-13.25,0.0,1.67,108602.0
51738,108700.0,704460.8,424909.7,44224.8825347222,9433.0,209.9,42.8,31.0,-1.3348e-08,-3.5234e-08,2.1883e-08,1.3991e-08,6.348e-09,3.3713e-09,1.5909e-09,6.3743e-10,1.7675e-10,-9999.99,-9999.99,-9999.99,-9999.99,-9999.99,-9999.99,-9999.99,-9999.99,-9999.99,-9999.99,-9999.99,-9999.99,-9999.99,-9999.99,-9999.99,-9999.99,-9999.99,-9999.99,4e-10,1.06e-09,6.56e-10,4.2e-10,1.9e-10,1.02e-10,4.82e-11,1.96e-11,7.23e-12,-9999.99,-9999.99,-9999.99,-9999.99,-9999.99,-9999.99,-9999.99,-9999.99,-9999.99,-9999.99,-9999.99,-9999.99,-9999.99,-9999.99,-9999.99,-9999.99,-9999.99,-9999.99,1.2287e-10,4.4444e-11,2.2003e-11,1.3904e-11,8.4269e-12,5.2807e-12,4.4591e-12,3.7807e-12,2.5693e-12,2.0193e-12,1.5708e-12,1.2772e-12,1e-12,7.9415e-13,6.4094e-13,4.9854e-13,4.5673e-13,2.7246e-13,1.5509e-13,9.5351e-14,5.4415e-14,4.538e-14,3.69e-12,1.33e-12,6.62e-13,4.27e-13,2.56e-13,1.64e-13,1.36e-13,1.14e-13,7.86e-14,6.46e-14,5.06e-14,4.16e-14,3.53e-14,2.84e-14,2.33e-14,1.82e-14,1.9e-14,1.34e-14,1.1e-14,1.38e-14,5.08e-15,5.4e-15,42.805,0.0705,44.275,0.0705,-13.25,0.0,1.47,108701.0
51844,108700.0,701797.6,425986.1,44224.8839699074,9533.0,220.4,38.29,38.0,-1.4772e-08,-4.7544e-08,1.1792e-08,1.0547e-08,6.0731e-09,4.4708e-09,3.117e-09,2.2871e-09,1.6468e-09,1.1857e-09,7.962e-10,5.3421e-10,3.386e-10,2.012e-10,1.1629e-10,6.5585e-11,3.4444e-11,1.4415e-11,-9999.99,-9999.99,-9999.99,-9999.99,-9999.99,-9999.99,-9999.99,-9999.99,-9999.99,4.45e-10,1.43e-09,3.54e-10,3.16e-10,1.82e-10,1.35e-10,9.35e-11,6.88e-11,4.96e-11,3.57e-11,2.4e-11,1.61e-11,1.02e-11,6.1e-12,3.54e-12,2e-12,1.08e-12,5.42e-13,-9999.99,-9999.99,-9999.99,-9999.99,-9999.99,-9999.99,-9999.99,-9999.99,-9999.99,9.848e-10,6.7953e-10,4.5439e-10,2.9067e-10,1.7889e-10,1.0588e-10,6.0614e-11,3.3626e-11,1.7757e-11,9.3626e-12,4.9094e-12,2.8249e-12,1.7149e-12,1.15e-12,7.9561e-13,5.0439e-13,3.5175e-13,2.1228e-13,1.3465e-13,1.0649e-13,-9999.99,-9999.99,2.95e-11,2.04e-11,1.36e-11,8.72e-12,5.37e-12,3.18e-12,1.82e-12,1.01e-12,5.33e-13,2.81e-13,1.47e-13,8.5e-14,5.2e-14,3.51e-14,2.43e-14,1.59e-14,1.13e-14,7.64e-15,6.15e-15,1.42e-14,-9999.99,-9999.99,38.29,0.0765,40.155,0.0765,-13.25,0.0,1.87,108701.0
51948,108700.0,699608.5,426877.2,44224.8851967593,9633.0,229.4,47.31,37.0,-1.1947e-08,-4.348e-08,7.8246e-09,1.0056e-08,6.8947e-09,5.3655e-09,3.9766e-09,2.7058e-09,1.7728e-09,1.0827e-09,6.2661e-10,3.4006e-10,1.6222e-10,7.386e-11,3.386e-11,-9999.99,-9999.99,-9999.99,-9999.99,-9999.99,-9999.99,-9999.99,-9999.99,-9999.99,-9999.99,-9999.99,-9999.99,3.6e-10,1.31e-09,2.36e-10,3.02e-10,2.07e-10,1.61e-10,1.19e-10,8.12e-11,5.32e-11,3.26e-11,1.89e-11,1.03e-11,5.13e-12,2.48e-12,1.26e-12,-9999.99,-9999.99,-9999.99,-9999.99,-9999.99,-9999.99,-9999.99,-9999.99,-9999.99,-9999.99,-9999.99,-9999.99,8.883e-10,5.0994e-10,2.7342e-10,1.3801e-10,6.6404e-11,3.1257e-11,1.502e-11,7.9708e-12,4.6608e-12,3.231e-12,2.4228e-12,1.7798e-12,1.3424e-12,9.9444e-13,7.0468e-13,4.8246e-13,3.345e-13,2.3012e-13,1.5067e-13,1.0424e-13,6.538e-14,4.8977e-14,2.66e-11,1.53e-11,8.2e-12,4.14e-12,1.99e-12,9.38e-13,4.52e-13,2.4e-13,1.4e-13,9.82e-14,7.32e-14,5.43e-14,4.09e-14,3.05e-14,2.19e-14,1.57e-14,1.14e-14,8.15e-15,6.03e-15,5.73e-15,5.77e-15,6.91e-15,47.31,0.062,49.855,0.062,-13.25,0.0,2.55,108701.0
52050,108700.0,697192.5,427897.4,44224.8864930556,9733.0,225.6,52.73,31.0,-8.117e-09,-2.9532e-08,9.8655e-09,9.6608e-09,5.5088e-09,3.6316e-09,2.1254e-09,1.1386e-09,6.0702e-10,3.2135e-10,1.6357e-10,5.9971e-11,-9999.99,-9999.99,-9999.99,-9999.99,-9999.99,-9999.99,-9999.99,-9999.99,-9999.99,-9999.99,-9999.99,-9999.99,-9999.99,-9999.99,-9999.99,2.44e-10,8.89e-10,2.96e-10,2.9e-10,1.66e-10,1.1e-10,6.4e-11,3.43e-11,1.84e-11,9.96e-12,5.15e-12,2.19e-12,-9999.99,-9999.99,-9999.99,-9999.99,-9999.99,-9999.99,-9999.99,-9999.99,-9999.99,-9999.99,-9999.99,-9999.99,-9999.99,-9999.99,-9999.99,2.9187e-10,1.2886e-10,5.6988e-11,2.7579e-11,1.4857e-11,9.1287e-12,6.6433e-12,4.9094e-12,3.7456e-12,2.7509e-12,2.3161e-12,1.8573e-12,1.4825e-12,1.1792e-12,8.9094e-13,6.6345e-13,4.9649e-13,3.2251e-13,2.5787e-13,-9999.99,-9999.99,-9999.99,8.76e-12,3.87e-12,1.72e-12,8.3e-13,4.52e-13,2.78e-13,2.03e-13,1.49e-13,1.13e-13,8.42e-14,7.13e-14,5.74e-14,4.55e-14,3.67e-14,2.8e-14,2.1e-14,1.69e-14,1.09e-14,1.08e-14,-9999.99,-9999.99,-9999.99,52.725,0.056,54.76,0.056,-13.25,0.0,2.04,108701.0
52154,108700.0,678335.0,435658.4,44224.9096990741,9833.0,284.3,30.45,38.0,-4.1462e-08,-1.2944e-07,3.5146e-08,3.8713e-08,2.2754e-08,1.5219e-08,9.6462e-09,5.7427e-09,3.3333e-09,2.0032e-09,1.1909e-09,7.2281e-10,4.2485e-10,2.4175e-10,1.4518e-10,9.0088e-11,5.617e-11,4.0292e-11,2.7094e-11,1.5401e-11,-9999.99,-9999.99,-9999.99,-9999.99,-9999.99,-9999.99,-9999.99,1.24e-09,3.88e-09,1.05e-09,1.16e-09,6.83e-10,4.57e-10,2.89e-10,1.72e-10,1e-10,6.01e-11,3.57e-11,2.18e-11,1.28e-11,7.33e-12,4.46e-12,2.75e-12,1.8e-12,1.3e-12,9.62e-13,6.64e-13,-9999.99,-9999.99,-9999.99,-9999.99,-9999.99,-9999.99,-9999.99,1.8085e-09,1.038e-09,6.1871e-10,3.769e-10,2.333e-10,1.4529e-10,9.4357e-11,6.0497e-11,4.0643e-11,2.8518e-11,1.8731e-11,1.2778e-11,8.9678e-12,5.8041e-12,3.5906e-12,2.2178e-12,1.3365e-12,7.7924e-13,-9999.99,-9999.99,-9999.99,-9999.99,5.43e-11,3.11e-11,1.86e-11,1.13e-11,7e-12,4.36e-12,2.83e-12,1.81e-12,1.22e-12,8.56e-13,5.64e-13,3.85e-13,2.7e-13,1.76e-13,1.08e-13,6.79e-14,4.28e-14,3.02e-14,-9999.99,-9999.99,-9999.99,-9999.99,30.455,0.097,31.655,0.097,-13.25,0.0,1.2,108702.0
52256,108700.0,680670.6,434690.8,44224.9108796296,9933.0,285.5,29.99,38.0,-3.9532e-08,-9.8304e-08,5.6257e-08,3.6287e-08,1.5158e-08,8.2632e-09,4.4766e-09,2.3599e-09,1.2857e-09,7.5146e-10,4.7135e-10,2.9678e-10,1.8427e-10,1.155e-10,7.269e-11,4.2105e-11,3.5322e-11,2.2927e-11,1.6705e-11,1.0681e-11,-9999.99,-9999.99,-9999.99,-9999.99,-9999.99,-9999.99,-9999.99,1.19e-09,2.96e-09,1.69e-09,1.09e-09,4.55e-10,2.48e-10,1.34e-10,7.08e-11,3.87e-11,2.27e-11,1.43e-11,9.11e-12,5.69e-12,3.71e-12,2.68e-12,1.55e-12,1.52e-12,1.24e-12,1.07e-12,2.97e-12,-9999.99,-9999.99,-9999.99,-9999.99,-9999.99,-9999.99,-9999.99,7.2281e-10,4.1257e-10,2.5178e-10,1.5956e-10,1.0199e-10,6.7427e-11,4.5292e-11,3.1053e-11,2.2079e-11,1.5722e-11,1.1099e-11,7.7281e-12,5.2924e-12,3.4737e-12,2.2137e-12,1.4904e-12,1.0775e-12,5.5994e-13,-9999.99,-9999.99,-9999.99,-9999.99,2.17e-11,1.24e-11,7.55e-12,4.79e-12,3.06e-12,2.02e-12,1.36e-12,9.32e-13,6.65e-13,4.73e-13,3.35e-13,2.37e-13,1.62e-13,1.11e-13,7.7e-14,6.36e-14,6.32e-14,5.36e-14,-9999.99,-9999.99,-9999.99,-9999.99,29.99,0.097,31.64,0.097,-13.25,0.0,1.65,108702.0
52362,108700.0,683437.1,433487.0,44224.9122569444,10033.0,286.8,34.48,19.0,-3.1082e-08,-1.0421e-07,2.1406e-08,2.7746e-08,1.7857e-08,1.3056e-08,8.924e-09,5.6287e-09,3.3772e-09,2.0684e-09,1.1664e-09,6.4415e-10,3.2427e-10,2.0383e-10,-9999.99,-9999.99,-9999.99,-9999.99,-9999.99,-9999.99,-9999.99,-9999.99,-9999.99,-9999.99,-9999.99,-9999.99,-9999.99,9.36e-10,3.14e-09,6.44e-10,8.32e-10,5.36e-10,3.92e-10,2.68e-10,1.69e-10,1.01e-10,6.23e-11,3.52e-11,1.96e-11,1.03e-11,6.85e-12,-9999.99,-9999.99,-9999.99,-9999.99,-9999.99,-9999.99,-9999.99,-9999.99,-9999.99,-9999.99,-9999.99,-9999.99,-9999.99,1.7599e-09,9.8363e-10,5.5e-10,3.0994e-10,1.8792e-10,-9999.99,-9999.99,-9999.99,-9999.99,-9999.99,-9999.99,-9999.99,-9999.99,-9999.99,-9999.99,-9999.99,-9999.99,-9999.99,-9999.99,-9999.99,-9999.99,-9999.99,5.28e-11,2.95e-11,1.65e-11,9.3e-12,5.64e-12,-9999.99,-9999.99,-9999.99,-9999.99,-9999.99,-9999.99,-9999.99,-9999.99,-9999.99,-9999.99,-9999.99,-9999.99,-9999.99,-9999.99,-9999.99,-9999.99,-9999.99,34.475,0.0855,35.86,0.0855,-13.25,0.0,1.38,108702.0
52466,108700.0,685829.5,432286.4,44224.9135069444,10133.0,285.9,38.95,42.0,-2.5035e-08,-8.3509e-08,1.238e-08,1.7673e-08,1.1909e-08,9.5117e-09,7.1988e-09,5.155e-09,3.5117e-09,2.2971e-09,1.4307e-09,8.4737e-10,4.8304e-10,2.6494e-10,1.4132e-10,7.2632e-11,3.5965e-11,2.0132e-11,1.1895e-11,6.0731e-12,-9999.99,-9999.99,-9999.99,-9999.99,-9999.99,-9999.99,-9999.99,7.51e-10,2.51e-09,3.71e-10,5.3e-10,3.57e-10,2.85e-10,2.16e-10,1.55e-10,1.05e-10,6.89e-11,4.29e-11,2.55e-11,1.45e-11,7.97e-12,4.3e-12,2.21e-12,1.12e-12,6.7e-13,4.41e-13,4.13e-13,-9999.99,-9999.99,-9999.99,-9999.99,-9999.99,-9999.99,-9999.99,1.9114e-09,1.1927e-09,7.1404e-10,4.117e-10,2.3099e-10,1.2822e-10,7.0292e-11,3.9035e-11,2.2126e-11,1.2956e-11,8.0673e-12,5.462e-12,3.652e-12,2.5421e-12,1.7102e-12,1.1108e-12,7.345e-13,4.2749e-13,2.6971e-13,1.5023e-13,1.1646e-13,7.0702e-14,5.73e-11,3.58e-11,2.14e-11,1.24e-11,6.93e-12,3.85e-12,2.11e-12,1.17e-12,6.64e-13,3.89e-13,2.43e-13,1.64e-13,1.1e-13,7.68e-14,5.18e-14,3.41e-14,2.42e-14,1.62e-14,1.27e-14,9.93e-15,1.41e-14,6.14e-14,38.95,0.075,41.24,0.075,-13.25,0.0,2.29,108702.0
52574,108700.0,689198.0,431161.4,44224.9150925926,10233.0,265.9,40.0,27.0,-1.4547e-08,-5.3801e-08,7.1404e-09,1.1193e-08,7.6199e-09,6.0731e-09,4.5409e-09,3.231e-09,2.2076e-09,1.4596e-09,9e-10,5.2749e-10,2.8135e-10,1.6652e-10,9.1287e-11,5.0409e-11,2.9357e-11,1.5857e-11,1.1298e-11,8.3158e-12,-9999.99,-9999.99,-9999.99,-9999.99,-9999.99,-9999.99,-9999.99,4.36e-10,1.61e-09,2.15e-10,3.36e-10,2.29e-10,1.82e-10,1.36e-10,9.69e-11,6.62e-11,4.39e-11,2.7e-11,1.59e-11,8.58e-12,5.15e-12,2.91e-12,1.65e-12,1.03e-12,6.96e-13,4.77e-13,3.63e-13,-9999.99,-9999.99,-9999.99,-9999.99,-9999.99,-9999.99,-9999.99,1.2026e-09,7.4357e-10,4.4035e-10,2.5327e-10,1.4412e-10,8.2398e-11,5.1316e-11,-9999.99,-9999.99,-9999.99,-9999.99,-9999.99,-9999.99,-9999.99,-9999.99,-9999.99,-9999.99,-9999.99,-9999.99,-9999.99,-9999.99,-9999.99,3.61e-11,2.23e-11,1.32e-11,7.6e-12,4.32e-12,2.47e-12,1.54e-12,-9999.99,-9999.99,-9999.99,-9999.99,-9999.99,-9999.99,-9999.99,-9999.99,-9999.99,-9999.99,-9999.99,-9999.99,-9999.99,-9999.99,-9999.99,40.0,0.073,41.8,0.0735,-13.25,0.0,1.8,108702.0
