pINDEX,sLINE_NO,E_N83WTM,N_N83WTM,TIMESTAMP,RECORD,ELEVATION,ALT,INVALT,INVALTSTD,DELTAALT,NUMDATA,RESDATA,RESTOTAL,RHO_I[0],RHO_I[1],RHO_I[2],RHO_I[3],RHO_I[4],RHO_I[5],RHO_I[6],RHO_I[7],RHO_I[8],RHO_I[9],RHO_I[10],RHO_I[11],RHO_I[12],RHO_I[13],RHO_I[14],RHO_I[15],RHO_I[16],RHO_I[17],RHO_I[18],RHO_I[19],RHO_I[20],RHO_I[21],RHO_I[22],RHO_I[23],RHO_I[24],RHO_I[25],RHO_I[26],RHO_I[27],RHO_I[28],RHO_I[29],RHO_I[30],RHO_I[31],RHO_I[32],RHO_I[33],RHO_I[34],RHO_I[35],RHO_I[36],RHO_I[37],RHO_I[38],RHO_I[39],RHO_I_STD[0],RHO_I_STD[1],RHO_I_STD[2],RHO_I_STD[3],RHO_I_STD[4],RHO_I_STD[5],RHO_I_STD[6],RHO_I_STD[7],RHO_I_STD[8],RHO_I_STD[9],RHO_I_STD[10],RHO_I_STD[11],RHO_I_STD[12],RHO_I_STD[13],RHO_I_STD[14],RHO_I_STD[15],RHO_I_STD[16],RHO_I_STD[17],RHO_I_STD[18],RHO_I_STD[19],RHO_I_STD[20],RHO_I_STD[21],RHO_I_STD[22],RHO_I_STD[23],RHO_I_STD[24],RHO_I_STD[25],RHO_I_STD[26],RHO_I_STD[27],RHO_I_STD[28],RHO_I_STD[29],RHO_I_STD[30],RHO_I_STD[31],RHO_I_STD[32],RHO_I_STD[33],RHO_I_STD[34],RHO_I_STD[35],RHO_I_STD[36],RHO_I_STD[37],RHO_I_STD[38],RHO_I_STD[39],DEP_TOP[0],DEP_TOP[1],DEP_TOP[2],DEP_TOP[3],DEP_TOP[4],DEP_TOP[5],DEP_TOP[6],DEP_TOP[7],DEP_TOP[8],DEP_TOP[9],DEP_TOP[10],DEP_TOP[11],DEP_TOP[12],DEP_TOP[13],DEP_TOP[14],DEP_TOP[15],DEP_TOP[16],DEP_TOP[17],DEP_TOP[18],DEP_TOP[19],DEP_TOP[20],DEP_TOP[21],DEP_TOP[22],DEP_TOP[23],DEP_TOP[24],DEP_TOP[25],DEP_TOP[26],DEP_TOP[27],DEP_TOP[28],DEP_TOP[29],DEP_TOP[30],DEP_TOP[31],DEP_TOP[32],DEP_TOP[33],DEP_TOP[34],DEP_TOP[35],DEP_TOP[36],DEP_TOP[37],DEP_TOP[38],DEP_TOP[39],DEP_BOT[0],DEP_BOT[1],DEP_BOT[2],DEP_BOT[3],DEP_BOT[4],DEP_BOT[5],DEP_BOT[6],DEP_BOT[7],DEP_BOT[8],DEP_BOT[9],DEP_BOT[10],DEP_BOT[11],DEP_BOT[12],DEP_BOT[13],DEP_BOT[14],DEP_BOT[15],DEP_BOT[16],DEP_BOT[17],DEP_BOT[18],DEP_BOT[19],DEP_BOT[20],DEP_BOT[21],DEP_BOT[22],DEP_BOT[23],DEP_BOT[24],DEP_BOT[25],DEP_BOT[26],DEP_BOT[27],DEP_BOT[28],DEP_BOT[29],DEP_BOT[30],DEP_BOT[31],DEP_BOT[32],DEP_BOT[33],DEP_BOT[34],DEP_BOT[35],DEP_BOT[36],DEP_BOT[37],DEP_BOT[38],DEP_BOT[39],DOI_CONSERVATIVE,DOI_STANDARD,LINE_NO
0,100100,724288.6,491578.8,44216.71856,19,177.1,98.63,96.5,0.01,-2.13,27,2.701,1.208,270.3,255.3,225.6,220.6,220.4,220.4,226.4,282.1,369.5,388.8,485.8,648.6,688.6,689.2,689.3,688.8,683.7,679.4,610.3,449.5,404.6,261,213.2,162.2,144.5,126,105.9,64.24,49.97,26.81,26.69,24.28,13.93,11.9,12.49,30.38,63.52,96.28,133.6,376,3.78,2.32,1.88,1.99,2.23,2.34,2.34,2.36,2.46,2.6,2.85,3.11,3.25,3.26,3.15,2.98,2.78,2.59,2.38,2.15,1.96,1.68,1.47,1.29,1.26,1.28,1.28,1.14,1.12,0.8,0.96,1.27,1.22,0.85,0.81,1.36,2.18,3.43,5.39,8.25,0,0.75,1.57,2.47,3.46,4.55,5.74,7.04,8.47,10.04,11.76,13.64,15.71,17.98,20.46,23.19,26.18,29.45,33.05,36.99,41.31,46.05,51.25,56.94,63.19,70.04,77.55,85.79,94.83,104.73,115.59,127.5,140.56,154.88,170.58,187.8,206.68,227.39,250.1,275,0.75,1.57,2.47,3.46,4.55,5.74,7.04,8.47,10.04,11.76,13.64,15.71,17.98,20.46,23.19,26.18,29.45,33.05,36.99,41.31,46.05,51.25,56.94,63.19,70.04,77.55,85.79,94.83,104.73,115.59,127.5,140.56,154.88,170.58,187.8,206.68,227.39,250.1,275,412.5,168.696,186.776,100101
40,100100,723430.1,491858.5,44216.71902,59,214.6,60.05,62.68,0.0164,2.63,28,1.581,1.208,1166,1166,1166,1166,1168,1173,1181,1188,1197,1226,1279,1341,1424,1539,1595,1661,1798,1965,2061,2104,2135,2150,2154,2155,2055,1671,1079,497,88.8,44.94,44.96,41.43,27.18,14.34,8.31,8.31,16.49,35.76,67.56,105.3,5.36,3.42,2.56,2.35,2.51,2.81,3.07,3.21,3.2,3.08,2.93,2.8,2.73,2.73,2.77,2.83,2.9,2.94,2.9,2.81,2.68,2.55,2.47,2.43,2.42,2.33,2.09,1.58,0.69,0.54,0.69,0.79,0.84,0.86,0.74,0.57,1.01,1.53,2.48,3.95,0,0.75,1.57,2.47,3.46,4.55,5.74,7.04,8.47,10.04,11.76,13.64,15.71,17.98,20.46,23.19,26.18,29.45,33.05,36.99,41.31,46.05,51.25,56.94,63.19,70.04,77.55,85.79,94.83,104.73,115.59,127.5,140.56,154.88,170.58,187.8,206.68,227.39,250.1,275,0.75,1.57,2.47,3.46,4.55,5.74,7.04,8.47,10.04,11.76,13.64,15.71,17.98,20.46,23.19,26.18,29.45,33.05,36.99,41.31,46.05,51.25,56.94,63.19,70.04,77.55,85.79,94.83,104.73,115.59,127.5,140.56,154.88,170.58,187.8,206.68,227.39,250.1,275,412.5,205.992,224.274,100101
82,100100,721765.4,492462.5,44216.7199,99,178.6,53.02,59.8,0.0177,6.78,29,1.953,1.208,267.4,267,341.7,463.5,601.1,723.2,860.5,1019,1113,1241,1339,1368,1386,1389,1389,1389,1323,1149,844.7,560.1,304.7,111.1,26.18,30.91,45.05,66.59,66.81,65.9,56.45,27.72,11.65,11.65,11.68,16.99,22.74,23.21,23.26,23.36,28.03,30.33,2.58,1.59,1.75,2.31,2.88,3.27,3.49,3.54,3.49,3.39,3.28,3.2,3.14,3.13,3.13,3.11,3,2.77,2.41,1.98,1.58,1.19,0.43,0.67,0.87,1.16,1.18,1.23,1.33,1.12,0.7,0.81,0.82,1.12,1.33,1.3,1.24,1.45,2.35,4.16,0,0.75,1.57,2.47,3.46,4.55,5.74,7.04,8.47,10.04,11.76,13.64,15.71,17.98,20.46,23.19,26.18,29.45,33.05,36.99,41.31,46.05,51.25,56.94,63.19,70.04,77.55,85.79,94.83,104.73,115.59,127.5,140.56,154.88,170.58,187.8,206.68,227.39,250.1,275,0.75,1.57,2.47,3.46,4.55,5.74,7.04,8.47,10.04,11.76,13.64,15.71,17.98,20.46,23.19,26.18,29.45,33.05,36.99,41.31,46.05,51.25,56.94,63.19,70.04,77.55,85.79,94.83,104.73,115.59,127.5,140.56,154.88,170.58,187.8,206.68,227.39,250.1,275,412.5,178.94,226.907,100101
130,100200,722650.4,491467.2,44216.72151,139,211.8,52.27,54.38,0.028,2.11,24,2.01,1.208,823.1,823.3,832.6,867.7,875.6,901.4,977.6,1083,1208,1326,1475,1591,1800,2043,2182,2261,2344,2505,2604,2675,2681,2682,2682,2623,2269,1584,751.8,176,50.51,55.06,60.99,60.81,53.79,20.97,15.28,15.32,39.52,79.22,107.4,125.4,5.16,3.28,2.44,2.22,2.35,2.74,3.11,3.22,3.14,3,2.9,2.88,2.95,3.08,3.18,3.24,3.24,3.2,3.11,3,2.9,2.84,2.81,2.78,2.65,2.36,1.86,1.18,0.59,0.61,0.78,0.99,1.65,1.77,0.98,0.7,1.45,2.43,3.79,5.73,0,0.75,1.57,2.47,3.46,4.55,5.74,7.04,8.47,10.04,11.76,13.64,15.71,17.98,20.46,23.19,26.18,29.45,33.05,36.99,41.31,46.05,51.25,56.94,63.19,70.04,77.55,85.79,94.83,104.73,115.59,127.5,140.56,154.88,170.58,187.8,206.68,227.39,250.1,275,0.75,1.57,2.47,3.46,4.55,5.74,7.04,8.47,10.04,11.76,13.64,15.71,17.98,20.46,23.19,26.18,29.45,33.05,36.99,41.31,46.05,51.25,56.94,63.19,70.04,77.55,85.79,94.83,104.73,115.59,127.5,140.56,154.88,170.58,187.8,206.68,227.39,250.1,275,412.5,181.861,201.013,100201
172,100200,723890.1,490973.6,44216.72212,179,210.5,53.4,56.65,0.0183,3.25,27,2.064,1.208,930.5,907.5,906.4,906.1,906.1,940.4,1025,1119,1229,1348,1462,1567,1663,1736,1773,1786,1811,1901,1938,1942,1943,1944,1931,1913,1504,1195,966.3,505.1,131.7,38.52,48.05,59.72,52.39,13.68,13.58,13.65,19.56,32.77,43.23,43.12,4.93,3.13,2.38,2.24,2.42,2.74,3.05,3.29,3.42,3.4,3.25,2.98,2.82,2.78,2.8,2.84,2.87,2.86,2.79,2.68,2.55,2.43,2.33,2.23,2.08,1.97,1.82,1.44,0.86,0.39,0.66,0.85,1.12,0.53,0.67,0.71,0.85,1.14,1.54,2.33,0,0.75,1.57,2.47,3.46,4.55,5.74,7.04,8.47,10.04,11.76,13.64,15.71,17.98,20.46,23.19,26.18,29.45,33.05,36.99,41.31,46.05,51.25,56.94,63.19,70.04,77.55,85.79,94.83,104.73,115.59,127.5,140.56,154.88,170.58,187.8,206.68,227.39,250.1,275,0.75,1.57,2.47,3.46,4.55,5.74,7.04,8.47,10.04,11.76,13.64,15.71,17.98,20.46,23.19,26.18,29.45,33.05,36.99,41.31,46.05,51.25,56.94,63.19,70.04,77.55,85.79,94.83,104.73,115.59,127.5,140.56,154.88,170.58,187.8,206.68,227.39,250.1,275,412.5,212.627,244.085,100201
212,100200,724785.6,490590.8,44216.72259,219,199.3,49.59,55.08,0.0224,5.49,18,3.482,1.208,1869,1871,1870,1868,1864,1836,1830,1801,1734,1724,1722,1725,1837,1973,2127,2236,2327,2344,2490,2625,2692,2734,2954,2968,2969,2801,2177,1363,618,100.1,99.01,89.13,81.69,67.79,70.71,70.69,72.96,101.8,135.9,150.6,6.4,4.19,3.08,2.66,2.67,2.89,3.15,3.33,3.38,3.29,3.13,2.97,2.87,2.84,2.86,2.89,2.9,2.88,2.85,2.82,2.77,2.73,2.71,2.67,2.61,2.53,2.37,2.06,1.35,0.62,0.82,0.8,0.86,0.98,1.15,1.05,0.98,1.49,2.67,4.86,0,0.75,1.57,2.47,3.46,4.55,5.74,7.04,8.47,10.04,11.76,13.64,15.71,17.98,20.46,23.19,26.18,29.45,33.05,36.99,41.31,46.05,51.25,56.94,63.19,70.04,77.55,85.79,94.83,104.73,115.59,127.5,140.56,154.88,170.58,187.8,206.68,227.39,250.1,275,0.75,1.57,2.47,3.46,4.55,5.74,7.04,8.47,10.04,11.76,13.64,15.71,17.98,20.46,23.19,26.18,29.45,33.05,36.99,41.31,46.05,51.25,56.94,63.19,70.04,77.55,85.79,94.83,104.73,115.59,127.5,140.56,154.88,170.58,187.8,206.68,227.39,250.1,275,412.5,181.189,216.051,100201
256,100300,724739.5,489670.3,44216.72383,259,202.9,43.1,52.46,0.0287,9.36,23,1.722,1.208,1585,1586,1585,1582,1574,1560,1504,1495,1486,1539,1577,1642,1734,1793,1856,1900,1914,1927,1972,2072,2166,2249,2303,2313,2315,2214,1836,1180,443.2,93.48,58.58,51.43,51.6,51.6,39.89,15.98,14.05,21.5,65.81,158.9,5.98,3.89,2.89,2.56,2.62,2.85,3.09,3.24,3.26,3.18,3.05,2.94,2.86,2.82,2.81,2.79,2.75,2.7,2.65,2.61,2.57,2.53,2.48,2.43,2.39,2.34,2.22,1.95,1.43,0.66,0.61,0.64,0.75,0.97,1.42,1.13,0.62,0.88,1.82,3.22,0,0.75,1.57,2.47,3.46,4.55,5.74,7.04,8.47,10.04,11.76,13.64,15.71,17.98,20.46,23.19,26.18,29.45,33.05,36.99,41.31,46.05,51.25,56.94,63.19,70.04,77.55,85.79,94.83,104.73,115.59,127.5,140.56,154.88,170.58,187.8,206.68,227.39,250.1,275,0.75,1.57,2.47,3.46,4.55,5.74,7.04,8.47,10.04,11.76,13.64,15.71,17.98,20.46,23.19,26.18,29.45,33.05,36.99,41.31,46.05,51.25,56.94,63.19,70.04,77.55,85.79,94.83,104.73,115.59,127.5,140.56,154.88,170.58,187.8,206.68,227.39,250.1,275,412.5,213.845,234.604,100301
298,100300,723302.4,490198.4,44216.72454,299,213.3,53.89,55.22,0.0178,1.33,8,4.974,1.208,459.3,458.4,456.4,454.4,453.6,453.5,484.5,556.4,666.7,783.7,910.1,1072,1268,1482,1724,1923,2013,2082,2087,2089,2089,2088,2034,1713,1260,720.2,241.4,53.72,53.74,133.8,228,272.2,294.4,306.2,310.8,311.5,311.9,312.1,312.2,312.3,3.55,2.21,1.9,2.07,2.34,2.51,2.54,2.52,2.53,2.61,2.77,3,3.25,3.46,3.59,3.61,3.52,3.38,3.22,3.1,3.08,3.14,3.24,3.3,3.22,2.9,2.21,1.11,0.7,1.44,2.72,4.72,7.7,98,98,98,98,98,98,98,0,0.75,1.57,2.47,3.46,4.55,5.74,7.04,8.47,10.04,11.76,13.64,15.71,17.98,20.46,23.19,26.18,29.45,33.05,36.99,41.31,46.05,51.25,56.94,63.19,70.04,77.55,85.79,94.83,104.73,115.59,127.5,140.56,154.88,170.58,187.8,206.68,227.39,250.1,275,0.75,1.57,2.47,3.46,4.55,5.74,7.04,8.47,10.04,11.76,13.64,15.71,17.98,20.46,23.19,26.18,29.45,33.05,36.99,41.31,46.05,51.25,56.94,63.19,70.04,77.55,85.79,94.83,104.73,115.59,127.5,140.56,154.88,170.58,187.8,206.68,227.39,250.1,275,412.5,51.756,96.379,100301
342,100300,721715.5,490852.8,44216.72533,339,202.1,46.49,45.04,0.0202,-1.45,27,2.071,1.208,81.25,81.14,60.9,31.92,22.15,21.9,22.03,23.47,25.29,32.5,44.47,66.65,90.51,118.6,150.6,185.5,220.2,252,276.8,289.4,292.2,292.3,292.3,292.1,288.2,274,229.5,172.3,116.4,69.89,44.4,22.5,18.66,19.6,24.95,42.55,56.38,71.06,80.86,103,2.82,2.05,1.91,1.59,1.19,1.14,1.29,1.37,1.35,1.45,1.69,1.98,2.22,2.44,2.63,2.81,2.95,3.04,3.07,3.05,2.99,2.93,2.89,2.87,2.86,2.81,2.7,2.53,2.36,2.19,1.97,1.46,1.1,1.06,1.72,3.55,6.54,98,98,98,0,0.75,1.57,2.47,3.46,4.55,5.74,7.04,8.47,10.04,11.76,13.64,15.71,17.98,20.46,23.19,26.18,29.45,33.05,36.99,41.31,46.05,51.25,56.94,63.19,70.04,77.55,85.79,94.83,104.73,115.59,127.5,140.56,154.88,170.58,187.8,206.68,227.39,250.1,275,0.75,1.57,2.47,3.46,4.55,5.74,7.04,8.47,10.04,11.76,13.64,15.71,17.98,20.46,23.19,26.18,29.45,33.05,36.99,41.31,46.05,51.25,56.94,63.19,70.04,77.55,85.79,94.83,104.73,115.59,127.5,140.56,154.88,170.58,187.8,206.68,227.39,250.1,275,412.5,118.389,154.913,100301
388,100300,720285.6,491391.6,44216.72608,379,179.8,37.39,40.13,0.0261,2.74,27,5.614,1.208,90.01,124.3,153.4,219.8,399.3,517.9,630.6,749.6,886,1048,1191,1390,1556,1616,1616,1614,1610,1605,1464,1164,943.2,746.4,494.2,90.89,8.79,118.6,198.7,200.2,178.9,47.3,7.85,7.94,21.08,27.28,29.85,37.11,45.44,53.92,61.96,61.95,1.67,1.39,1.75,2.22,2.69,3.04,3.31,3.57,3.84,4.09,4.29,4.4,4.38,4.23,3.98,3.69,3.41,3.19,3.03,2.94,2.91,2.83,2.47,1.6,0.13,1.82,2.35,2.32,2.02,1.36,0.51,0.58,1.2,1.33,1.29,1.39,1.7,2.34,3.58,5.7,0,0.75,1.57,2.47,3.46,4.55,5.74,7.04,8.47,10.04,11.76,13.64,15.71,17.98,20.46,23.19,26.18,29.45,33.05,36.99,41.31,46.05,51.25,56.94,63.19,70.04,77.55,85.79,94.83,104.73,115.59,127.5,140.56,154.88,170.58,187.8,206.68,227.39,250.1,275,0.75,1.57,2.47,3.46,4.55,5.74,7.04,8.47,10.04,11.76,13.64,15.71,17.98,20.46,23.19,26.18,29.45,33.05,36.99,41.31,46.05,51.25,56.94,63.19,70.04,77.55,85.79,94.83,104.73,115.59,127.5,140.56,154.88,170.58,187.8,206.68,227.39,250.1,275,412.5,150.713,178.229,100301
429,100400,720290.8,490617.8,44216.72708,419,180.5,41.9,43.79,0.0237,1.89,39,1.8,1.208,157.5,177.3,214.9,298.2,402.6,519.2,642,766.4,893.4,1005,1069,1132,1206,1270,1300,1306,1307,1308,1307,1217,889.9,581.7,196.1,44.86,39.63,56.62,66.55,66.28,65.51,59.58,28.37,18.27,16.04,20.29,36.92,54.84,68.42,74.45,75.69,83.25,2.13,1.45,1.72,2.24,2.68,2.97,3.14,3.24,3.31,3.35,3.37,3.37,3.35,3.3,3.21,3.11,3.01,2.93,2.86,2.74,2.49,2.08,1.41,0.56,0.64,0.87,0.97,0.98,1.06,1.11,0.8,0.71,0.73,0.88,1.21,1.42,1.54,1.58,1.48,1.16,0,0.75,1.57,2.47,3.46,4.55,5.74,7.04,8.47,10.04,11.76,13.64,15.71,17.98,20.46,23.19,26.18,29.45,33.05,36.99,41.31,46.05,51.25,56.94,63.19,70.04,77.55,85.79,94.83,104.73,115.59,127.5,140.56,154.88,170.58,187.8,206.68,227.39,250.1,275,0.75,1.57,2.47,3.46,4.55,5.74,7.04,8.47,10.04,11.76,13.64,15.71,17.98,20.46,23.19,26.18,29.45,33.05,36.99,41.31,46.05,51.25,56.94,63.19,70.04,77.55,85.79,94.83,104.73,115.59,127.5,140.56,154.88,170.58,187.8,206.68,227.39,250.1,275,412.5,189.168,227.284,100401
471,100400,721652.5,490012.1,44216.72783,459,220.2,53.05,57.67,0.0178,4.62,30,1.603,1.208,561.4,561.5,565,587.8,648,729.5,821.2,906.3,1020,1163,1335,1543,1787,2097,2350,2533,2771,3040,3242,3306,3316,3319,3320,3316,2922,2340,1509,809.6,175.5,25.29,56.14,57.3,41.45,18.44,9.82,10.03,15.79,31.99,49.5,49.48,3.61,2.22,1.87,2.08,2.47,2.81,2.97,2.98,2.92,2.88,2.92,3.04,3.22,3.43,3.59,3.69,3.71,3.66,3.55,3.39,3.23,3.11,3.04,2.98,2.87,2.66,2.29,1.79,1.12,0.25,0.81,0.82,0.96,0.74,0.61,0.62,0.85,1.27,1.73,2.38,0,0.75,1.57,2.47,3.46,4.55,5.74,7.04,8.47,10.04,11.76,13.64,15.71,17.98,20.46,23.19,26.18,29.45,33.05,36.99,41.31,46.05,51.25,56.94,63.19,70.04,77.55,85.79,94.83,104.73,115.59,127.5,140.56,154.88,170.58,187.8,206.68,227.39,250.1,275,0.75,1.57,2.47,3.46,4.55,5.74,7.04,8.47,10.04,11.76,13.64,15.71,17.98,20.46,23.19,26.18,29.45,33.05,36.99,41.31,46.05,51.25,56.94,63.19,70.04,77.55,85.79,94.83,104.73,115.59,127.5,140.56,154.88,170.58,187.8,206.68,227.39,250.1,275,412.5,216.85,241.848,100401
511,100400,722563.5,489651.5,44216.72829,499,219.2,71.92,72.98,0.0136,1.06,10,4.526,1.208,404.1,363.5,354.9,354.6,354.6,362.8,384.3,402.5,481.5,583.2,793.6,981.9,1176,1436,1678,1877,1967,1987,1989,1989,1988,1932,1743,1378,950.2,500.9,113.1,110.8,111.1,112,113,145.8,180.5,237.1,277.4,286.7,287.4,287.7,287.9,287.9,3.63,2.2,1.87,2.05,2.33,2.47,2.44,2.35,2.36,2.53,2.85,3.21,3.54,3.78,3.91,3.91,3.81,3.65,3.51,3.42,3.41,3.43,3.42,3.26,2.87,2.14,1.26,1.17,1.13,1.23,1.35,1.83,3.01,5.17,8.39,98,98,98,98,98,0,0.75,1.57,2.47,3.46,4.55,5.74,7.04,8.47,10.04,11.76,13.64,15.71,17.98,20.46,23.19,26.18,29.45,33.05,36.99,41.31,46.05,51.25,56.94,63.19,70.04,77.55,85.79,94.83,104.73,115.59,127.5,140.56,154.88,170.58,187.8,206.68,227.39,250.1,275,0.75,1.57,2.47,3.46,4.55,5.74,7.04,8.47,10.04,11.76,13.64,15.71,17.98,20.46,23.19,26.18,29.45,33.05,36.99,41.31,46.05,51.25,56.94,63.19,70.04,77.55,85.79,94.83,104.73,115.59,127.5,140.56,154.88,170.58,187.8,206.68,227.39,250.1,275,412.5,78.613,103.725,100401
555,100400,723878,489112.8,44216.72894,539,216.6,39.33,39.62,0.0254,0.29,8,3.033,1.208,494.5,495.2,522,575.9,645,735,824.5,924.6,1036,1154,1284,1418,1570,1744,1959,2199,2408,2519,2584,2593,2596,2598,2597,2567,2260,1622,759.8,141,90.26,97.4,99.2,130.6,185.2,232.9,256.7,261,261.4,261.7,261.8,261.9,3.28,2.02,1.82,2.12,2.52,2.83,2.98,2.99,2.96,2.92,2.93,2.98,3.08,3.2,3.32,3.4,3.42,3.39,3.32,3.26,3.24,3.28,3.36,3.43,3.35,3.03,2.38,1.44,1.22,1.17,1.19,2.04,4.02,7.07,98,98,98,98,98,98,0,0.75,1.57,2.47,3.46,4.55,5.74,7.04,8.47,10.04,11.76,13.64,15.71,17.98,20.46,23.19,26.18,29.45,33.05,36.99,41.31,46.05,51.25,56.94,63.19,70.04,77.55,85.79,94.83,104.73,115.59,127.5,140.56,154.88,170.58,187.8,206.68,227.39,250.1,275,0.75,1.57,2.47,3.46,4.55,5.74,7.04,8.47,10.04,11.76,13.64,15.71,17.98,20.46,23.19,26.18,29.45,33.05,36.99,41.31,46.05,51.25,56.94,63.19,70.04,77.55,85.79,94.83,104.73,115.59,127.5,140.56,154.88,170.58,187.8,206.68,227.39,250.1,275,412.5,59.935,104.813,100401
597,100400,725114.1,488623.4,44216.72958,579,207.9,58.14,61.86,0.0169,3.72,11,2.273,1.208,994.1,994.2,993.9,980.1,979.1,978.9,983.4,1016,1080,1165,1276,1458,1639,1797,1969,2095,2126,2168,2197,2204,2206,2207,2206,2016,1362,474.5,99.21,7.33,39.42,131.6,189.3,203.1,241.3,270.1,281.2,282.6,283,283.2,283.3,283.3,5.07,3.23,2.45,2.29,2.46,2.74,2.96,3.07,3.07,3.02,2.98,2.98,3.03,3.1,3.16,3.18,3.16,3.11,3.06,3.01,2.97,2.95,2.89,2.74,2.44,2,1.63,0.22,1.48,2.87,4.86,7.7,98,98,98,98,98,98,98,98,0,0.75,1.57,2.47,3.46,4.55,5.74,7.04,8.47,10.04,11.76,13.64,15.71,17.98,20.46,23.19,26.18,29.45,33.05,36.99,41.31,46.05,51.25,56.94,63.19,70.04,77.55,85.79,94.83,104.73,115.59,127.5,140.56,154.88,170.58,187.8,206.68,227.39,250.1,275,0.75,1.57,2.47,3.46,4.55,5.74,7.04,8.47,10.04,11.76,13.64,15.71,17.98,20.46,23.19,26.18,29.45,33.05,36.99,41.31,46.05,51.25,56.94,63.19,70.04,77.55,85.79,94.83,104.73,115.59,127.5,140.56,154.88,170.58,187.8,206.68,227.39,250.1,275,412.5,94.673,99.167,100401
641,100500,723015.7,488628.2,44216.73124,619,217.2,43.09,45.59,0.0224,2.5,25,3.065,1.208,573.7,573.7,578,604.4,662.9,742.5,841.5,967.1,1119,1286,1474,1699,1964,2283,2597,2960,3290,3610,4025,4248,4502,4586,4595,4597,4589,4197,3447,1842,592.8,94.09,60.46,39.64,18.67,25.42,16.45,5.17,7.71,24.06,51.58,67.28,3.46,2.13,1.84,2.07,2.44,2.73,2.86,2.88,2.86,2.86,2.93,3.07,3.25,3.45,3.61,3.72,3.75,3.72,3.65,3.55,3.46,3.39,3.35,3.35,3.34,3.24,2.94,2.37,1.55,0.54,0.57,0.65,0.37,0.74,0.96,0.56,0.69,1.27,1.9,2.73,0,0.75,1.57,2.47,3.46,4.55,5.74,7.04,8.47,10.04,11.76,13.64,15.71,17.98,20.46,23.19,26.18,29.45,33.05,36.99,41.31,46.05,51.25,56.94,63.19,70.04,77.55,85.79,94.83,104.73,115.59,127.5,140.56,154.88,170.58,187.8,206.68,227.39,250.1,275,0.75,1.57,2.47,3.46,4.55,5.74,7.04,8.47,10.04,11.76,13.64,15.71,17.98,20.46,23.19,26.18,29.45,33.05,36.99,41.31,46.05,51.25,56.94,63.19,70.04,77.55,85.79,94.83,104.73,115.59,127.5,140.56,154.88,170.58,187.8,206.68,227.39,250.1,275,412.5,217.158,232.998,100501
681,100500,722022.4,489075.5,44216.73171,659,216.9,36.49,37.69,0.0261,1.2,32,2.827,1.208,1004,1012,1144,1269,1407,1579,1781,1980,2162,2314,2400,2516,2552,2551,2546,2492,2429,2380,2330,2201,2081,1936,1730,1672,1664,1651,1488,1107,737.4,185.4,31.74,32.79,35.7,34.21,10.76,7.6,11.75,23.32,26.05,23.99,3.94,2.45,2.05,2.24,2.67,3.14,3.5,3.69,3.72,3.63,3.48,3.33,3.2,3.11,3.04,2.98,2.91,2.82,2.69,2.54,2.38,2.22,2.06,1.95,1.89,1.88,1.84,1.7,1.41,0.87,0.27,0.45,0.64,0.91,0.44,0.44,0.7,1.03,1.1,1,0,0.75,1.57,2.47,3.46,4.55,5.74,7.04,8.47,10.04,11.76,13.64,15.71,17.98,20.46,23.19,26.18,29.45,33.05,36.99,41.31,46.05,51.25,56.94,63.19,70.04,77.55,85.79,94.83,104.73,115.59,127.5,140.56,154.88,170.58,187.8,206.68,227.39,250.1,275,0.75,1.57,2.47,3.46,4.55,5.74,7.04,8.47,10.04,11.76,13.64,15.71,17.98,20.46,23.19,26.18,29.45,33.05,36.99,41.31,46.05,51.25,56.94,63.19,70.04,77.55,85.79,94.83,104.73,115.59,127.5,140.56,154.88,170.58,187.8,206.68,227.39,250.1,275,412.5,233.147,275.033,100501
723,100500,720176.9,489756.2,44216.73259,699,183.3,64.47,66.01,0.0143,1.54,30,2.383,1.208,90.93,85.47,78.81,78.71,78.74,92.5,137.1,203.6,288.9,382.7,486.6,595.8,703.6,792.6,836,836.8,837,836.6,835.6,808.4,728.8,556.5,295.7,113.2,31.5,35.49,55.63,63.89,63.8,60.1,35.1,14.73,12.08,12.83,24.55,40.55,56.66,71.27,81.72,104.4,2.51,1.66,1.66,1.77,1.74,1.79,2.11,2.57,3.06,3.47,3.77,3.93,3.96,3.87,3.72,3.54,3.4,3.31,3.27,3.21,3.05,2.71,2.14,1.42,0.67,0.88,1.14,1.21,1.26,1.31,1.1,0.71,0.77,0.78,1.15,1.44,1.62,1.76,2,2.56,0,0.75,1.57,2.47,3.46,4.55,5.74,7.04,8.47,10.04,11.76,13.64,15.71,17.98,20.46,23.19,26.18,29.45,33.05,36.99,41.31,46.05,51.25,56.94,63.19,70.04,77.55,85.79,94.83,104.73,115.59,127.5,140.56,154.88,170.58,187.8,206.68,227.39,250.1,275,0.75,1.57,2.47,3.46,4.55,5.74,7.04,8.47,10.04,11.76,13.64,15.71,17.98,20.46,23.19,26.18,29.45,33.05,36.99,41.31,46.05,51.25,56.94,63.19,70.04,77.55,85.79,94.83,104.73,115.59,127.5,140.56,154.88,170.58,187.8,206.68,227.39,250.1,275,412.5,177.221,203.282,100501
763,100600,717831.7,489736.5,44216.73437,739,178.8,67.55,68.98,0.014,1.43,32,2.708,1.208,64.86,64.86,70.13,86.63,121,156.9,197.6,246.8,301.1,357,381.3,382.3,382.5,382.4,381.8,337.8,252,153.1,82.37,39.53,39.59,39.63,39.46,37.38,33.96,31.16,26.73,23.84,13.99,10.68,10.7,12.56,15.58,18.05,20.67,26.17,32.86,39.57,47.45,76.2,2.16,1.46,1.6,1.88,2.15,2.39,2.62,2.85,3.05,3.17,3.17,3.08,2.95,2.82,2.69,2.51,2.23,1.84,1.38,0.93,1.01,1.05,1.06,1.07,1.07,1.09,1.09,1.15,0.94,0.91,0.99,1.08,1.19,1.25,1.39,1.87,2.92,4.83,7.94,98,0,0.75,1.57,2.47,3.46,4.55,5.74,7.04,8.47,10.04,11.76,13.64,15.71,17.98,20.46,23.19,26.18,29.45,33.05,36.99,41.31,46.05,51.25,56.94,63.19,70.04,77.55,85.79,94.83,104.73,115.59,127.5,140.56,154.88,170.58,187.8,206.68,227.39,250.1,275,0.75,1.57,2.47,3.46,4.55,5.74,7.04,8.47,10.04,11.76,13.64,15.71,17.98,20.46,23.19,26.18,29.45,33.05,36.99,41.31,46.05,51.25,56.94,63.19,70.04,77.55,85.79,94.83,104.73,115.59,127.5,140.56,154.88,170.58,187.8,206.68,227.39,250.1,275,412.5,132.655,163.027,100601
805,100600,718888.8,489413.7,44216.73491,779,187.6,43.16,45.67,0.0229,2.51,8,2.737,1.208,523,525.2,560.4,625.7,714,808.9,941,1089,1210,1318,1412,1429,1431,1432,1432,1431,1428,1363,1186,946.8,644.7,387,169.7,54.44,45.01,68.46,87.18,94.54,108.8,127.6,146.1,160.1,167.5,170.7,171.3,171.5,171.6,171.6,171.7,171.8,3.46,2.14,1.87,2.14,2.57,2.96,3.21,3.34,3.34,3.28,3.18,3.07,2.97,2.9,2.85,2.83,2.8,2.74,2.61,2.39,2.09,1.75,1.35,0.76,0.66,0.99,1.17,1.42,2.43,4.48,7.63,98,98,98,98,98,98,98,98,98,0,0.75,1.57,2.47,3.46,4.55,5.74,7.04,8.47,10.04,11.76,13.64,15.71,17.98,20.46,23.19,26.18,29.45,33.05,36.99,41.31,46.05,51.25,56.94,63.19,70.04,77.55,85.79,94.83,104.73,115.59,127.5,140.56,154.88,170.58,187.8,206.68,227.39,250.1,275,0.75,1.57,2.47,3.46,4.55,5.74,7.04,8.47,10.04,11.76,13.64,15.71,17.98,20.46,23.19,26.18,29.45,33.05,36.99,41.31,46.05,51.25,56.94,63.19,70.04,77.55,85.79,94.83,104.73,115.59,127.5,140.56,154.88,170.58,187.8,206.68,227.39,250.1,275,412.5,59.101,71.814,100601
847,100600,719889.1,489029.5,44216.73545,819,201,40.37,39.86,0.0231,-0.51,43,1.928,1.208,160.3,143.9,121.1,66.05,27.59,22.68,22.68,23.35,31.57,70.29,140.7,229.7,333.3,432.2,539.6,645.9,728.5,768,780.6,783.1,783.5,783.5,783.3,782.5,750.6,636.2,510.5,362.8,213.4,97.17,25.99,16.9,17.46,16.43,14.28,14.29,21.79,40.82,56.51,65.1,3.43,2.38,2.19,1.96,1.38,1.08,1.17,1.24,1.35,1.88,2.56,3.19,3.71,4.09,4.32,4.43,4.41,4.31,4.16,4.01,3.9,3.82,3.78,3.73,3.64,3.45,3.14,2.72,2.17,1.53,0.82,0.72,0.81,0.85,0.85,0.82,1.03,1.41,1.55,1.51,0,0.75,1.57,2.47,3.46,4.55,5.74,7.04,8.47,10.04,11.76,13.64,15.71,17.98,20.46,23.19,26.18,29.45,33.05,36.99,41.31,46.05,51.25,56.94,63.19,70.04,77.55,85.79,94.83,104.73,115.59,127.5,140.56,154.88,170.58,187.8,206.68,227.39,250.1,275,0.75,1.57,2.47,3.46,4.55,5.74,7.04,8.47,10.04,11.76,13.64,15.71,17.98,20.46,23.19,26.18,29.45,33.05,36.99,41.31,46.05,51.25,56.94,63.19,70.04,77.55,85.79,94.83,104.73,115.59,127.5,140.56,154.88,170.58,187.8,206.68,227.39,250.1,275,412.5,212.416,235.99,100601
887,100600,720768.9,488660.2,44216.73591,859,212,57.79,59.91,0.0167,2.12,8,1.832,1.208,560.4,503,483.4,481.5,480.8,480.5,480.5,484.3,537,657.3,819.9,977.7,1174,1350,1558,1789,2114,2220,2363,2412,2422,2423,2422,2393,2141,1488,766.1,193.4,24.47,31.11,110.3,187.6,237.1,265.6,280.2,284.9,285.5,285.7,285.9,286,3.95,2.4,1.94,2.06,2.35,2.54,2.54,2.42,2.34,2.41,2.61,2.87,3.15,3.38,3.54,3.61,3.59,3.48,3.35,3.22,3.16,3.21,3.36,3.57,3.73,3.7,3.37,2.58,0.93,0.78,2.73,5.5,9.19,98,98,98,98,98,98,98,0,0.75,1.57,2.47,3.46,4.55,5.74,7.04,8.47,10.04,11.76,13.64,15.71,17.98,20.46,23.19,26.18,29.45,33.05,36.99,41.31,46.05,51.25,56.94,63.19,70.04,77.55,85.79,94.83,104.73,115.59,127.5,140.56,154.88,170.58,187.8,206.68,227.39,250.1,275,0.75,1.57,2.47,3.46,4.55,5.74,7.04,8.47,10.04,11.76,13.64,15.71,17.98,20.46,23.19,26.18,29.45,33.05,36.99,41.31,46.05,51.25,56.94,63.19,70.04,77.55,85.79,94.83,104.73,115.59,127.5,140.56,154.88,170.58,187.8,206.68,227.39,250.1,275,412.5,46.552,99.889,100601
929,100600,721719.3,488207.4,44216.73644,899,213.2,45.58,45.07,0.0194,-0.51,32,2.224,1.208,97.45,88.18,64.45,61.13,61.14,85.47,171.2,308.5,489.4,690.6,930.4,1200,1501,1838,2185,2556,2938,3263,3485,3567,3571,3572,3570,3566,3480,3126,2594,1947,1240,568.3,86.1,12.99,49.54,47.52,9.45,6.22,12.51,23.07,32.08,35.63,2.61,1.71,1.54,1.5,1.4,1.65,2.32,3.09,3.77,4.3,4.67,4.91,5.04,5.09,5.11,5.1,5.09,5.08,5.07,5.08,5.1,5.14,5.18,5.18,5.09,4.86,4.45,3.84,3.06,2.13,1.13,0.24,1.14,1.2,0.59,0.43,0.86,1.11,1.34,1.68,0,0.75,1.57,2.47,3.46,4.55,5.74,7.04,8.47,10.04,11.76,13.64,15.71,17.98,20.46,23.19,26.18,29.45,33.05,36.99,41.31,46.05,51.25,56.94,63.19,70.04,77.55,85.79,94.83,104.73,115.59,127.5,140.56,154.88,170.58,187.8,206.68,227.39,250.1,275,0.75,1.57,2.47,3.46,4.55,5.74,7.04,8.47,10.04,11.76,13.64,15.71,17.98,20.46,23.19,26.18,29.45,33.05,36.99,41.31,46.05,51.25,56.94,63.19,70.04,77.55,85.79,94.83,104.73,115.59,127.5,140.56,154.88,170.58,187.8,206.68,227.39,250.1,275,412.5,224.203,255.378,100601
975,100600,723531.9,487497,44216.73744,939,218.7,53.39,52.71,0.0184,-0.68,12,2.266,1.208,827.1,827.5,829.5,857.8,925,1014,1121,1219,1317,1420,1528,1642,1761,1886,2005,2153,2228,2283,2296,2298,2299,2299,2298,2295,2251,2034,1714,1371,1071,685.6,452.3,178.4,30.9,32.57,55.13,54.97,29.83,11.39,19.39,60.75,98,98,98,98,98,98,98,98,98,98,98,9.44,8.77,8.32,8.05,7.91,7.89,7.94,8.05,8.18,8.31,8.39,8.39,8.26,7.96,7.46,6.76,5.88,4.89,3.84,2.86,1.9,0.78,0.57,1.03,1.95,2.78,1.32,0.89,1.87,0,0.75,1.57,2.47,3.46,4.55,5.74,7.04,8.47,10.04,11.76,13.64,15.71,17.98,20.46,23.19,26.18,29.45,33.05,36.99,41.31,46.05,51.25,56.94,63.19,70.04,77.55,85.79,94.83,104.73,115.59,127.5,140.56,154.88,170.58,187.8,206.68,227.39,250.1,275,0.75,1.57,2.47,3.46,4.55,5.74,7.04,8.47,10.04,11.76,13.64,15.71,17.98,20.46,23.19,26.18,29.45,33.05,36.99,41.31,46.05,51.25,56.94,63.19,70.04,77.55,85.79,94.83,104.73,115.59,127.5,140.56,154.88,170.58,187.8,206.68,227.39,250.1,275,412.5,211.495,245.3,100601
1015,100600,724388,487178.2,44216.7379,979,216.9,62.84,63.78,0.0161,0.94,29,2.301,1.208,157,149.5,146.9,146,145.8,145.8,148.1,183,188.9,258.7,341.6,444.5,563.9,664.9,779,892.7,998.2,1004,1004,1003,1002,1000,997.2,886.4,692.4,539.5,357.9,215.6,101.3,32.73,16.21,20.38,23.14,23.15,10.6,3.95,7.65,21.35,49.6,121.4,2.83,1.81,1.76,2,2.12,2.07,1.97,2,2.11,2.39,2.72,3.02,3.24,3.37,3.42,3.42,3.36,3.27,3.17,3.08,3.02,2.95,2.84,2.64,2.37,2.07,1.76,1.47,1.13,0.7,0.48,0.71,0.8,1.07,1.09,0.31,0.67,1.29,1.99,2.89,0,0.75,1.57,2.47,3.46,4.55,5.74,7.04,8.47,10.04,11.76,13.64,15.71,17.98,20.46,23.19,26.18,29.45,33.05,36.99,41.31,46.05,51.25,56.94,63.19,70.04,77.55,85.79,94.83,104.73,115.59,127.5,140.56,154.88,170.58,187.8,206.68,227.39,250.1,275,0.75,1.57,2.47,3.46,4.55,5.74,7.04,8.47,10.04,11.76,13.64,15.71,17.98,20.46,23.19,26.18,29.45,33.05,36.99,41.31,46.05,51.25,56.94,63.19,70.04,77.55,85.79,94.83,104.73,115.59,127.5,140.56,154.88,170.58,187.8,206.68,227.39,250.1,275,412.5,212.726,228.193,100601
1055,100600,729650.2,485028.5,44216.75568,1019,178.5,62.87,60.74,0.0152,-2.13,37,2.664,1.208,219.1,214.1,155.9,98.53,59.86,42.55,42.64,43.56,49.66,57.88,68.61,82.57,106.5,142.8,197.3,262.2,333.8,410.2,488.8,562.7,619.8,653.5,659.4,660.6,661.2,661.5,661.5,661,588.1,473.2,347.2,219.9,104.1,31.74,10.79,10.81,10.84,12.58,19.07,111.5,3.88,2.55,2.07,1.9,1.68,1.39,1.3,1.39,1.56,1.67,1.71,1.75,1.9,2.13,2.42,2.7,2.94,3.14,3.27,3.35,3.37,3.32,3.24,3.16,3.09,3.04,3.01,2.97,2.85,2.65,2.36,1.98,1.5,0.98,0.53,0.7,0.69,0.78,0.98,2.19,0,0.75,1.57,2.47,3.46,4.55,5.74,7.04,8.47,10.04,11.76,13.64,15.71,17.98,20.46,23.19,26.18,29.45,33.05,36.99,41.31,46.05,51.25,56.94,63.19,70.04,77.55,85.79,94.83,104.73,115.59,127.5,140.56,154.88,170.58,187.8,206.68,227.39,250.1,275,0.75,1.57,2.47,3.46,4.55,5.74,7.04,8.47,10.04,11.76,13.64,15.71,17.98,20.46,23.19,26.18,29.45,33.05,36.99,41.31,46.05,51.25,56.94,63.19,70.04,77.55,85.79,94.83,104.73,115.59,127.5,140.56,154.88,170.58,187.8,206.68,227.39,250.1,275,412.5,231.953,253.228,100602
1097,100600,730474.9,484637.1,44216.75616,1059,177.9,60.69,60.07,0.0159,-0.62,35,2.66,1.208,242.4,242.1,195.5,128.8,76.96,48.85,48.46,48.58,49.64,53.22,55.84,69.56,92.57,135.3,193.7,267.3,355.7,453,560.6,670,786.8,888.5,963.7,987.4,988.3,988.5,988.2,987.1,969.3,864.1,685.7,483.6,284,114.1,18.33,11.98,11.45,9.91,9.97,79.55,3.89,2.58,2.15,2,1.78,1.45,1.34,1.39,1.49,1.55,1.53,1.59,1.76,2.05,2.36,2.67,2.95,3.2,3.41,3.57,3.69,3.74,3.73,3.68,3.6,3.53,3.49,3.46,3.43,3.33,3.14,2.83,2.36,1.66,0.66,0.62,0.78,0.66,0.57,1.62,0,0.75,1.57,2.47,3.46,4.55,5.74,7.04,8.47,10.04,11.76,13.64,15.71,17.98,20.46,23.19,26.18,29.45,33.05,36.99,41.31,46.05,51.25,56.94,63.19,70.04,77.55,85.79,94.83,104.73,115.59,127.5,140.56,154.88,170.58,187.8,206.68,227.39,250.1,275,0.75,1.57,2.47,3.46,4.55,5.74,7.04,8.47,10.04,11.76,13.64,15.71,17.98,20.46,23.19,26.18,29.45,33.05,36.99,41.31,46.05,51.25,56.94,63.19,70.04,77.55,85.79,94.83,104.73,115.59,127.5,140.56,154.88,170.58,187.8,206.68,227.39,250.1,275,412.5,246.166,265.268,100602
1141,100600,731972.8,484063,44216.75698,1099,178,76.41,77.31,0.0127,0.9,8,3.804,1.208,282.5,264.9,254.5,200.2,131.1,97.28,92.32,92.37,96.28,106.4,152.4,187.5,224.7,273.7,313.9,347.2,401.8,424.8,424.8,424.7,424.2,423,420.7,416.4,398.3,390.8,380.6,368.9,351.2,325.6,302.7,290.9,284.6,281.8,280.8,280.4,280.2,280.1,280,280.1,4.31,2.79,2.29,2.18,2.11,1.95,1.76,1.63,1.65,1.84,2.14,2.33,2.42,2.49,2.54,2.61,2.69,2.73,2.69,2.63,2.57,2.54,2.55,2.58,2.6,2.64,2.76,3.12,3.91,5.37,7.77,98,98,98,98,98,98,98,98,98,0,0.75,1.57,2.47,3.46,4.55,5.74,7.04,8.47,10.04,11.76,13.64,15.71,17.98,20.46,23.19,26.18,29.45,33.05,36.99,41.31,46.05,51.25,56.94,63.19,70.04,77.55,85.79,94.83,104.73,115.59,127.5,140.56,154.88,170.58,187.8,206.68,227.39,250.1,275,0.75,1.57,2.47,3.46,4.55,5.74,7.04,8.47,10.04,11.76,13.64,15.71,17.98,20.46,23.19,26.18,29.45,33.05,36.99,41.31,46.05,51.25,56.94,63.19,70.04,77.55,85.79,94.83,104.73,115.59,127.5,140.56,154.88,170.58,187.8,206.68,227.39,250.1,275,412.5,11.523,20.599,100602
1183,100700,722636.6,486962.9,44216.7393,1139,213.2,54.61,55.5,0.0174,0.89,30,2.173,1.208,189.3,187.6,179.3,176.7,176.2,176.1,203.9,267.1,363.8,487.6,642.6,828.3,1040,1275,1531,1848,2092,2309,2514,2568,2589,2591,2590,2588,2450,2106,1673,1162,649,262,66.14,31.15,25.18,23.22,13.26,7.18,9.26,8.46,21.44,24.85,2.78,1.79,1.74,1.96,2.06,2,1.98,2.14,2.46,2.85,3.23,3.57,3.84,4.03,4.15,4.21,4.21,4.17,4.1,4.01,3.92,3.84,3.76,3.67,3.53,3.3,2.97,2.54,2.03,1.46,0.86,0.59,0.59,0.86,0.9,0.77,0.8,0.57,1.39,2.35,0,0.75,1.57,2.47,3.46,4.55,5.74,7.04,8.47,10.04,11.76,13.64,15.71,17.98,20.46,23.19,26.18,29.45,33.05,36.99,41.31,46.05,51.25,56.94,63.19,70.04,77.55,85.79,94.83,104.73,115.59,127.5,140.56,154.88,170.58,187.8,206.68,227.39,250.1,275,0.75,1.57,2.47,3.46,4.55,5.74,7.04,8.47,10.04,11.76,13.64,15.71,17.98,20.46,23.19,26.18,29.45,33.05,36.99,41.31,46.05,51.25,56.94,63.19,70.04,77.55,85.79,94.83,104.73,115.59,127.5,140.56,154.88,170.58,187.8,206.68,227.39,250.1,275,412.5,234.769,258.86,100701
1225,100700,721265.3,487529.7,44216.74001,1179,213.6,41.97,42.69,0.0221,0.72,31,1.113,1.208,152.6,152.6,152.6,153.1,164.3,206.2,276.9,378.5,511.7,672.9,858.4,1070,1300,1545,1806,2077,2342,2542,2610,2613,2614,2613,2611,2550,2255,1795,1295,815.2,320.7,50.44,34.95,27.94,27.77,19.68,8.52,8.56,12.7,25.48,44.53,44.53,2.42,1.61,1.67,1.87,1.95,2.02,2.21,2.53,2.91,3.29,3.62,3.88,4.06,4.16,4.2,4.2,4.16,4.08,3.98,3.88,3.79,3.72,3.64,3.54,3.35,3.08,2.7,2.21,1.53,0.55,0.57,0.57,0.72,0.76,0.55,0.6,0.8,1.18,1.65,2.39,0,0.75,1.57,2.47,3.46,4.55,5.74,7.04,8.47,10.04,11.76,13.64,15.71,17.98,20.46,23.19,26.18,29.45,33.05,36.99,41.31,46.05,51.25,56.94,63.19,70.04,77.55,85.79,94.83,104.73,115.59,127.5,140.56,154.88,170.58,187.8,206.68,227.39,250.1,275,0.75,1.57,2.47,3.46,4.55,5.74,7.04,8.47,10.04,11.76,13.64,15.71,17.98,20.46,23.19,26.18,29.45,33.05,36.99,41.31,46.05,51.25,56.94,63.19,70.04,77.55,85.79,94.83,104.73,115.59,127.5,140.56,154.88,170.58,187.8,206.68,227.39,250.1,275,412.5,213.556,236.766,100701
1269,100700,719900.1,488113,44216.74073,1219,221.2,52.88,57.56,0.0201,4.68,30,1.204,1.208,475.8,475.9,491.2,527.8,611.5,729.9,868.1,1028,1223,1440,1638,1950,2217,2548,2724,2943,3089,3258,3276,3284,3289,3291,3291,3231,2783,2157,1336,634.5,87.21,27.42,46.15,46.17,33.18,13.01,10.18,11.26,22.66,30.16,30.14,19.16,3.36,2.06,1.81,2.08,2.5,2.84,3.04,3.13,3.17,3.21,3.28,3.42,3.57,3.73,3.84,3.88,3.85,3.74,3.56,3.36,3.17,3.03,2.94,2.89,2.8,2.62,2.29,1.7,0.72,0.31,0.74,0.81,1,0.69,0.6,0.67,1.03,1.14,1.44,2.14,0,0.75,1.57,2.47,3.46,4.55,5.74,7.04,8.47,10.04,11.76,13.64,15.71,17.98,20.46,23.19,26.18,29.45,33.05,36.99,41.31,46.05,51.25,56.94,63.19,70.04,77.55,85.79,94.83,104.73,115.59,127.5,140.56,154.88,170.58,187.8,206.68,227.39,250.1,275,0.75,1.57,2.47,3.46,4.55,5.74,7.04,8.47,10.04,11.76,13.64,15.71,17.98,20.46,23.19,26.18,29.45,33.05,36.99,41.31,46.05,51.25,56.94,63.19,70.04,77.55,85.79,94.83,104.73,115.59,127.5,140.56,154.88,170.58,187.8,206.68,227.39,250.1,275,412.5,226.152,275.033,100701
1309,100700,718966.4,488522.7,44216.7412,1259,190.2,49.73,52.39,0.0182,2.66,38,1.996,1.208,85.13,75.36,59.56,39.6,39.6,41.24,52.27,66.94,107.9,172,238.4,302.5,384.3,444.2,475.3,500.1,512.9,513.1,513.1,512.8,486.7,430.4,337.3,230.2,122.3,42.47,36.74,37,42.94,47.55,47.54,27.44,11.33,11.31,19.97,42.65,59.65,71.04,80.96,89.46,2.92,1.96,1.74,1.54,1.42,1.43,1.63,1.91,2.3,2.69,3,3.22,3.37,3.43,3.42,3.37,3.3,3.23,3.17,3.11,3,2.82,2.52,2.11,1.56,0.94,0.96,0.99,1.08,1.18,1.24,1.04,0.66,0.74,1.03,1.47,1.69,1.75,1.78,1.94,0,0.75,1.57,2.47,3.46,4.55,5.74,7.04,8.47,10.04,11.76,13.64,15.71,17.98,20.46,23.19,26.18,29.45,33.05,36.99,41.31,46.05,51.25,56.94,63.19,70.04,77.55,85.79,94.83,104.73,115.59,127.5,140.56,154.88,170.58,187.8,206.68,227.39,250.1,275,0.75,1.57,2.47,3.46,4.55,5.74,7.04,8.47,10.04,11.76,13.64,15.71,17.98,20.46,23.19,26.18,29.45,33.05,36.99,41.31,46.05,51.25,56.94,63.19,70.04,77.55,85.79,94.83,104.73,115.59,127.5,140.56,154.88,170.58,187.8,206.68,227.39,250.1,275,412.5,185.061,211.658,100701
1349,100700,718079.2,488954.4,44216.74166,1299,185,43.62,45.47,0.0224,1.85,39,1.721,1.208,375.8,389,494.6,635.8,795.1,941.6,1080,1225,1300,1318,1322,1322,1322,1321,1319,1276,1125,848.8,534.5,349.6,189.6,86.5,40.29,38.39,40.65,55.24,64.07,64.15,55.78,31.06,17.25,15.2,16.22,21.69,28.38,40.58,52.71,59.17,60.24,60.25,2.75,1.71,1.8,2.33,2.9,3.33,3.56,3.6,3.49,3.3,3.11,2.97,2.89,2.86,2.84,2.77,2.61,2.31,1.92,1.55,1.2,0.91,0.56,0.69,0.73,0.96,1.05,1.11,1.14,0.91,0.71,0.75,0.85,1.04,1.16,1.34,1.49,1.59,1.73,2.18,0,0.75,1.57,2.47,3.46,4.55,5.74,7.04,8.47,10.04,11.76,13.64,15.71,17.98,20.46,23.19,26.18,29.45,33.05,36.99,41.31,46.05,51.25,56.94,63.19,70.04,77.55,85.79,94.83,104.73,115.59,127.5,140.56,154.88,170.58,187.8,206.68,227.39,250.1,275,0.75,1.57,2.47,3.46,4.55,5.74,7.04,8.47,10.04,11.76,13.64,15.71,17.98,20.46,23.19,26.18,29.45,33.05,36.99,41.31,46.05,51.25,56.94,63.19,70.04,77.55,85.79,94.83,104.73,115.59,127.5,140.56,154.88,170.58,187.8,206.68,227.39,250.1,275,412.5,174.308,204.386,100701
1394,100700,732089,483215.7,44216.7532,1339,179.7,74.28,75.89,0.0133,1.61,7,5.835,1.208,1117,1116,933.6,783,628.6,496.2,338.2,275.4,275.5,310.9,419.4,550.3,823.9,1130,1458,1811,2239,2979,4077,5221,6572,8068,9720,11520,13430,15530,18300,20000,20000,20000,20000,20000,20000,20000,20000,20000,20000,20000,20000,20000,6.36,4.15,2.98,2.47,2.33,2.3,2.17,1.96,1.79,1.81,2.07,2.44,2.85,3.18,3.41,3.61,3.83,4.16,4.6,5.14,5.77,6.47,7.22,7.97,8.69,9.32,9.81,98,98,9.97,9.55,8.93,8.13,7.22,6.23,5.24,4.29,3.42,2.67,2.08,0,0.75,1.57,2.47,3.46,4.55,5.74,7.04,8.47,10.04,11.76,13.64,15.71,17.98,20.46,23.19,26.18,29.45,33.05,36.99,41.31,46.05,51.25,56.94,63.19,70.04,77.55,85.79,94.83,104.73,115.59,127.5,140.56,154.88,170.58,187.8,206.68,227.39,250.1,275,0.75,1.57,2.47,3.46,4.55,5.74,7.04,8.47,10.04,11.76,13.64,15.71,17.98,20.46,23.19,26.18,29.45,33.05,36.99,41.31,46.05,51.25,56.94,63.19,70.04,77.55,85.79,94.83,104.73,115.59,127.5,140.56,154.88,170.58,187.8,206.68,227.39,250.1,275,412.5,18.488,32.715,100702
1440,100700,730887.8,483624.9,44216.75384,1379,179.5,58.38,58.24,0.0163,-0.14,34,2.353,1.208,313.6,308.8,230.4,148,84.1,54.57,52.43,52.5,64.63,92.46,147,211.4,288.1,373.5,463.1,560.2,675.2,769.9,874.4,898.9,901.4,901.7,901.4,900.3,875.3,776.8,643,481.3,310.7,165.2,59.1,31.57,41.39,41.42,41.51,14.08,10.76,13.39,45.37,79.01,4.53,2.97,2.31,2.03,1.78,1.49,1.35,1.37,1.57,1.87,2.21,2.5,2.75,2.97,3.17,3.35,3.5,3.6,3.64,3.61,3.52,3.42,3.32,3.22,3.09,2.92,2.68,2.36,1.98,1.52,0.99,0.7,0.93,0.99,1.22,0.87,0.67,0.76,1.47,2.05,0,0.75,1.57,2.47,3.46,4.55,5.74,7.04,8.47,10.04,11.76,13.64,15.71,17.98,20.46,23.19,26.18,29.45,33.05,36.99,41.31,46.05,51.25,56.94,63.19,70.04,77.55,85.79,94.83,104.73,115.59,127.5,140.56,154.88,170.58,187.8,206.68,227.39,250.1,275,0.75,1.57,2.47,3.46,4.55,5.74,7.04,8.47,10.04,11.76,13.64,15.71,17.98,20.46,23.19,26.18,29.45,33.05,36.99,41.31,46.05,51.25,56.94,63.19,70.04,77.55,85.79,94.83,104.73,115.59,127.5,140.56,154.88,170.58,187.8,206.68,227.39,250.1,275,412.5,232.734,252.433,100702
1480,100700,729993.9,483966.6,44216.7543,1419,179.2,45.66,48.59,0.0211,2.93,34,2.006,1.208,1172,1172,1122,942.2,721.9,499.3,290.1,120.9,32.48,31.83,39.6,103.8,220.9,372.5,537.8,703.7,870.6,1036,1193,1337,1439,1472,1473,1473,1473,1471,1468,1435,1259,1039,787.7,524.9,280.4,87.67,18.25,17.21,13.23,7.18,9.77,105.1,6.33,4.27,3.33,2.99,2.96,2.95,2.67,1.99,1.02,0.98,1.17,1.84,2.55,3.14,3.58,3.88,4.07,4.17,4.2,4.19,4.13,4.05,3.96,3.89,3.83,3.78,3.72,3.62,3.44,3.19,2.86,2.45,1.95,1.32,0.48,0.65,0.82,0.45,0.56,1.51,0,0.75,1.57,2.47,3.46,4.55,5.74,7.04,8.47,10.04,11.76,13.64,15.71,17.98,20.46,23.19,26.18,29.45,33.05,36.99,41.31,46.05,51.25,56.94,63.19,70.04,77.55,85.79,94.83,104.73,115.59,127.5,140.56,154.88,170.58,187.8,206.68,227.39,250.1,275,0.75,1.57,2.47,3.46,4.55,5.74,7.04,8.47,10.04,11.76,13.64,15.71,17.98,20.46,23.19,26.18,29.45,33.05,36.99,41.31,46.05,51.25,56.94,63.19,70.04,77.55,85.79,94.83,104.73,115.59,127.5,140.56,154.88,170.58,187.8,206.68,227.39,250.1,275,412.5,252.255,266.535,100702
1520,100800,715865.2,488845.7,44216.74362,1459,182.8,52.55,64.52,0.0202,11.97,33,2.364,1.208,267.4,260.4,219.5,180.7,142.2,107.2,100.4,99.98,110.8,158.8,222.2,247.9,269.2,271.9,272.1,272,268.8,233.7,166.7,93.48,36.64,36.65,38.57,57.82,78.16,82.78,82.77,77.1,47.79,16.13,16.14,16.26,23.64,37.15,51.97,64.31,72.5,78.11,80.66,81.59,4.07,2.67,2.21,2.14,2.07,1.84,1.63,1.55,1.72,2.08,2.38,2.48,2.42,2.28,2.18,2.16,2.18,2.11,1.87,1.42,0.87,0.96,0.98,1.24,1.42,1.45,1.51,1.56,1.33,0.75,0.92,0.91,1.12,1.39,1.56,1.69,1.92,2.52,3.8,6.18,0,0.75,1.57,2.47,3.46,4.55,5.74,7.04,8.47,10.04,11.76,13.64,15.71,17.98,20.46,23.19,26.18,29.45,33.05,36.99,41.31,46.05,51.25,56.94,63.19,70.04,77.55,85.79,94.83,104.73,115.59,127.5,140.56,154.88,170.58,187.8,206.68,227.39,250.1,275,0.75,1.57,2.47,3.46,4.55,5.74,7.04,8.47,10.04,11.76,13.64,15.71,17.98,20.46,23.19,26.18,29.45,33.05,36.99,41.31,46.05,51.25,56.94,63.19,70.04,77.55,85.79,94.83,104.73,115.59,127.5,140.56,154.88,170.58,187.8,206.68,227.39,250.1,275,412.5,144.182,168.144,100801
1568,100800,717757,488154.2,44216.74465,1499,189.1,55.32,59.08,0.0177,3.76,39,1.795,1.208,267.6,267.5,322.7,455,619.6,814.9,1028,1265,1533,1630,1724,1795,1799,1799,1799,1797,1785,1609,1306,869.3,536.4,218,59.12,36.94,37.12,53.41,54.83,55.02,55.06,40.55,15.93,11.62,11.88,22.65,34.45,42.89,44.69,44.67,44.52,32.2,2.56,1.56,1.69,2.27,2.9,3.4,3.73,3.9,3.93,3.84,3.7,3.55,3.43,3.35,3.32,3.3,3.25,3.09,2.8,2.37,1.88,1.33,0.72,0.56,0.64,0.91,0.94,0.98,1.11,1.1,0.7,0.68,0.72,1.12,1.37,1.43,1.38,1.44,1.71,2.16,0,0.75,1.57,2.47,3.46,4.55,5.74,7.04,8.47,10.04,11.76,13.64,15.71,17.98,20.46,23.19,26.18,29.45,33.05,36.99,41.31,46.05,51.25,56.94,63.19,70.04,77.55,85.79,94.83,104.73,115.59,127.5,140.56,154.88,170.58,187.8,206.68,227.39,250.1,275,0.75,1.57,2.47,3.46,4.55,5.74,7.04,8.47,10.04,11.76,13.64,15.71,17.98,20.46,23.19,26.18,29.45,33.05,36.99,41.31,46.05,51.25,56.94,63.19,70.04,77.55,85.79,94.83,104.73,115.59,127.5,140.56,154.88,170.58,187.8,206.68,227.39,250.1,275,412.5,177.569,229.57,100801
1608,100800,718656,487797.4,44216.74511,1539,187.1,58.98,59.79,0.0157,0.81,36,2.473,1.208,62.69,62.6,60.95,60.92,60.95,77.35,120.6,174.4,237.9,310.7,389.1,470.5,550.9,612.2,664.9,677.9,679.1,679.3,679.3,678.7,661,560.1,416.1,256.1,108.9,32.16,32.4,44.41,54.58,54.55,46.68,20.24,9.96,10.46,22.92,40.74,56.2,69.36,84.22,105.3,2.27,1.59,1.65,1.71,1.66,1.79,2.18,2.65,3.07,3.41,3.62,3.71,3.71,3.62,3.5,3.36,3.25,3.18,3.15,3.13,3.05,2.85,2.5,2.01,1.38,0.71,0.84,1.02,1.14,1.2,1.19,0.86,0.63,0.69,1.14,1.47,1.64,1.73,1.84,2.08,0,0.75,1.57,2.47,3.46,4.55,5.74,7.04,8.47,10.04,11.76,13.64,15.71,17.98,20.46,23.19,26.18,29.45,33.05,36.99,41.31,46.05,51.25,56.94,63.19,70.04,77.55,85.79,94.83,104.73,115.59,127.5,140.56,154.88,170.58,187.8,206.68,227.39,250.1,275,0.75,1.57,2.47,3.46,4.55,5.74,7.04,8.47,10.04,11.76,13.64,15.71,17.98,20.46,23.19,26.18,29.45,33.05,36.99,41.31,46.05,51.25,56.94,63.19,70.04,77.55,85.79,94.83,104.73,115.59,127.5,140.56,154.88,170.58,187.8,206.68,227.39,250.1,275,412.5,182.03,208.365,100801
1650,100800,719968.9,487227.9,44216.74582,1579,213.1,49.97,51.01,0.0183,1.04,32,1.4,1.208,114.4,114.3,114.3,123.5,154,192.6,270.1,383.7,527,689,885.2,1114,1359,1636,1900,2168,2461,2564,2598,2599,2599,2597,2574,2384,2034,1567,1007,478.4,100.1,37.76,37.76,37.64,35.47,23.99,9.64,9.57,17.03,34.52,44.76,44.79,2.3,1.53,1.62,1.84,1.99,2.12,2.38,2.76,3.19,3.61,3.97,4.26,4.46,4.57,4.6,4.56,4.48,4.36,4.23,4.12,4.04,3.98,3.91,3.77,3.51,3.1,2.52,1.78,0.92,0.55,0.69,0.75,0.83,0.82,0.51,0.59,0.89,1.27,1.38,1.36,0,0.75,1.57,2.47,3.46,4.55,5.74,7.04,8.47,10.04,11.76,13.64,15.71,17.98,20.46,23.19,26.18,29.45,33.05,36.99,41.31,46.05,51.25,56.94,63.19,70.04,77.55,85.79,94.83,104.73,115.59,127.5,140.56,154.88,170.58,187.8,206.68,227.39,250.1,275,0.75,1.57,2.47,3.46,4.55,5.74,7.04,8.47,10.04,11.76,13.64,15.71,17.98,20.46,23.19,26.18,29.45,33.05,36.99,41.31,46.05,51.25,56.94,63.19,70.04,77.55,85.79,94.83,104.73,115.59,127.5,140.56,154.88,170.58,187.8,206.68,227.39,250.1,275,412.5,220.492,250.176,100801
1692,100800,721174.9,486702,44216.74644,1619,214.3,53.69,53.74,0.0175,0.05,26,1.638,1.208,136.1,135.4,129.5,129.4,129.4,129.6,155.9,216.1,296,397.4,532.9,688.1,868.2,1046,1244,1421,1563,1604,1605,1605,1603,1600,1586,1397,1166,879.3,630.9,340.5,164.2,89.71,67.77,33.2,21.85,21.88,17.9,8.57,7.89,20.24,50.06,97.76,2.57,1.69,1.72,1.92,1.96,1.88,1.92,2.17,2.54,2.95,3.34,3.65,3.89,4.03,4.09,4.07,4,3.89,3.76,3.65,3.56,3.48,3.37,3.18,2.9,2.54,2.12,1.62,1.17,0.95,0.97,0.72,0.6,0.73,0.96,0.77,0.55,1.12,1.8,2.84,0,0.75,1.57,2.47,3.46,4.55,5.74,7.04,8.47,10.04,11.76,13.64,15.71,17.98,20.46,23.19,26.18,29.45,33.05,36.99,41.31,46.05,51.25,56.94,63.19,70.04,77.55,85.79,94.83,104.73,115.59,127.5,140.56,154.88,170.58,187.8,206.68,227.39,250.1,275,0.75,1.57,2.47,3.46,4.55,5.74,7.04,8.47,10.04,11.76,13.64,15.71,17.98,20.46,23.19,26.18,29.45,33.05,36.99,41.31,46.05,51.25,56.94,63.19,70.04,77.55,85.79,94.83,104.73,115.59,127.5,140.56,154.88,170.58,187.8,206.68,227.39,250.1,275,412.5,216.916,234.537,100801
1732,100800,722073.8,486359.3,44216.7469,1659,216.2,51.77,51.25,0.0195,-0.52,29,2.136,1.208,113.8,113.7,106.9,93.78,92.85,92.85,95.08,125.8,199.4,314.6,446.5,614.2,813.7,1015,1239,1479,1726,1960,2153,2274,2298,2299,2299,2299,2296,2251,2011,1632,1196,750,326.5,44.63,15.1,40.73,40.56,7.92,7.72,18.08,42.34,97.65,2.63,1.78,1.75,1.85,1.82,1.7,1.66,1.88,2.33,2.82,3.27,3.65,3.94,4.16,4.32,4.41,4.46,4.46,4.42,4.35,4.27,4.18,4.13,4.09,4.06,3.99,3.84,3.57,3.14,2.54,1.73,0.72,0.31,0.99,1.14,0.53,0.49,0.88,1.41,1.6,0,0.75,1.57,2.47,3.46,4.55,5.74,7.04,8.47,10.04,11.76,13.64,15.71,17.98,20.46,23.19,26.18,29.45,33.05,36.99,41.31,46.05,51.25,56.94,63.19,70.04,77.55,85.79,94.83,104.73,115.59,127.5,140.56,154.88,170.58,187.8,206.68,227.39,250.1,275,0.75,1.57,2.47,3.46,4.55,5.74,7.04,8.47,10.04,11.76,13.64,15.71,17.98,20.46,23.19,26.18,29.45,33.05,36.99,41.31,46.05,51.25,56.94,63.19,70.04,77.55,85.79,94.83,104.73,115.59,127.5,140.56,154.88,170.58,187.8,206.68,227.39,250.1,275,412.5,224.61,240.419,100801
1776,100800,723223.2,485965.9,44216.74755,1699,215.4,55.08,54.48,0.0174,-0.6,28,2.084,1.208,212.7,212.7,218.8,248.7,289.4,348.2,427.8,530,655.2,800.8,977.4,1185,1409,1645,1861,1987,2000,2002,2002,2001,1999,1908,1610,1244,848.6,485.6,244,167.6,120.2,59.65,20.65,19.69,10.63,7.89,9.59,10.22,12.19,26.57,54.53,67.57,2.61,1.65,1.68,2.04,2.33,2.48,2.56,2.66,2.83,3.07,3.35,3.63,3.86,4,4.04,3.96,3.8,3.6,3.42,3.27,3.14,3,2.79,2.48,2.07,1.57,1.13,1.04,0.99,0.84,0.44,0.68,0.54,0.53,0.78,0.79,0.85,1.5,2.65,4.32,0,0.75,1.57,2.47,3.46,4.55,5.74,7.04,8.47,10.04,11.76,13.64,15.71,17.98,20.46,23.19,26.18,29.45,33.05,36.99,41.31,46.05,51.25,56.94,63.19,70.04,77.55,85.79,94.83,104.73,115.59,127.5,140.56,154.88,170.58,187.8,206.68,227.39,250.1,275,0.75,1.57,2.47,3.46,4.55,5.74,7.04,8.47,10.04,11.76,13.64,15.71,17.98,20.46,23.19,26.18,29.45,33.05,36.99,41.31,46.05,51.25,56.94,63.19,70.04,77.55,85.79,94.83,104.73,115.59,127.5,140.56,154.88,170.58,187.8,206.68,227.39,250.1,275,412.5,198.477,222.08,100801
1818,100800,723742.9,485567.3,44216.74812,1739,219,66.94,67.99,0.0143,1.05,24,2.743,1.208,234.5,231.3,182.8,148.1,145.5,145.5,145.5,177.6,269.9,405.3,574.8,777.7,1008,1257,1516,1776,2015,2196,2242,2244,2244,2242,2235,2152,1895,1538,1119,699.5,363.2,149.4,68.48,56.96,41.36,32.15,31.58,11.14,9.12,15.23,53.5,129.8,3.41,2.15,1.8,1.86,1.97,1.91,1.79,1.89,2.28,2.8,3.34,3.8,4.17,4.42,4.55,4.58,4.53,4.42,4.27,4.11,3.98,3.87,3.76,3.62,3.4,3.08,2.65,2.14,1.6,1.13,0.83,0.85,0.78,0.73,1.2,1,0.51,0.83,1.58,2.63,0,0.75,1.57,2.47,3.46,4.55,5.74,7.04,8.47,10.04,11.76,13.64,15.71,17.98,20.46,23.19,26.18,29.45,33.05,36.99,41.31,46.05,51.25,56.94,63.19,70.04,77.55,85.79,94.83,104.73,115.59,127.5,140.56,154.88,170.58,187.8,206.68,227.39,250.1,275,0.75,1.57,2.47,3.46,4.55,5.74,7.04,8.47,10.04,11.76,13.64,15.71,17.98,20.46,23.19,26.18,29.45,33.05,36.99,41.31,46.05,51.25,56.94,63.19,70.04,77.55,85.79,94.83,104.73,115.59,127.5,140.56,154.88,170.58,187.8,206.68,227.39,250.1,275,412.5,223.565,239.835,100801
1860,100800,724712.1,485261.3,44216.74865,1779,218.5,52.73,52.22,0.0183,-0.51,24,2.692,1.208,175.8,175.5,170.9,166,165.9,166,166.4,184.1,283.2,443.3,627.1,862.6,1150,1467,1818,2180,2564,2952,3345,3715,3939,4015,4020,4021,4019,4014,4001,3806,3322,2706,2028,1298,575.9,176.1,30.48,57.54,67.61,42.73,25.63,63.8,2.69,1.74,1.74,1.98,2.08,1.97,1.8,1.84,2.21,2.73,3.24,3.69,4.05,4.32,4.5,4.62,4.68,4.71,4.7,4.66,4.6,4.52,4.43,4.35,4.29,4.23,4.14,4.01,3.79,3.48,3.07,2.58,1.99,1.38,0.35,0.83,1.07,0.98,0.48,1.04,0,0.75,1.57,2.47,3.46,4.55,5.74,7.04,8.47,10.04,11.76,13.64,15.71,17.98,20.46,23.19,26.18,29.45,33.05,36.99,41.31,46.05,51.25,56.94,63.19,70.04,77.55,85.79,94.83,104.73,115.59,127.5,140.56,154.88,170.58,187.8,206.68,227.39,250.1,275,0.75,1.57,2.47,3.46,4.55,5.74,7.04,8.47,10.04,11.76,13.64,15.71,17.98,20.46,23.19,26.18,29.45,33.05,36.99,41.31,46.05,51.25,56.94,63.19,70.04,77.55,85.79,94.83,104.73,115.59,127.5,140.56,154.88,170.58,187.8,206.68,227.39,250.1,275,412.5,254.743,275.033,100801
1904,100800,726164.5,484694.4,44216.74945,1819,217.1,57.45,59.81,0.017,2.36,20,3.692,1.208,745.7,743.4,722.4,670.6,637.2,576.3,538.4,528.7,527.8,527.4,611.5,767,998.7,1290,1634,2027,2468,2959,3424,3930,4337,4511,4531,4534,4534,4531,4502,4122,3440,2641,1783,945.1,330.9,75.29,75.47,110,119.4,114.7,30.93,49.63,4.53,2.86,2.23,2.17,2.36,2.55,2.59,2.48,2.28,2.14,2.18,2.41,2.75,3.1,3.41,3.66,3.84,3.95,4,3.99,3.94,3.85,3.74,3.65,3.57,3.51,3.43,3.31,3.12,2.88,2.6,2.25,1.76,0.8,0.63,1.05,1.98,2.62,1.54,1.62,0,0.75,1.57,2.47,3.46,4.55,5.74,7.04,8.47,10.04,11.76,13.64,15.71,17.98,20.46,23.19,26.18,29.45,33.05,36.99,41.31,46.05,51.25,56.94,63.19,70.04,77.55,85.79,94.83,104.73,115.59,127.5,140.56,154.88,170.58,187.8,206.68,227.39,250.1,275,0.75,1.57,2.47,3.46,4.55,5.74,7.04,8.47,10.04,11.76,13.64,15.71,17.98,20.46,23.19,26.18,29.45,33.05,36.99,41.31,46.05,51.25,56.94,63.19,70.04,77.55,85.79,94.83,104.73,115.59,127.5,140.56,154.88,170.58,187.8,206.68,227.39,250.1,275,412.5,232.48,275.033,100801
1948,100800,727229.1,484233.8,44216.75002,1859,209.5,56.95,55.42,0.0172,-1.53,8,3.412,1.208,326.4,326.2,306.3,247.1,148.9,91.66,91.66,92.79,148.9,249.1,428.5,647.5,802.2,1020,1243,1519,1750,1981,2180,2227,2228,2228,2228,2224,2114,1837,1465,1076,710.8,525.8,367,245.1,229.6,229.5,246.1,275.6,290.5,293.5,293.8,294,3.97,2.62,2.23,2.16,2,1.69,1.48,1.45,1.86,2.46,3.09,3.62,3.99,4.26,4.44,4.56,4.65,4.71,4.77,4.83,4.92,5.05,5.23,5.44,5.64,5.8,5.9,5.94,5.95,6.01,6.14,6.6,8.13,98,98,98,98,98,98,98,0,0.75,1.57,2.47,3.46,4.55,5.74,7.04,8.47,10.04,11.76,13.64,15.71,17.98,20.46,23.19,26.18,29.45,33.05,36.99,41.31,46.05,51.25,56.94,63.19,70.04,77.55,85.79,94.83,104.73,115.59,127.5,140.56,154.88,170.58,187.8,206.68,227.39,250.1,275,0.75,1.57,2.47,3.46,4.55,5.74,7.04,8.47,10.04,11.76,13.64,15.71,17.98,20.46,23.19,26.18,29.45,33.05,36.99,41.31,46.05,51.25,56.94,63.19,70.04,77.55,85.79,94.83,104.73,115.59,127.5,140.56,154.88,170.58,187.8,206.68,227.39,250.1,275,412.5,10.971,16.328,100801
1992,100800,728338,483768.1,44216.75064,1899,209.7,45.47,47.19,0.0213,1.72,30,1.681,1.208,450.5,450.3,448.6,438,429.2,425.5,424.4,424.3,427.3,438.8,489.6,559.6,670.1,828.9,1043,1308,1633,1929,2306,2645,2943,3221,3261,3264,3264,3263,3260,3175,2915,2436,1834,1193,633,226.4,27.54,21.78,21.79,8.13,16.59,16.57,3.6,2.26,1.93,2.09,2.37,2.53,2.51,2.37,2.22,2.15,2.2,2.34,2.52,2.71,2.91,3.09,3.25,3.38,3.49,3.56,3.59,3.58,3.52,3.45,3.37,3.29,3.21,3.1,2.92,2.67,2.35,2,1.68,1.38,0.42,0.34,0.9,0.43,0.71,0.7,0,0.75,1.57,2.47,3.46,4.55,5.74,7.04,8.47,10.04,11.76,13.64,15.71,17.98,20.46,23.19,26.18,29.45,33.05,36.99,41.31,46.05,51.25,56.94,63.19,70.04,77.55,85.79,94.83,104.73,115.59,127.5,140.56,154.88,170.58,187.8,206.68,227.39,250.1,275,0.75,1.57,2.47,3.46,4.55,5.74,7.04,8.47,10.04,11.76,13.64,15.71,17.98,20.46,23.19,26.18,29.45,33.05,36.99,41.31,46.05,51.25,56.94,63.19,70.04,77.55,85.79,94.83,104.73,115.59,127.5,140.56,154.88,170.58,187.8,206.68,227.39,250.1,275,412.5,275.033,275.033,100801
2034,100800,729456.5,483363.3,44216.75122,1939,186.4,72.39,73.21,0.0132,0.82,8,4.548,1.208,166.4,166,159.6,155.6,155.5,155.6,156.4,176.6,208.9,277.4,354.7,451.6,558,670.9,785.1,868.1,895.5,896.4,896.5,896.1,893.8,880.1,811.7,740.4,647.4,505.2,394.3,329.1,305.7,304.8,304.6,304.3,303.8,285.4,284,283.8,283.9,284.2,285.9,288.7,2.87,1.85,1.79,2.05,2.22,2.17,2.03,2,2.15,2.46,2.8,3.11,3.33,3.46,3.5,3.45,3.35,3.24,3.16,3.1,3.07,3.03,2.94,2.81,2.65,2.47,2.34,2.31,2.39,2.73,3.6,5.3,8.06,98,98,98,98,98,98,98,0,0.75,1.57,2.47,3.46,4.55,5.74,7.04,8.47,10.04,11.76,13.64,15.71,17.98,20.46,23.19,26.18,29.45,33.05,36.99,41.31,46.05,51.25,56.94,63.19,70.04,77.55,85.79,94.83,104.73,115.59,127.5,140.56,154.88,170.58,187.8,206.68,227.39,250.1,275,0.75,1.57,2.47,3.46,4.55,5.74,7.04,8.47,10.04,11.76,13.64,15.71,17.98,20.46,23.19,26.18,29.45,33.05,36.99,41.31,46.05,51.25,56.94,63.19,70.04,77.55,85.79,94.83,104.73,115.59,127.5,140.56,154.88,170.58,187.8,206.68,227.39,250.1,275,412.5,12.459,25.009,100801
2076,100800,730451.1,482956.4,44216.75174,1979,181.9,44.83,41.61,0.0208,-3.22,28,3.037,1.208,724.8,724.1,632.2,467.6,299.4,150.2,51.7,31.16,37.14,135.8,311.8,528.4,760.4,1029,1330,1668,2058,2411,2790,3136,3438,3647,3715,3718,3718,3716,3711,3691,3457,2986,2458,1873,1270,708.9,176.6,10.25,43,33.21,8.56,45.97,5.49,3.71,2.96,2.68,2.49,2.08,1.38,0.91,1.05,2.01,2.9,3.61,4.13,4.51,4.77,4.96,5.09,5.16,5.19,5.18,5.13,5.07,5.01,4.97,4.98,5.05,5.18,5.34,5.49,5.57,5.53,5.28,4.74,3.81,2.41,0.28,1.03,1.07,0.49,0.65,0,0.75,1.57,2.47,3.46,4.55,5.74,7.04,8.47,10.04,11.76,13.64,15.71,17.98,20.46,23.19,26.18,29.45,33.05,36.99,41.31,46.05,51.25,56.94,63.19,70.04,77.55,85.79,94.83,104.73,115.59,127.5,140.56,154.88,170.58,187.8,206.68,227.39,250.1,275,0.75,1.57,2.47,3.46,4.55,5.74,7.04,8.47,10.04,11.76,13.64,15.71,17.98,20.46,23.19,26.18,29.45,33.05,36.99,41.31,46.05,51.25,56.94,63.19,70.04,77.55,85.79,94.83,104.73,115.59,127.5,140.56,154.88,170.58,187.8,206.68,227.39,250.1,275,412.5,252.888,270.71,100801
2120,100800,731495.6,482531.5,44216.7523,2019,179.9,61.26,64.37,0.0165,3.11,24,2.761,1.208,466.3,466,438.7,354.2,275.2,199.4,177.1,177.1,177.4,185.8,249.6,398.3,579.2,791,1014,1244,1476,1686,1852,1906,1908,1908,1907,1904,1885,1826,1622,1316,1017,710.3,424.3,241.1,175.4,129.3,80.62,45.01,26.73,15.75,15.9,101.9,4.48,2.9,2.31,2.17,2.17,2.1,1.97,1.83,1.73,1.78,2.07,2.52,2.97,3.35,3.64,3.83,3.92,3.93,3.87,3.75,3.61,3.49,3.38,3.3,3.21,3.08,2.89,2.62,2.29,1.93,1.54,1.24,1.15,1.07,0.93,0.92,1.18,0.66,0.51,1.39,0,0.75,1.57,2.47,3.46,4.55,5.74,7.04,8.47,10.04,11.76,13.64,15.71,17.98,20.46,23.19,26.18,29.45,33.05,36.99,41.31,46.05,51.25,56.94,63.19,70.04,77.55,85.79,94.83,104.73,115.59,127.5,140.56,154.88,170.58,187.8,206.68,227.39,250.1,275,0.75,1.57,2.47,3.46,4.55,5.74,7.04,8.47,10.04,11.76,13.64,15.71,17.98,20.46,23.19,26.18,29.45,33.05,36.99,41.31,46.05,51.25,56.94,63.19,70.04,77.55,85.79,94.83,104.73,115.59,127.5,140.56,154.88,170.58,187.8,206.68,227.39,250.1,275,412.5,251.061,268.501,100801
2160,100900,731505.1,481498.2,44216.75881,2059,186,52.99,53.3,0.0182,0.31,32,1.859,1.208,320.2,319.8,312.2,304.4,302,301.8,305.4,332.4,391.7,475.1,578.2,665.5,821.4,988.9,1217,1469,1660,1835,2071,2214,2229,2231,2230,2229,2220,2038,1665,1270,825.4,409.9,171.5,113.2,73.26,20.24,12.51,5.41,4.11,7.91,26.33,126.6,3.24,2.04,1.83,2.04,2.28,2.35,2.27,2.2,2.24,2.39,2.6,2.83,3.05,3.24,3.39,3.49,3.52,3.51,3.48,3.43,3.35,3.28,3.22,3.15,3.06,2.88,2.62,2.27,1.86,1.38,0.94,0.84,0.87,0.4,0.37,0.39,0.28,0.71,1.34,2.56,0,0.75,1.57,2.47,3.46,4.55,5.74,7.04,8.47,10.04,11.76,13.64,15.71,17.98,20.46,23.19,26.18,29.45,33.05,36.99,41.31,46.05,51.25,56.94,63.19,70.04,77.55,85.79,94.83,104.73,115.59,127.5,140.56,154.88,170.58,187.8,206.68,227.39,250.1,275,0.75,1.57,2.47,3.46,4.55,5.74,7.04,8.47,10.04,11.76,13.64,15.71,17.98,20.46,23.19,26.18,29.45,33.05,36.99,41.31,46.05,51.25,56.94,63.19,70.04,77.55,85.79,94.83,104.73,115.59,127.5,140.56,154.88,170.58,187.8,206.68,227.39,250.1,275,412.5,235.629,249.684,100901
2202,100900,730564.5,482074.7,44216.75938,2099,184.1,45.07,44.95,0.0217,-0.12,13,2.644,1.208,321.5,320.7,320.2,319.9,319.8,319.7,319.9,328.3,370.6,452.7,584.3,775.9,1016,1267,1598,1938,2277,2611,2935,3203,3350,3366,3368,3368,3366,3361,3214,2776,2202,1578,956.7,419.3,169.5,155.5,132.6,61.05,40.1,41.4,101.3,188,3.09,1.95,1.81,2.06,2.3,2.35,2.22,2.08,2.08,2.25,2.55,2.9,3.22,3.49,3.69,3.83,3.91,3.94,3.94,3.91,3.85,3.78,3.7,3.63,3.56,3.47,3.32,3.09,2.78,2.39,1.92,1.36,0.87,1.14,1.34,1.13,0.76,1.62,4.38,8.18,0,0.75,1.57,2.47,3.46,4.55,5.74,7.04,8.47,10.04,11.76,13.64,15.71,17.98,20.46,23.19,26.18,29.45,33.05,36.99,41.31,46.05,51.25,56.94,63.19,70.04,77.55,85.79,94.83,104.73,115.59,127.5,140.56,154.88,170.58,187.8,206.68,227.39,250.1,275,0.75,1.57,2.47,3.46,4.55,5.74,7.04,8.47,10.04,11.76,13.64,15.71,17.98,20.46,23.19,26.18,29.45,33.05,36.99,41.31,46.05,51.25,56.94,63.19,70.04,77.55,85.79,94.83,104.73,115.59,127.5,140.56,154.88,170.58,187.8,206.68,227.39,250.1,275,412.5,160.129,208.25,100901
2244,100900,729513.5,482499.7,44216.76001,2139,193.6,44.38,45.17,0.0223,0.79,32,1.966,1.208,223.6,220.4,199.4,182.6,180.2,176.6,176.5,176.5,176.6,194.8,261.1,345.2,471.2,642.6,850.5,1094,1370,1620,1914,2167,2424,2574,2624,2625,2626,2625,2623,2613,2381,1994,1509,980.2,478.3,125.1,17.98,19.04,15.6,4.03,9.22,205.5,3.06,1.95,1.79,1.96,2.1,2.08,1.96,1.86,1.84,1.93,2.13,2.36,2.61,2.88,3.14,3.4,3.62,3.8,3.93,4,4.02,3.98,3.9,3.8,3.7,3.62,3.56,3.47,3.31,3.06,2.7,2.25,1.73,1.17,0.29,0.46,0.79,0.21,0.5,1.76,0,0.75,1.57,2.47,3.46,4.55,5.74,7.04,8.47,10.04,11.76,13.64,15.71,17.98,20.46,23.19,26.18,29.45,33.05,36.99,41.31,46.05,51.25,56.94,63.19,70.04,77.55,85.79,94.83,104.73,115.59,127.5,140.56,154.88,170.58,187.8,206.68,227.39,250.1,275,0.75,1.57,2.47,3.46,4.55,5.74,7.04,8.47,10.04,11.76,13.64,15.71,17.98,20.46,23.19,26.18,29.45,33.05,36.99,41.31,46.05,51.25,56.94,63.19,70.04,77.55,85.79,94.83,104.73,115.59,127.5,140.56,154.88,170.58,187.8,206.68,227.39,250.1,275,412.5,254.431,265.139,100901
2286,100900,728474.3,482911,44216.76058,2179,211.9,60.44,65.24,0.0179,4.8,26,2.556,1.208,456,418.4,311.6,284.6,229.9,214.3,192.6,187.2,187.2,265.9,422.3,636.3,890.5,1145,1424,1725,2027,2392,2788,3180,3572,3880,4143,4216,4219,4220,4220,4218,4198,4027,3394,2531,1449,412.3,11.62,36.36,18.72,5.34,37.41,40.44,4.51,2.81,2.09,2.01,2.1,2.13,1.98,1.77,1.72,2.01,2.51,3.03,3.47,3.8,4.02,4.17,4.27,4.33,4.36,4.36,4.33,4.27,4.19,4.09,4,3.95,3.96,4.02,4.1,4.14,4.06,3.77,3.16,2.13,0.15,0.81,0.77,0.16,1.33,0.4,0,0.75,1.57,2.47,3.46,4.55,5.74,7.04,8.47,10.04,11.76,13.64,15.71,17.98,20.46,23.19,26.18,29.45,33.05,36.99,41.31,46.05,51.25,56.94,63.19,70.04,77.55,85.79,94.83,104.73,115.59,127.5,140.56,154.88,170.58,187.8,206.68,227.39,250.1,275,0.75,1.57,2.47,3.46,4.55,5.74,7.04,8.47,10.04,11.76,13.64,15.71,17.98,20.46,23.19,26.18,29.45,33.05,36.99,41.31,46.05,51.25,56.94,63.19,70.04,77.55,85.79,94.83,104.73,115.59,127.5,140.56,154.88,170.58,187.8,206.68,227.39,250.1,275,412.5,251.759,270.107,100901
2332,100900,726863.3,483530.6,44216.76145,2219,215,56.31,58.93,0.0196,2.62,9,3.598,1.208,520.2,516.2,437,314.8,199.8,124.8,99.65,99.63,100.1,133.4,221.2,362,562.9,767.1,997,1230,1456,1675,1887,2060,2079,2081,2081,2080,1978,1683,1318,929.4,569.7,336.6,302.4,301.6,301.5,301.6,302.5,310.3,313.2,313.7,314,314.1,5.4,3.58,2.72,2.35,2.13,1.89,1.65,1.51,1.51,1.78,2.26,2.77,3.25,3.64,3.95,4.19,4.38,4.55,4.69,4.81,4.91,5,5.08,5.12,5.09,4.95,4.71,4.4,4.09,3.93,4.16,4.66,5.58,7.32,98,98,98,98,98,98,0,0.75,1.57,2.47,3.46,4.55,5.74,7.04,8.47,10.04,11.76,13.64,15.71,17.98,20.46,23.19,26.18,29.45,33.05,36.99,41.31,46.05,51.25,56.94,63.19,70.04,77.55,85.79,94.83,104.73,115.59,127.5,140.56,154.88,170.58,187.8,206.68,227.39,250.1,275,0.75,1.57,2.47,3.46,4.55,5.74,7.04,8.47,10.04,11.76,13.64,15.71,17.98,20.46,23.19,26.18,29.45,33.05,36.99,41.31,46.05,51.25,56.94,63.19,70.04,77.55,85.79,94.83,104.73,115.59,127.5,140.56,154.88,170.58,187.8,206.68,227.39,250.1,275,412.5,13.913,21.486,100901
2378,100900,725679.9,484017.5,44216.76215,2259,222.9,49.83,50.33,0.0197,0.5,12,3.589,1.208,243.2,242.9,237.8,233,232.2,232,232,249.8,303.8,352.1,477.6,618.6,790.2,980.9,1190,1397,1587,1748,1843,1847,1848,1847,1844,1832,1684,1418,1109,724.7,553.4,365.4,298.1,165.2,44.8,42.23,97.45,180.6,258.3,312.2,330.7,332.4,2.99,1.9,1.79,2.04,2.23,2.23,2.11,2.03,2.12,2.33,2.66,3,3.29,3.51,3.64,3.69,3.69,3.65,3.59,3.53,3.48,3.46,3.43,3.34,3.14,2.81,2.38,1.94,1.72,1.75,2,1.85,0.97,0.67,1.24,2.16,3.59,5.67,8.55,98,0,0.75,1.57,2.47,3.46,4.55,5.74,7.04,8.47,10.04,11.76,13.64,15.71,17.98,20.46,23.19,26.18,29.45,33.05,36.99,41.31,46.05,51.25,56.94,63.19,70.04,77.55,85.79,94.83,104.73,115.59,127.5,140.56,154.88,170.58,187.8,206.68,227.39,250.1,275,0.75,1.57,2.47,3.46,4.55,5.74,7.04,8.47,10.04,11.76,13.64,15.71,17.98,20.46,23.19,26.18,29.45,33.05,36.99,41.31,46.05,51.25,56.94,63.19,70.04,77.55,85.79,94.83,104.73,115.59,127.5,140.56,154.88,170.58,187.8,206.68,227.39,250.1,275,412.5,145.127,167.987,100901
2418,100900,724831.7,484348.8,44216.76261,2299,224.7,48.55,49.41,0.0227,0.86,30,2.012,1.208,169.5,169.3,168.7,168,167.8,167.8,177.9,237.3,326,455.6,633.9,845.7,1104,1392,1712,2066,2442,2816,3173,3469,3603,3612,3613,3613,3611,3606,3509,3123,2474,1746,1037,445.7,144.7,26.69,17.87,17.62,8.35,4.73,19.18,68.92,2.78,1.82,1.8,1.99,2.05,1.95,1.89,2.06,2.4,2.82,3.23,3.59,3.88,4.1,4.26,4.37,4.43,4.47,4.48,4.45,4.41,4.35,4.29,4.23,4.18,4.09,3.92,3.65,3.24,2.73,2.14,1.55,1.11,0.42,0.37,0.56,0.65,0.26,1.06,1.02,0,0.75,1.57,2.47,3.46,4.55,5.74,7.04,8.47,10.04,11.76,13.64,15.71,17.98,20.46,23.19,26.18,29.45,33.05,36.99,41.31,46.05,51.25,56.94,63.19,70.04,77.55,85.79,94.83,104.73,115.59,127.5,140.56,154.88,170.58,187.8,206.68,227.39,250.1,275,0.75,1.57,2.47,3.46,4.55,5.74,7.04,8.47,10.04,11.76,13.64,15.71,17.98,20.46,23.19,26.18,29.45,33.05,36.99,41.31,46.05,51.25,56.94,63.19,70.04,77.55,85.79,94.83,104.73,115.59,127.5,140.56,154.88,170.58,187.8,206.68,227.39,250.1,275,412.5,251.084,264.355,100901
2462,100900,723760,484787.2,44216.76319,2339,220.1,60.42,61.33,0.0176,0.91,25,3.444,1.208,340.4,330.8,268,186.6,113.4,67.25,67.28,68.55,95.1,144.8,222.2,313.8,413.3,509.7,593.8,636,635.8,634.8,632.5,625.7,609.4,561.8,520.7,418.4,305.8,206.5,136.2,95.36,91.31,91.15,87.99,56.69,14.58,10.38,10.35,10.09,18.07,73.53,133.6,278,4.67,3.09,2.44,2.17,1.92,1.57,1.42,1.44,1.73,2.15,2.58,2.95,3.2,3.34,3.36,3.29,3.16,3.03,2.93,2.85,2.78,2.67,2.51,2.26,1.94,1.6,1.33,1.17,1.18,1.25,1.4,1.36,0.81,0.81,0.72,0.72,1.11,2.56,4.6,7.37,0,0.75,1.57,2.47,3.46,4.55,5.74,7.04,8.47,10.04,11.76,13.64,15.71,17.98,20.46,23.19,26.18,29.45,33.05,36.99,41.31,46.05,51.25,56.94,63.19,70.04,77.55,85.79,94.83,104.73,115.59,127.5,140.56,154.88,170.58,187.8,206.68,227.39,250.1,275,0.75,1.57,2.47,3.46,4.55,5.74,7.04,8.47,10.04,11.76,13.64,15.71,17.98,20.46,23.19,26.18,29.45,33.05,36.99,41.31,46.05,51.25,56.94,63.19,70.04,77.55,85.79,94.83,104.73,115.59,127.5,140.56,154.88,170.58,187.8,206.68,227.39,250.1,275,412.5,190.131,208.938,100901
2506,100900,722757,485256.9,44216.76379,2379,216.1,49.19,47.96,0.0193,-1.23,24,2.528,1.208,329.5,321.1,233,146.3,84.55,48.84,48.87,58.67,119,214.7,309.4,458.8,675.4,894.9,1106,1411,1668,2026,2287,2494,2608,2617,2617,2616,2611,2593,2439,2095,1705,1249,761.3,372.2,152.7,39.22,52.93,71.81,71.82,73.37,103.7,161.6,4.49,2.96,2.32,2.03,1.74,1.33,1.2,1.39,1.95,2.51,2.96,3.36,3.71,4,4.25,4.46,4.65,4.8,4.9,4.96,4.97,4.94,4.88,4.8,4.7,4.55,4.32,4,3.59,3.09,2.52,1.94,1.39,0.7,0.95,1.06,1,1.06,1.94,3.91,0,0.75,1.57,2.47,3.46,4.55,5.74,7.04,8.47,10.04,11.76,13.64,15.71,17.98,20.46,23.19,26.18,29.45,33.05,36.99,41.31,46.05,51.25,56.94,63.19,70.04,77.55,85.79,94.83,104.73,115.59,127.5,140.56,154.88,170.58,187.8,206.68,227.39,250.1,275,0.75,1.57,2.47,3.46,4.55,5.74,7.04,8.47,10.04,11.76,13.64,15.71,17.98,20.46,23.19,26.18,29.45,33.05,36.99,41.31,46.05,51.25,56.94,63.19,70.04,77.55,85.79,94.83,104.73,115.59,127.5,140.56,154.88,170.58,187.8,206.68,227.39,250.1,275,412.5,189.113,226.519,100901
2546,100900,721887.9,485590.5,44216.76425,2419,216.1,52.95,52.86,0.0172,-0.09,29,1.852,1.208,124.8,124.7,124.6,126.7,175.2,247.8,337.3,473.6,650.3,865.4,1124,1418,1754,2115,2496,2882,3282,3639,3906,3993,4005,4007,4007,4006,4000,3761,3195,2435,1603,747.8,123.9,20.2,29.34,28.9,18.73,7.42,8.48,25.16,34.37,34.46,2.42,1.57,1.58,1.82,2.07,2.22,2.45,2.81,3.26,3.73,4.17,4.53,4.79,4.95,5.01,4.98,4.91,4.79,4.65,4.52,4.41,4.35,4.34,4.34,4.32,4.21,3.94,3.5,2.86,2.04,1.11,0.33,0.63,0.74,0.81,0.57,0.51,1.19,1.3,1.49,0,0.75,1.57,2.47,3.46,4.55,5.74,7.04,8.47,10.04,11.76,13.64,15.71,17.98,20.46,23.19,26.18,29.45,33.05,36.99,41.31,46.05,51.25,56.94,63.19,70.04,77.55,85.79,94.83,104.73,115.59,127.5,140.56,154.88,170.58,187.8,206.68,227.39,250.1,275,0.75,1.57,2.47,3.46,4.55,5.74,7.04,8.47,10.04,11.76,13.64,15.71,17.98,20.46,23.19,26.18,29.45,33.05,36.99,41.31,46.05,51.25,56.94,63.19,70.04,77.55,85.79,94.83,104.73,115.59,127.5,140.56,154.88,170.58,187.8,206.68,227.39,250.1,275,412.5,229.803,260.866,100901
2586,100900,720942.4,485989.9,44216.76472,2459,215.2,41.53,42.91,0.0215,1.38,28,1.81,1.208,128,126.1,123.7,123.6,165.6,247.7,380,558.6,777.5,1034,1324,1652,2024,2450,2860,3276,3661,3986,4421,4612,4626,4632,4633,4630,4547,4187,3496,2614,1595,618.5,37.23,20.5,38.13,36.31,11.78,6.5,14.87,30.62,33.37,33.38,2.29,1.54,1.57,1.69,1.86,2.16,2.6,3.12,3.62,4.07,4.43,4.69,4.85,4.93,4.93,4.87,4.78,4.68,4.6,4.52,4.48,4.48,4.52,4.59,4.62,4.56,4.32,3.86,3.1,2.01,0.45,0.34,0.82,0.96,0.69,0.41,0.9,1.19,1.3,1.9,0,0.75,1.57,2.47,3.46,4.55,5.74,7.04,8.47,10.04,11.76,13.64,15.71,17.98,20.46,23.19,26.18,29.45,33.05,36.99,41.31,46.05,51.25,56.94,63.19,70.04,77.55,85.79,94.83,104.73,115.59,127.5,140.56,154.88,170.58,187.8,206.68,227.39,250.1,275,0.75,1.57,2.47,3.46,4.55,5.74,7.04,8.47,10.04,11.76,13.64,15.71,17.98,20.46,23.19,26.18,29.45,33.05,36.99,41.31,46.05,51.25,56.94,63.19,70.04,77.55,85.79,94.83,104.73,115.59,127.5,140.56,154.88,170.58,187.8,206.68,227.39,250.1,275,412.5,218.473,249.469,100901
2626,100900,719987.8,486367,44216.76518,2499,213.4,39.99,41.5,0.0209,1.51,30,2.725,1.208,124.1,162.9,302,521.4,803.4,1128,1510,1955,2465,3029,3565,4257,4963,5845,6623,7456,7810,8520,9153,9286,9297,9301,9298,9018,7983,6227,4497,2351,617,27.13,40.97,36.24,33.89,26.01,9.71,9.24,29.35,45.31,45.33,27.91,1.47,1.22,1.87,2.59,3.2,3.69,4.09,4.41,4.69,4.91,5.09,5.23,5.32,5.37,5.37,5.33,5.26,5.18,5.1,5.01,4.94,4.88,4.82,4.7,4.49,4.14,3.62,2.89,1.88,0.22,0.57,0.63,0.77,0.85,0.51,0.48,1.17,1.36,1.34,1.41,0,0.75,1.57,2.47,3.46,4.55,5.74,7.04,8.47,10.04,11.76,13.64,15.71,17.98,20.46,23.19,26.18,29.45,33.05,36.99,41.31,46.05,51.25,56.94,63.19,70.04,77.55,85.79,94.83,104.73,115.59,127.5,140.56,154.88,170.58,187.8,206.68,227.39,250.1,275,0.75,1.57,2.47,3.46,4.55,5.74,7.04,8.47,10.04,11.76,13.64,15.71,17.98,20.46,23.19,26.18,29.45,33.05,36.99,41.31,46.05,51.25,56.94,63.19,70.04,77.55,85.79,94.83,104.73,115.59,127.5,140.56,154.88,170.58,187.8,206.68,227.39,250.1,275,412.5,218.135,265.619,100901
2670,100900,718412.9,487040.1,44216.766,2539,201.1,43.1,52.31,0.028,9.21,27,2.228,1.208,137.9,150.2,310.5,561.4,745.6,925.8,1157,1391,1624,1909,2384,2874,3244,3445,3501,3507,3510,3511,3511,3505,3314,2652,1737,626,60.23,14.23,55.65,55.79,43.88,10.79,3.78,4.19,4.78,3.14,1.81,12.24,34.6,52.55,70.28,79.29,1.87,1.31,1.95,2.74,3.38,3.85,4.18,4.4,4.57,4.71,4.83,4.91,4.93,4.88,4.78,4.66,4.55,4.46,4.39,4.29,4.1,3.72,3.11,2.22,1.07,0.2,1.05,0.93,1.26,1.26,0.51,0.51,1.18,1.31,0.45,2.42,5.03,8.47,98,98,0,0.75,1.57,2.47,3.46,4.55,5.74,7.04,8.47,10.04,11.76,13.64,15.71,17.98,20.46,23.19,26.18,29.45,33.05,36.99,41.31,46.05,51.25,56.94,63.19,70.04,77.55,85.79,94.83,104.73,115.59,127.5,140.56,154.88,170.58,187.8,206.68,227.39,250.1,275,0.75,1.57,2.47,3.46,4.55,5.74,7.04,8.47,10.04,11.76,13.64,15.71,17.98,20.46,23.19,26.18,29.45,33.05,36.99,41.31,46.05,51.25,56.94,63.19,70.04,77.55,85.79,94.83,104.73,115.59,127.5,140.56,154.88,170.58,187.8,206.68,227.39,250.1,275,412.5,148.734,168.074,100901
2710,100900,717503.4,487400.5,44216.76646,2579,189.7,38.08,37.92,0.0255,-0.16,5,0.3093,1.208,341.5,341.7,349.2,389.1,476.2,526.1,565.7,575.6,578.2,578.5,578.5,578.2,577.2,575.4,573.5,571.4,565,542.5,518,480.8,405.3,297.9,177,92.58,63.14,63.54,63.88,64.58,69.1,80.54,111.4,145.2,175.1,197,206.3,207.1,207.4,207.6,207.7,207.7,98,98,98,98,98,98,98,98,8.87,7.71,6.87,6.29,5.94,5.76,5.72,5.77,5.85,5.89,5.83,5.59,5.1,4.34,3.37,2.34,1.64,1.52,1.51,1.37,1.41,2.18,4.08,7.36,98,98,98,98,98,98,98,98,0,0.75,1.57,2.47,3.46,4.55,5.74,7.04,8.47,10.04,11.76,13.64,15.71,17.98,20.46,23.19,26.18,29.45,33.05,36.99,41.31,46.05,51.25,56.94,63.19,70.04,77.55,85.79,94.83,104.73,115.59,127.5,140.56,154.88,170.58,187.8,206.68,227.39,250.1,275,0.75,1.57,2.47,3.46,4.55,5.74,7.04,8.47,10.04,11.76,13.64,15.71,17.98,20.46,23.19,26.18,29.45,33.05,36.99,41.31,46.05,51.25,56.94,63.19,70.04,77.55,85.79,94.83,104.73,115.59,127.5,140.56,154.88,170.58,187.8,206.68,227.39,250.1,275,412.5,65.72,85.254,100901
2754,100900,716200.7,488003.4,44216.76718,2619,187.2,47.84,48.51,0.0187,0.67,29,2.097,1.208,100.7,105,132.4,172.5,207.7,266.3,350.7,450.4,553.2,681.7,781.5,860.1,928.4,929,929.1,928.8,922.8,886.1,717.9,489.9,208.2,36.46,35.94,46.55,65.83,65.84,53.62,39.02,37.5,24.33,17.38,15.01,14.92,22.54,38.58,51.56,62.19,66.32,67.08,67.84,2,1.39,1.69,2.07,2.3,2.48,2.7,2.94,3.19,3.4,3.52,3.55,3.49,3.37,3.26,3.17,3.11,3.04,2.84,2.43,1.71,0.64,0.78,0.9,1.13,1.17,1.1,1,1.12,1.06,1.09,1.01,0.89,1.12,1.68,2.73,4.65,7.83,98,98,0,0.75,1.57,2.47,3.46,4.55,5.74,7.04,8.47,10.04,11.76,13.64,15.71,17.98,20.46,23.19,26.18,29.45,33.05,36.99,41.31,46.05,51.25,56.94,63.19,70.04,77.55,85.79,94.83,104.73,115.59,127.5,140.56,154.88,170.58,187.8,206.68,227.39,250.1,275,0.75,1.57,2.47,3.46,4.55,5.74,7.04,8.47,10.04,11.76,13.64,15.71,17.98,20.46,23.19,26.18,29.45,33.05,36.99,41.31,46.05,51.25,56.94,63.19,70.04,77.55,85.79,94.83,104.73,115.59,127.5,140.56,154.88,170.58,187.8,206.68,227.39,250.1,275,412.5,134.684,156.865,100901
2796,100900,715230.4,488358.5,44216.7677,2659,179.9,42.3,44.44,0.0227,2.14,41,1.17,1.208,222.2,222.8,246.7,280.4,320.3,346.6,364.6,377.8,378,377.8,377.2,376.5,374.4,351.9,307.6,233.2,153.2,92.31,52.62,32.56,32.5,47.01,70.4,84.38,84.52,84.51,78.02,45.38,17.51,15.49,15.47,21.59,33.51,47.22,58.79,66.14,68.67,70.84,72.57,72.55,2.69,1.7,1.75,2.14,2.49,2.64,2.61,2.48,2.34,2.26,2.25,2.28,2.31,2.25,2.08,1.8,1.48,1.24,1,0.76,0.82,1.03,1.27,1.37,1.37,1.43,1.46,1.23,0.74,0.82,0.83,1.03,1.31,1.51,1.6,1.63,1.66,1.71,1.74,1.69,0,0.75,1.57,2.47,3.46,4.55,5.74,7.04,8.47,10.04,11.76,13.64,15.71,17.98,20.46,23.19,26.18,29.45,33.05,36.99,41.31,46.05,51.25,56.94,63.19,70.04,77.55,85.79,94.83,104.73,115.59,127.5,140.56,154.88,170.58,187.8,206.68,227.39,250.1,275,0.75,1.57,2.47,3.46,4.55,5.74,7.04,8.47,10.04,11.76,13.64,15.71,17.98,20.46,23.19,26.18,29.45,33.05,36.99,41.31,46.05,51.25,56.94,63.19,70.04,77.55,85.79,94.83,104.73,115.59,127.5,140.56,154.88,170.58,187.8,206.68,227.39,250.1,275,412.5,168.776,211.33,100901
2836,101000,714649.1,487805.7,44216.76873,2699,179.6,48.05,51.12,0.0231,3.07,40,1.52,1.208,189.1,189.1,198.4,209.8,226.6,243.8,257.1,259.3,259.8,260.4,262.4,262.9,263,241.3,185.6,127.4,69.97,35.27,31.75,32.16,49.44,69.39,73.1,73.11,72.02,65.08,42.02,21.36,17.12,16.62,17.59,24.59,37.9,51.12,60.54,68.39,73.79,76.17,76.97,77.57,2.84,1.82,1.79,2.08,2.32,2.39,2.33,2.21,2.13,2.11,2.15,2.19,2.18,2.06,1.83,1.57,1.26,0.85,0.83,0.51,1.11,1.25,1.37,1.39,1.4,1.4,1.23,0.89,0.87,0.92,0.95,1.16,1.43,1.6,1.67,1.71,1.77,1.78,1.62,1.11,0,0.75,1.57,2.47,3.46,4.55,5.74,7.04,8.47,10.04,11.76,13.64,15.71,17.98,20.46,23.19,26.18,29.45,33.05,36.99,41.31,46.05,51.25,56.94,63.19,70.04,77.55,85.79,94.83,104.73,115.59,127.5,140.56,154.88,170.58,187.8,206.68,227.39,250.1,275,0.75,1.57,2.47,3.46,4.55,5.74,7.04,8.47,10.04,11.76,13.64,15.71,17.98,20.46,23.19,26.18,29.45,33.05,36.99,41.31,46.05,51.25,56.94,63.19,70.04,77.55,85.79,94.83,104.73,115.59,127.5,140.56,154.88,170.58,187.8,206.68,227.39,250.1,275,412.5,161.601,202.512,101001
2876,101000,715410.4,487378.2,44216.7692,2739,181,45.59,46.04,0.0192,0.45,39,1.957,1.208,51.27,50.41,50.37,50.38,51.86,88.05,139.6,191.7,246.7,314.6,392.4,452.4,463.9,464.1,464.1,463.5,458.5,417.5,326.3,210.1,94.72,31.21,30.12,47.41,70.42,79.37,79.47,79.43,48.16,13.1,12.28,13.59,36.17,52.95,60.38,61.96,64.4,64.63,64.64,64.55,2.16,1.53,1.57,1.56,1.58,1.98,2.49,2.94,3.26,3.46,3.53,3.48,3.35,3.2,3.09,3.04,2.99,2.87,2.61,2.14,1.5,0.82,0.88,1.15,1.36,1.41,1.46,1.55,1.33,0.63,0.78,0.78,1.39,1.67,1.68,1.6,1.59,1.62,1.63,1.61,0,0.75,1.57,2.47,3.46,4.55,5.74,7.04,8.47,10.04,11.76,13.64,15.71,17.98,20.46,23.19,26.18,29.45,33.05,36.99,41.31,46.05,51.25,56.94,63.19,70.04,77.55,85.79,94.83,104.73,115.59,127.5,140.56,154.88,170.58,187.8,206.68,227.39,250.1,275,0.75,1.57,2.47,3.46,4.55,5.74,7.04,8.47,10.04,11.76,13.64,15.71,17.98,20.46,23.19,26.18,29.45,33.05,36.99,41.31,46.05,51.25,56.94,63.19,70.04,77.55,85.79,94.83,104.73,115.59,127.5,140.56,154.88,170.58,187.8,206.68,227.39,250.1,275,412.5,157.556,199.33,101001
2918,101000,716314,487017.8,44216.7697,2779,191.8,43.67,45.88,0.0202,2.21,39,1.787,1.208,92.21,126.6,209.7,330,517.3,687.4,840,1013,1196,1429,1612,1708,1797,1834,1836,1836,1835,1809,1580,1252,935.5,533.6,157.4,26.19,30.44,66.2,74.21,74.16,69.26,30.04,20.61,17.33,15.73,17.03,32.23,53.17,70.95,84.02,91.04,93.86,1.54,1.29,1.89,2.56,3.12,3.51,3.77,3.94,4.07,4.15,4.19,4.17,4.1,4,3.86,3.71,3.55,3.37,3.14,2.87,2.55,2.1,1.43,0.39,0.57,1.05,1.07,1.13,1.21,0.82,0.77,0.78,0.83,0.85,1.21,1.53,1.72,1.92,2.35,3.33,0,0.75,1.57,2.47,3.46,4.55,5.74,7.04,8.47,10.04,11.76,13.64,15.71,17.98,20.46,23.19,26.18,29.45,33.05,36.99,41.31,46.05,51.25,56.94,63.19,70.04,77.55,85.79,94.83,104.73,115.59,127.5,140.56,154.88,170.58,187.8,206.68,227.39,250.1,275,0.75,1.57,2.47,3.46,4.55,5.74,7.04,8.47,10.04,11.76,13.64,15.71,17.98,20.46,23.19,26.18,29.45,33.05,36.99,41.31,46.05,51.25,56.94,63.19,70.04,77.55,85.79,94.83,104.73,115.59,127.5,140.56,154.88,170.58,187.8,206.68,227.39,250.1,275,412.5,171.725,191.548,101001
2960,101000,717947.5,486436.5,44216.77058,2819,200.2,43.77,61.22,0.0227,17.45,24,2.614,1.208,583.7,581.7,562.3,557.4,616.7,712.1,827.5,1310,1632,2309,2462,2687,3053,3220,3260,3267,3268,3267,3175,3007,2613,1915,1396,777.7,286,21.62,32.61,48.58,50.29,23.4,13.46,9.44,9.45,5.95,8.19,16.06,27.11,35.22,43.37,43.45,4.11,2.57,2.02,2.04,2.32,2.68,3.06,3.49,3.85,4.14,4.3,4.36,4.34,4.26,4.13,3.99,3.85,3.73,3.63,3.54,3.43,3.28,3.09,2.76,2.1,0.47,0.65,0.93,1.3,1.22,0.99,1.05,1.38,0.89,0.96,1.38,2.03,3.12,4.91,7.63,0,0.75,1.57,2.47,3.46,4.55,5.74,7.04,8.47,10.04,11.76,13.64,15.71,17.98,20.46,23.19,26.18,29.45,33.05,36.99,41.31,46.05,51.25,56.94,63.19,70.04,77.55,85.79,94.83,104.73,115.59,127.5,140.56,154.88,170.58,187.8,206.68,227.39,250.1,275,0.75,1.57,2.47,3.46,4.55,5.74,7.04,8.47,10.04,11.76,13.64,15.71,17.98,20.46,23.19,26.18,29.45,33.05,36.99,41.31,46.05,51.25,56.94,63.19,70.04,77.55,85.79,94.83,104.73,115.59,127.5,140.56,154.88,170.58,187.8,206.68,227.39,250.1,275,412.5,160.848,177.553,101001
3000,101000,718742.1,485986.8,44216.77105,2859,205.2,55.45,55.95,0.0163,0.5,30,2.209,1.208,130.5,130.5,204,318.3,446.2,606,793.8,1015,1280,1575,1908,2265,2709,3004,3311,3662,3810,3828,3832,3832,3830,3633,3288,2822,2131,1212,444.7,45.41,25.77,48.45,48.43,43.34,17.31,10.4,10.57,17.73,26.71,29.03,29.01,25.78,1.86,1.26,1.74,2.33,2.78,3.11,3.39,3.65,3.92,4.19,4.45,4.68,4.84,4.91,4.89,4.8,4.63,4.43,4.23,4.06,3.93,3.81,3.69,3.5,3.17,2.61,1.76,0.49,0.35,0.86,0.84,1.07,0.77,0.62,0.67,0.98,1.13,1.16,1.49,2.44,0,0.75,1.57,2.47,3.46,4.55,5.74,7.04,8.47,10.04,11.76,13.64,15.71,17.98,20.46,23.19,26.18,29.45,33.05,36.99,41.31,46.05,51.25,56.94,63.19,70.04,77.55,85.79,94.83,104.73,115.59,127.5,140.56,154.88,170.58,187.8,206.68,227.39,250.1,275,0.75,1.57,2.47,3.46,4.55,5.74,7.04,8.47,10.04,11.76,13.64,15.71,17.98,20.46,23.19,26.18,29.45,33.05,36.99,41.31,46.05,51.25,56.94,63.19,70.04,77.55,85.79,94.83,104.73,115.59,127.5,140.56,154.88,170.58,187.8,206.68,227.39,250.1,275,412.5,207.521,257.952,101001
3042,101000,720071.1,485396.9,44216.77179,2899,213.1,58.37,60.17,0.0158,1.8,32,1.799,1.208,157.6,157.5,185.7,262,376.8,534.5,732.5,982.1,1286,1632,2028,2464,2942,3456,4050,4501,4814,5233,5376,5406,5410,5410,5407,5306,4850,3876,2484,1417,451.5,34.9,29.77,31.85,31.84,23.36,8.13,8.82,21.39,30,30,21.63,2.14,1.4,1.63,2.09,2.49,2.84,3.17,3.52,3.88,4.25,4.6,4.9,5.14,5.29,5.36,5.32,5.21,5.05,4.86,4.67,4.5,4.38,4.28,4.19,4.04,3.77,3.34,2.74,1.86,0.44,0.47,0.67,0.85,1.11,0.71,0.53,1.05,1.18,1.54,2.55,0,0.75,1.57,2.47,3.46,4.55,5.74,7.04,8.47,10.04,11.76,13.64,15.71,17.98,20.46,23.19,26.18,29.45,33.05,36.99,41.31,46.05,51.25,56.94,63.19,70.04,77.55,85.79,94.83,104.73,115.59,127.5,140.56,154.88,170.58,187.8,206.68,227.39,250.1,275,0.75,1.57,2.47,3.46,4.55,5.74,7.04,8.47,10.04,11.76,13.64,15.71,17.98,20.46,23.19,26.18,29.45,33.05,36.99,41.31,46.05,51.25,56.94,63.19,70.04,77.55,85.79,94.83,104.73,115.59,127.5,140.56,154.88,170.58,187.8,206.68,227.39,250.1,275,412.5,220.787,275.033,101001
3084,101000,721284.5,484943.9,44216.77244,2939,218.5,32.91,102.8,0.0161,69.89,30,10.31,1.208,79.6,135.8,431.8,688.1,961.5,1307,1676,2168,2695,3273,3820,4484,5228,6092,6946,7621,8332,8422,8505,8516,8258,5664,2118,5.78,367.1,370.7,500.4,71.73,7.04,4.75,7.68,14.76,15.23,9.65,6.29,5.33,6.33,15,15.01,3.16,1.72,1.44,2.36,3.54,4.88,6.33,7.84,9.36,98,98,98,98,98,98,98,98,98,98,98,9.77,7.54,5.18,2.81,0.07,2.32,3.29,3.23,2.18,0.77,0.53,0.84,1.32,1.6,1.57,1.33,1.15,1.57,3.27,5.33,7.7,0,0.75,1.57,2.47,3.46,4.55,5.74,7.04,8.47,10.04,11.76,13.64,15.71,17.98,20.46,23.19,26.18,29.45,33.05,36.99,41.31,46.05,51.25,56.94,63.19,70.04,77.55,85.79,94.83,104.73,115.59,127.5,140.56,154.88,170.58,187.8,206.68,227.39,250.1,275,0.75,1.57,2.47,3.46,4.55,5.74,7.04,8.47,10.04,11.76,13.64,15.71,17.98,20.46,23.19,26.18,29.45,33.05,36.99,41.31,46.05,51.25,56.94,63.19,70.04,77.55,85.79,94.83,104.73,115.59,127.5,140.56,154.88,170.58,187.8,206.68,227.39,250.1,275,412.5,174.551,206.681,101001
3124,101000,722166.1,484620.6,44216.7729,2979,218.3,53.72,54.44,0.0183,0.72,24,2.746,1.208,189.8,189.8,189.7,189.7,191.1,197,241.6,339.9,489.1,684.2,904.5,1162,1460,1797,2164,2518,2900,3205,3405,3499,3508,3510,3510,3508,3494,3243,2717,2051,1342,642.9,193.7,47.52,36.12,19.7,19.71,13.08,7.48,14.58,34.7,38.72,2.67,1.74,1.75,1.97,2.04,1.98,2.02,2.28,2.71,3.19,3.65,4.04,4.35,4.55,4.67,4.69,4.66,4.57,4.45,4.32,4.2,4.12,4.06,4.02,3.95,3.8,3.53,3.13,2.61,1.99,1.35,0.79,0.9,0.58,1.01,1.68,0.61,0.93,1.43,2,0,0.75,1.57,2.47,3.46,4.55,5.74,7.04,8.47,10.04,11.76,13.64,15.71,17.98,20.46,23.19,26.18,29.45,33.05,36.99,41.31,46.05,51.25,56.94,63.19,70.04,77.55,85.79,94.83,104.73,115.59,127.5,140.56,154.88,170.58,187.8,206.68,227.39,250.1,275,0.75,1.57,2.47,3.46,4.55,5.74,7.04,8.47,10.04,11.76,13.64,15.71,17.98,20.46,23.19,26.18,29.45,33.05,36.99,41.31,46.05,51.25,56.94,63.19,70.04,77.55,85.79,94.83,104.73,115.59,127.5,140.56,154.88,170.58,187.8,206.68,227.39,250.1,275,412.5,219.607,236.094,101001
3166,101000,722705.7,484294.6,44216.77345,3019,219.8,75.69,75.7,0.0124,0.01,27,4.732,1.208,520.1,506,373.8,225.4,109.7,44.99,45.41,52.59,107.6,178,281.4,417.3,569.9,737.4,915.9,1099,1283,1464,1634,1786,1862,1866,1867,1866,1865,1861,1801,1587,1272,891.2,505.7,194,22.99,26.38,40.31,39.79,15.41,9.01,50.09,262.9,6.23,4.16,3.04,2.4,1.89,1.35,1.21,1.36,1.93,2.53,3.08,3.55,3.91,4.18,4.36,4.47,4.53,4.54,4.52,4.46,4.38,4.29,4.21,4.15,4.11,4.07,3.99,3.84,3.57,3.17,2.6,1.78,0.5,0.66,1.02,1.36,0.95,0.4,1.5,2.47,0,0.75,1.57,2.47,3.46,4.55,5.74,7.04,8.47,10.04,11.76,13.64,15.71,17.98,20.46,23.19,26.18,29.45,33.05,36.99,41.31,46.05,51.25,56.94,63.19,70.04,77.55,85.79,94.83,104.73,115.59,127.5,140.56,154.88,170.58,187.8,206.68,227.39,250.1,275,0.75,1.57,2.47,3.46,4.55,5.74,7.04,8.47,10.04,11.76,13.64,15.71,17.98,20.46,23.19,26.18,29.45,33.05,36.99,41.31,46.05,51.25,56.94,63.19,70.04,77.55,85.79,94.83,104.73,115.59,127.5,140.56,154.88,170.58,187.8,206.68,227.39,250.1,275,412.5,234.14,249.811,101001
3208,101000,723547.7,483968.6,44216.77398,3059,219.3,49.69,50.07,0.0191,0.38,32,2.061,1.208,155.7,155,150.9,149.7,149.6,149.6,152.7,194.9,280,408,562.5,739.3,930,1134,1334,1534,1726,1917,2078,2099,2100,2099,2097,2092,2040,1799,1434,1025,634.1,320.7,154.3,111.6,68.75,21.84,14.96,14.7,6.91,7.01,25.8,46.26,2.62,1.72,1.74,1.97,2.03,1.92,1.82,1.97,2.35,2.81,3.25,3.59,3.84,3.98,4.05,4.06,4.04,4,3.94,3.87,3.79,3.73,3.66,3.57,3.43,3.18,2.83,2.39,1.9,1.41,1.02,0.97,0.97,0.54,0.44,0.81,0.71,0.5,1.22,1.51,0,0.75,1.57,2.47,3.46,4.55,5.74,7.04,8.47,10.04,11.76,13.64,15.71,17.98,20.46,23.19,26.18,29.45,33.05,36.99,41.31,46.05,51.25,56.94,63.19,70.04,77.55,85.79,94.83,104.73,115.59,127.5,140.56,154.88,170.58,187.8,206.68,227.39,250.1,275,0.75,1.57,2.47,3.46,4.55,5.74,7.04,8.47,10.04,11.76,13.64,15.71,17.98,20.46,23.19,26.18,29.45,33.05,36.99,41.31,46.05,51.25,56.94,63.19,70.04,77.55,85.79,94.83,104.73,115.59,127.5,140.56,154.88,170.58,187.8,206.68,227.39,250.1,275,412.5,240.668,255.893,101001
3248,101000,724347,483686.6,44216.77444,3099,221.4,37.9,38.99,0.0248,1.09,31,1.449,1.208,165.8,165.6,154.9,149.2,148.6,148.5,148.6,169.5,228.5,334.6,461.3,603.5,765,924.6,1100,1277,1446,1568,1599,1599,1598,1594,1577,1552,1400,1165,937.7,718.5,532.1,399,278.2,187.7,102,51.88,17.19,15.92,10.41,10.41,21.73,31.36,2.67,1.75,1.74,1.94,2,1.9,1.78,1.85,2.15,2.55,2.92,3.21,3.42,3.56,3.64,3.69,3.7,3.68,3.62,3.55,3.47,3.38,3.28,3.13,2.91,2.62,2.32,2.02,1.76,1.55,1.36,1.19,0.96,0.84,0.41,0.54,0.59,0.49,0.96,0.88,0,0.75,1.57,2.47,3.46,4.55,5.74,7.04,8.47,10.04,11.76,13.64,15.71,17.98,20.46,23.19,26.18,29.45,33.05,36.99,41.31,46.05,51.25,56.94,63.19,70.04,77.55,85.79,94.83,104.73,115.59,127.5,140.56,154.88,170.58,187.8,206.68,227.39,250.1,275,0.75,1.57,2.47,3.46,4.55,5.74,7.04,8.47,10.04,11.76,13.64,15.71,17.98,20.46,23.19,26.18,29.45,33.05,36.99,41.31,46.05,51.25,56.94,63.19,70.04,77.55,85.79,94.83,104.73,115.59,127.5,140.56,154.88,170.58,187.8,206.68,227.39,250.1,275,412.5,251.925,275.033,101001
3290,101000,725415,483258,44216.77503,3139,225.6,53.7,56.43,0.0178,2.73,32,2.061,1.208,239,237.2,234.2,225.8,217,216.6,216.6,229.2,280.4,393.8,527.5,723.1,975.6,1257,1600,1972,2392,2811,3242,3578,3843,3848,3849,3849,3847,3841,3713,3290,2769,2050,1293,624.4,188.4,28.77,18.34,17.14,6.21,6.25,16.09,31.93,3,1.91,1.8,2.03,2.19,2.16,2.01,1.93,2.06,2.38,2.77,3.17,3.53,3.82,4.06,4.23,4.36,4.44,4.47,4.47,4.42,4.35,4.26,4.18,4.09,3.98,3.82,3.57,3.24,2.82,2.33,1.82,1.3,0.46,0.36,0.61,0.57,0.38,0.97,0.96,0,0.75,1.57,2.47,3.46,4.55,5.74,7.04,8.47,10.04,11.76,13.64,15.71,17.98,20.46,23.19,26.18,29.45,33.05,36.99,41.31,46.05,51.25,56.94,63.19,70.04,77.55,85.79,94.83,104.73,115.59,127.5,140.56,154.88,170.58,187.8,206.68,227.39,250.1,275,0.75,1.57,2.47,3.46,4.55,5.74,7.04,8.47,10.04,11.76,13.64,15.71,17.98,20.46,23.19,26.18,29.45,33.05,36.99,41.31,46.05,51.25,56.94,63.19,70.04,77.55,85.79,94.83,104.73,115.59,127.5,140.56,154.88,170.58,187.8,206.68,227.39,250.1,275,412.5,254.192,275.033,101001
3334,101000,726640.5,482807.2,44216.7757,3179,220.1,48.13,45.77,0.0205,-2.36,10,1.908,1.208,497.7,479.1,404.7,281.1,163.1,86.39,81.35,81.36,81.67,89.46,169.4,254.1,393.9,604.9,842.7,1014,1232,1422,1583,1678,1691,1693,1693,1693,1684,1520,1261,954.7,661.3,492.7,429.5,363.8,350.6,343.6,332.7,332.2,332.1,332.1,332.1,332,4.99,3.28,2.54,2.21,1.96,1.63,1.49,1.46,1.47,1.57,1.97,2.41,2.88,3.34,3.74,4.05,4.28,4.45,4.57,4.64,4.68,4.73,4.8,4.89,5.01,5.13,5.29,5.55,6.07,7.12,8.9,98,98,98,98,98,98,98,98,98,0,0.75,1.57,2.47,3.46,4.55,5.74,7.04,8.47,10.04,11.76,13.64,15.71,17.98,20.46,23.19,26.18,29.45,33.05,36.99,41.31,46.05,51.25,56.94,63.19,70.04,77.55,85.79,94.83,104.73,115.59,127.5,140.56,154.88,170.58,187.8,206.68,227.39,250.1,275,0.75,1.57,2.47,3.46,4.55,5.74,7.04,8.47,10.04,11.76,13.64,15.71,17.98,20.46,23.19,26.18,29.45,33.05,36.99,41.31,46.05,51.25,56.94,63.19,70.04,77.55,85.79,94.83,104.73,115.59,127.5,140.56,154.88,170.58,187.8,206.68,227.39,250.1,275,412.5,14.946,21.797,101001
3376,101000,727606.9,482417.4,44216.77623,3219,219.2,39.46,40.72,0.0249,1.26,8,2.163,1.208,452,451.7,446.2,371.9,344,297.7,252.4,219.5,213.2,213.1,213.1,221,298.7,413.3,524.9,603.3,678,720.4,721,721,720.6,718.9,704.4,649.8,550.7,484.7,435.7,348.1,298.3,298.4,298.7,299.4,311.7,339.3,344.9,345.4,345.6,345.7,345.8,345.8,3.92,2.51,2.09,2.13,2.3,2.34,2.19,1.98,1.84,1.81,1.81,1.89,2.11,2.37,2.58,2.69,2.73,2.72,2.67,2.63,2.59,2.56,2.52,2.45,2.42,2.54,2.83,3.2,3.68,4.38,5.53,7.52,98,98,98,98,98,98,98,98,0,0.75,1.57,2.47,3.46,4.55,5.74,7.04,8.47,10.04,11.76,13.64,15.71,17.98,20.46,23.19,26.18,29.45,33.05,36.99,41.31,46.05,51.25,56.94,63.19,70.04,77.55,85.79,94.83,104.73,115.59,127.5,140.56,154.88,170.58,187.8,206.68,227.39,250.1,275,0.75,1.57,2.47,3.46,4.55,5.74,7.04,8.47,10.04,11.76,13.64,15.71,17.98,20.46,23.19,26.18,29.45,33.05,36.99,41.31,46.05,51.25,56.94,63.19,70.04,77.55,85.79,94.83,104.73,115.59,127.5,140.56,154.88,170.58,187.8,206.68,227.39,250.1,275,412.5,20.178,33.478,101001
3420,101000,728748.3,481959.3,44216.77688,3259,207.5,45.37,45.13,0.0209,-0.24,30,1.521,1.208,233.7,220.8,194.7,189.3,184.1,183.8,182.9,182.5,204.5,263.4,346,481.2,675.1,903.1,1162,1466,1837,2116,2493,2927,3314,3615,3730,3858,3883,3884,3884,3883,3880,3767,3278,2604,1772,989.6,286,17.53,38.27,32.07,5.83,71.72,3.03,1.9,1.73,1.94,2.09,2.06,1.92,1.82,1.88,2.1,2.37,2.66,2.94,3.2,3.43,3.64,3.84,4,4.15,4.27,4.33,4.34,4.29,4.19,4.08,3.96,3.85,3.77,3.69,3.59,3.43,3.18,2.83,2.35,1.64,0.17,0.68,0.98,0.1,0.4,0,0.75,1.57,2.47,3.46,4.55,5.74,7.04,8.47,10.04,11.76,13.64,15.71,17.98,20.46,23.19,26.18,29.45,33.05,36.99,41.31,46.05,51.25,56.94,63.19,70.04,77.55,85.79,94.83,104.73,115.59,127.5,140.56,154.88,170.58,187.8,206.68,227.39,250.1,275,0.75,1.57,2.47,3.46,4.55,5.74,7.04,8.47,10.04,11.76,13.64,15.71,17.98,20.46,23.19,26.18,29.45,33.05,36.99,41.31,46.05,51.25,56.94,63.19,70.04,77.55,85.79,94.83,104.73,115.59,127.5,140.56,154.88,170.58,187.8,206.68,227.39,250.1,275,412.5,270.263,275.033,101001
3466,101000,730052.3,481410.3,44216.77766,3299,188.7,62.97,64.74,0.0163,1.77,7,3.384,1.208,349.4,349.1,330,282.1,232.7,202.4,202.1,202.1,202.3,217.2,296.2,440.7,633.6,842.1,1038,1196,1267,1271,1271,1271,1270,1240,1092,921.6,726.3,564.6,466.7,420.6,408.2,404.9,402.9,400.9,398.8,396.2,391.1,375.8,373.7,373.2,372.9,372.7,3.9,2.49,2.07,2.08,2.19,2.21,2.12,1.96,1.85,1.92,2.24,2.7,3.15,3.5,3.71,3.78,3.74,3.62,3.48,3.36,3.26,3.15,2.99,2.79,2.59,2.42,2.34,2.35,2.47,2.86,3.81,5.62,8.52,98,98,98,98,98,98,98,0,0.75,1.57,2.47,3.46,4.55,5.74,7.04,8.47,10.04,11.76,13.64,15.71,17.98,20.46,23.19,26.18,29.45,33.05,36.99,41.31,46.05,51.25,56.94,63.19,70.04,77.55,85.79,94.83,104.73,115.59,127.5,140.56,154.88,170.58,187.8,206.68,227.39,250.1,275,0.75,1.57,2.47,3.46,4.55,5.74,7.04,8.47,10.04,11.76,13.64,15.71,17.98,20.46,23.19,26.18,29.45,33.05,36.99,41.31,46.05,51.25,56.94,63.19,70.04,77.55,85.79,94.83,104.73,115.59,127.5,140.56,154.88,170.58,187.8,206.68,227.39,250.1,275,412.5,12.805,21.066,101001
3510,101000,731006.5,480979.5,44216.77821,3339,184.7,51.94,49.76,0.0166,-2.18,22,3.138,1.208,1298,1297,1235,1040,805.7,565.5,335.1,136.6,24.83,23.7,78.41,246.4,470.7,760.7,1065,1399,1749,2121,2525,2921,3299,3638,3920,4055,4071,4073,4072,4070,4062,4002,3714,3292,2751,2129,1466,804,254.1,10.7,37.26,308.2,6.12,4.11,3.2,2.92,2.95,3,2.75,2.03,0.87,0.79,1.68,2.69,3.55,4.25,4.77,5.14,5.38,5.51,5.56,5.54,5.47,5.36,5.23,5.11,5.01,4.98,5.04,5.19,5.43,5.72,6,6.21,6.23,5.98,5.34,4.24,2.65,0.3,0.88,0.67,0,0.75,1.57,2.47,3.46,4.55,5.74,7.04,8.47,10.04,11.76,13.64,15.71,17.98,20.46,23.19,26.18,29.45,33.05,36.99,41.31,46.05,51.25,56.94,63.19,70.04,77.55,85.79,94.83,104.73,115.59,127.5,140.56,154.88,170.58,187.8,206.68,227.39,250.1,275,0.75,1.57,2.47,3.46,4.55,5.74,7.04,8.47,10.04,11.76,13.64,15.71,17.98,20.46,23.19,26.18,29.45,33.05,36.99,41.31,46.05,51.25,56.94,63.19,70.04,77.55,85.79,94.83,104.73,115.59,127.5,140.56,154.88,170.58,187.8,206.68,227.39,250.1,275,412.5,243.942,255.579,101001
3550,101100,730990.3,480035.4,44216.77915,3379,183.8,40.11,38.32,0.0236,-1.79,29,2.576,1.208,519.9,519.1,457.3,340.1,234.4,130.7,51.22,49.44,56.37,109.3,222.7,416.4,659.7,966.5,1309,1657,2032,2430,2817,3191,3531,3798,3965,4006,4009,4009,4007,4001,3917,3606,3085,2467,1766,1086,445.8,51.79,10.64,34.08,12.08,30.82,4.54,3.03,2.51,2.39,2.28,1.89,1.22,1.1,1.23,1.7,2.28,2.88,3.4,3.85,4.23,4.52,4.74,4.91,5.02,5.06,5.06,5,4.91,4.81,4.7,4.63,4.59,4.59,4.6,4.57,4.47,4.25,3.85,3.22,2.31,1.15,0.3,1.05,0.26,0.8,0,0.75,1.57,2.47,3.46,4.55,5.74,7.04,8.47,10.04,11.76,13.64,15.71,17.98,20.46,23.19,26.18,29.45,33.05,36.99,41.31,46.05,51.25,56.94,63.19,70.04,77.55,85.79,94.83,104.73,115.59,127.5,140.56,154.88,170.58,187.8,206.68,227.39,250.1,275,0.75,1.57,2.47,3.46,4.55,5.74,7.04,8.47,10.04,11.76,13.64,15.71,17.98,20.46,23.19,26.18,29.45,33.05,36.99,41.31,46.05,51.25,56.94,63.19,70.04,77.55,85.79,94.83,104.73,115.59,127.5,140.56,154.88,170.58,187.8,206.68,227.39,250.1,275,412.5,266.81,275.033,101101
3592,101100,730051.9,480496,44216.77966,3419,186.8,35.96,37.94,0.0244,1.98,33,2.566,1.208,1641,1641,1615,1414,1137,849.5,550.9,267.5,62.5,22.48,25.61,144.8,377.9,664.7,1016,1399,1792,2193,2608,2968,3262,3494,3648,3672,3675,3675,3673,3669,3647,3410,2990,2502,1999,1467,895,364.4,42.12,9.58,29.86,43.78,6.13,4.1,3.19,2.94,3.02,3.17,3.11,2.6,1.63,0.77,0.85,2.1,3.16,3.96,4.52,4.9,5.13,5.25,5.29,5.28,5.23,5.15,5.05,4.94,4.85,4.77,4.72,4.68,4.64,4.56,4.43,4.22,3.9,3.45,2.81,1.97,0.94,0.24,0.92,0.49,0,0.75,1.57,2.47,3.46,4.55,5.74,7.04,8.47,10.04,11.76,13.64,15.71,17.98,20.46,23.19,26.18,29.45,33.05,36.99,41.31,46.05,51.25,56.94,63.19,70.04,77.55,85.79,94.83,104.73,115.59,127.5,140.56,154.88,170.58,187.8,206.68,227.39,250.1,275,0.75,1.57,2.47,3.46,4.55,5.74,7.04,8.47,10.04,11.76,13.64,15.71,17.98,20.46,23.19,26.18,29.45,33.05,36.99,41.31,46.05,51.25,56.94,63.19,70.04,77.55,85.79,94.83,104.73,115.59,127.5,140.56,154.88,170.58,187.8,206.68,227.39,250.1,275,412.5,267.131,275.033,101101
3636,101100,728754.5,481053.8,44216.78034,3459,206.7,47.53,49.35,0.0208,1.82,20,2.602,1.208,458.7,404.7,341.3,281.5,225.5,195.6,187.4,187.1,187.1,187.4,243.7,455.4,721.1,986.5,1254,1590,1940,2335,2744,3107,3483,3728,4007,4167,4195,4197,4198,4196,4188,4033,3520,2835,2073,1281,575,94.44,22.14,87.96,100.4,35.4,4.24,2.63,2.05,1.98,2.04,2.03,1.94,1.81,1.71,1.72,1.98,2.49,2.99,3.38,3.68,3.91,4.09,4.23,4.35,4.42,4.47,4.47,4.43,4.36,4.24,4.12,4,3.91,3.85,3.8,3.76,3.73,3.68,3.55,3.2,2.3,0.34,0.98,1.2,1.62,0,0.75,1.57,2.47,3.46,4.55,5.74,7.04,8.47,10.04,11.76,13.64,15.71,17.98,20.46,23.19,26.18,29.45,33.05,36.99,41.31,46.05,51.25,56.94,63.19,70.04,77.55,85.79,94.83,104.73,115.59,127.5,140.56,154.88,170.58,187.8,206.68,227.39,250.1,275,0.75,1.57,2.47,3.46,4.55,5.74,7.04,8.47,10.04,11.76,13.64,15.71,17.98,20.46,23.19,26.18,29.45,33.05,36.99,41.31,46.05,51.25,56.94,63.19,70.04,77.55,85.79,94.83,104.73,115.59,127.5,140.56,154.88,170.58,187.8,206.68,227.39,250.1,275,412.5,239.622,275.033,101101
3676,101100,727846.2,481312.7,44216.7808,3499,213.4,48.43,50.17,0.0202,1.74,14,1.517,1.208,355.2,355.1,354.9,350.8,327.3,275.1,245.8,222.9,200.2,200.2,211.8,289.8,453.2,666.4,953.7,1234,1554,1825,2142,2395,2683,3064,3357,3631,3704,3706,3706,3704,3537,2952,2019,1061,420,247.3,152.7,149,149,198,228.4,229.4,3.46,2.2,1.96,2.16,2.37,2.39,2.23,1.99,1.8,1.72,1.79,2.06,2.46,2.87,3.22,3.49,3.67,3.79,3.88,3.97,4.12,4.34,4.65,5.07,5.58,6.21,6.95,7.74,8.48,9.03,9.25,9.01,8.26,7.09,5.93,6.43,8.67,98,98,98,0,0.75,1.57,2.47,3.46,4.55,5.74,7.04,8.47,10.04,11.76,13.64,15.71,17.98,20.46,23.19,26.18,29.45,33.05,36.99,41.31,46.05,51.25,56.94,63.19,70.04,77.55,85.79,94.83,104.73,115.59,127.5,140.56,154.88,170.58,187.8,206.68,227.39,250.1,275,0.75,1.57,2.47,3.46,4.55,5.74,7.04,8.47,10.04,11.76,13.64,15.71,17.98,20.46,23.19,26.18,29.45,33.05,36.99,41.31,46.05,51.25,56.94,63.19,70.04,77.55,85.79,94.83,104.73,115.59,127.5,140.56,154.88,170.58,187.8,206.68,227.39,250.1,275,412.5,86.254,179.371,101101
3718,101100,726606.7,481899.9,44216.78143,3539,220.3,48.12,48.61,0.0214,0.49,32,1.722,1.208,344.4,339.3,318.8,258.4,170.5,99.64,86.71,86.71,86.83,90.11,132.5,208.6,339.8,522,727,967.6,1194,1457,1723,1971,2184,2363,2486,2491,2491,2491,2489,2485,2467,2333,2072,1662,1173,650.8,197.8,12.14,33.73,23.54,4.71,77.04,4.02,2.66,2.28,2.22,2.08,1.74,1.52,1.48,1.51,1.55,1.76,2.11,2.54,2.97,3.37,3.7,3.97,4.17,4.31,4.38,4.39,4.34,4.25,4.12,3.99,3.87,3.79,3.74,3.71,3.66,3.54,3.34,3.01,2.5,1.73,0.17,0.86,0.98,0.12,0.54,0,0.75,1.57,2.47,3.46,4.55,5.74,7.04,8.47,10.04,11.76,13.64,15.71,17.98,20.46,23.19,26.18,29.45,33.05,36.99,41.31,46.05,51.25,56.94,63.19,70.04,77.55,85.79,94.83,104.73,115.59,127.5,140.56,154.88,170.58,187.8,206.68,227.39,250.1,275,0.75,1.57,2.47,3.46,4.55,5.74,7.04,8.47,10.04,11.76,13.64,15.71,17.98,20.46,23.19,26.18,29.45,33.05,36.99,41.31,46.05,51.25,56.94,63.19,70.04,77.55,85.79,94.83,104.73,115.59,127.5,140.56,154.88,170.58,187.8,206.68,227.39,250.1,275,412.5,268.152,274.248,101101
3762,101100,725237,482426.8,44216.78208,3579,219.3,58.45,56.96,0.0163,-1.49,36,2.865,1.208,365,355.7,250.5,142.7,73.55,33.53,33.56,51.26,115.7,217.7,379.5,576.5,800.4,1054,1342,1640,1943,2258,2555,2869,3125,3343,3436,3441,3442,3441,3439,3431,3233,2821,2314,1744,1128,535.8,121.1,8.55,27.79,17.68,7.14,45.29,5.2,3.48,2.65,2.2,1.76,1.18,1.07,1.44,2.13,2.82,3.44,3.96,4.38,4.7,4.94,5.12,5.25,5.33,5.38,5.39,5.37,5.33,5.26,5.18,5.1,5.05,5,4.95,4.87,4.71,4.45,4.08,3.54,2.81,1.84,0.2,0.89,0.82,0.26,0.59,0,0.75,1.57,2.47,3.46,4.55,5.74,7.04,8.47,10.04,11.76,13.64,15.71,17.98,20.46,23.19,26.18,29.45,33.05,36.99,41.31,46.05,51.25,56.94,63.19,70.04,77.55,85.79,94.83,104.73,115.59,127.5,140.56,154.88,170.58,187.8,206.68,227.39,250.1,275,0.75,1.57,2.47,3.46,4.55,5.74,7.04,8.47,10.04,11.76,13.64,15.71,17.98,20.46,23.19,26.18,29.45,33.05,36.99,41.31,46.05,51.25,56.94,63.19,70.04,77.55,85.79,94.83,104.73,115.59,127.5,140.56,154.88,170.58,187.8,206.68,227.39,250.1,275,412.5,267.321,275.033,101101
3804,101100,724198.5,482863.3,44216.78259,3619,220.1,39.63,38.12,0.0243,-1.51,8,1.794,1.208,298.1,297.7,248.8,175.3,114.3,100.3,100.4,105.6,143.2,250.2,415.1,621.8,867.7,1133,1412,1707,1983,2256,2447,2507,2510,2510,2509,2506,2357,2034,1623,1185,859.7,582.6,427.9,274.9,197.2,197.3,211.4,230,263.5,284.1,285.5,285.7,3.72,2.43,2.02,1.92,1.78,1.63,1.5,1.51,1.8,2.3,2.84,3.31,3.72,4.05,4.32,4.55,4.75,4.94,5.11,5.29,5.5,5.77,6.13,6.58,7.15,7.87,8.81,98,98,98,98,98,98,98,98,98,98,98,98,98,0,0.75,1.57,2.47,3.46,4.55,5.74,7.04,8.47,10.04,11.76,13.64,15.71,17.98,20.46,23.19,26.18,29.45,33.05,36.99,41.31,46.05,51.25,56.94,63.19,70.04,77.55,85.79,94.83,104.73,115.59,127.5,140.56,154.88,170.58,187.8,206.68,227.39,250.1,275,0.75,1.57,2.47,3.46,4.55,5.74,7.04,8.47,10.04,11.76,13.64,15.71,17.98,20.46,23.19,26.18,29.45,33.05,36.99,41.31,46.05,51.25,56.94,63.19,70.04,77.55,85.79,94.83,104.73,115.59,127.5,140.56,154.88,170.58,187.8,206.68,227.39,250.1,275,412.5,11.692,17.615,101101
3848,101100,723040.2,483325.4,44216.78317,3659,218.9,41.64,40.49,0.0221,-1.15,35,2.219,1.208,382.4,379.7,285,178.1,93.3,53.64,32.17,33.75,87.05,212.8,367.4,555.6,776.7,1021,1284,1568,1847,2133,2407,2633,2778,2826,2829,2829,2828,2825,2796,2553,2178,1712,1208,675.2,214,10.91,21.09,22.92,6.9,8.54,21.7,21.64,4.59,3.07,2.45,2.18,1.89,1.48,1.02,1.04,1.79,2.61,3.27,3.78,4.16,4.43,4.62,4.76,4.85,4.91,4.93,4.92,4.87,4.81,4.74,4.69,4.65,4.63,4.59,4.5,4.33,4.04,3.6,2.94,1.96,0.28,0.65,0.96,0.62,0.54,1.1,0.93,0,0.75,1.57,2.47,3.46,4.55,5.74,7.04,8.47,10.04,11.76,13.64,15.71,17.98,20.46,23.19,26.18,29.45,33.05,36.99,41.31,46.05,51.25,56.94,63.19,70.04,77.55,85.79,94.83,104.73,115.59,127.5,140.56,154.88,170.58,187.8,206.68,227.39,250.1,275,0.75,1.57,2.47,3.46,4.55,5.74,7.04,8.47,10.04,11.76,13.64,15.71,17.98,20.46,23.19,26.18,29.45,33.05,36.99,41.31,46.05,51.25,56.94,63.19,70.04,77.55,85.79,94.83,104.73,115.59,127.5,140.56,154.88,170.58,187.8,206.68,227.39,250.1,275,412.5,251.535,275.033,101101
3890,101100,722102.2,483840.8,44216.78372,3699,219.9,74.73,76.96,0.0134,2.23,21,3.733,1.208,481.2,481,477.1,472.9,470.6,469.9,469.7,485.8,570.7,717.2,888,1094,1345,1635,1940,2243,2528,2690,2694,2695,2695,2693,2614,2264,1720,1127,597.1,304.2,164.2,157.4,129.8,24.24,27.64,47.56,43.14,12.07,15.86,55.89,114.6,250.1,3.8,2.37,1.98,2.12,2.39,2.57,2.57,2.47,2.44,2.55,2.77,3.08,3.41,3.72,3.95,4.07,4.09,4,3.85,3.67,3.5,3.34,3.17,2.92,2.58,2.13,1.62,1.19,0.93,1.17,1.45,0.53,0.56,1.16,1.68,0.9,0.73,1.45,2.33,3.59,0,0.75,1.57,2.47,3.46,4.55,5.74,7.04,8.47,10.04,11.76,13.64,15.71,17.98,20.46,23.19,26.18,29.45,33.05,36.99,41.31,46.05,51.25,56.94,63.19,70.04,77.55,85.79,94.83,104.73,115.59,127.5,140.56,154.88,170.58,187.8,206.68,227.39,250.1,275,0.75,1.57,2.47,3.46,4.55,5.74,7.04,8.47,10.04,11.76,13.64,15.71,17.98,20.46,23.19,26.18,29.45,33.05,36.99,41.31,46.05,51.25,56.94,63.19,70.04,77.55,85.79,94.83,104.73,115.59,127.5,140.56,154.88,170.58,187.8,206.68,227.39,250.1,275,412.5,200.46,218.49,101101
3932,101100,721567.2,484183.4,44216.78435,3739,221.7,55.55,59.59,0.0172,4.04,30,2.057,1.208,343.4,346.8,369,428.4,583.8,775.6,1059,1335,1585,2151,2647,3241,3857,4572,5346,6128,6743,7405,7993,8546,8658,8669,8672,8671,8652,8076,6541,4789,2775,1059,70.39,14.46,21.31,19.83,4.67,5.46,7.48,8.36,8.35,2.59,2.65,1.65,1.66,2.06,2.5,2.83,3.07,3.25,3.43,3.69,3.98,4.29,4.59,4.86,5.06,5.19,5.23,5.18,5.07,4.9,4.72,4.54,4.39,4.28,4.18,4.06,3.84,3.48,2.91,2.08,0.88,0.26,0.46,1.1,0.64,0.45,0.86,1.59,2.45,1.74,0,0.75,1.57,2.47,3.46,4.55,5.74,7.04,8.47,10.04,11.76,13.64,15.71,17.98,20.46,23.19,26.18,29.45,33.05,36.99,41.31,46.05,51.25,56.94,63.19,70.04,77.55,85.79,94.83,104.73,115.59,127.5,140.56,154.88,170.58,187.8,206.68,227.39,250.1,275,0.75,1.57,2.47,3.46,4.55,5.74,7.04,8.47,10.04,11.76,13.64,15.71,17.98,20.46,23.19,26.18,29.45,33.05,36.99,41.31,46.05,51.25,56.94,63.19,70.04,77.55,85.79,94.83,104.73,115.59,127.5,140.56,154.88,170.58,187.8,206.68,227.39,250.1,275,412.5,232.967,275.033,101101
3976,101100,720263.1,484583.5,44216.78509,3779,213.5,35.31,35.22,0.0263,-0.09,32,2.574,1.208,142.3,142.3,145.1,168,208.5,280.7,366.8,461.6,576.1,704.2,836.6,997.4,1195,1378,1515,1635,1826,1996,2027,2028,2028,2026,1966,1662,1443,1121,785.9,440.3,195.4,29.68,25.24,39.36,39.29,11.98,6.32,15.56,37.32,45.77,45.75,42.16,2.25,1.49,1.61,1.89,2.1,2.28,2.47,2.7,2.95,3.2,3.41,3.57,3.67,3.7,3.68,3.64,3.6,3.57,3.52,3.47,3.41,3.32,3.17,2.93,2.64,2.3,1.96,1.64,1.31,0.39,0.46,0.81,0.98,0.51,0.36,0.88,1.3,1.43,1.39,1.37,0,0.75,1.57,2.47,3.46,4.55,5.74,7.04,8.47,10.04,11.76,13.64,15.71,17.98,20.46,23.19,26.18,29.45,33.05,36.99,41.31,46.05,51.25,56.94,63.19,70.04,77.55,85.79,94.83,104.73,115.59,127.5,140.56,154.88,170.58,187.8,206.68,227.39,250.1,275,0.75,1.57,2.47,3.46,4.55,5.74,7.04,8.47,10.04,11.76,13.64,15.71,17.98,20.46,23.19,26.18,29.45,33.05,36.99,41.31,46.05,51.25,56.94,63.19,70.04,77.55,85.79,94.83,104.73,115.59,127.5,140.56,154.88,170.58,187.8,206.68,227.39,250.1,275,412.5,205.255,236.175,101101
4018,101100,718938.9,485072.9,44216.78572,3819,204.5,43.49,46.44,0.0217,2.95,29,1.483,1.208,251.2,251,250.8,251.1,263.3,310.6,402,501.4,621.6,794.6,970.6,1174,1396,1629,1864,2044,2152,2158,2159,2159,2158,2136,1968,1588,1124,639.9,254,101.5,53.12,39.22,39.16,39.86,37.09,16.29,11.93,14.03,29.27,51.14,62.03,62.11,2.81,1.79,1.73,1.97,2.16,2.27,2.37,2.51,2.72,3.01,3.31,3.59,3.8,3.93,3.95,3.88,3.74,3.57,3.41,3.29,3.22,3.15,3.02,2.76,2.36,1.82,1.22,0.84,0.64,0.64,0.72,0.83,0.94,0.61,0.63,0.71,1.11,1.44,1.44,1.22,0,0.75,1.57,2.47,3.46,4.55,5.74,7.04,8.47,10.04,11.76,13.64,15.71,17.98,20.46,23.19,26.18,29.45,33.05,36.99,41.31,46.05,51.25,56.94,63.19,70.04,77.55,85.79,94.83,104.73,115.59,127.5,140.56,154.88,170.58,187.8,206.68,227.39,250.1,275,0.75,1.57,2.47,3.46,4.55,5.74,7.04,8.47,10.04,11.76,13.64,15.71,17.98,20.46,23.19,26.18,29.45,33.05,36.99,41.31,46.05,51.25,56.94,63.19,70.04,77.55,85.79,94.83,104.73,115.59,127.5,140.56,154.88,170.58,187.8,206.68,227.39,250.1,275,412.5,209.638,234.992,101101
4058,101100,717944.6,485515.1,44216.78619,3859,207.4,41.19,60.97,0.0171,19.78,12,9.751,1.208,61.25,460.7,655.8,882.1,1154,1433,1650,1957,2178,2404,2586,2637,2642,2631,2237,1594,894.6,322.8,45.64,25.02,6.42,1.79,51.44,116.1,121,121,88.5,42.33,38.83,38.83,43.71,44.22,59.57,67,68.28,69.52,72.68,72.98,73.71,73.76,0.71,1.9,3,3.92,4.6,5.03,5.23,5.28,5.23,5.13,5.01,4.87,4.7,4.46,4.1,3.57,2.83,1.88,0.72,0.64,0.43,0.08,2.59,4.95,7.7,98,98,98,98,98,98,98,98,98,98,98,98,98,98,98,0,0.75,1.57,2.47,3.46,4.55,5.74,7.04,8.47,10.04,11.76,13.64,15.71,17.98,20.46,23.19,26.18,29.45,33.05,36.99,41.31,46.05,51.25,56.94,63.19,70.04,77.55,85.79,94.83,104.73,115.59,127.5,140.56,154.88,170.58,187.8,206.68,227.39,250.1,275,0.75,1.57,2.47,3.46,4.55,5.74,7.04,8.47,10.04,11.76,13.64,15.71,17.98,20.46,23.19,26.18,29.45,33.05,36.99,41.31,46.05,51.25,56.94,63.19,70.04,77.55,85.79,94.83,104.73,115.59,127.5,140.56,154.88,170.58,187.8,206.68,227.39,250.1,275,412.5,50.999,52.255,101101
4106,101100,715959.2,486278.1,44216.78714,3899,196.9,42.42,40.12,0.0221,-2.3,17,2.188,1.208,324.1,211.8,128.2,80.6,63.24,49.36,45.86,55.18,88.55,172.5,304,462.4,668.6,855,1014,1099,1190,1245,1245,1245,1244,1237,1209,1014,780.7,544.1,270.9,77.05,65.29,80.34,108.4,110.3,146.8,171.7,187,195.5,199.4,200.6,201,201.2,4.45,2.65,1.9,1.69,1.59,1.38,1.27,1.4,1.81,2.41,3.01,3.53,3.93,4.19,4.32,4.35,4.32,4.27,4.23,4.22,4.23,4.24,4.19,4,3.65,3.1,2.34,1.45,1.22,1.26,1.39,1.56,2.38,4.09,7.15,98,98,98,98,98,0,0.75,1.57,2.47,3.46,4.55,5.74,7.04,8.47,10.04,11.76,13.64,15.71,17.98,20.46,23.19,26.18,29.45,33.05,36.99,41.31,46.05,51.25,56.94,63.19,70.04,77.55,85.79,94.83,104.73,115.59,127.5,140.56,154.88,170.58,187.8,206.68,227.39,250.1,275,0.75,1.57,2.47,3.46,4.55,5.74,7.04,8.47,10.04,11.76,13.64,15.71,17.98,20.46,23.19,26.18,29.45,33.05,36.99,41.31,46.05,51.25,56.94,63.19,70.04,77.55,85.79,94.83,104.73,115.59,127.5,140.56,154.88,170.58,187.8,206.68,227.39,250.1,275,412.5,99.837,120.587,101101
4148,101100,714671.2,486815.3,44216.78776,3939,178.8,59.09,58.19,0.0146,-0.9,41,1.93,1.208,33.2,32.37,31.92,31.93,32.49,48.67,74.45,102,127.3,144.8,146,146,145.9,145.2,141.8,134.5,111.8,85,62.95,45.43,45.5,46.2,52.26,61.75,62.41,62.37,55.99,45.2,24.72,17.34,17.38,20.5,36.24,52.16,60.54,63.78,63.95,63.97,63.98,63.98,2.09,1.51,1.52,1.46,1.46,1.81,2.26,2.58,2.71,2.66,2.5,2.35,2.27,2.26,2.26,2.19,2,1.72,1.46,1.27,1.29,1.31,1.38,1.49,1.51,1.5,1.47,1.36,1.04,0.91,0.97,1.04,1.41,1.65,1.7,1.64,1.59,1.63,1.83,2.3,0,0.75,1.57,2.47,3.46,4.55,5.74,7.04,8.47,10.04,11.76,13.64,15.71,17.98,20.46,23.19,26.18,29.45,33.05,36.99,41.31,46.05,51.25,56.94,63.19,70.04,77.55,85.79,94.83,104.73,115.59,127.5,140.56,154.88,170.58,187.8,206.68,227.39,250.1,275,0.75,1.57,2.47,3.46,4.55,5.74,7.04,8.47,10.04,11.76,13.64,15.71,17.98,20.46,23.19,26.18,29.45,33.05,36.99,41.31,46.05,51.25,56.94,63.19,70.04,77.55,85.79,94.83,104.73,115.59,127.5,140.56,154.88,170.58,187.8,206.68,227.39,250.1,275,412.5,155.123,194.171,101101
4188,101200,714537.2,485981.3,44216.78876,3979,185.7,38.33,40.83,0.0248,2.5,25,1.553,1.208,358.4,359.1,390,454.5,519.7,590.9,653,678.8,692.7,692.7,692.2,686.8,667.3,598.4,488.1,360.4,247.1,165.7,84.34,45.96,33.29,39.72,56.49,56.6,56.33,46.87,41.21,35.8,22.4,17.58,17.59,18.84,26.95,34.09,40.25,44.75,47.6,48.96,49.42,49.74,3,1.86,1.78,2.17,2.6,2.89,2.98,2.91,2.78,2.64,2.55,2.51,2.47,2.36,2.17,1.9,1.61,1.36,1.06,0.68,0.65,0.73,0.88,1.03,1.17,1.09,1.13,1.19,1.02,0.99,1.06,1.06,1.28,1.47,1.8,2.65,4.51,7.96,98,98,0,0.75,1.57,2.47,3.46,4.55,5.74,7.04,8.47,10.04,11.76,13.64,15.71,17.98,20.46,23.19,26.18,29.45,33.05,36.99,41.31,46.05,51.25,56.94,63.19,70.04,77.55,85.79,94.83,104.73,115.59,127.5,140.56,154.88,170.58,187.8,206.68,227.39,250.1,275,0.75,1.57,2.47,3.46,4.55,5.74,7.04,8.47,10.04,11.76,13.64,15.71,17.98,20.46,23.19,26.18,29.45,33.05,36.99,41.31,46.05,51.25,56.94,63.19,70.04,77.55,85.79,94.83,104.73,115.59,127.5,140.56,154.88,170.58,187.8,206.68,227.39,250.1,275,412.5,127.523,150.048,101201
4230,101200,715506.7,485554.6,44216.78936,4019,191.6,42.99,50.56,0.0262,7.57,32,1.632,1.208,250.9,258.5,368.2,524.2,694.1,892.5,1130,1365,1425,1492,1575,1575,1575,1575,1574,1456,1424,1254,1013,680.5,375.8,146.9,51.25,33.15,42.51,51.16,51.56,51.68,42.91,33.08,16.64,12.18,12.17,21.46,34.11,36.72,36.77,36.78,36.23,7.37,2.46,1.55,1.8,2.43,3.07,3.58,3.91,4.03,3.96,3.8,3.6,3.39,3.23,3.13,3.07,3.02,2.95,2.8,2.54,2.14,1.67,1.18,0.7,0.53,0.75,0.89,0.94,1.02,1.02,1.08,0.93,0.84,0.74,1.11,1.53,2.39,4.22,6.59,7.43,4.91,0,0.75,1.57,2.47,3.46,4.55,5.74,7.04,8.47,10.04,11.76,13.64,15.71,17.98,20.46,23.19,26.18,29.45,33.05,36.99,41.31,46.05,51.25,56.94,63.19,70.04,77.55,85.79,94.83,104.73,115.59,127.5,140.56,154.88,170.58,187.8,206.68,227.39,250.1,275,0.75,1.57,2.47,3.46,4.55,5.74,7.04,8.47,10.04,11.76,13.64,15.71,17.98,20.46,23.19,26.18,29.45,33.05,36.99,41.31,46.05,51.25,56.94,63.19,70.04,77.55,85.79,94.83,104.73,115.59,127.5,140.56,154.88,170.58,187.8,206.68,227.39,250.1,275,412.5,164.977,205.793,101201
4272,101200,716541.1,485130.4,44216.78997,4059,200.7,47.81,50.02,0.0179,2.21,32,2.227,1.208,94.92,118.9,220.2,375.9,579.9,809.4,1117,1394,1776,2149,2537,2962,3366,3631,3861,3915,3920,3921,3920,3873,3520,2912,2185,1265,503.1,49.42,33.03,34.9,57.74,58.37,58.5,33.21,13.64,12.3,17.1,31.92,46.42,52.24,52.23,47.97,1.52,1.21,1.86,2.58,3.21,3.72,4.15,4.48,4.75,4.95,5.09,5.16,5.16,5.1,4.98,4.84,4.69,4.54,4.41,4.27,4.07,3.78,3.35,2.71,1.82,0.49,0.49,0.59,0.93,0.96,1.09,0.95,0.59,0.68,0.87,1.19,1.37,1.43,1.46,1.56,0,0.75,1.57,2.47,3.46,4.55,5.74,7.04,8.47,10.04,11.76,13.64,15.71,17.98,20.46,23.19,26.18,29.45,33.05,36.99,41.31,46.05,51.25,56.94,63.19,70.04,77.55,85.79,94.83,104.73,115.59,127.5,140.56,154.88,170.58,187.8,206.68,227.39,250.1,275,0.75,1.57,2.47,3.46,4.55,5.74,7.04,8.47,10.04,11.76,13.64,15.71,17.98,20.46,23.19,26.18,29.45,33.05,36.99,41.31,46.05,51.25,56.94,63.19,70.04,77.55,85.79,94.83,104.73,115.59,127.5,140.56,154.88,170.58,187.8,206.68,227.39,250.1,275,412.5,193.024,230.573,101201
4312,101200,717384.7,484863.8,44216.79043,4099,204.2,50.92,54.51,0.0173,3.59,30,1.357,1.208,139.5,139.5,192.3,320.7,489.2,709.2,1031,1330,1627,1972,2420,2833,3271,3545,3663,3810,4150,4295,4324,4327,4327,4262,3802,3053,1927,882.9,221.7,18.77,45.25,71.51,71.51,42.31,11.33,10.82,13.92,28.14,36.61,37.04,37.02,15.74,1.97,1.29,1.65,2.27,2.86,3.38,3.85,4.23,4.54,4.8,4.99,5.11,5.14,5.1,4.99,4.86,4.73,4.6,4.49,4.39,4.3,4.19,3.99,3.65,3.15,2.49,1.66,0.26,0.82,1.01,1.25,1.39,0.77,0.64,0.77,1.25,1.51,1.91,2.82,3.75,0,0.75,1.57,2.47,3.46,4.55,5.74,7.04,8.47,10.04,11.76,13.64,15.71,17.98,20.46,23.19,26.18,29.45,33.05,36.99,41.31,46.05,51.25,56.94,63.19,70.04,77.55,85.79,94.83,104.73,115.59,127.5,140.56,154.88,170.58,187.8,206.68,227.39,250.1,275,0.75,1.57,2.47,3.46,4.55,5.74,7.04,8.47,10.04,11.76,13.64,15.71,17.98,20.46,23.19,26.18,29.45,33.05,36.99,41.31,46.05,51.25,56.94,63.19,70.04,77.55,85.79,94.83,104.73,115.59,127.5,140.56,154.88,170.58,187.8,206.68,227.39,250.1,275,412.5,211.643,275.033,101201
4352,101200,718226.1,484570.2,44216.7909,4139,207.5,49.83,54.93,0.0192,5.1,35,1.551,1.208,334.1,334.1,399,561.1,717.8,912.4,1130,1358,1601,1846,2076,2277,2455,2648,2686,2686,2685,2682,2679,2663,2567,2395,1903,1379,888.3,513.8,208.4,47.53,40.2,42.57,43.21,39.56,17.19,10.17,10.15,19.28,26.8,28,28,25.37,2.68,1.64,1.72,2.27,2.85,3.31,3.61,3.77,3.83,3.83,3.8,3.77,3.73,3.7,3.65,3.6,3.54,3.47,3.39,3.27,3.09,2.84,2.49,2.12,1.77,1.5,1.18,0.48,0.54,0.68,0.8,1.04,0.89,0.69,0.64,1.03,1.16,1.3,2.1,3.98,0,0.75,1.57,2.47,3.46,4.55,5.74,7.04,8.47,10.04,11.76,13.64,15.71,17.98,20.46,23.19,26.18,29.45,33.05,36.99,41.31,46.05,51.25,56.94,63.19,70.04,77.55,85.79,94.83,104.73,115.59,127.5,140.56,154.88,170.58,187.8,206.68,227.39,250.1,275,0.75,1.57,2.47,3.46,4.55,5.74,7.04,8.47,10.04,11.76,13.64,15.71,17.98,20.46,23.19,26.18,29.45,33.05,36.99,41.31,46.05,51.25,56.94,63.19,70.04,77.55,85.79,94.83,104.73,115.59,127.5,140.56,154.88,170.58,187.8,206.68,227.39,250.1,275,412.5,204.752,253.699,101201
4392,101200,719003.7,484181,44216.79136,4179,205.2,63.37,61.66,0.0152,-1.71,30,1.876,1.208,92.21,92.06,91.97,92,100.3,146.5,224.4,332.9,457,616.8,809.1,1025,1270,1533,1808,2086,2353,2548,2624,2634,2636,2635,2633,2612,2315,1854,1298,698.2,224.2,31.14,33.85,43.41,43.39,22.91,12.09,12.62,29.66,49.69,60.84,60.82,2.34,1.59,1.65,1.77,1.81,2.03,2.43,2.93,3.45,3.94,4.35,4.65,4.86,4.97,4.99,4.96,4.87,4.76,4.64,4.53,4.46,4.41,4.36,4.28,4.08,3.73,3.2,2.48,1.58,0.47,0.69,0.88,0.97,0.78,0.61,0.63,1.12,1.41,1.44,1.36,0,0.75,1.57,2.47,3.46,4.55,5.74,7.04,8.47,10.04,11.76,13.64,15.71,17.98,20.46,23.19,26.18,29.45,33.05,36.99,41.31,46.05,51.25,56.94,63.19,70.04,77.55,85.79,94.83,104.73,115.59,127.5,140.56,154.88,170.58,187.8,206.68,227.39,250.1,275,0.75,1.57,2.47,3.46,4.55,5.74,7.04,8.47,10.04,11.76,13.64,15.71,17.98,20.46,23.19,26.18,29.45,33.05,36.99,41.31,46.05,51.25,56.94,63.19,70.04,77.55,85.79,94.83,104.73,115.59,127.5,140.56,154.88,170.58,187.8,206.68,227.39,250.1,275,412.5,217.742,248.405,101201
4434,101200,720003.9,483669.5,44216.79201,4219,214.8,57.14,61.24,0.0169,4.1,30,2.807,1.208,312.1,312.1,339,406.3,527.9,705.6,923.4,1191,1501,1873,2270,2768,3333,3962,4555,5123,5768,6375,7138,7272,7282,7285,7283,7240,6758,5787,4461,2573,1023,63.41,34.36,34.43,33.94,33.13,11.05,8.15,25.59,44.97,44.97,16.08,2.66,1.65,1.68,2.08,2.5,2.83,3.06,3.26,3.47,3.7,3.95,4.22,4.48,4.7,4.86,4.94,4.96,4.93,4.86,4.74,4.63,4.54,4.48,4.44,4.35,4.14,3.75,3.07,2.06,0.52,0.44,0.58,0.7,1.08,0.76,0.39,1.06,1.27,1.53,1.76,0,0.75,1.57,2.47,3.46,4.55,5.74,7.04,8.47,10.04,11.76,13.64,15.71,17.98,20.46,23.19,26.18,29.45,33.05,36.99,41.31,46.05,51.25,56.94,63.19,70.04,77.55,85.79,94.83,104.73,115.59,127.5,140.56,154.88,170.58,187.8,206.68,227.39,250.1,275,0.75,1.57,2.47,3.46,4.55,5.74,7.04,8.47,10.04,11.76,13.64,15.71,17.98,20.46,23.19,26.18,29.45,33.05,36.99,41.31,46.05,51.25,56.94,63.19,70.04,77.55,85.79,94.83,104.73,115.59,127.5,140.56,154.88,170.58,187.8,206.68,227.39,250.1,275,412.5,232.824,275.033,101201
4478,101200,721418.8,483052.3,44216.79288,4259,225.6,60.53,62.28,0.0164,1.75,14,4.237,1.208,687.4,687,686.4,686.1,686.5,712.1,776.6,871.8,1003,1183,1412,1704,2053,2460,2904,3404,3989,4436,4846,5139,5569,5581,5584,5583,5571,5083,3658,2086,641.2,86.63,135.2,141.4,110.4,34.15,48.35,100.3,151,198.9,226.3,226.7,4.02,2.51,2.03,2.11,2.39,2.65,2.78,2.81,2.79,2.82,2.92,3.12,3.36,3.63,3.86,4.04,4.16,4.2,4.2,4.17,4.15,4.16,4.19,4.25,4.26,4.13,3.75,3.05,1.99,0.54,0.89,1.22,1.78,1.01,0.88,1.31,1.84,2.82,4.46,6.96,0,0.75,1.57,2.47,3.46,4.55,5.74,7.04,8.47,10.04,11.76,13.64,15.71,17.98,20.46,23.19,26.18,29.45,33.05,36.99,41.31,46.05,51.25,56.94,63.19,70.04,77.55,85.79,94.83,104.73,115.59,127.5,140.56,154.88,170.58,187.8,206.68,227.39,250.1,275,0.75,1.57,2.47,3.46,4.55,5.74,7.04,8.47,10.04,11.76,13.64,15.71,17.98,20.46,23.19,26.18,29.45,33.05,36.99,41.31,46.05,51.25,56.94,63.19,70.04,77.55,85.79,94.83,104.73,115.59,127.5,140.56,154.88,170.58,187.8,206.68,227.39,250.1,275,412.5,158.854,179.592,101201
4520,101200,722516.8,482623,44216.79351,4299,219.5,51.14,53.59,0.0187,2.45,28,1.468,1.208,356.5,356.5,357.3,357.8,371.8,411.1,481,599.7,759.6,964.1,1291,1599,1946,2314,2698,3193,3644,3985,4348,4578,4609,4621,4649,4654,4653,4513,3870,3018,2075,1056,281.3,39.67,37.69,31.3,28.16,10.08,8.8,17.66,22.73,22.41,3.08,1.92,1.77,2.02,2.27,2.38,2.41,2.47,2.63,2.9,3.25,3.61,3.94,4.2,4.38,4.47,4.47,4.38,4.25,4.09,3.92,3.79,3.7,3.65,3.6,3.52,3.33,3.01,2.57,2.01,1.36,0.43,0.52,0.62,0.93,0.69,0.46,0.86,0.95,1.55,0,0.75,1.57,2.47,3.46,4.55,5.74,7.04,8.47,10.04,11.76,13.64,15.71,17.98,20.46,23.19,26.18,29.45,33.05,36.99,41.31,46.05,51.25,56.94,63.19,70.04,77.55,85.79,94.83,104.73,115.59,127.5,140.56,154.88,170.58,187.8,206.68,227.39,250.1,275,0.75,1.57,2.47,3.46,4.55,5.74,7.04,8.47,10.04,11.76,13.64,15.71,17.98,20.46,23.19,26.18,29.45,33.05,36.99,41.31,46.05,51.25,56.94,63.19,70.04,77.55,85.79,94.83,104.73,115.59,127.5,140.56,154.88,170.58,187.8,206.68,227.39,250.1,275,412.5,240.452,275.033,101201
4560,101200,723362.1,482348.7,44216.79398,4339,218.1,48.4,49.51,0.0197,1.11,32,2.34,1.208,156.6,151.1,131.9,95.69,88.57,88.56,88.67,105,156.2,232,323.4,437.5,569.8,714.1,866.8,1025,1181,1329,1450,1507,1509,1510,1509,1508,1505,1440,1271,1034,776.8,509.1,250.6,62.22,27.29,33.27,33.28,24.84,12.74,12.73,30.4,53.34,3.06,2.01,1.81,1.8,1.77,1.67,1.6,1.75,2.1,2.49,2.84,3.13,3.36,3.55,3.69,3.81,3.88,3.92,3.92,3.87,3.78,3.68,3.58,3.48,3.38,3.24,3.05,2.8,2.48,2.07,1.54,0.86,0.54,0.76,0.81,0.9,0.69,0.58,1.08,1.07,0,0.75,1.57,2.47,3.46,4.55,5.74,7.04,8.47,10.04,11.76,13.64,15.71,17.98,20.46,23.19,26.18,29.45,33.05,36.99,41.31,46.05,51.25,56.94,63.19,70.04,77.55,85.79,94.83,104.73,115.59,127.5,140.56,154.88,170.58,187.8,206.68,227.39,250.1,275,0.75,1.57,2.47,3.46,4.55,5.74,7.04,8.47,10.04,11.76,13.64,15.71,17.98,20.46,23.19,26.18,29.45,33.05,36.99,41.31,46.05,51.25,56.94,63.19,70.04,77.55,85.79,94.83,104.73,115.59,127.5,140.56,154.88,170.58,187.8,206.68,227.39,250.1,275,412.5,243.549,267.22,101201
4604,101200,724295.3,481935.3,44216.79454,4379,219.2,39.67,39.48,0.0236,-0.19,33,1.961,1.208,324,323.7,272.4,185.4,112.9,75.58,75.57,77.14,96.07,181.3,322.4,498.7,700.2,952.2,1218,1511,1823,2137,2441,2719,2909,2964,2967,2967,2966,2964,2955,2748,2353,1876,1330,806.5,344,38.05,15.14,23.26,9.55,5.39,18.38,53.78,3.97,2.63,2.18,2.01,1.79,1.5,1.38,1.38,1.58,2.06,2.59,3.07,3.46,3.79,4.06,4.28,4.44,4.56,4.63,4.64,4.6,4.51,4.41,4.31,4.23,4.16,4.09,3.98,3.8,3.52,3.11,2.53,1.72,0.58,0.31,0.77,0.58,0.26,1.02,0.84,0,0.75,1.57,2.47,3.46,4.55,5.74,7.04,8.47,10.04,11.76,13.64,15.71,17.98,20.46,23.19,26.18,29.45,33.05,36.99,41.31,46.05,51.25,56.94,63.19,70.04,77.55,85.79,94.83,104.73,115.59,127.5,140.56,154.88,170.58,187.8,206.68,227.39,250.1,275,0.75,1.57,2.47,3.46,4.55,5.74,7.04,8.47,10.04,11.76,13.64,15.71,17.98,20.46,23.19,26.18,29.45,33.05,36.99,41.31,46.05,51.25,56.94,63.19,70.04,77.55,85.79,94.83,104.73,115.59,127.5,140.56,154.88,170.58,187.8,206.68,227.39,250.1,275,412.5,253.477,269.776,101201
4644,101200,725046.2,481640.7,44216.79501,4419,221.4,44.81,46.13,0.022,1.32,34,1.769,1.208,316.8,316.6,293.8,229.7,153.4,104.5,85.22,85.2,85.24,108.8,180.5,297.3,433.7,585.6,756.2,933.6,1114,1312,1507,1690,1846,1977,2006,2008,2009,2009,2009,2008,1972,1758,1433,1027,615.7,238.5,28.95,20,20.25,7.46,8.38,69.37,3.85,2.55,2.19,2.15,2.03,1.77,1.52,1.45,1.48,1.68,2.06,2.48,2.85,3.15,3.4,3.59,3.75,3.88,3.97,4.02,4.02,3.98,3.89,3.77,3.66,3.56,3.48,3.42,3.35,3.23,3.03,2.73,2.27,1.59,0.46,0.46,0.73,0.42,0.43,0.87,0,0.75,1.57,2.47,3.46,4.55,5.74,7.04,8.47,10.04,11.76,13.64,15.71,17.98,20.46,23.19,26.18,29.45,33.05,36.99,41.31,46.05,51.25,56.94,63.19,70.04,77.55,85.79,94.83,104.73,115.59,127.5,140.56,154.88,170.58,187.8,206.68,227.39,250.1,275,0.75,1.57,2.47,3.46,4.55,5.74,7.04,8.47,10.04,11.76,13.64,15.71,17.98,20.46,23.19,26.18,29.45,33.05,36.99,41.31,46.05,51.25,56.94,63.19,70.04,77.55,85.79,94.83,104.73,115.59,127.5,140.56,154.88,170.58,187.8,206.68,227.39,250.1,275,412.5,264.26,273.612,101201
4684,101200,725797.5,481285.1,44216.79547,4459,222.9,70.77,67.81,0.0161,-2.96,8,3.886,1.208,381.3,371.8,321.9,227.4,138.8,81.49,74.77,76.06,82.39,128.1,214.5,303.3,387.7,480.2,570.1,646.3,702.3,751.7,765.9,766.3,766.1,765.4,763.4,745.1,702.9,649.4,605.5,557.7,510.6,475.2,433.2,377.9,326.3,318.6,316,314.2,313.1,312.5,312.2,312.1,4.97,3.29,2.57,2.28,2.07,1.78,1.56,1.46,1.58,2,2.5,2.9,3.15,3.3,3.37,3.38,3.36,3.32,3.28,3.25,3.23,3.24,3.26,3.27,3.27,3.25,3.24,3.28,3.5,4.06,5.17,7.1,98,98,98,98,98,98,98,98,0,0.75,1.57,2.47,3.46,4.55,5.74,7.04,8.47,10.04,11.76,13.64,15.71,17.98,20.46,23.19,26.18,29.45,33.05,36.99,41.31,46.05,51.25,56.94,63.19,70.04,77.55,85.79,94.83,104.73,115.59,127.5,140.56,154.88,170.58,187.8,206.68,227.39,250.1,275,0.75,1.57,2.47,3.46,4.55,5.74,7.04,8.47,10.04,11.76,13.64,15.71,17.98,20.46,23.19,26.18,29.45,33.05,36.99,41.31,46.05,51.25,56.94,63.19,70.04,77.55,85.79,94.83,104.73,115.59,127.5,140.56,154.88,170.58,187.8,206.68,227.39,250.1,275,412.5,10.503,16.023,101201
4730,101200,726806.3,480853.4,44216.79614,4499,223.4,33.56,35,0.0288,1.44,7,1.263,1.208,407.9,407.7,383.3,328.6,264.4,201,162.9,148.1,148.1,148.1,154.7,180.3,249.2,363.9,511,686.9,838.7,950.4,970,970.6,970.6,970,951,907.2,838.2,725.4,550.9,391.6,324,323.8,323.7,323.9,324.4,326.2,332.8,337.1,337.9,338.3,338.5,338.6,3.76,2.43,2.09,2.15,2.21,2.1,1.85,1.69,1.67,1.71,1.73,1.8,2.03,2.37,2.74,3.05,3.25,3.35,3.35,3.34,3.37,3.49,3.7,4,4.34,4.68,5,5.42,6.26,7.92,98,98,98,98,98,98,98,98,98,98,0,0.75,1.57,2.47,3.46,4.55,5.74,7.04,8.47,10.04,11.76,13.64,15.71,17.98,20.46,23.19,26.18,29.45,33.05,36.99,41.31,46.05,51.25,56.94,63.19,70.04,77.55,85.79,94.83,104.73,115.59,127.5,140.56,154.88,170.58,187.8,206.68,227.39,250.1,275,0.75,1.57,2.47,3.46,4.55,5.74,7.04,8.47,10.04,11.76,13.64,15.71,17.98,20.46,23.19,26.18,29.45,33.05,36.99,41.31,46.05,51.25,56.94,63.19,70.04,77.55,85.79,94.83,104.73,115.59,127.5,140.56,154.88,170.58,187.8,206.68,227.39,250.1,275,412.5,14.507,19.281,101201
4774,101200,727775.5,480541.6,44216.79674,4539,217.6,48.66,49.16,0.0201,0.5,25,2.487,1.208,322.2,261.6,232.8,191.8,138.3,131.4,130.2,130.2,130.4,138.4,197.6,320,476.5,663.3,879,1118,1347,1618,1853,2075,2226,2283,2288,2289,2288,2286,2278,2203,1930,1553,1128,691.1,301.2,63.3,30.7,30.49,25.52,42.32,96.67,182.8,3.84,2.36,1.94,1.92,1.91,1.87,1.78,1.72,1.69,1.74,2.01,2.4,2.8,3.17,3.49,3.74,3.94,4.08,4.15,4.16,4.12,4.03,3.91,3.81,3.72,3.65,3.59,3.49,3.33,3.08,2.71,2.21,1.56,0.76,0.57,0.77,0.6,0.91,1.41,2.23,0,0.75,1.57,2.47,3.46,4.55,5.74,7.04,8.47,10.04,11.76,13.64,15.71,17.98,20.46,23.19,26.18,29.45,33.05,36.99,41.31,46.05,51.25,56.94,63.19,70.04,77.55,85.79,94.83,104.73,115.59,127.5,140.56,154.88,170.58,187.8,206.68,227.39,250.1,275,0.75,1.57,2.47,3.46,4.55,5.74,7.04,8.47,10.04,11.76,13.64,15.71,17.98,20.46,23.19,26.18,29.45,33.05,36.99,41.31,46.05,51.25,56.94,63.19,70.04,77.55,85.79,94.83,104.73,115.59,127.5,140.56,154.88,170.58,187.8,206.68,227.39,250.1,275,412.5,213.742,235.948,101201
4818,101200,728659.4,479967.1,44216.79736,4579,209.7,74.04,74.3,0.0152,0.26,7,4.368,1.208,242.5,234.3,234,233.9,234.1,235.6,247.4,291.3,378.7,493,635.8,806.1,1015,1238,1480,1722,1885,1949,2017,2067,2068,2068,2054,1844,1405,914.6,505.1,283.7,262,261.8,261.9,332.7,372.5,372.7,372.4,372.2,372.1,372.2,372.4,372.9,3.24,2.05,1.87,2.08,2.28,2.3,2.22,2.23,2.41,2.72,3.1,3.47,3.79,4.02,4.16,4.21,4.18,4.11,4.03,3.98,3.96,3.94,3.89,3.72,3.38,2.9,2.37,1.97,1.89,1.91,2.34,3.72,6.12,9.64,98,98,98,98,98,98,0,0.75,1.57,2.47,3.46,4.55,5.74,7.04,8.47,10.04,11.76,13.64,15.71,17.98,20.46,23.19,26.18,29.45,33.05,36.99,41.31,46.05,51.25,56.94,63.19,70.04,77.55,85.79,94.83,104.73,115.59,127.5,140.56,154.88,170.58,187.8,206.68,227.39,250.1,275,0.75,1.57,2.47,3.46,4.55,5.74,7.04,8.47,10.04,11.76,13.64,15.71,17.98,20.46,23.19,26.18,29.45,33.05,36.99,41.31,46.05,51.25,56.94,63.19,70.04,77.55,85.79,94.83,104.73,115.59,127.5,140.56,154.88,170.58,187.8,206.68,227.39,250.1,275,412.5,12.897,26.931,101201
4862,101200,729763.6,479684.5,44216.79797,4619,202.7,49.91,50.86,0.0198,0.95,26,2.575,1.208,484,483.8,466.5,402.3,313.4,209.5,112.3,78.67,78.48,78.58,90.26,141.2,260.3,403,606.5,833.5,1076,1300,1565,1833,2086,2290,2456,2522,2524,2525,2524,2522,2487,2314,2014,1529,1027,566.5,326.9,63.74,26.25,46.2,94.45,241.9,4.34,2.85,2.39,2.37,2.41,2.22,1.76,1.38,1.37,1.42,1.49,1.77,2.23,2.7,3.14,3.52,3.81,4.03,4.19,4.3,4.35,4.36,4.33,4.26,4.18,4.1,4.03,3.95,3.85,3.68,3.42,3.06,2.61,2.12,1.65,0.94,0.5,0.84,1.09,1.41,0,0.75,1.57,2.47,3.46,4.55,5.74,7.04,8.47,10.04,11.76,13.64,15.71,17.98,20.46,23.19,26.18,29.45,33.05,36.99,41.31,46.05,51.25,56.94,63.19,70.04,77.55,85.79,94.83,104.73,115.59,127.5,140.56,154.88,170.58,187.8,206.68,227.39,250.1,275,0.75,1.57,2.47,3.46,4.55,5.74,7.04,8.47,10.04,11.76,13.64,15.71,17.98,20.46,23.19,26.18,29.45,33.05,36.99,41.31,46.05,51.25,56.94,63.19,70.04,77.55,85.79,94.83,104.73,115.59,127.5,140.56,154.88,170.58,187.8,206.68,227.39,250.1,275,412.5,234.143,253.999,101201
4904,101200,730541.6,479364.3,44216.79845,4659,184.6,53.85,54.16,0.018,0.31,28,2.384,1.208,332.8,331.9,276.7,191.5,102.7,63.6,61.31,61.51,77.26,142.6,221.5,346.3,500.3,689,889.5,1100,1316,1532,1732,1873,1923,1925,1926,1925,1924,1919,1825,1555,1242,828.9,380.6,75.09,30.18,42.62,55.7,50.31,4.59,15.8,50.11,173.1,4.41,2.93,2.37,2.13,1.84,1.51,1.36,1.37,1.58,2.03,2.49,2.95,3.35,3.7,3.98,4.18,4.31,4.38,4.4,4.36,4.29,4.21,4.15,4.11,4.09,4.05,3.93,3.7,3.3,2.71,1.91,0.97,0.56,0.82,1.2,1.55,0.24,0.98,1.26,1.71,0,0.75,1.57,2.47,3.46,4.55,5.74,7.04,8.47,10.04,11.76,13.64,15.71,17.98,20.46,23.19,26.18,29.45,33.05,36.99,41.31,46.05,51.25,56.94,63.19,70.04,77.55,85.79,94.83,104.73,115.59,127.5,140.56,154.88,170.58,187.8,206.68,227.39,250.1,275,0.75,1.57,2.47,3.46,4.55,5.74,7.04,8.47,10.04,11.76,13.64,15.71,17.98,20.46,23.19,26.18,29.45,33.05,36.99,41.31,46.05,51.25,56.94,63.19,70.04,77.55,85.79,94.83,104.73,115.59,127.5,140.56,154.88,170.58,187.8,206.68,227.39,250.1,275,412.5,231.984,242.552,101201
4947,101300,729876,478763,44216.79942,4699,189.2,57.02,63.5,0.0182,6.48,25,2.81,1.208,671.8,669.3,609.4,477.2,348.2,292.4,191,165.5,164.7,164.9,204.4,319.2,453.8,605.7,769.2,923.3,1061,1158,1211,1226,1226,1226,1225,1222,1141,965.5,751.6,531.1,342.8,221.3,165,147.1,110,60.09,58.82,58.97,92.94,122.7,125.7,125.6,5.41,3.54,2.68,2.35,2.27,2.23,2.02,1.79,1.65,1.64,1.87,2.27,2.67,2.99,3.2,3.31,3.34,3.29,3.2,3.09,3,2.93,2.87,2.79,2.65,2.43,2.13,1.81,1.49,1.24,1.11,1.12,1.06,0.8,0.94,0.88,1.1,1.25,1.35,1.88,0,0.75,1.57,2.47,3.46,4.55,5.74,7.04,8.47,10.04,11.76,13.64,15.71,17.98,20.46,23.19,26.18,29.45,33.05,36.99,41.31,46.05,51.25,56.94,63.19,70.04,77.55,85.79,94.83,104.73,115.59,127.5,140.56,154.88,170.58,187.8,206.68,227.39,250.1,275,0.75,1.57,2.47,3.46,4.55,5.74,7.04,8.47,10.04,11.76,13.64,15.71,17.98,20.46,23.19,26.18,29.45,33.05,36.99,41.31,46.05,51.25,56.94,63.19,70.04,77.55,85.79,94.83,104.73,115.59,127.5,140.56,154.88,170.58,187.8,206.68,227.39,250.1,275,412.5,203.857,239.015,101301
4989,101300,729013.8,479183.8,44216.7999,4739,213.9,39.84,41.04,0.0253,1.2,18,2.158,1.208,550.3,550.3,550.3,540.3,488.8,401.8,303.1,203.8,127.9,88.31,81.35,71.32,71.29,97.48,219.7,324.3,487.9,662.8,891.1,1019,1221,1415,1600,1749,1806,1808,1809,1809,1808,1802,1739,1562,1328,1053,770.2,528.4,346.6,290.5,223.5,91.03,4.79,2.97,2.12,2.07,2.35,2.6,2.57,2.17,1.59,1.3,1.35,1.32,1.23,1.41,1.95,2.42,2.82,3.13,3.35,3.5,3.61,3.7,3.78,3.83,3.87,3.91,3.98,4.11,4.31,4.6,5.02,5.62,6.56,8.1,98,98,98,98,98,98,0,0.75,1.57,2.47,3.46,4.55,5.74,7.04,8.47,10.04,11.76,13.64,15.71,17.98,20.46,23.19,26.18,29.45,33.05,36.99,41.31,46.05,51.25,56.94,63.19,70.04,77.55,85.79,94.83,104.73,115.59,127.5,140.56,154.88,170.58,187.8,206.68,227.39,250.1,275,0.75,1.57,2.47,3.46,4.55,5.74,7.04,8.47,10.04,11.76,13.64,15.71,17.98,20.46,23.19,26.18,29.45,33.05,36.99,41.31,46.05,51.25,56.94,63.19,70.04,77.55,85.79,94.83,104.73,115.59,127.5,140.56,154.88,170.58,187.8,206.68,227.39,250.1,275,412.5,43.171,82.158,101301
5033,101300,727935.6,479627.3,44216.80047,4779,216.4,41.39,41.61,0.0247,0.22,10,1.413,1.208,355.8,355.6,344.4,285.7,216.3,157.3,127.9,127.9,128.3,135.3,167.8,233.8,336.1,474.8,634.5,810.6,968.3,1123,1163,1244,1259,1260,1260,1259,1102,1024,840,647,506,382.9,294.1,288,287.6,287.7,300.3,328.9,343.3,346.6,347.7,348.9,3.72,2.43,2.12,2.16,2.16,1.98,1.73,1.62,1.63,1.71,1.86,2.1,2.4,2.72,3.03,3.29,3.49,3.62,3.67,3.7,3.7,3.71,3.73,3.75,3.77,3.83,3.95,4.22,4.81,5.87,7.61,98,98,98,98,98,98,98,98,98,0,0.75,1.57,2.47,3.46,4.55,5.74,7.04,8.47,10.04,11.76,13.64,15.71,17.98,20.46,23.19,26.18,29.45,33.05,36.99,41.31,46.05,51.25,56.94,63.19,70.04,77.55,85.79,94.83,104.73,115.59,127.5,140.56,154.88,170.58,187.8,206.68,227.39,250.1,275,0.75,1.57,2.47,3.46,4.55,5.74,7.04,8.47,10.04,11.76,13.64,15.71,17.98,20.46,23.19,26.18,29.45,33.05,36.99,41.31,46.05,51.25,56.94,63.19,70.04,77.55,85.79,94.83,104.73,115.59,127.5,140.56,154.88,170.58,187.8,206.68,227.39,250.1,275,412.5,20.556,36.63,101301
5075,101300,726869.9,480046.4,44216.80104,4819,222.6,43.16,43.39,0.0223,0.23,33,2.378,1.208,381.9,378.6,372,315,229.8,142.3,77.47,66.03,66.05,71.28,95.51,172.2,328.6,543.1,794.1,1092,1421,1741,2119,2476,2824,3148,3384,3480,3484,3485,3484,3481,3406,3107,2604,2207,1427,832.2,336.9,16.98,13.19,18.57,9.37,11.81,3.79,2.5,2.22,2.3,2.3,2,1.48,1.28,1.35,1.4,1.52,1.92,2.48,3.04,3.54,3.95,4.28,4.53,4.71,4.82,4.86,4.86,4.81,4.72,4.63,4.56,4.53,4.53,4.54,4.53,4.46,4.3,3.93,3.3,2.28,0.54,0.36,1.02,0.35,0.6,0,0.75,1.57,2.47,3.46,4.55,5.74,7.04,8.47,10.04,11.76,13.64,15.71,17.98,20.46,23.19,26.18,29.45,33.05,36.99,41.31,46.05,51.25,56.94,63.19,70.04,77.55,85.79,94.83,104.73,115.59,127.5,140.56,154.88,170.58,187.8,206.68,227.39,250.1,275,0.75,1.57,2.47,3.46,4.55,5.74,7.04,8.47,10.04,11.76,13.64,15.71,17.98,20.46,23.19,26.18,29.45,33.05,36.99,41.31,46.05,51.25,56.94,63.19,70.04,77.55,85.79,94.83,104.73,115.59,127.5,140.56,154.88,170.58,187.8,206.68,227.39,250.1,275,412.5,275.033,275.033,101301
5117,101300,725728.2,480535.1,44216.80163,4859,219.7,57.72,58.72,0.0173,1,21,3.751,1.208,330.1,330.1,309.1,235.7,149,93.66,90.65,90.65,91.75,110.1,164.5,222.5,360.8,484.7,619.4,756.4,897.4,1031,1131,1192,1200,1201,1201,1200,1198,1180,1023,808,588.6,375.3,150.5,73.37,73.53,104.1,104.1,78.5,9.69,33.28,105.1,653.3,4.13,2.73,2.29,2.16,2,1.73,1.59,1.55,1.58,1.74,2.02,2.34,2.72,3.04,3.3,3.5,3.62,3.68,3.67,3.61,3.52,3.42,3.35,3.3,3.25,3.17,3,2.73,2.35,1.86,1.25,0.86,0.94,1.43,2.08,2.11,0.53,1.05,2.01,3.65,0,0.75,1.57,2.47,3.46,4.55,5.74,7.04,8.47,10.04,11.76,13.64,15.71,17.98,20.46,23.19,26.18,29.45,33.05,36.99,41.31,46.05,51.25,56.94,63.19,70.04,77.55,85.79,94.83,104.73,115.59,127.5,140.56,154.88,170.58,187.8,206.68,227.39,250.1,275,0.75,1.57,2.47,3.46,4.55,5.74,7.04,8.47,10.04,11.76,13.64,15.71,17.98,20.46,23.19,26.18,29.45,33.05,36.99,41.31,46.05,51.25,56.94,63.19,70.04,77.55,85.79,94.83,104.73,115.59,127.5,140.56,154.88,170.58,187.8,206.68,227.39,250.1,275,412.5,218.385,233.028,101301
5159,101300,724720.6,480929,44216.80215,4899,222.4,42.2,40.91,0.0225,-1.29,34,2.151,1.208,320,307,271.3,186.9,104.4,57.8,40.28,40.33,49.88,108.6,215,361.6,554.3,723.3,920.4,1134,1383,1633,1855,2088,2357,2501,2589,2590,2590,2589,2586,2579,2463,2185,1790,1332,833.2,378.3,62.06,9.09,23.82,9.56,8.51,45.72,3.97,2.66,2.3,2.19,1.95,1.49,1.16,1.17,1.34,1.87,2.47,3.02,3.48,3.82,4.08,4.28,4.44,4.55,4.63,4.68,4.69,4.67,4.62,4.56,4.51,4.47,4.44,4.4,4.31,4.12,3.8,3.33,2.7,1.93,1.06,0.21,0.94,0.51,0.38,0.64,0,0.75,1.57,2.47,3.46,4.55,5.74,7.04,8.47,10.04,11.76,13.64,15.71,17.98,20.46,23.19,26.18,29.45,33.05,36.99,41.31,46.05,51.25,56.94,63.19,70.04,77.55,85.79,94.83,104.73,115.59,127.5,140.56,154.88,170.58,187.8,206.68,227.39,250.1,275,0.75,1.57,2.47,3.46,4.55,5.74,7.04,8.47,10.04,11.76,13.64,15.71,17.98,20.46,23.19,26.18,29.45,33.05,36.99,41.31,46.05,51.25,56.94,63.19,70.04,77.55,85.79,94.83,104.73,115.59,127.5,140.56,154.88,170.58,187.8,206.68,227.39,250.1,275,412.5,264.808,275.033,101301
5201,101300,723619.7,481389.2,44216.80267,4939,218.3,45.52,42.85,0.0182,-2.67,35,2.513,1.208,1513,1473,1285,1089,869.2,600.1,341.2,123.7,14.52,14.74,125.4,298.6,519.1,797.8,1089,1398,1705,2020,2317,2606,2850,3020,3067,3069,3069,3068,3064,3057,2866,2559,2150,1681,1185,690.5,280.6,6.85,11.13,21.09,8.35,48.81,5.99,3.96,3.04,2.84,3.02,3.21,3.05,2.27,0.82,0.75,2.27,3.48,4.4,5.04,5.43,5.62,5.66,5.62,5.53,5.41,5.29,5.19,5.12,5.09,5.13,5.24,5.4,5.58,5.73,5.79,5.72,5.43,4.85,3.9,2.5,0.36,0.43,1.05,0.34,1.03,0,0.75,1.57,2.47,3.46,4.55,5.74,7.04,8.47,10.04,11.76,13.64,15.71,17.98,20.46,23.19,26.18,29.45,33.05,36.99,41.31,46.05,51.25,56.94,63.19,70.04,77.55,85.79,94.83,104.73,115.59,127.5,140.56,154.88,170.58,187.8,206.68,227.39,250.1,275,0.75,1.57,2.47,3.46,4.55,5.74,7.04,8.47,10.04,11.76,13.64,15.71,17.98,20.46,23.19,26.18,29.45,33.05,36.99,41.31,46.05,51.25,56.94,63.19,70.04,77.55,85.79,94.83,104.73,115.59,127.5,140.56,154.88,170.58,187.8,206.68,227.39,250.1,275,412.5,250.664,271.332,101301
5241,101300,722605,481807.7,44216.80313,4979,220.2,45.83,47.51,0.0214,1.68,30,1.618,1.208,236.9,237.1,237.2,241.6,271.5,316.3,424.3,527.2,700.7,914.1,1155,1481,1866,2282,2721,3103,3504,4140,4485,4774,4916,4924,4926,4925,4921,4825,4289,3478,2453,1352,479.8,65.28,46.45,33.35,21.63,11.7,7.63,12.08,22.64,22.84,2.68,1.72,1.7,1.95,2.14,2.23,2.34,2.51,2.79,3.14,3.5,3.86,4.16,4.38,4.52,4.58,4.57,4.54,4.45,4.35,4.23,4.13,4.05,4,3.95,3.86,3.69,3.39,2.96,2.36,1.58,0.52,0.58,0.59,0.62,0.6,0.49,0.66,1,1.24,0,0.75,1.57,2.47,3.46,4.55,5.74,7.04,8.47,10.04,11.76,13.64,15.71,17.98,20.46,23.19,26.18,29.45,33.05,36.99,41.31,46.05,51.25,56.94,63.19,70.04,77.55,85.79,94.83,104.73,115.59,127.5,140.56,154.88,170.58,187.8,206.68,227.39,250.1,275,0.75,1.57,2.47,3.46,4.55,5.74,7.04,8.47,10.04,11.76,13.64,15.71,17.98,20.46,23.19,26.18,29.45,33.05,36.99,41.31,46.05,51.25,56.94,63.19,70.04,77.55,85.79,94.83,104.73,115.59,127.5,140.56,154.88,170.58,187.8,206.68,227.39,250.1,275,412.5,251.244,275.033,101301
5285,101300,720852.1,482537.3,44216.80398,5019,218.6,36.83,37.52,0.0267,0.69,21,3.792,1.208,1058,1060,1184,1379,1519,1719,1904,2073,2234,2390,2474,2616,2735,2825,2868,2871,2870,2867,2839,2641,2180,2019,1913,1742,1688,1472,1426,1370,1239,706.3,179.9,37.67,54.51,42.44,32.83,24.72,19.34,45.7,77.21,78.2,3.99,2.47,2.06,2.28,2.76,3.27,3.65,3.84,3.84,3.71,3.52,3.35,3.26,3.25,3.32,3.42,3.49,3.45,3.28,2.96,2.57,2.29,2.2,2.31,2.53,2.65,2.6,2.37,2.04,1.6,1.11,0.21,0.65,0.69,0.73,0.82,0.55,1.12,1.45,1.83,0,0.75,1.57,2.47,3.46,4.55,5.74,7.04,8.47,10.04,11.76,13.64,15.71,17.98,20.46,23.19,26.18,29.45,33.05,36.99,41.31,46.05,51.25,56.94,63.19,70.04,77.55,85.79,94.83,104.73,115.59,127.5,140.56,154.88,170.58,187.8,206.68,227.39,250.1,275,0.75,1.57,2.47,3.46,4.55,5.74,7.04,8.47,10.04,11.76,13.64,15.71,17.98,20.46,23.19,26.18,29.45,33.05,36.99,41.31,46.05,51.25,56.94,63.19,70.04,77.55,85.79,94.83,104.73,115.59,127.5,140.56,154.88,170.58,187.8,206.68,227.39,250.1,275,412.5,219.274,239.74,101301
5327,101300,719646.2,483047,44216.80462,5059,212,38.37,38.39,0.0255,0.02,5,4.727,1.208,772.3,773.3,873.3,1057,1258,1524,1829,2132,2397,2745,2964,3296,3551,3625,3627,3626,3624,3620,3614,3603,3337,2707,2251,1576,1306,1200,822.8,729.7,689.1,455.4,244.7,195.4,194.9,194.9,196.7,205.5,214.6,222.9,227.7,233.9,3.43,2.09,1.87,2.24,2.8,3.34,3.73,3.95,4.01,3.98,3.91,3.85,3.82,3.83,3.86,3.9,3.91,3.87,3.73,3.48,3.13,2.75,2.44,2.28,2.36,2.47,2.27,1.96,1.78,1.76,1.84,1.91,2.39,4.05,7.65,98,98,98,98,98,0,0.75,1.57,2.47,3.46,4.55,5.74,7.04,8.47,10.04,11.76,13.64,15.71,17.98,20.46,23.19,26.18,29.45,33.05,36.99,41.31,46.05,51.25,56.94,63.19,70.04,77.55,85.79,94.83,104.73,115.59,127.5,140.56,154.88,170.58,187.8,206.68,227.39,250.1,275,0.75,1.57,2.47,3.46,4.55,5.74,7.04,8.47,10.04,11.76,13.64,15.71,17.98,20.46,23.19,26.18,29.45,33.05,36.99,41.31,46.05,51.25,56.94,63.19,70.04,77.55,85.79,94.83,104.73,115.59,127.5,140.56,154.88,170.58,187.8,206.68,227.39,250.1,275,412.5,40.144,105.951,101301
5369,101300,718327,483587.9,44216.8053,5099,207,41.14,65.11,0.0203,23.97,30,5.091,1.208,159.7,314.5,574,860.6,1176,1556,1961,2416,2906,3487,3955,4605,5147,5745,5839,5862,5867,5862,5481,4816,3913,2907,1789,851.4,119,26.83,48.83,53.93,42.78,41.31,15.98,14.12,11.58,11.23,12.62,14.47,21.76,22.55,22.56,3.31,1.64,1.51,2.21,3.06,3.86,4.52,4.99,5.3,5.47,5.53,5.52,5.47,5.4,5.31,5.2,5.09,4.97,4.83,4.63,4.34,3.95,3.44,2.79,2.01,1.05,0.25,0.31,0.61,0.81,0.99,0.59,0.74,0.76,0.77,0.87,1.01,1.87,3.16,3.55,1.39,0,0.75,1.57,2.47,3.46,4.55,5.74,7.04,8.47,10.04,11.76,13.64,15.71,17.98,20.46,23.19,26.18,29.45,33.05,36.99,41.31,46.05,51.25,56.94,63.19,70.04,77.55,85.79,94.83,104.73,115.59,127.5,140.56,154.88,170.58,187.8,206.68,227.39,250.1,275,0.75,1.57,2.47,3.46,4.55,5.74,7.04,8.47,10.04,11.76,13.64,15.71,17.98,20.46,23.19,26.18,29.45,33.05,36.99,41.31,46.05,51.25,56.94,63.19,70.04,77.55,85.79,94.83,104.73,115.59,127.5,140.56,154.88,170.58,187.8,206.68,227.39,250.1,275,412.5,211.229,275.033,101301
5411,101300,717083.2,484054,44216.80589,5139,210.7,47.81,51.12,0.0196,3.31,30,1.958,1.208,244.7,283.3,298.2,447.7,587.6,747.5,930.6,1156,1360,1613,1862,2209,2501,2735,2894,2998,3098,3166,3179,3185,3187,3187,3153,2837,2236,1424,699.1,91.76,25.05,62.65,73.15,70.79,31.8,12.9,12.88,29.49,51.95,61.68,61.76,53.99,2.31,1.52,1.69,2.26,2.75,3.08,3.25,3.36,3.44,3.54,3.68,3.85,4,4.09,4.11,4.04,3.9,3.71,3.5,3.31,3.19,3.12,3.1,3.03,2.83,2.42,1.73,0.66,0.25,0.91,0.92,1.07,0.84,0.5,0.58,1.06,1.32,1.39,1.33,0.93,0,0.75,1.57,2.47,3.46,4.55,5.74,7.04,8.47,10.04,11.76,13.64,15.71,17.98,20.46,23.19,26.18,29.45,33.05,36.99,41.31,46.05,51.25,56.94,63.19,70.04,77.55,85.79,94.83,104.73,115.59,127.5,140.56,154.88,170.58,187.8,206.68,227.39,250.1,275,0.75,1.57,2.47,3.46,4.55,5.74,7.04,8.47,10.04,11.76,13.64,15.71,17.98,20.46,23.19,26.18,29.45,33.05,36.99,41.31,46.05,51.25,56.94,63.19,70.04,77.55,85.79,94.83,104.73,115.59,127.5,140.56,154.88,170.58,187.8,206.68,227.39,250.1,275,412.5,210.198,251.919,101301
5453,101300,715814.7,484606.7,44216.80649,5179,197.4,43.74,67.94,0.0154,24.2,35,4.596,1.208,50.35,223.3,428.5,672.3,925.9,1195,1494,1838,2050,2386,2586,2629,2639,2648,2652,2519,2120,1553,1058,604.3,185.6,14.68,31.65,58.58,63.77,59.47,43.87,26.04,14.1,12.03,11.63,12.74,16,16.31,16.3,13.05,8.15,7.22,7.38,8.87,0.84,1.69,2.8,3.87,4.76,5.43,5.87,6.09,6.13,6.03,5.84,5.58,5.3,5.04,4.8,4.56,4.28,3.94,3.53,2.95,2.04,0.37,0.91,1.11,1.16,1.28,1.31,1.23,1.06,1.01,0.93,1.02,1.43,2.21,3.48,4.54,4.64,4.52,5.2,7,0,0.75,1.57,2.47,3.46,4.55,5.74,7.04,8.47,10.04,11.76,13.64,15.71,17.98,20.46,23.19,26.18,29.45,33.05,36.99,41.31,46.05,51.25,56.94,63.19,70.04,77.55,85.79,94.83,104.73,115.59,127.5,140.56,154.88,170.58,187.8,206.68,227.39,250.1,275,0.75,1.57,2.47,3.46,4.55,5.74,7.04,8.47,10.04,11.76,13.64,15.71,17.98,20.46,23.19,26.18,29.45,33.05,36.99,41.31,46.05,51.25,56.94,63.19,70.04,77.55,85.79,94.83,104.73,115.59,127.5,140.56,154.88,170.58,187.8,206.68,227.39,250.1,275,412.5,187.338,241.949,101301
5493,101300,714864.9,484995.1,44216.80695,5219,193.6,37.47,49.88,0.0182,12.41,40,2.842,1.208,56.55,251.1,519.2,789.5,1082,1405,1750,2065,2399,2611,2814,2888,2892,2893,2892,2847,2506,1979,1361,774.2,273.3,18.69,24.56,59.38,85.25,86.08,75.28,54.41,26.59,16.19,14.98,15.55,25.04,36.31,48.81,58.63,60.57,60.57,60.28,40.02,0.75,1.68,2.83,3.86,4.67,5.22,5.52,5.59,5.5,5.27,4.99,4.68,4.4,4.18,4.01,3.88,3.73,3.53,3.23,2.74,1.9,0.37,0.41,0.7,1.11,1.25,1.2,1.13,0.88,0.72,0.8,0.83,1.13,1.37,1.51,1.55,1.54,1.57,1.61,1.46,0,0.75,1.57,2.47,3.46,4.55,5.74,7.04,8.47,10.04,11.76,13.64,15.71,17.98,20.46,23.19,26.18,29.45,33.05,36.99,41.31,46.05,51.25,56.94,63.19,70.04,77.55,85.79,94.83,104.73,115.59,127.5,140.56,154.88,170.58,187.8,206.68,227.39,250.1,275,0.75,1.57,2.47,3.46,4.55,5.74,7.04,8.47,10.04,11.76,13.64,15.71,17.98,20.46,23.19,26.18,29.45,33.05,36.99,41.31,46.05,51.25,56.94,63.19,70.04,77.55,85.79,94.83,104.73,115.59,127.5,140.56,154.88,170.58,187.8,206.68,227.39,250.1,275,412.5,174.689,222.32,101301
5537,101300,713418.6,485566,44216.80763,5259,185.8,48.66,48.94,0.0189,0.28,41,1.481,1.208,83.37,85.89,103.2,132.5,167.1,207.7,223.9,271,314,320.5,322.4,323,323.2,323.1,313.5,249.2,163.4,84.03,38.04,34.92,34.93,45.44,58.48,72.38,72.6,72.58,68.03,39.62,16.4,15.38,15.46,27.71,38.44,38.5,38.32,37.44,36.93,36.9,37.86,44.71,2.01,1.39,1.67,2.05,2.28,2.4,2.46,2.55,2.64,2.66,2.63,2.56,2.49,2.41,2.31,2.12,1.8,1.36,0.88,0.93,0.94,1.09,1.25,1.36,1.37,1.42,1.46,1.21,0.76,0.86,0.83,1.22,1.44,1.45,1.44,1.39,1.3,1.34,1.62,1.68,0,0.75,1.57,2.47,3.46,4.55,5.74,7.04,8.47,10.04,11.76,13.64,15.71,17.98,20.46,23.19,26.18,29.45,33.05,36.99,41.31,46.05,51.25,56.94,63.19,70.04,77.55,85.79,94.83,104.73,115.59,127.5,140.56,154.88,170.58,187.8,206.68,227.39,250.1,275,0.75,1.57,2.47,3.46,4.55,5.74,7.04,8.47,10.04,11.76,13.64,15.71,17.98,20.46,23.19,26.18,29.45,33.05,36.99,41.31,46.05,51.25,56.94,63.19,70.04,77.55,85.79,94.83,104.73,115.59,127.5,140.56,154.88,170.58,187.8,206.68,227.39,250.1,275,412.5,166.987,211.786,101301
5583,101300,711956,486271.3,44216.80845,5299,180.2,43,45.39,0.0219,2.39,22,1.351,1.208,161.8,161.6,161.3,160.7,159.2,157.8,156.6,155.4,154.6,150.9,144,124.4,96.02,65.84,34.01,31.1,30.75,30.91,54.08,76.03,83.88,83.95,83.94,81.65,61.76,35.58,16.79,14.95,15.32,17.99,28.78,44.3,60.79,72.62,76.12,76.26,76.38,76.5,76.59,76.64,2.69,1.75,1.75,2,2.13,2.09,1.96,1.87,1.86,1.9,1.92,1.85,1.66,1.38,1.04,1.03,1.02,1.01,1.36,1.59,1.65,1.65,1.72,1.83,1.84,1.68,1.36,1.18,1.02,1.06,1.47,2.29,3.67,5.79,8.83,98,98,98,98,98,0,0.75,1.57,2.47,3.46,4.55,5.74,7.04,8.47,10.04,11.76,13.64,15.71,17.98,20.46,23.19,26.18,29.45,33.05,36.99,41.31,46.05,51.25,56.94,63.19,70.04,77.55,85.79,94.83,104.73,115.59,127.5,140.56,154.88,170.58,187.8,206.68,227.39,250.1,275,0.75,1.57,2.47,3.46,4.55,5.74,7.04,8.47,10.04,11.76,13.64,15.71,17.98,20.46,23.19,26.18,29.45,33.05,36.99,41.31,46.05,51.25,56.94,63.19,70.04,77.55,85.79,94.83,104.73,115.59,127.5,140.56,154.88,170.58,187.8,206.68,227.39,250.1,275,412.5,93.934,113.06,101301
5623,101400,709945.7,486467.5,44217.59958,22,191.9,65.86,68.41,0.0132,2.55,45,2.555,1.081,46.08,35.94,30.17,30.18,30.77,41.24,47.94,48.16,48.14,48.04,46.85,45.06,41.9,40.32,40.33,41.23,45.67,53.46,62.89,69.44,76.09,76.45,76.46,76.41,73.78,55.69,27.27,15.99,15.99,16.14,32.79,54.89,68.02,74.2,84.73,94.17,96.94,97.6,100.2,152.4,2.55,1.64,1.48,1.39,1.37,1.63,1.84,1.84,1.73,1.64,1.62,1.63,1.58,1.51,1.48,1.5,1.56,1.66,1.76,1.82,1.85,1.83,1.83,1.87,1.86,1.65,1.21,0.94,1.01,0.97,1.41,1.77,1.91,1.93,1.96,1.99,1.99,1.94,1.9,1.95,0,0.75,1.57,2.47,3.46,4.55,5.74,7.04,8.47,10.04,11.76,13.64,15.71,17.98,20.46,23.19,26.18,29.45,33.05,36.99,41.31,46.05,51.25,56.94,63.19,70.04,77.55,85.79,94.83,104.73,115.59,127.5,140.56,154.88,170.58,187.8,206.68,227.39,250.1,275,0.75,1.57,2.47,3.46,4.55,5.74,7.04,8.47,10.04,11.76,13.64,15.71,17.98,20.46,23.19,26.18,29.45,33.05,36.99,41.31,46.05,51.25,56.94,63.19,70.04,77.55,85.79,94.83,104.73,115.59,127.5,140.56,154.88,170.58,187.8,206.68,227.39,250.1,275,412.5,152.749,195.061,101401
5667,101400,711138.4,485703.4,44217.60013,62,186.5,38.05,40.53,0.026,2.48,42,1.243,1.081,243.3,242.9,241.8,238.1,232.9,223.6,220.2,216.6,212.2,209.2,188.2,159.3,131,101.3,62.19,31.3,30.58,30.56,35.4,55.54,73.68,75,75.03,74.95,67.87,32.02,14.98,14.59,14.64,18.61,22.17,23.57,23.89,25.49,27.01,27.72,27.74,27.69,27.61,27.5,3.05,1.95,1.82,2.05,2.23,2.25,2.15,2.03,1.96,1.94,1.9,1.83,1.72,1.56,1.26,0.9,0.94,0.95,1.04,1.31,1.48,1.48,1.49,1.56,1.54,1.17,0.79,0.9,0.9,1.07,1.19,1.25,1.33,1.43,1.46,1.39,1.32,1.36,1.69,2.58,0,0.75,1.57,2.47,3.46,4.55,5.74,7.04,8.47,10.04,11.76,13.64,15.71,17.98,20.46,23.19,26.18,29.45,33.05,36.99,41.31,46.05,51.25,56.94,63.19,70.04,77.55,85.79,94.83,104.73,115.59,127.5,140.56,154.88,170.58,187.8,206.68,227.39,250.1,275,0.75,1.57,2.47,3.46,4.55,5.74,7.04,8.47,10.04,11.76,13.64,15.71,17.98,20.46,23.19,26.18,29.45,33.05,36.99,41.31,46.05,51.25,56.94,63.19,70.04,77.55,85.79,94.83,104.73,115.59,127.5,140.56,154.88,170.58,187.8,206.68,227.39,250.1,275,412.5,174.836,223.007,101401
5709,101400,712336.4,485127.9,44217.6006,102,186.1,49.41,51.32,0.0195,1.91,20,1.6,1.081,346.2,345.9,345.6,344.6,341,332.2,305.5,295.8,292,289.5,288.2,287.6,286.5,269.5,222,161.8,109,56.61,40,28.16,22.53,24.84,69.51,72.97,75.84,75.84,72.39,41.37,14.44,14.44,33.44,61.9,80.28,89.47,91.86,92.16,92.3,92.35,92.32,92.29,3.4,2.14,1.89,2.1,2.37,2.48,2.4,2.22,2.07,2,2.01,2.06,2.09,2.03,1.85,1.59,1.34,1.05,0.93,0.82,0.77,0.81,1.43,1.55,1.62,1.85,2.03,1.76,1,0.88,1.43,2.12,2.99,4.27,6.17,8.91,98,98,98,98,0,0.75,1.57,2.47,3.46,4.55,5.74,7.04,8.47,10.04,11.76,13.64,15.71,17.98,20.46,23.19,26.18,29.45,33.05,36.99,41.31,46.05,51.25,56.94,63.19,70.04,77.55,85.79,94.83,104.73,115.59,127.5,140.56,154.88,170.58,187.8,206.68,227.39,250.1,275,0.75,1.57,2.47,3.46,4.55,5.74,7.04,8.47,10.04,11.76,13.64,15.71,17.98,20.46,23.19,26.18,29.45,33.05,36.99,41.31,46.05,51.25,56.94,63.19,70.04,77.55,85.79,94.83,104.73,115.59,127.5,140.56,154.88,170.58,187.8,206.68,227.39,250.1,275,412.5,70.864,103.553,101401
5753,101400,714078.7,484460.3,44217.60125,142,202.5,55.25,57.95,0.0152,2.7,29,1.964,1.081,626.3,656.8,803.4,971.6,1216,1426,1552,1737,1908,2104,2184,2252,2254,2255,2255,2255,2230,2081,1892,1553,1234,565.7,65.09,25.43,41.1,57.03,57.58,66.14,37.17,22.3,13.23,13.2,14.91,20.12,27.79,28.36,28.39,28.35,24.03,6.27,3.41,2.13,1.95,2.31,2.86,3.36,3.72,3.9,3.93,3.85,3.67,3.47,3.27,3.11,2.99,2.91,2.87,2.83,2.79,2.7,2.48,1.88,0.23,0.33,0.69,0.84,0.71,1.04,0.95,0.85,0.72,0.86,0.87,1.06,1.36,1.92,3.25,5.11,5.92,3.65,0,0.75,1.57,2.47,3.46,4.55,5.74,7.04,8.47,10.04,11.76,13.64,15.71,17.98,20.46,23.19,26.18,29.45,33.05,36.99,41.31,46.05,51.25,56.94,63.19,70.04,77.55,85.79,94.83,104.73,115.59,127.5,140.56,154.88,170.58,187.8,206.68,227.39,250.1,275,0.75,1.57,2.47,3.46,4.55,5.74,7.04,8.47,10.04,11.76,13.64,15.71,17.98,20.46,23.19,26.18,29.45,33.05,36.99,41.31,46.05,51.25,56.94,63.19,70.04,77.55,85.79,94.83,104.73,115.59,127.5,140.56,154.88,170.58,187.8,206.68,227.39,250.1,275,412.5,174.183,227.758,101401
5797,101400,715873.8,483715.6,44217.60191,182,198.6,52.12,56.34,0.0171,4.22,30,1.046,1.081,275.9,274.7,290.3,380.4,499,703.1,967.8,1259,1586,1944,2272,2530,2824,2940,2958,2963,2968,2973,2977,2978,2948,2738,2183,1504,453.3,25.15,28.19,74.37,74.39,74,47.83,14.72,13.94,13.94,24.4,36.61,48.87,52.42,52.9,53,2.63,1.62,1.63,2.07,2.55,2.98,3.34,3.64,3.88,4.07,4.19,4.25,4.24,4.15,4.01,3.83,3.66,3.52,3.43,3.39,3.38,3.33,3.16,2.75,1.92,0.31,0.45,1.09,1.07,1.18,1.18,0.62,0.78,0.75,1.09,1.29,1.45,1.7,2.33,3.68,0,0.75,1.57,2.47,3.46,4.55,5.74,7.04,8.47,10.04,11.76,13.64,15.71,17.98,20.46,23.19,26.18,29.45,33.05,36.99,41.31,46.05,51.25,56.94,63.19,70.04,77.55,85.79,94.83,104.73,115.59,127.5,140.56,154.88,170.58,187.8,206.68,227.39,250.1,275,0.75,1.57,2.47,3.46,4.55,5.74,7.04,8.47,10.04,11.76,13.64,15.71,17.98,20.46,23.19,26.18,29.45,33.05,36.99,41.31,46.05,51.25,56.94,63.19,70.04,77.55,85.79,94.83,104.73,115.59,127.5,140.56,154.88,170.58,187.8,206.68,227.39,250.1,275,412.5,185.338,221.268,101401
5837,101400,717167,483150.5,44217.60237,222,216.4,46.47,47.65,0.0195,1.18,33,1.882,1.081,377.7,377.5,377.1,380.2,398.6,466.8,608.7,828.4,1119,1462,1857,2401,3032,3584,4279,5296,5620,6544,6598,6629,6640,6646,6650,6651,6643,6233,4840,2496,129.9,17.69,93.7,93.58,42.34,11.16,11.27,14.24,31.58,32.6,32.59,21.44,2.83,1.78,1.71,1.96,2.16,2.25,2.36,2.57,2.88,3.28,3.69,4.09,4.42,4.65,4.78,4.83,4.78,4.7,4.59,4.51,4.5,4.55,4.65,4.74,4.69,4.37,3.68,2.58,1.09,0.19,1.2,1.14,0.97,0.48,0.58,0.73,1.15,1.07,1.17,1.22,0,0.75,1.57,2.47,3.46,4.55,5.74,7.04,8.47,10.04,11.76,13.64,15.71,17.98,20.46,23.19,26.18,29.45,33.05,36.99,41.31,46.05,51.25,56.94,63.19,70.04,77.55,85.79,94.83,104.73,115.59,127.5,140.56,154.88,170.58,187.8,206.68,227.39,250.1,275,0.75,1.57,2.47,3.46,4.55,5.74,7.04,8.47,10.04,11.76,13.64,15.71,17.98,20.46,23.19,26.18,29.45,33.05,36.99,41.31,46.05,51.25,56.94,63.19,70.04,77.55,85.79,94.83,104.73,115.59,127.5,140.56,154.88,170.58,187.8,206.68,227.39,250.1,275,412.5,224.626,275.033,101401
5879,101400,718749,482487.7,44217.60292,262,201.8,74.02,75.72,0.0131,1.7,28,2.482,1.081,237.1,233.1,171.2,101.5,99.34,99.35,101.1,146.4,272.9,473,721.9,1001,1295,1590,1845,2009,2068,2073,2074,2073,2072,2069,2047,1822,1414,956.9,527.7,201,78.15,44.31,38.66,38.3,37.87,19.93,11.91,12.73,31.01,52.51,72.86,75.46,3.94,2.5,1.92,1.73,1.76,1.67,1.59,1.91,2.6,3.4,4.15,4.75,5.17,5.38,5.4,5.27,5.03,4.74,4.48,4.26,4.1,3.98,3.85,3.64,3.28,2.77,2.11,1.39,0.91,0.76,0.77,0.83,0.94,0.74,0.65,0.64,1.15,1.46,1.57,1.59,0,0.75,1.57,2.47,3.46,4.55,5.74,7.04,8.47,10.04,11.76,13.64,15.71,17.98,20.46,23.19,26.18,29.45,33.05,36.99,41.31,46.05,51.25,56.94,63.19,70.04,77.55,85.79,94.83,104.73,115.59,127.5,140.56,154.88,170.58,187.8,206.68,227.39,250.1,275,0.75,1.57,2.47,3.46,4.55,5.74,7.04,8.47,10.04,11.76,13.64,15.71,17.98,20.46,23.19,26.18,29.45,33.05,36.99,41.31,46.05,51.25,56.94,63.19,70.04,77.55,85.79,94.83,104.73,115.59,127.5,140.56,154.88,170.58,187.8,206.68,227.39,250.1,275,412.5,206.501,232.824,101401
5921,101400,720406.4,481791.8,44217.60361,302,213.5,53.84,53.93,0.0183,0.09,30,2.415,1.081,387.8,387.8,387.8,387.7,387.6,387.6,391.5,433,600.6,887.6,1288,1808,2395,3140,3902,4625,5239,5954,6338,6406,6414,6416,6416,6412,6395,6046,4938,3313,1592,324.9,32.69,32.97,26.3,24.81,9.71,5.99,12.07,18.35,18.33,8.29,3.11,1.95,1.81,2.07,2.28,2.27,2.1,2.03,2.26,2.74,3.33,3.93,4.45,4.86,5.12,5.23,5.22,5.12,4.95,4.77,4.61,4.51,4.46,4.46,4.45,4.34,4.06,3.54,2.78,1.78,0.5,0.53,0.6,1.1,1.27,0.42,0.82,1.24,2.21,2.87,0,0.75,1.57,2.47,3.46,4.55,5.74,7.04,8.47,10.04,11.76,13.64,15.71,17.98,20.46,23.19,26.18,29.45,33.05,36.99,41.31,46.05,51.25,56.94,63.19,70.04,77.55,85.79,94.83,104.73,115.59,127.5,140.56,154.88,170.58,187.8,206.68,227.39,250.1,275,0.75,1.57,2.47,3.46,4.55,5.74,7.04,8.47,10.04,11.76,13.64,15.71,17.98,20.46,23.19,26.18,29.45,33.05,36.99,41.31,46.05,51.25,56.94,63.19,70.04,77.55,85.79,94.83,104.73,115.59,127.5,140.56,154.88,170.58,187.8,206.68,227.39,250.1,275,412.5,245.294,275.033,101401
5965,101400,722226.8,481084.3,44217.60429,342,224.2,33.66,33.32,0.027,-0.34,29,2.639,1.081,414.7,414.2,412.7,410,401.9,400.1,399.2,430.8,543.7,786.6,1160,1658,2271,3051,4027,5156,6452,7893,9112,10500,11690,12560,12780,12830,12840,12840,12830,12810,12100,10080,7055,3257,118.1,14.27,99.99,75.91,5.28,16.3,28.84,31.77,2.89,1.81,1.74,2.02,2.21,2.16,1.96,1.84,1.99,2.39,2.89,3.38,3.78,4.1,4.33,4.5,4.61,4.7,4.77,4.84,4.93,5.04,5.18,5.34,5.53,5.71,5.82,5.77,5.46,4.81,3.8,2.45,0.77,0.11,1.19,1.27,0.29,0.88,1.04,0.73,0,0.75,1.57,2.47,3.46,4.55,5.74,7.04,8.47,10.04,11.76,13.64,15.71,17.98,20.46,23.19,26.18,29.45,33.05,36.99,41.31,46.05,51.25,56.94,63.19,70.04,77.55,85.79,94.83,104.73,115.59,127.5,140.56,154.88,170.58,187.8,206.68,227.39,250.1,275,0.75,1.57,2.47,3.46,4.55,5.74,7.04,8.47,10.04,11.76,13.64,15.71,17.98,20.46,23.19,26.18,29.45,33.05,36.99,41.31,46.05,51.25,56.94,63.19,70.04,77.55,85.79,94.83,104.73,115.59,127.5,140.56,154.88,170.58,187.8,206.68,227.39,250.1,275,412.5,247.891,275.033,101401
6007,101400,723824.6,480429.7,44217.60491,382,218.9,58.52,58.84,0.0168,0.32,22,3.717,1.081,278.6,277.6,276.8,201.4,124.8,105.8,91.03,87.6,87.66,114,212.7,377.6,506.6,683.3,859,958.8,1038,1053,1053,1052,1048,1042,1030,1005,959.1,871.8,756.6,641.9,496.6,322.4,235.6,178,158.9,158.9,158.5,78.68,7.32,80.36,232.1,1133,3.83,2.53,2.17,2.07,1.96,1.82,1.64,1.52,1.51,1.77,2.32,2.91,3.38,3.71,3.89,3.92,3.84,3.68,3.5,3.33,3.19,3.1,3.02,2.94,2.84,2.7,2.49,2.24,1.93,1.6,1.39,1.24,1.17,1.44,2.04,2,0.22,2.08,4.12,6.79,0,0.75,1.57,2.47,3.46,4.55,5.74,7.04,8.47,10.04,11.76,13.64,15.71,17.98,20.46,23.19,26.18,29.45,33.05,36.99,41.31,46.05,51.25,56.94,63.19,70.04,77.55,85.79,94.83,104.73,115.59,127.5,140.56,154.88,170.58,187.8,206.68,227.39,250.1,275,0.75,1.57,2.47,3.46,4.55,5.74,7.04,8.47,10.04,11.76,13.64,15.71,17.98,20.46,23.19,26.18,29.45,33.05,36.99,41.31,46.05,51.25,56.94,63.19,70.04,77.55,85.79,94.83,104.73,115.59,127.5,140.56,154.88,170.58,187.8,206.68,227.39,250.1,275,412.5,221.49,231.586,101401
6049,101400,725122.1,479858.3,44217.60543,422,222,50.94,52.1,0.0189,1.16,34,2.419,1.081,492,429.4,370,276,195.9,92.61,71.52,71.54,71.77,74.6,103.7,209.5,337.4,476.5,626.3,795.8,977.5,1157,1331,1493,1627,1724,1747,1748,1748,1748,1748,1747,1732,1625,1370,999.3,579.1,218.5,60.93,34.32,21.23,16.16,17.63,23.91,4.87,3.15,2.47,2.26,2.11,1.73,1.45,1.41,1.44,1.47,1.7,2.2,2.68,3.09,3.41,3.67,3.86,3.99,4.06,4.08,4.05,3.98,3.87,3.76,3.66,3.6,3.57,3.56,3.52,3.41,3.16,2.75,2.18,1.47,0.79,0.68,0.57,0.57,0.49,0.35,0,0.75,1.57,2.47,3.46,4.55,5.74,7.04,8.47,10.04,11.76,13.64,15.71,17.98,20.46,23.19,26.18,29.45,33.05,36.99,41.31,46.05,51.25,56.94,63.19,70.04,77.55,85.79,94.83,104.73,115.59,127.5,140.56,154.88,170.58,187.8,206.68,227.39,250.1,275,0.75,1.57,2.47,3.46,4.55,5.74,7.04,8.47,10.04,11.76,13.64,15.71,17.98,20.46,23.19,26.18,29.45,33.05,36.99,41.31,46.05,51.25,56.94,63.19,70.04,77.55,85.79,94.83,104.73,115.59,127.5,140.56,154.88,170.58,187.8,206.68,227.39,250.1,275,412.5,275.033,275.033,101401
6091,101400,726502.2,479313.4,44217.60596,462,220.3,48.72,48.11,0.021,-0.61,32,1.703,1.081,402.5,402,368.2,277.7,158,78.93,57.87,57.9,61.34,87.29,186.8,310,475.1,660.2,845.5,1042,1237,1453,1651,1799,1898,1943,1948,1949,1949,1948,1945,1897,1702,1398,1130,853.2,487.9,144.5,22.38,30.1,25.64,8.73,11.69,27.52,4.56,3.07,2.55,2.36,2.1,1.66,1.33,1.29,1.36,1.64,2.2,2.74,3.22,3.6,3.89,4.09,4.23,4.32,4.36,4.34,4.29,4.2,4.09,3.98,3.89,3.79,3.7,3.59,3.42,3.21,2.96,2.63,2.16,1.45,0.4,0.72,0.9,0.52,0.58,0.63,0,0.75,1.57,2.47,3.46,4.55,5.74,7.04,8.47,10.04,11.76,13.64,15.71,17.98,20.46,23.19,26.18,29.45,33.05,36.99,41.31,46.05,51.25,56.94,63.19,70.04,77.55,85.79,94.83,104.73,115.59,127.5,140.56,154.88,170.58,187.8,206.68,227.39,250.1,275,0.75,1.57,2.47,3.46,4.55,5.74,7.04,8.47,10.04,11.76,13.64,15.71,17.98,20.46,23.19,26.18,29.45,33.05,36.99,41.31,46.05,51.25,56.94,63.19,70.04,77.55,85.79,94.83,104.73,115.59,127.5,140.56,154.88,170.58,187.8,206.68,227.39,250.1,275,412.5,267.424,275.033,101401
6135,101400,728052.7,478665.6,44217.60655,502,211.8,57.26,56.94,0.0181,-0.32,34,1.949,1.081,319.5,214.9,171.4,132.3,99.5,95.37,95.42,95.61,97.88,130.9,211.7,315.2,417.5,535.8,651.4,771.3,863.2,935.3,975.8,979.9,979.8,979,978,976.2,952.4,911.4,904.8,893.3,869.9,769,619,476.4,340.9,236.2,105,19.37,15.78,12.62,5.97,48.07,4.27,2.54,1.94,1.84,1.82,1.77,1.68,1.63,1.67,1.93,2.33,2.72,3.02,3.24,3.4,3.49,3.52,3.5,3.43,3.33,3.21,3.09,2.97,2.85,2.74,2.65,2.6,2.55,2.46,2.3,2.07,1.82,1.63,1.53,1.28,0.41,0.49,0.78,0.22,0.59,0,0.75,1.57,2.47,3.46,4.55,5.74,7.04,8.47,10.04,11.76,13.64,15.71,17.98,20.46,23.19,26.18,29.45,33.05,36.99,41.31,46.05,51.25,56.94,63.19,70.04,77.55,85.79,94.83,104.73,115.59,127.5,140.56,154.88,170.58,187.8,206.68,227.39,250.1,275,0.75,1.57,2.47,3.46,4.55,5.74,7.04,8.47,10.04,11.76,13.64,15.71,17.98,20.46,23.19,26.18,29.45,33.05,36.99,41.31,46.05,51.25,56.94,63.19,70.04,77.55,85.79,94.83,104.73,115.59,127.5,140.56,154.88,170.58,187.8,206.68,227.39,250.1,275,412.5,268.595,275.033,101401
6179,101400,729554.4,478069.9,44217.60712,542,201.7,44.17,44.08,0.0217,-0.09,32,1.308,1.081,346.4,344.7,301.5,251.4,175.8,121.8,86,74.53,74.49,74.66,82,95.34,134.2,241.2,401.9,562.3,730.9,879.7,1047,1234,1404,1522,1579,1593,1594,1595,1595,1595,1594,1568,1426,1145,764.1,386.1,119.5,15.17,14.67,9.79,5.36,137.3,3.86,2.51,2.11,2.13,2.12,1.91,1.57,1.39,1.44,1.53,1.54,1.54,1.75,2.22,2.73,3.17,3.49,3.71,3.84,3.91,3.92,3.88,3.8,3.7,3.61,3.54,3.5,3.49,3.48,3.44,3.31,3.06,2.67,2.14,1.47,0.37,0.56,0.62,0.22,1.46,0,0.75,1.57,2.47,3.46,4.55,5.74,7.04,8.47,10.04,11.76,13.64,15.71,17.98,20.46,23.19,26.18,29.45,33.05,36.99,41.31,46.05,51.25,56.94,63.19,70.04,77.55,85.79,94.83,104.73,115.59,127.5,140.56,154.88,170.58,187.8,206.68,227.39,250.1,275,0.75,1.57,2.47,3.46,4.55,5.74,7.04,8.47,10.04,11.76,13.64,15.71,17.98,20.46,23.19,26.18,29.45,33.05,36.99,41.31,46.05,51.25,56.94,63.19,70.04,77.55,85.79,94.83,104.73,115.59,127.5,140.56,154.88,170.58,187.8,206.68,227.39,250.1,275,412.5,262.793,270.822,101401
6221,101500,730728.9,476769.3,44217.60814,582,176.5,72.76,73.54,0.013,0.78,28,2.865,1.081,269.3,267.7,214.6,139.3,113.8,113.8,114.1,124.2,191.6,307.5,446.5,576.4,706.6,830.9,1020,1168,1215,1215,1209,1203,1188,1156,1088,947.6,883.6,825.8,803,786.6,777.7,774,769.7,748.3,660.5,318.1,91.96,20.16,24.57,21.6,17.59,26.74,3.97,2.53,1.99,1.84,1.85,1.81,1.7,1.74,2.12,2.65,3.17,3.57,3.84,4,4.06,4.01,3.87,3.69,3.5,3.33,3.17,3.01,2.84,2.64,2.47,2.31,2.19,2.09,2.05,2.12,2.35,2.72,3.08,3.13,2.6,0.99,0.87,1.07,0.95,1.68,0,0.75,1.57,2.47,3.46,4.55,5.74,7.04,8.47,10.04,11.76,13.64,15.71,17.98,20.46,23.19,26.18,29.45,33.05,36.99,41.31,46.05,51.25,56.94,63.19,70.04,77.55,85.79,94.83,104.73,115.59,127.5,140.56,154.88,170.58,187.8,206.68,227.39,250.1,275,0.75,1.57,2.47,3.46,4.55,5.74,7.04,8.47,10.04,11.76,13.64,15.71,17.98,20.46,23.19,26.18,29.45,33.05,36.99,41.31,46.05,51.25,56.94,63.19,70.04,77.55,85.79,94.83,104.73,115.59,127.5,140.56,154.88,170.58,187.8,206.68,227.39,250.1,275,412.5,252.622,275.033,101501
6263,101500,730022.4,477011.4,44217.60868,622,202.4,30.95,30.29,0.0312,-0.66,23,2.067,1.081,513.4,510.5,509.5,501.2,476.1,443,379,297.3,223.3,168.1,132.7,85.12,75.01,73.74,73.73,74.65,102.8,179.9,358,600.5,863.1,1127,1357,1537,1639,1668,1670,1670,1670,1669,1657,1590,1325,969.5,586.4,374.1,260.4,227.4,194.1,24.51,3.63,2.28,1.98,2.18,2.48,2.63,2.53,2.24,1.91,1.69,1.54,1.32,1.25,1.27,1.25,1.2,1.33,1.72,2.28,2.8,3.21,3.5,3.68,3.76,3.77,3.75,3.74,3.77,3.85,4,4.22,4.52,4.98,5.75,7.24,98,98,98,98,98,0,0.75,1.57,2.47,3.46,4.55,5.74,7.04,8.47,10.04,11.76,13.64,15.71,17.98,20.46,23.19,26.18,29.45,33.05,36.99,41.31,46.05,51.25,56.94,63.19,70.04,77.55,85.79,94.83,104.73,115.59,127.5,140.56,154.88,170.58,187.8,206.68,227.39,250.1,275,0.75,1.57,2.47,3.46,4.55,5.74,7.04,8.47,10.04,11.76,13.64,15.71,17.98,20.46,23.19,26.18,29.45,33.05,36.99,41.31,46.05,51.25,56.94,63.19,70.04,77.55,85.79,94.83,104.73,115.59,127.5,140.56,154.88,170.58,187.8,206.68,227.39,250.1,275,412.5,56.188,104.771,101501
6303,101500,729359.1,477243.1,44217.60914,662,204.7,38.7,39.3,0.0254,0.6,5,0.7993,1.081,403,403.6,404.3,403.7,365.4,276.5,165.7,81.53,58.6,58.32,58.29,58.46,81.98,142.6,206.9,277.9,403,523.5,622.8,694.7,727.1,745.8,751.9,754.7,756,756.5,756.6,755.8,742.1,699.1,604.9,470.6,328.4,210.2,205.9,204.8,204.7,204.6,204.6,204.5,98,98,9.82,7.05,5.03,3.54,2.49,1.86,1.83,1.91,1.68,1.42,1.68,2.26,2.78,3.27,3.67,4.03,4.44,5.02,5.91,7.33,9.5,98,98,98,98,98,98,98,98,98,98,98,98,98,98,98,98,98,0,0.75,1.57,2.47,3.46,4.55,5.74,7.04,8.47,10.04,11.76,13.64,15.71,17.98,20.46,23.19,26.18,29.45,33.05,36.99,41.31,46.05,51.25,56.94,63.19,70.04,77.55,85.79,94.83,104.73,115.59,127.5,140.56,154.88,170.58,187.8,206.68,227.39,250.1,275,0.75,1.57,2.47,3.46,4.55,5.74,7.04,8.47,10.04,11.76,13.64,15.71,17.98,20.46,23.19,26.18,29.45,33.05,36.99,41.31,46.05,51.25,56.94,63.19,70.04,77.55,85.79,94.83,104.73,115.59,127.5,140.56,154.88,170.58,187.8,206.68,227.39,250.1,275,412.5,11.276,15.979,101501
6347,101500,728462.9,477624,44217.6097,702,225,37.89,39.46,0.0257,1.57,34,1.564,1.081,456.6,460.6,461.9,463.5,459.8,437.2,392.7,312.1,211.7,124.7,73.81,70.15,70.14,71.82,74.93,108.2,202.4,334.1,567.5,802,1021,1229,1384,1720,1794,1831,1832,1833,1833,1833,1831,1504,1276,948.3,551.4,160.6,14.17,7.17,5.38,24.43,3.62,2.27,1.97,2.19,2.54,2.77,2.76,2.48,2.03,1.55,1.23,1.26,1.32,1.3,1.24,1.44,1.88,2.35,2.81,3.19,3.46,3.65,3.76,3.84,3.83,3.78,3.72,3.67,3.66,3.68,3.69,3.64,3.52,3.23,2.69,1.8,0.43,0.5,0.21,0.48,0,0.75,1.57,2.47,3.46,4.55,5.74,7.04,8.47,10.04,11.76,13.64,15.71,17.98,20.46,23.19,26.18,29.45,33.05,36.99,41.31,46.05,51.25,56.94,63.19,70.04,77.55,85.79,94.83,104.73,115.59,127.5,140.56,154.88,170.58,187.8,206.68,227.39,250.1,275,0.75,1.57,2.47,3.46,4.55,5.74,7.04,8.47,10.04,11.76,13.64,15.71,17.98,20.46,23.19,26.18,29.45,33.05,36.99,41.31,46.05,51.25,56.94,63.19,70.04,77.55,85.79,94.83,104.73,115.59,127.5,140.56,154.88,170.58,187.8,206.68,227.39,250.1,275,412.5,271.918,275.033,101501
6387,101500,727703.8,477900.6,44217.61016,742,219.7,50.92,50.85,0.0205,-0.07,5,0.5964,1.081,359.7,359,353.7,346.4,317.8,257,181.4,120.2,116.2,116.3,116.4,117.6,136.2,146.5,151.7,160.2,180.6,252.9,335.1,383.9,454.8,528.9,593.6,654.4,682.8,685.9,687,687.6,687.8,687.7,686.9,628.5,561.3,466.7,364.9,255.9,240.3,239.8,239.6,239.6,98,98,7.17,5.15,3.79,2.9,2.4,2.26,2.44,2.59,2.51,2.24,2.02,1.94,1.99,2.1,2.17,2.25,2.34,2.52,3.01,3.95,5.52,7.98,98,98,98,98,98,98,98,98,98,98,98,98,98,98,98,98,0,0.75,1.57,2.47,3.46,4.55,5.74,7.04,8.47,10.04,11.76,13.64,15.71,17.98,20.46,23.19,26.18,29.45,33.05,36.99,41.31,46.05,51.25,56.94,63.19,70.04,77.55,85.79,94.83,104.73,115.59,127.5,140.56,154.88,170.58,187.8,206.68,227.39,250.1,275,0.75,1.57,2.47,3.46,4.55,5.74,7.04,8.47,10.04,11.76,13.64,15.71,17.98,20.46,23.19,26.18,29.45,33.05,36.99,41.31,46.05,51.25,56.94,63.19,70.04,77.55,85.79,94.83,104.73,115.59,127.5,140.56,154.88,170.58,187.8,206.68,227.39,250.1,275,412.5,12.016,21.023,101501
6431,101500,726654.7,478393.1,44217.61075,782,217.7,47.45,46.63,0.02,-0.82,17,2.048,1.081,366.8,365.7,353.6,260.3,139.2,72.06,66.65,66.67,67.25,116.5,238,465.2,687.4,980.4,1278,1554,1820,2073,2300,2438,2496,2500,2500,2499,2498,2495,2490,2419,2094,1714,1302,815.9,486.6,285.3,193.7,190.1,193,261.4,298.6,436.8,4.26,2.86,2.43,2.25,1.96,1.56,1.39,1.35,1.37,1.78,2.46,3.18,3.79,4.27,4.6,4.81,4.91,4.93,4.91,4.87,4.84,4.84,4.9,5.01,5.18,5.37,5.52,5.58,5.47,5.16,4.65,3.96,3.2,2.56,2.35,3.07,5.04,8.97,98,98,0,0.75,1.57,2.47,3.46,4.55,5.74,7.04,8.47,10.04,11.76,13.64,15.71,17.98,20.46,23.19,26.18,29.45,33.05,36.99,41.31,46.05,51.25,56.94,63.19,70.04,77.55,85.79,94.83,104.73,115.59,127.5,140.56,154.88,170.58,187.8,206.68,227.39,250.1,275,0.75,1.57,2.47,3.46,4.55,5.74,7.04,8.47,10.04,11.76,13.64,15.71,17.98,20.46,23.19,26.18,29.45,33.05,36.99,41.31,46.05,51.25,56.94,63.19,70.04,77.55,85.79,94.83,104.73,115.59,127.5,140.56,154.88,170.58,187.8,206.68,227.39,250.1,275,412.5,50.119,133.628,101501
6475,101500,725606.6,478855.1,44217.61139,822,221.8,37.97,39.16,0.0257,1.19,8,0.9882,1.081,462.4,462.2,434.7,330.3,190.7,114.2,89.93,89.64,89.64,90.05,149.4,300.5,486.7,631.5,835.7,1019,1122,1136,1136,1136,1136,1135,1130,1057,964,861.9,799.7,761.5,720.3,666.4,535.2,388.1,357.5,357.1,356.7,347,309.3,293.2,292.2,291.9,4.54,3.03,2.49,2.29,2.07,1.77,1.53,1.48,1.46,1.48,1.87,2.49,3.06,3.5,3.81,3.97,3.98,3.89,3.76,3.65,3.6,3.64,3.79,4.04,4.44,5.03,5.91,7.1,8.64,98,98,98,98,98,98,98,98,98,98,98,0,0.75,1.57,2.47,3.46,4.55,5.74,7.04,8.47,10.04,11.76,13.64,15.71,17.98,20.46,23.19,26.18,29.45,33.05,36.99,41.31,46.05,51.25,56.94,63.19,70.04,77.55,85.79,94.83,104.73,115.59,127.5,140.56,154.88,170.58,187.8,206.68,227.39,250.1,275,0.75,1.57,2.47,3.46,4.55,5.74,7.04,8.47,10.04,11.76,13.64,15.71,17.98,20.46,23.19,26.18,29.45,33.05,36.99,41.31,46.05,51.25,56.94,63.19,70.04,77.55,85.79,94.83,104.73,115.59,127.5,140.56,154.88,170.58,187.8,206.68,227.39,250.1,275,412.5,12.74,16.403,101501
6517,101500,724698.7,479211.2,44217.61191,862,219.8,40.01,41.02,0.0235,1.01,32,1.451,1.081,218.2,215.7,201.6,142.9,95.77,87.48,87.48,87.64,97.03,201.5,371,587.6,812.9,1069,1283,1490,1662,1778,1839,1853,1853,1852,1851,1849,1847,1844,1819,1656,1319,914.5,543.3,271.5,89.65,36.2,24.92,15.43,11.11,13.54,25.82,23.87,3.33,2.22,1.99,1.92,1.77,1.62,1.53,1.47,1.61,2.18,2.84,3.44,3.91,4.24,4.42,4.48,4.44,4.33,4.17,4.01,3.86,3.75,3.67,3.64,3.62,3.59,3.5,3.3,2.97,2.52,2.01,1.49,0.98,0.65,0.63,0.53,0.55,0.57,0.95,0.78,0,0.75,1.57,2.47,3.46,4.55,5.74,7.04,8.47,10.04,11.76,13.64,15.71,17.98,20.46,23.19,26.18,29.45,33.05,36.99,41.31,46.05,51.25,56.94,63.19,70.04,77.55,85.79,94.83,104.73,115.59,127.5,140.56,154.88,170.58,187.8,206.68,227.39,250.1,275,0.75,1.57,2.47,3.46,4.55,5.74,7.04,8.47,10.04,11.76,13.64,15.71,17.98,20.46,23.19,26.18,29.45,33.05,36.99,41.31,46.05,51.25,56.94,63.19,70.04,77.55,85.79,94.83,104.73,115.59,127.5,140.56,154.88,170.58,187.8,206.68,227.39,250.1,275,412.5,255.153,275.033,101501
6559,101500,723884.3,479541.5,44217.61241,902,216.4,49.67,49.5,0.0199,-0.17,34,1.502,1.081,326.3,326,280.2,164.9,69.34,46.86,46.9,47.74,81.41,170.2,274.4,381.6,460,551.8,645,739,824.8,905.7,977,1034,1071,1084,1086,1086,1086,1086,1086,1084,1058,950.2,751.6,484.5,204.9,69.61,44.73,33.39,15.06,15.15,34.94,35.46,4.86,3.3,2.62,2.18,1.71,1.37,1.26,1.32,1.78,2.42,2.95,3.29,3.48,3.56,3.6,3.61,3.63,3.64,3.64,3.62,3.57,3.48,3.37,3.26,3.17,3.1,3.07,3.05,3.01,2.87,2.58,2.12,1.49,0.89,0.78,0.82,0.55,0.48,1.01,0.52,0,0.75,1.57,2.47,3.46,4.55,5.74,7.04,8.47,10.04,11.76,13.64,15.71,17.98,20.46,23.19,26.18,29.45,33.05,36.99,41.31,46.05,51.25,56.94,63.19,70.04,77.55,85.79,94.83,104.73,115.59,127.5,140.56,154.88,170.58,187.8,206.68,227.39,250.1,275,0.75,1.57,2.47,3.46,4.55,5.74,7.04,8.47,10.04,11.76,13.64,15.71,17.98,20.46,23.19,26.18,29.45,33.05,36.99,41.31,46.05,51.25,56.94,63.19,70.04,77.55,85.79,94.83,104.73,115.59,127.5,140.56,154.88,170.58,187.8,206.68,227.39,250.1,275,412.5,263.38,275.033,101501
6601,101500,723090.8,479779.2,44217.61291,942,219.8,41.13,43.04,0.0236,1.91,10,1.2,1.081,346.2,346.1,343,279.1,217.6,148,92.48,92.42,92.46,97.31,176.1,325,566,815,1056,1304,1488,1567,1571,1571,1571,1570,1569,1546,1492,1388,1186,970.9,709.1,417.1,255.1,236.8,236,236,236.3,237.1,237.1,237,237,237,3.73,2.46,2.19,2.24,2.24,1.99,1.59,1.46,1.44,1.52,1.97,2.58,3.2,3.72,4.1,4.33,4.43,4.44,4.38,4.34,4.34,4.43,4.6,4.86,5.19,5.57,5.99,6.48,7.08,7.91,9.3,98,98,98,98,98,98,98,98,98,0,0.75,1.57,2.47,3.46,4.55,5.74,7.04,8.47,10.04,11.76,13.64,15.71,17.98,20.46,23.19,26.18,29.45,33.05,36.99,41.31,46.05,51.25,56.94,63.19,70.04,77.55,85.79,94.83,104.73,115.59,127.5,140.56,154.88,170.58,187.8,206.68,227.39,250.1,275,0.75,1.57,2.47,3.46,4.55,5.74,7.04,8.47,10.04,11.76,13.64,15.71,17.98,20.46,23.19,26.18,29.45,33.05,36.99,41.31,46.05,51.25,56.94,63.19,70.04,77.55,85.79,94.83,104.73,115.59,127.5,140.56,154.88,170.58,187.8,206.68,227.39,250.1,275,412.5,15.967,28.096,101501
6641,101500,722301.1,480135.4,44217.61337,982,215.4,45.95,47.9,0.0214,1.95,30,1.37,1.081,318,318.2,319.6,321.2,321.5,321.7,323.8,334.1,397.6,586.2,840.3,1193,1622,2112,2654,3219,3804,4249,4501,4660,4666,4667,4668,4667,4664,4586,4124,3185,1983,886.1,193.8,62.6,50.48,48.29,34,13.07,13.34,19.84,19.79,13.51,3.03,1.91,1.8,2.07,2.29,2.28,2.1,1.95,2.05,2.44,2.96,3.5,3.98,4.35,4.59,4.7,4.7,4.62,4.47,4.3,4.16,4.06,4.01,4.01,4,3.93,3.72,3.31,2.68,1.89,1.03,0.57,0.6,0.74,0.83,0.46,0.53,0.82,0.71,0.8,0,0.75,1.57,2.47,3.46,4.55,5.74,7.04,8.47,10.04,11.76,13.64,15.71,17.98,20.46,23.19,26.18,29.45,33.05,36.99,41.31,46.05,51.25,56.94,63.19,70.04,77.55,85.79,94.83,104.73,115.59,127.5,140.56,154.88,170.58,187.8,206.68,227.39,250.1,275,0.75,1.57,2.47,3.46,4.55,5.74,7.04,8.47,10.04,11.76,13.64,15.71,17.98,20.46,23.19,26.18,29.45,33.05,36.99,41.31,46.05,51.25,56.94,63.19,70.04,77.55,85.79,94.83,104.73,115.59,127.5,140.56,154.88,170.58,187.8,206.68,227.39,250.1,275,412.5,274.537,275.033,101501
6685,101500,721196,480758.2,44217.61407,1022,216.1,34.49,35.53,0.0283,1.04,8,2.617,1.081,467.8,467.9,468.2,468.4,469.7,477.9,503,555,663,843.4,1085,1323,1525,1761,1983,2180,2584,2984,3190,3505,3541,3559,3573,3581,3586,3591,3546,3023,1950,755.5,175.9,133.7,130.2,127,123.9,124.3,124.5,129.2,129.6,129.6,3.29,2.06,1.84,2.06,2.31,2.41,2.37,2.32,2.38,2.57,2.84,3.11,3.33,3.49,3.59,3.64,3.67,3.67,3.64,3.61,3.59,3.63,3.77,4.03,4.41,4.87,5.3,5.54,5.45,4.94,4.08,3.45,3.06,3.83,6.26,98,98,98,98,98,0,0.75,1.57,2.47,3.46,4.55,5.74,7.04,8.47,10.04,11.76,13.64,15.71,17.98,20.46,23.19,26.18,29.45,33.05,36.99,41.31,46.05,51.25,56.94,63.19,70.04,77.55,85.79,94.83,104.73,115.59,127.5,140.56,154.88,170.58,187.8,206.68,227.39,250.1,275,0.75,1.57,2.47,3.46,4.55,5.74,7.04,8.47,10.04,11.76,13.64,15.71,17.98,20.46,23.19,26.18,29.45,33.05,36.99,41.31,46.05,51.25,56.94,63.19,70.04,77.55,85.79,94.83,104.73,115.59,127.5,140.56,154.88,170.58,187.8,206.68,227.39,250.1,275,412.5,42.521,92.404,101501
6731,101500,719899.1,481484.2,44217.61487,1062,207.1,56.51,57.23,0.0164,0.72,32,1.619,1.081,101.2,95.95,81.36,74.11,74.05,74.11,74.54,124.5,226.8,387.9,623.1,881.8,1173,1466,1748,1984,2116,2193,2242,2253,2254,2254,2253,2250,2219,2019,1605,1120,620.4,226.5,24.37,22.19,24.84,22.84,5.93,10.61,17.54,17.4,17.28,17.26,2.65,1.75,1.68,1.78,1.74,1.59,1.55,2,2.7,3.46,4.15,4.71,5.09,5.3,5.36,5.28,5.11,4.89,4.67,4.49,4.37,4.32,4.34,4.37,4.38,4.27,4,3.51,2.8,1.85,0.53,0.6,0.83,1.23,0.51,0.72,1.01,0.98,1.3,2.01,0,0.75,1.57,2.47,3.46,4.55,5.74,7.04,8.47,10.04,11.76,13.64,15.71,17.98,20.46,23.19,26.18,29.45,33.05,36.99,41.31,46.05,51.25,56.94,63.19,70.04,77.55,85.79,94.83,104.73,115.59,127.5,140.56,154.88,170.58,187.8,206.68,227.39,250.1,275,0.75,1.57,2.47,3.46,4.55,5.74,7.04,8.47,10.04,11.76,13.64,15.71,17.98,20.46,23.19,26.18,29.45,33.05,36.99,41.31,46.05,51.25,56.94,63.19,70.04,77.55,85.79,94.83,104.73,115.59,127.5,140.56,154.88,170.58,187.8,206.68,227.39,250.1,275,412.5,229.349,275.033,101501
6773,101500,719022.8,481574.4,44217.61543,1102,204.2,51.33,55.93,0.0185,4.6,33,1.919,1.081,238.6,237.4,210.2,179.1,170.3,169.9,169.9,202.7,321.9,511.1,759.9,1050,1367,1685,1963,2167,2239,2242,2242,2242,2240,2224,2045,1612,1046,497.9,85.5,59.82,58.64,58.27,43.67,23.89,22.22,10.88,10.9,14.48,29.33,30.03,29.99,29.6,3.2,2.05,1.83,1.94,2,1.9,1.75,1.86,2.33,2.95,3.55,4.04,4.38,4.55,4.56,4.46,4.28,4.1,3.95,3.86,3.81,3.75,3.59,3.25,2.68,1.85,0.78,0.77,0.81,0.88,0.87,0.64,0.85,0.54,0.69,0.83,1.19,1.16,1.22,1.47,0,0.75,1.57,2.47,3.46,4.55,5.74,7.04,8.47,10.04,11.76,13.64,15.71,17.98,20.46,23.19,26.18,29.45,33.05,36.99,41.31,46.05,51.25,56.94,63.19,70.04,77.55,85.79,94.83,104.73,115.59,127.5,140.56,154.88,170.58,187.8,206.68,227.39,250.1,275,0.75,1.57,2.47,3.46,4.55,5.74,7.04,8.47,10.04,11.76,13.64,15.71,17.98,20.46,23.19,26.18,29.45,33.05,36.99,41.31,46.05,51.25,56.94,63.19,70.04,77.55,85.79,94.83,104.73,115.59,127.5,140.56,154.88,170.58,187.8,206.68,227.39,250.1,275,412.5,214.351,261.048,101501
6813,101500,718782.2,481756.1,44217.61594,1142,205.5,92.8,94.62,0.0123,1.82,23,4.579,1.081,232.6,232.3,227.9,176.8,154.3,153.9,153.8,158,220.2,360.3,562.3,812.1,1083,1325,1490,1615,1630,1631,1631,1630,1562,1389,1072,612.9,165.5,28.39,24.6,55.96,70.37,70.4,40.99,20.71,15.95,15.93,18.56,43.31,82.19,120.2,153.4,262.2,3.71,2.4,2.05,2.04,2.1,2.04,1.88,1.83,2.14,2.73,3.38,3.95,4.36,4.58,4.62,4.52,4.35,4.15,4,3.88,3.75,3.56,3.2,2.59,1.68,0.62,0.64,1.13,1.3,1.36,1.2,1.02,0.91,0.87,0.98,1.59,2.44,3.63,5.38,7.91,0,0.75,1.57,2.47,3.46,4.55,5.74,7.04,8.47,10.04,11.76,13.64,15.71,17.98,20.46,23.19,26.18,29.45,33.05,36.99,41.31,46.05,51.25,56.94,63.19,70.04,77.55,85.79,94.83,104.73,115.59,127.5,140.56,154.88,170.58,187.8,206.68,227.39,250.1,275,0.75,1.57,2.47,3.46,4.55,5.74,7.04,8.47,10.04,11.76,13.64,15.71,17.98,20.46,23.19,26.18,29.45,33.05,36.99,41.31,46.05,51.25,56.94,63.19,70.04,77.55,85.79,94.83,104.73,115.59,127.5,140.56,154.88,170.58,187.8,206.68,227.39,250.1,275,412.5,153.449,174.337,101501
6855,101500,718171.7,481980.2,44217.61646,1182,201.7,56.13,55.31,0.0169,-0.82,31,1.691,1.081,122.1,121.9,121.7,121.7,123.4,133,151.6,215.1,317.7,464.7,661.8,901.8,1168,1432,1681,1890,2066,2138,2146,2147,2146,2145,2142,2026,1662,1178,640,174.5,25.64,39.98,46.97,46.9,40.4,8.79,8.65,17.59,40.48,48.3,50.43,49.85,2.44,1.63,1.71,1.92,1.94,1.86,1.88,2.17,2.66,3.21,3.73,4.15,4.45,4.6,4.64,4.57,4.44,4.28,4.12,4.01,3.94,3.91,3.87,3.75,3.49,3.04,2.38,1.51,0.4,0.83,0.88,1,1.17,0.48,0.54,0.96,1.38,1.49,1.58,1.84,0,0.75,1.57,2.47,3.46,4.55,5.74,7.04,8.47,10.04,11.76,13.64,15.71,17.98,20.46,23.19,26.18,29.45,33.05,36.99,41.31,46.05,51.25,56.94,63.19,70.04,77.55,85.79,94.83,104.73,115.59,127.5,140.56,154.88,170.58,187.8,206.68,227.39,250.1,275,0.75,1.57,2.47,3.46,4.55,5.74,7.04,8.47,10.04,11.76,13.64,15.71,17.98,20.46,23.19,26.18,29.45,33.05,36.99,41.31,46.05,51.25,56.94,63.19,70.04,77.55,85.79,94.83,104.73,115.59,127.5,140.56,154.88,170.58,187.8,206.68,227.39,250.1,275,412.5,203.598,235.043,101501
6899,101500,717150.1,482325.7,44217.61711,1222,209.3,56.88,57.32,0.0208,0.44,24,3.38,1.081,1285,1284,1283,1280,1274,1264,1250,1232,1212,1183,1105,1035,1023,1023,1024,1036,1047,1050,1051,1042,982,785.8,527.6,208.5,179.6,190.1,250.8,250.8,184.8,13.19,60.41,95.18,95.16,59.71,9.5,10.39,32.71,75.76,100.7,111.7,5.64,3.64,2.72,2.47,2.58,2.85,3.1,3.23,3.2,3.04,2.81,2.59,2.46,2.4,2.38,2.36,2.33,2.31,2.31,2.3,2.21,1.97,1.56,1.01,0.98,1.02,1.25,1.53,1.57,0.21,1.18,1.34,1.56,1.65,0.78,0.64,1.35,2,2.62,3.41,0,0.75,1.57,2.47,3.46,4.55,5.74,7.04,8.47,10.04,11.76,13.64,15.71,17.98,20.46,23.19,26.18,29.45,33.05,36.99,41.31,46.05,51.25,56.94,63.19,70.04,77.55,85.79,94.83,104.73,115.59,127.5,140.56,154.88,170.58,187.8,206.68,227.39,250.1,275,0.75,1.57,2.47,3.46,4.55,5.74,7.04,8.47,10.04,11.76,13.64,15.71,17.98,20.46,23.19,26.18,29.45,33.05,36.99,41.31,46.05,51.25,56.94,63.19,70.04,77.55,85.79,94.83,104.73,115.59,127.5,140.56,154.88,170.58,187.8,206.68,227.39,250.1,275,412.5,190.822,208.586,101501
6943,101500,716062.8,482771.4,44217.61778,1262,198,45.45,46.45,0.0214,1,17,2.059,1.081,272.7,272.7,272.8,273.3,276.5,304.6,384.8,493.6,616.2,737.9,817.5,883.7,931.3,951.3,952.9,953.5,953.7,953.4,952.6,951.1,931.5,858.8,730.6,572.4,348.2,52.7,28.96,28.92,35.39,35.65,35.68,11.43,8.67,12.98,27.8,40.57,49.37,53.58,53.68,53.66,98,98,98,9.63,7.74,6.59,6,5.79,5.85,6.09,6.45,6.89,7.37,7.86,8.32,8.72,9,9.12,9.02,8.65,7.99,7.03,5.81,4.39,2.86,1.31,0.83,0.92,0.95,1.13,1.45,1.13,0.71,0.89,1.36,1.98,3.2,5.37,8.79,98,0,0.75,1.57,2.47,3.46,4.55,5.74,7.04,8.47,10.04,11.76,13.64,15.71,17.98,20.46,23.19,26.18,29.45,33.05,36.99,41.31,46.05,51.25,56.94,63.19,70.04,77.55,85.79,94.83,104.73,115.59,127.5,140.56,154.88,170.58,187.8,206.68,227.39,250.1,275,0.75,1.57,2.47,3.46,4.55,5.74,7.04,8.47,10.04,11.76,13.64,15.71,17.98,20.46,23.19,26.18,29.45,33.05,36.99,41.31,46.05,51.25,56.94,63.19,70.04,77.55,85.79,94.83,104.73,115.59,127.5,140.56,154.88,170.58,187.8,206.68,227.39,250.1,275,412.5,156.369,174.158,101501
6985,101500,715031.3,483178.4,44217.6184,1302,198,42.75,43.55,0.0224,0.8,32,1.989,1.081,308.2,310.5,338,404.4,496.5,591,701.5,816.6,949,1086,1248,1434,1518,1631,1648,1651,1652,1653,1653,1644,1582,1418,1156,624,76.44,28.36,31.17,45.96,51.07,51.15,50.08,14.34,10.22,11.18,30.6,45.02,45.31,45.31,45.23,27.79,2.71,1.69,1.71,2.13,2.55,2.81,2.92,2.96,3,3.07,3.18,3.29,3.36,3.37,3.3,3.16,3.01,2.87,2.8,2.78,2.79,2.74,2.49,1.87,0.78,0.44,0.55,0.84,0.91,1.09,1.4,1,0.78,0.67,1.3,1.6,2.06,3.49,6.51,98,0,0.75,1.57,2.47,3.46,4.55,5.74,7.04,8.47,10.04,11.76,13.64,15.71,17.98,20.46,23.19,26.18,29.45,33.05,36.99,41.31,46.05,51.25,56.94,63.19,70.04,77.55,85.79,94.83,104.73,115.59,127.5,140.56,154.88,170.58,187.8,206.68,227.39,250.1,275,0.75,1.57,2.47,3.46,4.55,5.74,7.04,8.47,10.04,11.76,13.64,15.71,17.98,20.46,23.19,26.18,29.45,33.05,36.99,41.31,46.05,51.25,56.94,63.19,70.04,77.55,85.79,94.83,104.73,115.59,127.5,140.56,154.88,170.58,187.8,206.68,227.39,250.1,275,412.5,166.807,188.692,101501
7025,101500,714244.4,483480.8,44217.61887,1342,201.8,51.8,53.93,0.0191,2.13,30,0.7225,1.081,1455,1456,1470,1490,1530,1604,1707,1819,1966,2037,2099,2115,2123,2125,2126,2127,2127,2117,2055,1862,1558,946.9,588.9,134.3,35.46,34.94,36.31,59.75,61.43,62.24,43.81,14.9,12.87,13.2,33.96,53.72,54.31,54.35,54.36,54.13,5.38,3.44,2.57,2.37,2.54,2.89,3.24,3.48,3.58,3.54,3.4,3.22,3.06,2.93,2.85,2.81,2.78,2.74,2.68,2.57,2.38,2.06,1.64,0.95,0.4,0.54,0.62,1.02,1.02,1.17,1.15,0.61,0.75,0.71,1.3,1.54,1.47,1.42,1.46,1.43,0,0.75,1.57,2.47,3.46,4.55,5.74,7.04,8.47,10.04,11.76,13.64,15.71,17.98,20.46,23.19,26.18,29.45,33.05,36.99,41.31,46.05,51.25,56.94,63.19,70.04,77.55,85.79,94.83,104.73,115.59,127.5,140.56,154.88,170.58,187.8,206.68,227.39,250.1,275,0.75,1.57,2.47,3.46,4.55,5.74,7.04,8.47,10.04,11.76,13.64,15.71,17.98,20.46,23.19,26.18,29.45,33.05,36.99,41.31,46.05,51.25,56.94,63.19,70.04,77.55,85.79,94.83,104.73,115.59,127.5,140.56,154.88,170.58,187.8,206.68,227.39,250.1,275,412.5,185.909,230.31,101501
7067,101500,713191,483936.5,44217.61948,1382,188,62.59,64.48,0.0154,1.89,38,2.526,1.081,171.5,166.3,141.5,126.5,125.8,125.6,145.8,195.2,259.9,327.9,387.6,401.7,407.5,408.6,408.9,408.3,375.7,232.2,94,36.29,31.83,39.44,61.95,64.34,64.32,63.54,42.48,29.8,25.31,19.94,19.87,19.56,20.16,33.15,47.21,50.4,50.4,50.33,49.8,23.75,3.03,1.94,1.75,1.86,1.9,1.84,1.89,2.13,2.46,2.73,2.88,2.86,2.77,2.66,2.6,2.55,2.4,2.02,1.41,0.84,0.85,0.98,1.25,1.27,1.29,1.32,1.15,1,1.01,0.92,0.99,1.01,1.03,1.39,1.61,1.55,1.42,1.47,1.61,1.43,0,0.75,1.57,2.47,3.46,4.55,5.74,7.04,8.47,10.04,11.76,13.64,15.71,17.98,20.46,23.19,26.18,29.45,33.05,36.99,41.31,46.05,51.25,56.94,63.19,70.04,77.55,85.79,94.83,104.73,115.59,127.5,140.56,154.88,170.58,187.8,206.68,227.39,250.1,275,0.75,1.57,2.47,3.46,4.55,5.74,7.04,8.47,10.04,11.76,13.64,15.71,17.98,20.46,23.19,26.18,29.45,33.05,36.99,41.31,46.05,51.25,56.94,63.19,70.04,77.55,85.79,94.83,104.73,115.59,127.5,140.56,154.88,170.58,187.8,206.68,227.39,250.1,275,412.5,179.629,245.79,101501
7107,101500,712438.8,484245.6,44217.61994,1422,187.8,45.94,47.87,0.0203,1.93,42,1.068,1.081,341.6,343.6,349.6,365.2,376.3,398,423.3,447.3,453.8,457.5,458.1,458.4,458.5,458.5,457.4,448.1,385.8,245.7,95.13,20.73,20.6,52.66,79,79.55,79.6,79.4,64.16,30.01,16.44,16.3,16.23,25,43.2,57.83,61.43,61.55,61.58,61.54,58.28,40.44,3.23,2.03,1.83,2.09,2.39,2.58,2.61,2.54,2.42,2.33,2.28,2.26,2.26,2.27,2.28,2.25,2.12,1.84,1.35,0.54,0.59,1.17,1.37,1.32,1.33,1.43,1.37,1.02,0.76,0.87,0.86,1.11,1.48,1.69,1.67,1.55,1.5,1.54,1.48,0.97,0,0.75,1.57,2.47,3.46,4.55,5.74,7.04,8.47,10.04,11.76,13.64,15.71,17.98,20.46,23.19,26.18,29.45,33.05,36.99,41.31,46.05,51.25,56.94,63.19,70.04,77.55,85.79,94.83,104.73,115.59,127.5,140.56,154.88,170.58,187.8,206.68,227.39,250.1,275,0.75,1.57,2.47,3.46,4.55,5.74,7.04,8.47,10.04,11.76,13.64,15.71,17.98,20.46,23.19,26.18,29.45,33.05,36.99,41.31,46.05,51.25,56.94,63.19,70.04,77.55,85.79,94.83,104.73,115.59,127.5,140.56,154.88,170.58,187.8,206.68,227.39,250.1,275,412.5,172.797,224.082,101501
7147,101500,711748.3,484518.6,44217.62041,1462,187.2,44.69,45.58,0.0199,0.89,42,1.731,1.081,89.32,82.76,78.91,78.8,78.79,93.79,136.9,188.8,237.7,257.7,261.8,262.3,262.5,262.5,262.3,245.5,148.5,30.83,26.34,26.38,40.24,75.61,98.62,99.68,99.67,97.9,74.41,33.43,11.51,12.16,18.41,49.26,69.3,74.23,74.3,74.3,74.22,72.29,65.75,20.51,2.4,1.6,1.63,1.71,1.67,1.78,2.11,2.47,2.7,2.73,2.62,2.48,2.41,2.44,2.5,2.38,1.86,0.9,0.9,0.91,1.14,1.53,1.7,1.67,1.68,1.73,1.64,1.24,0.66,0.79,0.95,1.58,1.94,2.02,1.94,1.85,1.91,2.18,2.57,2.77,0,0.75,1.57,2.47,3.46,4.55,5.74,7.04,8.47,10.04,11.76,13.64,15.71,17.98,20.46,23.19,26.18,29.45,33.05,36.99,41.31,46.05,51.25,56.94,63.19,70.04,77.55,85.79,94.83,104.73,115.59,127.5,140.56,154.88,170.58,187.8,206.68,227.39,250.1,275,0.75,1.57,2.47,3.46,4.55,5.74,7.04,8.47,10.04,11.76,13.64,15.71,17.98,20.46,23.19,26.18,29.45,33.05,36.99,41.31,46.05,51.25,56.94,63.19,70.04,77.55,85.79,94.83,104.73,115.59,127.5,140.56,154.88,170.58,187.8,206.68,227.39,250.1,275,412.5,159.375,222.947,101501
7189,101500,710922.3,484852.3,44217.62095,1502,186.1,51.36,52.87,0.0169,1.51,44,2.075,1.081,59.58,59.57,59.56,59.57,60.82,85.73,142.5,185.2,192.6,193.2,193.2,193.2,193,172.1,101.6,39.51,25.36,25.37,28.13,61.94,86.73,89.64,89.65,89.61,88.16,65.35,35.58,16.58,14.89,14.91,17.47,46.37,73.06,82.61,83.14,83.16,83.1,81.01,74.03,18.36,2.2,1.55,1.6,1.62,1.63,1.91,2.34,2.63,2.71,2.64,2.53,2.45,2.38,2.22,1.82,1.22,0.95,1,1.04,1.52,1.77,1.77,1.71,1.72,1.76,1.64,1.31,0.92,0.93,0.92,0.94,1.61,2.14,2.45,2.68,3.04,3.7,4.77,6.12,7.21,0,0.75,1.57,2.47,3.46,4.55,5.74,7.04,8.47,10.04,11.76,13.64,15.71,17.98,20.46,23.19,26.18,29.45,33.05,36.99,41.31,46.05,51.25,56.94,63.19,70.04,77.55,85.79,94.83,104.73,115.59,127.5,140.56,154.88,170.58,187.8,206.68,227.39,250.1,275,0.75,1.57,2.47,3.46,4.55,5.74,7.04,8.47,10.04,11.76,13.64,15.71,17.98,20.46,23.19,26.18,29.45,33.05,36.99,41.31,46.05,51.25,56.94,63.19,70.04,77.55,85.79,94.83,104.73,115.59,127.5,140.56,154.88,170.58,187.8,206.68,227.39,250.1,275,412.5,146.399,206.315,101501
7229,101500,710249.3,485129.3,44217.62141,1542,188.8,54.94,57.32,0.0169,2.38,43,1.52,1.081,122.2,121.9,121.2,120.9,120.6,121.2,127.4,132.5,137.3,138.3,138.6,138.6,137.7,104.7,35.69,24.63,24.63,26.7,48.38,75.98,84.44,85.31,85.35,85.32,78.31,51.08,23.07,17.38,17.37,17.79,27.26,48.26,71.33,86.11,89.25,89.34,89.36,89.34,89.26,77.14,2.55,1.68,1.72,1.94,2.02,1.95,1.88,1.87,1.91,1.96,2,2.04,1.99,1.72,1.12,0.93,0.97,1,1.37,1.66,1.72,1.67,1.67,1.72,1.71,1.45,1,0.92,0.99,0.97,1.22,1.61,1.89,1.97,1.92,1.85,1.83,1.83,1.72,1.41,0,0.75,1.57,2.47,3.46,4.55,5.74,7.04,8.47,10.04,11.76,13.64,15.71,17.98,20.46,23.19,26.18,29.45,33.05,36.99,41.31,46.05,51.25,56.94,63.19,70.04,77.55,85.79,94.83,104.73,115.59,127.5,140.56,154.88,170.58,187.8,206.68,227.39,250.1,275,0.75,1.57,2.47,3.46,4.55,5.74,7.04,8.47,10.04,11.76,13.64,15.71,17.98,20.46,23.19,26.18,29.45,33.05,36.99,41.31,46.05,51.25,56.94,63.19,70.04,77.55,85.79,94.83,104.73,115.59,127.5,140.56,154.88,170.58,187.8,206.68,227.39,250.1,275,412.5,154.972,204.534,101501
7269,101500,709574.1,485422.4,44217.62188,1582,193,54.99,58.3,0.0166,3.31,40,1.653,1.081,75.24,74.09,64.05,63.61,63.59,64.38,67.25,68.56,68.67,68.68,68.51,63.37,55.99,36.77,33.52,33.52,33.63,37.3,43.91,57.13,62.48,62.99,63.03,63.01,61.56,43.51,20.67,15.83,15.82,16.11,28.89,48.05,54.97,55.05,55,54.05,49.59,45.39,44.01,43.93,2.43,1.66,1.65,1.75,1.7,1.62,1.65,1.73,1.77,1.74,1.68,1.63,1.54,1.3,1.21,1.24,1.26,1.3,1.41,1.58,1.64,1.62,1.61,1.67,1.7,1.49,1.06,0.96,1.02,0.99,1.39,1.78,1.92,1.88,1.79,1.74,1.83,2.35,3.72,6.53,0,0.75,1.57,2.47,3.46,4.55,5.74,7.04,8.47,10.04,11.76,13.64,15.71,17.98,20.46,23.19,26.18,29.45,33.05,36.99,41.31,46.05,51.25,56.94,63.19,70.04,77.55,85.79,94.83,104.73,115.59,127.5,140.56,154.88,170.58,187.8,206.68,227.39,250.1,275,0.75,1.57,2.47,3.46,4.55,5.74,7.04,8.47,10.04,11.76,13.64,15.71,17.98,20.46,23.19,26.18,29.45,33.05,36.99,41.31,46.05,51.25,56.94,63.19,70.04,77.55,85.79,94.83,104.73,115.59,127.5,140.56,154.88,170.58,187.8,206.68,227.39,250.1,275,412.5,129.983,169.945,101501
7309,101500,708915.3,485673.5,44217.62234,1622,194.2,44.86,46,0.0176,1.14,46,1.708,1.081,29.75,24.8,15.65,15.66,16.85,30.89,49.67,65.01,69.58,69.57,69.52,68.83,62.97,44.06,40.41,40.42,40.51,41.27,43.89,49.16,54.87,56.42,56.46,56.45,56.31,46.66,23.38,11.27,11.28,12.99,40.55,58.98,59.27,59.25,59.05,54.41,37.92,19.66,15.3,15.81,2.64,1.74,1.26,1.12,1.3,1.81,2.16,2.25,2.18,2.09,2.06,2.04,1.93,1.67,1.54,1.53,1.54,1.54,1.57,1.64,1.7,1.7,1.68,1.72,1.76,1.65,1.25,0.86,0.92,0.94,1.64,2.06,2.22,2.32,2.39,2.27,1.83,1.23,1.27,1.96,0,0.75,1.57,2.47,3.46,4.55,5.74,7.04,8.47,10.04,11.76,13.64,15.71,17.98,20.46,23.19,26.18,29.45,33.05,36.99,41.31,46.05,51.25,56.94,63.19,70.04,77.55,85.79,94.83,104.73,115.59,127.5,140.56,154.88,170.58,187.8,206.68,227.39,250.1,275,0.75,1.57,2.47,3.46,4.55,5.74,7.04,8.47,10.04,11.76,13.64,15.71,17.98,20.46,23.19,26.18,29.45,33.05,36.99,41.31,46.05,51.25,56.94,63.19,70.04,77.55,85.79,94.83,104.73,115.59,127.5,140.56,154.88,170.58,187.8,206.68,227.39,250.1,275,412.5,173.539,254.861,101501
7351,101600,707897.1,485215.2,44217.62367,1662,201.7,56.45,58.61,0.0153,2.16,40,2.014,1.081,24.34,23.5,20.81,19.58,19.58,19.61,21.54,27.27,41.58,49.85,54.11,56.79,60.17,60.96,62.63,63.43,65.34,68.19,71.87,73.3,73.42,73.42,73.37,70.16,54.13,35.22,21.43,19.12,19.13,20.28,23.29,32.95,35.58,36.21,36.2,34.09,23.75,16.63,14.53,13.84,2.26,1.64,1.41,1.23,1.28,1.41,1.44,1.5,1.74,1.92,2,2,1.97,1.93,1.91,1.9,1.91,1.92,1.93,1.91,1.89,1.89,1.91,1.88,1.71,1.42,1.14,1.12,1.14,1.16,1.27,1.51,1.69,1.91,2.14,2.17,1.82,1.44,1.72,2.89,0,0.75,1.57,2.47,3.46,4.55,5.74,7.04,8.47,10.04,11.76,13.64,15.71,17.98,20.46,23.19,26.18,29.45,33.05,36.99,41.31,46.05,51.25,56.94,63.19,70.04,77.55,85.79,94.83,104.73,115.59,127.5,140.56,154.88,170.58,187.8,206.68,227.39,250.1,275,0.75,1.57,2.47,3.46,4.55,5.74,7.04,8.47,10.04,11.76,13.64,15.71,17.98,20.46,23.19,26.18,29.45,33.05,36.99,41.31,46.05,51.25,56.94,63.19,70.04,77.55,85.79,94.83,104.73,115.59,127.5,140.56,154.88,170.58,187.8,206.68,227.39,250.1,275,412.5,191.881,265.38,101601
7397,101600,709533.1,484544.3,44217.62427,1702,190.1,52.5,55.62,0.0177,3.12,40,1.499,1.081,146.1,143.1,139.2,132.8,130.4,129.2,128.9,128.7,128.5,128.4,128.3,128,110.8,48.17,22.3,20.89,21.42,40.44,71.87,87.15,87.16,87.11,86.82,72.11,22.43,11.86,12.85,14.32,20,28.63,36.08,38.11,38.42,38.52,38.58,38.62,38.66,38.72,39.03,44.73,2.74,1.77,1.74,1.94,2.04,1.98,1.86,1.78,1.79,1.87,1.96,1.99,1.82,1.33,0.91,0.92,0.92,1.32,1.67,1.77,1.75,1.79,1.86,1.71,1.11,0.79,0.93,0.97,1.18,1.44,1.64,1.72,1.74,1.71,1.66,1.68,1.96,2.82,4.74,8.45,0,0.75,1.57,2.47,3.46,4.55,5.74,7.04,8.47,10.04,11.76,13.64,15.71,17.98,20.46,23.19,26.18,29.45,33.05,36.99,41.31,46.05,51.25,56.94,63.19,70.04,77.55,85.79,94.83,104.73,115.59,127.5,140.56,154.88,170.58,187.8,206.68,227.39,250.1,275,0.75,1.57,2.47,3.46,4.55,5.74,7.04,8.47,10.04,11.76,13.64,15.71,17.98,20.46,23.19,26.18,29.45,33.05,36.99,41.31,46.05,51.25,56.94,63.19,70.04,77.55,85.79,94.83,104.73,115.59,127.5,140.56,154.88,170.58,187.8,206.68,227.39,250.1,275,412.5,127.679,165.166,101601
7439,101600,710839,484053.7,44217.62476,1742,187,54.27,55.76,0.0172,1.49,42,2.071,1.081,163.1,159.5,159.2,159.1,161,167.4,192.3,197.1,201.3,202,202.3,202.4,202.2,194.9,140.5,40.31,24.62,24.61,29.19,62.51,81.67,82.1,82.13,82.1,80.4,60.72,24.3,16.91,16.91,17.77,31.17,52.94,73.28,84.28,85.17,85.21,85.2,85.15,84.95,76.34,2.73,1.75,1.72,1.96,2.11,2.14,2.12,2.07,2.04,2.04,2.08,2.14,2.17,2.11,1.77,1.08,0.84,0.88,0.97,1.43,1.61,1.57,1.53,1.59,1.66,1.49,0.99,0.87,0.95,0.93,1.28,1.66,1.88,1.92,1.84,1.77,1.76,1.77,1.79,1.83,0,0.75,1.57,2.47,3.46,4.55,5.74,7.04,8.47,10.04,11.76,13.64,15.71,17.98,20.46,23.19,26.18,29.45,33.05,36.99,41.31,46.05,51.25,56.94,63.19,70.04,77.55,85.79,94.83,104.73,115.59,127.5,140.56,154.88,170.58,187.8,206.68,227.39,250.1,275,0.75,1.57,2.47,3.46,4.55,5.74,7.04,8.47,10.04,11.76,13.64,15.71,17.98,20.46,23.19,26.18,29.45,33.05,36.99,41.31,46.05,51.25,56.94,63.19,70.04,77.55,85.79,94.83,104.73,115.59,127.5,140.56,154.88,170.58,187.8,206.68,227.39,250.1,275,412.5,142.391,185.731,101601
7479,101600,712005.1,483557.1,44217.62522,1782,188.9,57.4,65.08,0.0176,7.68,40,2.437,1.081,426.5,412.7,339.9,304.7,272.2,228,209.2,202.2,270.6,341.6,389.3,408,411.2,412.3,412.6,411.3,344,162.5,33.74,23.91,24.8,54.93,78.21,78.25,78.24,77.91,56.12,26.64,19.34,19.34,19.36,23.49,32.14,45.46,51.06,54.6,55.03,55,54.86,53.78,4.25,2.69,2.11,2.07,2.15,2.11,1.96,1.87,2.03,2.26,2.42,2.48,2.46,2.44,2.44,2.43,2.23,1.7,0.82,0.72,0.74,1.23,1.42,1.38,1.4,1.48,1.34,0.97,0.88,0.95,0.97,1.1,1.32,1.54,1.59,1.55,1.5,1.5,1.51,1.48,0,0.75,1.57,2.47,3.46,4.55,5.74,7.04,8.47,10.04,11.76,13.64,15.71,17.98,20.46,23.19,26.18,29.45,33.05,36.99,41.31,46.05,51.25,56.94,63.19,70.04,77.55,85.79,94.83,104.73,115.59,127.5,140.56,154.88,170.58,187.8,206.68,227.39,250.1,275,0.75,1.57,2.47,3.46,4.55,5.74,7.04,8.47,10.04,11.76,13.64,15.71,17.98,20.46,23.19,26.18,29.45,33.05,36.99,41.31,46.05,51.25,56.94,63.19,70.04,77.55,85.79,94.83,104.73,115.59,127.5,140.56,154.88,170.58,187.8,206.68,227.39,250.1,275,412.5,172.63,221.636,101601
7519,101600,713187.4,483072.4,44217.62568,1822,188.6,51.67,52.47,0.0165,0.8,39,2.079,1.081,50.32,48.05,47.05,47.04,47.14,75.12,152.7,251.3,355.6,448,522.1,553,556,556.2,556.3,556.1,554.9,508.9,367.8,173.2,42.33,32.29,31.86,65.4,71.67,72.6,72.6,68.34,32.69,19.01,18.38,18.34,20.05,38.06,56.11,65.43,69.74,72.75,73.79,73.31,2.21,1.55,1.56,1.53,1.51,1.94,2.65,3.32,3.81,4.08,4.13,4.02,3.83,3.64,3.51,3.43,3.34,3.12,2.66,1.92,1.01,0.91,0.93,1.34,1.42,1.39,1.43,1.43,1.08,0.82,0.91,0.94,0.98,1.36,1.6,1.65,1.65,1.65,1.59,1.43,0,0.75,1.57,2.47,3.46,4.55,5.74,7.04,8.47,10.04,11.76,13.64,15.71,17.98,20.46,23.19,26.18,29.45,33.05,36.99,41.31,46.05,51.25,56.94,63.19,70.04,77.55,85.79,94.83,104.73,115.59,127.5,140.56,154.88,170.58,187.8,206.68,227.39,250.1,275,0.75,1.57,2.47,3.46,4.55,5.74,7.04,8.47,10.04,11.76,13.64,15.71,17.98,20.46,23.19,26.18,29.45,33.05,36.99,41.31,46.05,51.25,56.94,63.19,70.04,77.55,85.79,94.83,104.73,115.59,127.5,140.56,154.88,170.58,187.8,206.68,227.39,250.1,275,412.5,165.204,202.626,101601
7563,101600,715066.8,482306.2,44217.6264,1862,197.8,60.21,62.93,0.0147,2.72,41,2.461,1.081,99.51,96.21,86.35,85.07,84.22,114.1,213.5,375.2,570.8,783.4,999.8,1232,1447,1624,1758,1799,1801,1802,1801,1800,1771,1559,1169,665.7,210.9,23.71,35.71,51.75,49.55,47.86,36.34,19.46,12.26,12.22,18.69,49.8,71.82,91.75,101.9,121.9,2.52,1.69,1.64,1.67,1.61,1.84,2.46,3.22,3.94,4.5,4.89,5.09,5.12,5.01,4.82,4.59,4.37,4.21,4.12,4.06,3.98,3.79,3.39,2.72,1.76,0.41,0.83,1,1,1.05,1,0.77,0.67,0.74,0.93,1.51,1.82,1.89,1.77,1.58,0,0.75,1.57,2.47,3.46,4.55,5.74,7.04,8.47,10.04,11.76,13.64,15.71,17.98,20.46,23.19,26.18,29.45,33.05,36.99,41.31,46.05,51.25,56.94,63.19,70.04,77.55,85.79,94.83,104.73,115.59,127.5,140.56,154.88,170.58,187.8,206.68,227.39,250.1,275,0.75,1.57,2.47,3.46,4.55,5.74,7.04,8.47,10.04,11.76,13.64,15.71,17.98,20.46,23.19,26.18,29.45,33.05,36.99,41.31,46.05,51.25,56.94,63.19,70.04,77.55,85.79,94.83,104.73,115.59,127.5,140.56,154.88,170.58,187.8,206.68,227.39,250.1,275,412.5,185.893,207.39,101601
7603,101600,716312.3,481796.8,44217.62686,1902,204.1,45.2,44.63,0.0215,-0.57,38,1.98,1.081,827,827.8,918.2,1132,1318,1417,1544,1711,1883,2023,2114,2137,2139,2139,2139,2137,2132,2057,1941,1707,1343,941.3,592.9,286.9,227.8,176,131.4,51.77,40.62,40.63,42.69,42.91,24.28,10.49,10.42,20.25,36.56,38.92,38.91,38.87,3.75,2.32,1.99,2.28,2.76,3.21,3.53,3.69,3.7,3.6,3.44,3.27,3.14,3.04,2.99,2.95,2.91,2.82,2.68,2.49,2.23,1.91,1.51,1.06,1.01,0.94,0.92,0.55,0.58,0.68,0.79,0.93,0.82,0.53,0.61,0.99,1.27,1.26,1.36,1.85,0,0.75,1.57,2.47,3.46,4.55,5.74,7.04,8.47,10.04,11.76,13.64,15.71,17.98,20.46,23.19,26.18,29.45,33.05,36.99,41.31,46.05,51.25,56.94,63.19,70.04,77.55,85.79,94.83,104.73,115.59,127.5,140.56,154.88,170.58,187.8,206.68,227.39,250.1,275,0.75,1.57,2.47,3.46,4.55,5.74,7.04,8.47,10.04,11.76,13.64,15.71,17.98,20.46,23.19,26.18,29.45,33.05,36.99,41.31,46.05,51.25,56.94,63.19,70.04,77.55,85.79,94.83,104.73,115.59,127.5,140.56,154.88,170.58,187.8,206.68,227.39,250.1,275,412.5,203.512,243.871,101601
7649,101600,718358.5,480958.2,44217.62767,1942,201.4,58.95,59.31,0.0183,0.36,31,1.673,1.081,146.2,146.1,146.1,146.1,146.3,151.2,183.5,263.6,399.3,593.1,838.4,1127,1426,1741,2033,2282,2421,2474,2484,2485,2484,2483,2481,2446,2158,1572,874,289.6,50.59,48.55,46.7,41.11,33.07,16.15,11.34,13.91,28.6,34.36,34.12,33.98,2.69,1.78,1.78,1.96,1.98,1.89,1.94,2.28,2.82,3.43,3.99,4.44,4.74,4.89,4.89,4.77,4.57,4.35,4.14,3.99,3.91,3.9,3.89,3.83,3.62,3.18,2.49,1.59,0.56,0.75,0.79,0.81,0.88,0.61,0.58,0.72,1.1,1.13,1.12,1.17,0,0.75,1.57,2.47,3.46,4.55,5.74,7.04,8.47,10.04,11.76,13.64,15.71,17.98,20.46,23.19,26.18,29.45,33.05,36.99,41.31,46.05,51.25,56.94,63.19,70.04,77.55,85.79,94.83,104.73,115.59,127.5,140.56,154.88,170.58,187.8,206.68,227.39,250.1,275,0.75,1.57,2.47,3.46,4.55,5.74,7.04,8.47,10.04,11.76,13.64,15.71,17.98,20.46,23.19,26.18,29.45,33.05,36.99,41.31,46.05,51.25,56.94,63.19,70.04,77.55,85.79,94.83,104.73,115.59,127.5,140.56,154.88,170.58,187.8,206.68,227.39,250.1,275,412.5,218.107,265.186,101601
7691,101600,720059.4,480246.9,44217.62832,1982,211.9,47.45,49.43,0.0213,1.98,30,2.262,1.081,242.5,187.8,153.8,110,83.39,83.23,83.25,101.2,135.9,220.4,404.3,607.5,830.5,1102,1354,1554,1701,1794,1855,1872,1873,1873,1873,1872,1858,1694,1456,1076,647.7,278.3,86.64,39.4,43.6,43.45,27.88,12.47,19.39,27.76,27.74,25.26,3.88,2.4,1.94,1.82,1.7,1.6,1.54,1.65,1.95,2.46,3.07,3.63,4.07,4.38,4.56,4.6,4.53,4.41,4.25,4.09,3.97,3.89,3.84,3.81,3.75,3.6,3.33,2.89,2.31,1.63,0.99,0.66,0.83,0.93,0.91,0.61,0.82,0.9,0.94,1.57,0,0.75,1.57,2.47,3.46,4.55,5.74,7.04,8.47,10.04,11.76,13.64,15.71,17.98,20.46,23.19,26.18,29.45,33.05,36.99,41.31,46.05,51.25,56.94,63.19,70.04,77.55,85.79,94.83,104.73,115.59,127.5,140.56,154.88,170.58,187.8,206.68,227.39,250.1,275,0.75,1.57,2.47,3.46,4.55,5.74,7.04,8.47,10.04,11.76,13.64,15.71,17.98,20.46,23.19,26.18,29.45,33.05,36.99,41.31,46.05,51.25,56.94,63.19,70.04,77.55,85.79,94.83,104.73,115.59,127.5,140.56,154.88,170.58,187.8,206.68,227.39,250.1,275,412.5,234.5,275.033,101601
7733,101600,721798,479510.3,44217.62898,2022,213,51.87,52,0.0181,0.13,6,2.768,1.081,111.8,111.4,111,110.8,110.8,110.9,117.8,214.4,407,691.3,1026,1381,1759,2159,2563,2924,3279,3550,3694,3727,3729,3730,3730,3728,3715,3623,3265,2490,1428,515.6,110.5,59.14,59.17,69.82,78.54,81.2,82,82.1,82.15,82.18,2.41,1.64,1.75,1.92,1.85,1.66,1.73,2.34,3.17,3.98,4.67,5.2,5.58,5.86,6.07,6.27,6.5,6.81,7.24,7.83,8.61,9.59,98,98,98,98,98,98,98,98,8.47,5.72,5.64,8.34,98,98,98,98,98,98,0,0.75,1.57,2.47,3.46,4.55,5.74,7.04,8.47,10.04,11.76,13.64,15.71,17.98,20.46,23.19,26.18,29.45,33.05,36.99,41.31,46.05,51.25,56.94,63.19,70.04,77.55,85.79,94.83,104.73,115.59,127.5,140.56,154.88,170.58,187.8,206.68,227.39,250.1,275,0.75,1.57,2.47,3.46,4.55,5.74,7.04,8.47,10.04,11.76,13.64,15.71,17.98,20.46,23.19,26.18,29.45,33.05,36.99,41.31,46.05,51.25,56.94,63.19,70.04,77.55,85.79,94.83,104.73,115.59,127.5,140.56,154.88,170.58,187.8,206.68,227.39,250.1,275,412.5,7.806,12.274,101601
7777,101600,723405.2,478854.8,44217.62961,2062,213,47.89,49.04,0.0202,1.15,8,2.067,1.081,320.3,320,284.6,185.3,105,80.33,78.2,78.29,95.98,147.3,313.1,507.1,689.4,844.7,980,1032,1044,1045,1044,1044,1042,1027,1008,897,749.6,643.1,575.3,508.6,474,399,254.5,169.1,167,166.6,166.4,166.4,166.4,166.5,166.5,166.6,4.28,2.84,2.31,2.06,1.84,1.63,1.5,1.45,1.62,2.1,2.8,3.43,3.88,4.14,4.22,4.15,3.99,3.81,3.66,3.57,3.55,3.58,3.64,3.71,3.82,4.02,4.38,4.89,5.59,6.52,7.89,98,98,98,98,98,98,98,98,98,0,0.75,1.57,2.47,3.46,4.55,5.74,7.04,8.47,10.04,11.76,13.64,15.71,17.98,20.46,23.19,26.18,29.45,33.05,36.99,41.31,46.05,51.25,56.94,63.19,70.04,77.55,85.79,94.83,104.73,115.59,127.5,140.56,154.88,170.58,187.8,206.68,227.39,250.1,275,0.75,1.57,2.47,3.46,4.55,5.74,7.04,8.47,10.04,11.76,13.64,15.71,17.98,20.46,23.19,26.18,29.45,33.05,36.99,41.31,46.05,51.25,56.94,63.19,70.04,77.55,85.79,94.83,104.73,115.59,127.5,140.56,154.88,170.58,187.8,206.68,227.39,250.1,275,412.5,10.665,14.62,101601
7819,101600,724819.6,478270.7,44217.63014,2102,211.4,64.02,63.33,0.0161,-0.69,11,3.745,1.081,241,241,200.4,110.2,53.16,52.68,52.81,61.25,156.3,331.9,556.6,773.5,931.4,1075,1179,1228,1245,1252,1254,1254,1255,1255,1254,1247,1209,1118,968.5,862.3,759.9,675.8,607.9,536.8,470.3,429.1,418.3,413.7,411.7,410.9,410.5,410.4,4.47,3.02,2.41,2.01,1.6,1.42,1.32,1.55,2.41,3.37,4.19,4.79,5.12,5.22,5.13,4.91,4.62,4.34,4.1,3.94,3.84,3.81,3.81,3.81,3.79,3.73,3.68,3.72,3.95,4.44,5.26,6.4,7.9,9.84,98,98,98,98,98,98,0,0.75,1.57,2.47,3.46,4.55,5.74,7.04,8.47,10.04,11.76,13.64,15.71,17.98,20.46,23.19,26.18,29.45,33.05,36.99,41.31,46.05,51.25,56.94,63.19,70.04,77.55,85.79,94.83,104.73,115.59,127.5,140.56,154.88,170.58,187.8,206.68,227.39,250.1,275,0.75,1.57,2.47,3.46,4.55,5.74,7.04,8.47,10.04,11.76,13.64,15.71,17.98,20.46,23.19,26.18,29.45,33.05,36.99,41.31,46.05,51.25,56.94,63.19,70.04,77.55,85.79,94.83,104.73,115.59,127.5,140.56,154.88,170.58,187.8,206.68,227.39,250.1,275,412.5,11.393,26.755,101601
7867,101600,726594.8,477537.6,44217.63081,2142,225,47.77,44.43,0.0194,-3.34,34,2.181,1.081,817.2,817,816.1,775.7,645,503.3,256.8,55.89,30.45,30.49,33.78,148,332.3,625.3,933.6,1279,1616,1949,2307,2656,2975,3219,3365,3430,3439,3440,3441,3440,3438,3429,3292,2921,2275,1519,779.9,222.5,6.77,13.57,6.15,27.27,4.51,2.96,2.53,2.65,2.9,2.93,2.45,1.46,0.96,1.01,1.01,2.03,3.01,3.85,4.48,4.91,5.17,5.29,5.31,5.26,5.16,5.05,4.93,4.84,4.8,4.83,4.93,5.1,5.3,5.49,5.58,5.5,5.17,4.54,3.59,2.3,0.28,0.56,0.2,0.47,0,0.75,1.57,2.47,3.46,4.55,5.74,7.04,8.47,10.04,11.76,13.64,15.71,17.98,20.46,23.19,26.18,29.45,33.05,36.99,41.31,46.05,51.25,56.94,63.19,70.04,77.55,85.79,94.83,104.73,115.59,127.5,140.56,154.88,170.58,187.8,206.68,227.39,250.1,275,0.75,1.57,2.47,3.46,4.55,5.74,7.04,8.47,10.04,11.76,13.64,15.71,17.98,20.46,23.19,26.18,29.45,33.05,36.99,41.31,46.05,51.25,56.94,63.19,70.04,77.55,85.79,94.83,104.73,115.59,127.5,140.56,154.88,170.58,187.8,206.68,227.39,250.1,275,412.5,270.125,275.033,101601
7909,101600,727986.2,476987.1,44217.63133,2182,212.7,54.8,55.82,0.0178,1.02,37,2.366,1.081,317,315.3,291.9,228.5,151.3,108.2,106.2,106.3,106.6,108.4,112.3,115.2,122.1,126.5,128.3,137.2,164.6,247.2,389.4,591.3,811.9,1012,1200,1321,1355,1357,1358,1358,1358,1356,1309,1103,749.5,369.8,101.3,18.22,13.2,12.53,4.51,111.8,3.92,2.56,2.15,2.07,1.97,1.79,1.67,1.63,1.66,1.72,1.75,1.75,1.75,1.72,1.67,1.63,1.71,2.01,2.45,2.9,3.28,3.53,3.65,3.65,3.56,3.44,3.34,3.31,3.33,3.37,3.36,3.2,2.83,2.23,1.43,0.47,0.52,0.91,0.17,1.07,0,0.75,1.57,2.47,3.46,4.55,5.74,7.04,8.47,10.04,11.76,13.64,15.71,17.98,20.46,23.19,26.18,29.45,33.05,36.99,41.31,46.05,51.25,56.94,63.19,70.04,77.55,85.79,94.83,104.73,115.59,127.5,140.56,154.88,170.58,187.8,206.68,227.39,250.1,275,0.75,1.57,2.47,3.46,4.55,5.74,7.04,8.47,10.04,11.76,13.64,15.71,17.98,20.46,23.19,26.18,29.45,33.05,36.99,41.31,46.05,51.25,56.94,63.19,70.04,77.55,85.79,94.83,104.73,115.59,127.5,140.56,154.88,170.58,187.8,206.68,227.39,250.1,275,412.5,266.347,272.412,101601
7951,101600,729522.2,476347.9,44217.63188,2222,196.3,61.59,61.56,0.0155,-0.03,31,2.913,1.081,518.2,518.4,490.7,350.9,183.2,71.84,54.33,53.51,53.51,55.69,80.62,123.6,236.4,377,481.3,666.3,860.5,1056,1251,1458,1648,1785,1859,1880,1883,1884,1885,1885,1884,1844,1654,1330,912.4,465.9,33.66,16.15,25.2,21.29,4.7,209.3,5.35,3.62,2.88,2.5,2.13,1.63,1.35,1.31,1.37,1.43,1.6,1.91,2.4,2.89,3.32,3.71,4.03,4.26,4.39,4.44,4.41,4.32,4.18,4.04,3.94,3.9,3.94,4.05,4.18,4.25,4.16,3.82,3.16,2.14,0.68,0.43,0.94,1.15,0.15,1.78,0,0.75,1.57,2.47,3.46,4.55,5.74,7.04,8.47,10.04,11.76,13.64,15.71,17.98,20.46,23.19,26.18,29.45,33.05,36.99,41.31,46.05,51.25,56.94,63.19,70.04,77.55,85.79,94.83,104.73,115.59,127.5,140.56,154.88,170.58,187.8,206.68,227.39,250.1,275,0.75,1.57,2.47,3.46,4.55,5.74,7.04,8.47,10.04,11.76,13.64,15.71,17.98,20.46,23.19,26.18,29.45,33.05,36.99,41.31,46.05,51.25,56.94,63.19,70.04,77.55,85.79,94.83,104.73,115.59,127.5,140.56,154.88,170.58,187.8,206.68,227.39,250.1,275,412.5,257.759,267.968,101601
7996,101700,730141.7,475238.6,44217.63308,2262,196.4,47.31,56.04,0.0452,8.73,22,1.824,1.081,1070,1053,946.9,942.2,718.4,715.6,605.5,539.5,432.4,274.5,179.8,160.2,159.5,159.5,163,198.5,272.6,400,631.7,759.8,933.9,1179,1357,1569,1669,1686,1687,1688,1688,1687,1669,1450,921.2,342.7,66.14,51.89,63.93,104.1,156.9,215.9,7.15,4.81,3.6,3.11,2.99,3.11,3.19,3.09,2.72,2.16,1.65,1.5,1.56,1.6,1.58,1.63,1.83,2.17,2.55,2.82,3.01,3.13,3.18,3.17,3.11,3.03,2.99,3,3.08,3.17,3.19,3.03,2.59,1.86,0.98,0.81,0.83,1.09,1.6,2.83,0,0.75,1.57,2.47,3.46,4.55,5.74,7.04,8.47,10.04,11.76,13.64,15.71,17.98,20.46,23.19,26.18,29.45,33.05,36.99,41.31,46.05,51.25,56.94,63.19,70.04,77.55,85.79,94.83,104.73,115.59,127.5,140.56,154.88,170.58,187.8,206.68,227.39,250.1,275,0.75,1.57,2.47,3.46,4.55,5.74,7.04,8.47,10.04,11.76,13.64,15.71,17.98,20.46,23.19,26.18,29.45,33.05,36.99,41.31,46.05,51.25,56.94,63.19,70.04,77.55,85.79,94.83,104.73,115.59,127.5,140.56,154.88,170.58,187.8,206.68,227.39,250.1,275,412.5,203.448,233.199,101701
8036,101700,729477.7,475495,44217.63354,2302,194.3,46.71,45.81,0.0205,-0.9,20,1.358,1.081,291.2,291.1,285.7,229.4,138.9,71.88,47.57,46.76,46.81,48.77,69.48,141.3,234.6,348.7,454,591.3,745.3,900.4,1073,1229,1332,1349,1349,1349,1337,1244,1215,1105,883.1,602.4,253.6,25.05,52.61,109.6,166.5,196.7,208.9,226.8,241,241.2,3.63,2.44,2.22,2.26,2.13,1.69,1.28,1.28,1.36,1.36,1.55,2.05,2.58,3.04,3.39,3.66,3.86,4.01,4.15,4.28,4.43,4.62,4.88,5.22,5.59,5.94,6.15,6.06,5.52,4.44,2.86,0.9,1.18,1.63,2.1,2.86,4.19,6.36,9.55,98,0,0.75,1.57,2.47,3.46,4.55,5.74,7.04,8.47,10.04,11.76,13.64,15.71,17.98,20.46,23.19,26.18,29.45,33.05,36.99,41.31,46.05,51.25,56.94,63.19,70.04,77.55,85.79,94.83,104.73,115.59,127.5,140.56,154.88,170.58,187.8,206.68,227.39,250.1,275,0.75,1.57,2.47,3.46,4.55,5.74,7.04,8.47,10.04,11.76,13.64,15.71,17.98,20.46,23.19,26.18,29.45,33.05,36.99,41.31,46.05,51.25,56.94,63.19,70.04,77.55,85.79,94.83,104.73,115.59,127.5,140.56,154.88,170.58,187.8,206.68,227.39,250.1,275,412.5,136.788,152.996,101701
8078,101700,728772.5,475729.9,44217.63404,2342,208.4,37.08,38.72,0.026,1.64,37,1.521,1.081,280.9,280.9,280.6,273.8,238.1,182.7,124.4,84.5,69.51,68.55,68.18,67.93,67.89,78.66,149.3,253.5,387.4,540.2,756.4,990.8,1194,1410,1566,1637,1681,1683,1684,1684,1684,1680,1486,1152,732.5,318.8,45.94,10.97,16.26,14.49,4.76,17.45,3.18,2.06,1.96,2.21,2.38,2.25,1.87,1.48,1.34,1.41,1.47,1.44,1.33,1.37,1.8,2.28,2.72,3.08,3.4,3.63,3.79,3.88,3.9,3.88,3.85,3.85,3.88,3.95,4.03,4.05,3.93,3.6,3.01,2.17,1.12,0.33,0.74,1.13,0.19,0.43,0,0.75,1.57,2.47,3.46,4.55,5.74,7.04,8.47,10.04,11.76,13.64,15.71,17.98,20.46,23.19,26.18,29.45,33.05,36.99,41.31,46.05,51.25,56.94,63.19,70.04,77.55,85.79,94.83,104.73,115.59,127.5,140.56,154.88,170.58,187.8,206.68,227.39,250.1,275,0.75,1.57,2.47,3.46,4.55,5.74,7.04,8.47,10.04,11.76,13.64,15.71,17.98,20.46,23.19,26.18,29.45,33.05,36.99,41.31,46.05,51.25,56.94,63.19,70.04,77.55,85.79,94.83,104.73,115.59,127.5,140.56,154.88,170.58,187.8,206.68,227.39,250.1,275,412.5,270.14,275.033,101701
8120,101700,728063.7,476010.5,44217.63456,2382,208.2,55.41,57.95,0.0172,2.54,35,2.111,1.081,221.4,221.2,185.1,110.5,76.19,73.65,73.65,73.94,78.09,88.29,112.6,137.9,158.8,172.2,188.4,210.4,238.4,274.2,319.1,365,407.4,443.5,445.6,444.5,443.9,443.5,443.2,441.1,420.8,328.9,151.4,25.57,7.27,14.4,14.87,9.45,6.9,9.98,35.04,74.01,3.82,2.51,2.05,1.85,1.72,1.63,1.57,1.57,1.65,1.79,1.95,2.05,2.08,2.09,2.11,2.15,2.22,2.3,2.39,2.48,2.55,2.56,2.5,2.4,2.31,2.28,2.33,2.44,2.49,2.3,1.76,0.91,0.33,0.82,0.95,0.91,0.66,0.88,1.71,2.63,0,0.75,1.57,2.47,3.46,4.55,5.74,7.04,8.47,10.04,11.76,13.64,15.71,17.98,20.46,23.19,26.18,29.45,33.05,36.99,41.31,46.05,51.25,56.94,63.19,70.04,77.55,85.79,94.83,104.73,115.59,127.5,140.56,154.88,170.58,187.8,206.68,227.39,250.1,275,0.75,1.57,2.47,3.46,4.55,5.74,7.04,8.47,10.04,11.76,13.64,15.71,17.98,20.46,23.19,26.18,29.45,33.05,36.99,41.31,46.05,51.25,56.94,63.19,70.04,77.55,85.79,94.83,104.73,115.59,127.5,140.56,154.88,170.58,187.8,206.68,227.39,250.1,275,412.5,224.079,243.818,101701
8162,101700,727358.9,476359.7,44217.63508,2422,215.6,53.27,52.46,0.0181,-0.81,35,2.067,1.081,337.1,336.9,319,232,131.4,71.87,67.76,68.27,69.14,73.12,80.11,97.49,105,126.7,172.8,246.1,366.2,513.6,696.1,887.2,1063,1170,1232,1256,1261,1262,1263,1262,1262,1257,1166,916.4,621.9,319.5,81.68,7.28,6.01,6.6,6.1,16.46,4.21,2.8,2.35,2.18,1.95,1.6,1.45,1.45,1.5,1.59,1.67,1.73,1.71,1.75,1.95,2.27,2.67,3.07,3.42,3.68,3.83,3.86,3.8,3.68,3.54,3.44,3.38,3.39,3.45,3.54,3.59,3.52,3.31,2.88,2.12,0.59,0.35,0.68,0.45,0.84,0,0.75,1.57,2.47,3.46,4.55,5.74,7.04,8.47,10.04,11.76,13.64,15.71,17.98,20.46,23.19,26.18,29.45,33.05,36.99,41.31,46.05,51.25,56.94,63.19,70.04,77.55,85.79,94.83,104.73,115.59,127.5,140.56,154.88,170.58,187.8,206.68,227.39,250.1,275,0.75,1.57,2.47,3.46,4.55,5.74,7.04,8.47,10.04,11.76,13.64,15.71,17.98,20.46,23.19,26.18,29.45,33.05,36.99,41.31,46.05,51.25,56.94,63.19,70.04,77.55,85.79,94.83,104.73,115.59,127.5,140.56,154.88,170.58,187.8,206.68,227.39,250.1,275,412.5,265.568,275.033,101701
8204,101700,726574.7,476680.9,44217.63558,2462,216.4,40.26,38.63,0.0236,-1.63,5,1.013,1.081,502.3,501.9,408.2,241,115.8,57.73,47.27,48.65,64.98,123.6,355.1,506.3,722.8,871.5,1049,1140,1179,1178,1173,1170,1167,1163,1159,1155,1150,1145,1060,895.3,698.6,540.8,462.2,395.4,319.4,302.5,300,299.1,298.5,298.2,298,297.9,7.08,4.74,3.39,2.58,2.06,1.67,1.36,1.22,1.56,2.35,3.26,3.94,4.39,4.65,4.79,4.9,5.1,5.49,6.23,7.5,9.49,98,98,98,98,98,98,98,98,98,98,98,98,98,98,98,98,98,98,98,0,0.75,1.57,2.47,3.46,4.55,5.74,7.04,8.47,10.04,11.76,13.64,15.71,17.98,20.46,23.19,26.18,29.45,33.05,36.99,41.31,46.05,51.25,56.94,63.19,70.04,77.55,85.79,94.83,104.73,115.59,127.5,140.56,154.88,170.58,187.8,206.68,227.39,250.1,275,0.75,1.57,2.47,3.46,4.55,5.74,7.04,8.47,10.04,11.76,13.64,15.71,17.98,20.46,23.19,26.18,29.45,33.05,36.99,41.31,46.05,51.25,56.94,63.19,70.04,77.55,85.79,94.83,104.73,115.59,127.5,140.56,154.88,170.58,187.8,206.68,227.39,250.1,275,412.5,8.505,10.811,101701
8246,101700,725763.7,477017.8,44217.6361,2502,219.4,52.53,52.88,0.0206,0.35,32,2.209,1.081,185.9,185.8,181,174.4,174,173.9,173.9,175.6,205.7,338.2,590.4,929.3,1340,1795,2277,2772,3256,3697,4051,4269,4361,4374,4375,4375,4372,4367,4352,4087,3538,2746,1770,891.1,233.1,69.09,42.89,28.77,14.04,11.98,11.3,60.31,2.89,1.87,1.8,2.01,2.14,2.06,1.87,1.75,1.9,2.42,3.09,3.74,4.31,4.74,5.03,5.19,5.24,5.19,5.08,4.92,4.75,4.59,4.46,4.38,4.34,4.31,4.24,4.1,3.82,3.38,2.77,2.02,1.18,0.65,0.6,0.57,0.41,0.52,0.45,0.72,0,0.75,1.57,2.47,3.46,4.55,5.74,7.04,8.47,10.04,11.76,13.64,15.71,17.98,20.46,23.19,26.18,29.45,33.05,36.99,41.31,46.05,51.25,56.94,63.19,70.04,77.55,85.79,94.83,104.73,115.59,127.5,140.56,154.88,170.58,187.8,206.68,227.39,250.1,275,0.75,1.57,2.47,3.46,4.55,5.74,7.04,8.47,10.04,11.76,13.64,15.71,17.98,20.46,23.19,26.18,29.45,33.05,36.99,41.31,46.05,51.25,56.94,63.19,70.04,77.55,85.79,94.83,104.73,115.59,127.5,140.56,154.88,170.58,187.8,206.68,227.39,250.1,275,412.5,264.728,275.033,101701
8288,101700,724894.8,477361.9,44217.63662,2542,212.7,54.05,55.61,0.0183,1.56,33,1.881,1.081,137,136.7,128.8,106,98.91,98.97,100.9,105.5,117.3,246.4,469.4,728,997.5,1295,1622,1867,2198,2520,2793,3002,3139,3198,3202,3203,3203,3202,3199,3128,2627,2189,1450,815.5,344.3,59.79,18.55,27.21,10.68,5.07,23.09,47.92,2.86,1.9,1.81,1.88,1.88,1.8,1.68,1.63,1.8,2.43,3.16,3.81,4.33,4.7,4.94,5.06,5.09,5.06,4.98,4.87,4.74,4.62,4.52,4.45,4.41,4.38,4.34,4.23,3.99,3.62,3.08,2.41,1.64,0.81,0.34,0.78,0.66,0.2,1.14,0.64,0,0.75,1.57,2.47,3.46,4.55,5.74,7.04,8.47,10.04,11.76,13.64,15.71,17.98,20.46,23.19,26.18,29.45,33.05,36.99,41.31,46.05,51.25,56.94,63.19,70.04,77.55,85.79,94.83,104.73,115.59,127.5,140.56,154.88,170.58,187.8,206.68,227.39,250.1,275,0.75,1.57,2.47,3.46,4.55,5.74,7.04,8.47,10.04,11.76,13.64,15.71,17.98,20.46,23.19,26.18,29.45,33.05,36.99,41.31,46.05,51.25,56.94,63.19,70.04,77.55,85.79,94.83,104.73,115.59,127.5,140.56,154.88,170.58,187.8,206.68,227.39,250.1,275,412.5,254.638,273.325,101701
8330,101700,724100.8,477684.5,44217.63713,2582,217.2,61.53,64.68,0.0151,3.15,29,2.752,1.081,1024,1023,943.5,671.5,368.8,196.4,116.2,106.3,106.3,107.2,141.3,285.4,511,729.1,916.1,1041,1121,1155,1163,1161,1158,1153,1148,1141,1134,1126,1118,981.1,812.5,658.7,467.8,273.5,114.6,33.74,27.87,26.83,7.44,7.44,25.48,205,7.47,5.05,3.67,2.83,2.28,1.91,1.65,1.55,1.48,1.46,1.74,2.38,3.03,3.53,3.83,3.92,3.84,3.66,3.44,3.23,3.06,2.95,2.88,2.84,2.8,2.75,2.65,2.47,2.26,2.05,1.83,1.56,1.19,0.57,0.62,1.05,0.66,0.49,1.12,2.24,0,0.75,1.57,2.47,3.46,4.55,5.74,7.04,8.47,10.04,11.76,13.64,15.71,17.98,20.46,23.19,26.18,29.45,33.05,36.99,41.31,46.05,51.25,56.94,63.19,70.04,77.55,85.79,94.83,104.73,115.59,127.5,140.56,154.88,170.58,187.8,206.68,227.39,250.1,275,0.75,1.57,2.47,3.46,4.55,5.74,7.04,8.47,10.04,11.76,13.64,15.71,17.98,20.46,23.19,26.18,29.45,33.05,36.99,41.31,46.05,51.25,56.94,63.19,70.04,77.55,85.79,94.83,104.73,115.59,127.5,140.56,154.88,170.58,187.8,206.68,227.39,250.1,275,412.5,242.546,253.968,101701
8374,101700,723059.8,478131.8,44217.63774,2622,216,43.5,43.55,0.0237,0.05,13,1.629,1.081,299.8,283.5,269.9,225.4,162.8,112.7,90.99,91.03,91.16,99.74,187.8,279.4,464.9,714.5,999.3,1245,1451,1623,1710,1730,1733,1734,1734,1734,1733,1731,1719,1543,1280,870.5,524.8,271.8,157.3,152.7,152.2,151.6,151,150.4,150.3,150.4,3.66,2.39,2.11,2.15,2.09,1.84,1.58,1.5,1.5,1.6,2.01,2.49,3.02,3.53,3.93,4.2,4.35,4.41,4.4,4.39,4.43,4.57,4.84,5.27,5.85,6.54,7.26,7.9,8.34,8.49,8.34,8.07,8.31,98,98,98,98,98,98,98,0,0.75,1.57,2.47,3.46,4.55,5.74,7.04,8.47,10.04,11.76,13.64,15.71,17.98,20.46,23.19,26.18,29.45,33.05,36.99,41.31,46.05,51.25,56.94,63.19,70.04,77.55,85.79,94.83,104.73,115.59,127.5,140.56,154.88,170.58,187.8,206.68,227.39,250.1,275,0.75,1.57,2.47,3.46,4.55,5.74,7.04,8.47,10.04,11.76,13.64,15.71,17.98,20.46,23.19,26.18,29.45,33.05,36.99,41.31,46.05,51.25,56.94,63.19,70.04,77.55,85.79,94.83,104.73,115.59,127.5,140.56,154.88,170.58,187.8,206.68,227.39,250.1,275,412.5,31.356,77.586,101701
8414,101700,722317.9,478438.7,44217.63821,2662,219,42.85,44.05,0.0221,1.2,30,1.685,1.081,190.7,190.5,182.8,125.5,99.94,99.75,99.76,100.1,139.6,323.9,620.8,989.4,1400,1838,2287,2747,3189,3581,3895,4094,4173,4187,4189,4189,4187,4184,4168,3889,3296,2508,1637,807.9,209.9,18.13,30.03,30.12,6.97,7.77,28.53,32.08,3.08,2.05,1.89,1.85,1.77,1.66,1.52,1.47,1.82,2.58,3.38,4.07,4.61,5,5.24,5.35,5.37,5.31,5.21,5.07,4.93,4.8,4.71,4.65,4.62,4.6,4.53,4.38,4.11,3.69,3.13,2.44,1.6,0.29,0.63,0.91,0.57,0.43,1.18,0.93,0,0.75,1.57,2.47,3.46,4.55,5.74,7.04,8.47,10.04,11.76,13.64,15.71,17.98,20.46,23.19,26.18,29.45,33.05,36.99,41.31,46.05,51.25,56.94,63.19,70.04,77.55,85.79,94.83,104.73,115.59,127.5,140.56,154.88,170.58,187.8,206.68,227.39,250.1,275,0.75,1.57,2.47,3.46,4.55,5.74,7.04,8.47,10.04,11.76,13.64,15.71,17.98,20.46,23.19,26.18,29.45,33.05,36.99,41.31,46.05,51.25,56.94,63.19,70.04,77.55,85.79,94.83,104.73,115.59,127.5,140.56,154.88,170.58,187.8,206.68,227.39,250.1,275,412.5,249.64,275.033,101701
8454,101700,721548.4,478759.7,44217.63867,2702,216.9,36.58,36.75,0.0256,0.17,27,1.638,1.081,255.9,255.3,227.8,160.6,111.4,110.7,110.7,110.8,190.7,340.7,587.6,890.7,1228,1605,1992,2341,2630,2802,2852,2857,2857,2856,2843,2834,2768,2484,1912,1242,604.1,190.6,65.35,49.63,37.72,19.39,13.04,9.51,9.51,19.5,45.14,65.21,3.6,2.39,2.04,1.9,1.77,1.7,1.56,1.51,1.91,2.58,3.27,3.86,4.29,4.57,4.72,4.74,4.68,4.56,4.42,4.29,4.2,4.16,4.14,4.11,4,3.76,3.34,2.75,2.01,1.23,0.72,0.75,0.75,0.54,0.63,0.6,0.66,1.08,1.59,1.79,0,0.75,1.57,2.47,3.46,4.55,5.74,7.04,8.47,10.04,11.76,13.64,15.71,17.98,20.46,23.19,26.18,29.45,33.05,36.99,41.31,46.05,51.25,56.94,63.19,70.04,77.55,85.79,94.83,104.73,115.59,127.5,140.56,154.88,170.58,187.8,206.68,227.39,250.1,275,0.75,1.57,2.47,3.46,4.55,5.74,7.04,8.47,10.04,11.76,13.64,15.71,17.98,20.46,23.19,26.18,29.45,33.05,36.99,41.31,46.05,51.25,56.94,63.19,70.04,77.55,85.79,94.83,104.73,115.59,127.5,140.56,154.88,170.58,187.8,206.68,227.39,250.1,275,412.5,217.95,238.212,101701
8496,101700,720365.2,479222.6,44217.63942,2742,213.8,58.45,60.35,0.0159,1.9,34,2.379,1.081,422.9,422.9,387.6,250.4,93.62,40.74,40.72,40.73,49.46,110.4,277.4,469.7,691.3,941.5,1191,1407,1654,1885,2026,2123,2200,2249,2252,2253,2253,2253,2251,2124,1804,1350,838.6,346.2,38.9,22.23,30.51,24.68,9.46,19.38,59.63,134.4,5.37,3.7,2.97,2.49,1.92,1.33,1.23,1.23,1.39,2.05,2.92,3.7,4.34,4.8,5.09,5.22,5.23,5.16,5.02,4.85,4.7,4.58,4.52,4.5,4.54,4.58,4.59,4.48,4.19,3.67,2.91,1.91,0.66,0.56,0.83,0.9,0.43,0.88,1.29,1.27,0,0.75,1.57,2.47,3.46,4.55,5.74,7.04,8.47,10.04,11.76,13.64,15.71,17.98,20.46,23.19,26.18,29.45,33.05,36.99,41.31,46.05,51.25,56.94,63.19,70.04,77.55,85.79,94.83,104.73,115.59,127.5,140.56,154.88,170.58,187.8,206.68,227.39,250.1,275,0.75,1.57,2.47,3.46,4.55,5.74,7.04,8.47,10.04,11.76,13.64,15.71,17.98,20.46,23.19,26.18,29.45,33.05,36.99,41.31,46.05,51.25,56.94,63.19,70.04,77.55,85.79,94.83,104.73,115.59,127.5,140.56,154.88,170.58,187.8,206.68,227.39,250.1,275,412.5,234.469,250.92,101701
8536,101700,719641.9,479521.7,44217.63988,2782,206.4,53.05,51.6,0.0174,-1.45,11,2.997,1.081,312.8,312.6,275.3,149.2,62.38,39.24,39.85,47.2,147.3,350.4,593.5,840.2,1098,1357,1586,1801,1985,2130,2223,2262,2267,2268,2268,2267,2264,2206,2031,1707,1317,905.2,537,248.8,119.8,113,113.1,118.7,176.4,205.1,207.4,207.5,4.69,3.19,2.57,2.16,1.71,1.3,1.13,1.38,2.39,3.44,4.32,4.98,5.42,5.66,5.77,5.79,5.8,5.83,5.95,6.19,6.59,7.21,8.05,9.12,98,98,98,98,98,98,98,98,98,98,98,98,98,98,98,98,0,0.75,1.57,2.47,3.46,4.55,5.74,7.04,8.47,10.04,11.76,13.64,15.71,17.98,20.46,23.19,26.18,29.45,33.05,36.99,41.31,46.05,51.25,56.94,63.19,70.04,77.55,85.79,94.83,104.73,115.59,127.5,140.56,154.88,170.58,187.8,206.68,227.39,250.1,275,0.75,1.57,2.47,3.46,4.55,5.74,7.04,8.47,10.04,11.76,13.64,15.71,17.98,20.46,23.19,26.18,29.45,33.05,36.99,41.31,46.05,51.25,56.94,63.19,70.04,77.55,85.79,94.83,104.73,115.59,127.5,140.56,154.88,170.58,187.8,206.68,227.39,250.1,275,412.5,10.426,16.766,101701
8578,101700,718737.6,479951.7,44217.6405,2822,204.8,65.39,67.22,0.015,1.83,33,2.458,1.081,227.4,226.6,218.7,211.7,209.3,208.5,209.1,265,438.6,727.9,1080,1508,1979,2503,3080,3593,4046,4368,4433,4443,4446,4446,4443,4429,4124,3280,1970,735.3,87.22,49.53,91.24,100.5,90.47,36.84,22.34,24.79,27.61,49.23,58.87,58.82,2.93,1.88,1.8,2.02,2.11,1.98,1.83,1.98,2.51,3.21,3.9,4.5,4.96,5.27,5.44,5.48,5.42,5.3,5.15,5.01,4.91,4.85,4.79,4.66,4.37,3.84,3.04,1.97,0.7,0.57,0.97,1.03,1.07,0.49,0.55,0.78,0.59,0.86,1.03,0.53,0,0.75,1.57,2.47,3.46,4.55,5.74,7.04,8.47,10.04,11.76,13.64,15.71,17.98,20.46,23.19,26.18,29.45,33.05,36.99,41.31,46.05,51.25,56.94,63.19,70.04,77.55,85.79,94.83,104.73,115.59,127.5,140.56,154.88,170.58,187.8,206.68,227.39,250.1,275,0.75,1.57,2.47,3.46,4.55,5.74,7.04,8.47,10.04,11.76,13.64,15.71,17.98,20.46,23.19,26.18,29.45,33.05,36.99,41.31,46.05,51.25,56.94,63.19,70.04,77.55,85.79,94.83,104.73,115.59,127.5,140.56,154.88,170.58,187.8,206.68,227.39,250.1,275,412.5,241.987,275.033,101701
8618,101700,718035.6,480224.1,44217.64096,2862,205.8,35.35,35.75,0.027,0.4,7,1.733,1.081,126.3,126.1,104.3,84.41,80.66,80.7,81.21,105.8,170.6,393.8,680,940.8,1238,1601,1887,2023,2050,2051,2051,2050,2049,1956,1792,1456,1114,780.3,520.8,313.1,259,249.8,249.2,249,248.9,248.8,248.8,248.7,248.7,248.6,248.6,248.6,2.79,1.88,1.75,1.76,1.7,1.58,1.52,1.74,2.3,3.1,3.87,4.5,5.01,5.4,5.67,5.86,5.99,6.13,6.32,6.57,6.88,7.22,7.54,7.78,7.93,7.99,8.01,8.17,9,98,98,98,98,98,98,98,98,98,98,98,0,0.75,1.57,2.47,3.46,4.55,5.74,7.04,8.47,10.04,11.76,13.64,15.71,17.98,20.46,23.19,26.18,29.45,33.05,36.99,41.31,46.05,51.25,56.94,63.19,70.04,77.55,85.79,94.83,104.73,115.59,127.5,140.56,154.88,170.58,187.8,206.68,227.39,250.1,275,0.75,1.57,2.47,3.46,4.55,5.74,7.04,8.47,10.04,11.76,13.64,15.71,17.98,20.46,23.19,26.18,29.45,33.05,36.99,41.31,46.05,51.25,56.94,63.19,70.04,77.55,85.79,94.83,104.73,115.59,127.5,140.56,154.88,170.58,187.8,206.68,227.39,250.1,275,412.5,7.994,10.428,101701
8662,101700,716929.6,480650.6,44217.64172,2902,201,67.27,68.48,0.0138,1.21,32,4.017,1.081,318.5,269.5,167.7,60.47,49.68,44.26,44.45,48.95,92.58,253.1,424.1,624.3,789.6,933,1052,1098,1106,1107,1107,1107,1106,1104,1068,902.8,658.3,385.3,154.4,29.1,26.23,45.36,65.28,65.23,16.85,6.04,23.02,75.65,99.77,115.3,120.1,124.8,5.35,3.39,2.32,1.65,1.52,1.42,1.32,1.42,2.08,3.03,3.85,4.46,4.81,4.93,4.86,4.65,4.38,4.12,3.93,3.82,3.79,3.79,3.73,3.53,3.13,2.5,1.67,0.68,0.74,1.05,1.4,1.57,1.13,0.37,1.35,2,2.33,2.72,3.44,4.74,0,0.75,1.57,2.47,3.46,4.55,5.74,7.04,8.47,10.04,11.76,13.64,15.71,17.98,20.46,23.19,26.18,29.45,33.05,36.99,41.31,46.05,51.25,56.94,63.19,70.04,77.55,85.79,94.83,104.73,115.59,127.5,140.56,154.88,170.58,187.8,206.68,227.39,250.1,275,0.75,1.57,2.47,3.46,4.55,5.74,7.04,8.47,10.04,11.76,13.64,15.71,17.98,20.46,23.19,26.18,29.45,33.05,36.99,41.31,46.05,51.25,56.94,63.19,70.04,77.55,85.79,94.83,104.73,115.59,127.5,140.56,154.88,170.58,187.8,206.68,227.39,250.1,275,412.5,169.893,178.212,101701
8706,101700,715997.5,481088.5,44217.64242,2942,200.9,65.39,66.57,0.0144,1.18,35,2.069,1.081,196.7,196.9,197.4,204.7,262.8,334.6,393.6,555.5,775.5,991.8,1240,1532,1878,2269,2666,2961,3131,3156,3160,3160,3159,3157,3089,2690,1872,892.8,72.1,21.51,70.55,70.52,53.69,15.76,12.97,12.97,15.05,25.24,30.55,37.25,40.15,40.19,2.62,1.67,1.67,1.95,2.22,2.38,2.52,2.79,3.16,3.54,3.91,4.23,4.47,4.63,4.69,4.66,4.57,4.46,4.37,4.32,4.31,4.28,4.15,3.8,3.15,2.16,0.83,0.3,1.08,1.03,1.09,0.6,0.63,0.73,0.84,1.12,1.18,1.3,1.52,1.89,0,0.75,1.57,2.47,3.46,4.55,5.74,7.04,8.47,10.04,11.76,13.64,15.71,17.98,20.46,23.19,26.18,29.45,33.05,36.99,41.31,46.05,51.25,56.94,63.19,70.04,77.55,85.79,94.83,104.73,115.59,127.5,140.56,154.88,170.58,187.8,206.68,227.39,250.1,275,0.75,1.57,2.47,3.46,4.55,5.74,7.04,8.47,10.04,11.76,13.64,15.71,17.98,20.46,23.19,26.18,29.45,33.05,36.99,41.31,46.05,51.25,56.94,63.19,70.04,77.55,85.79,94.83,104.73,115.59,127.5,140.56,154.88,170.58,187.8,206.68,227.39,250.1,275,412.5,204.177,246.586,101701
8746,101700,715333.1,481350,44217.64288,2982,199.1,59.69,64.1,0.0173,4.41,30,1.631,1.081,1374,1373,1353,1290,1192,1097,972.1,890.5,855,776.3,738,718.6,717.7,720,760.5,814.7,880.4,925.5,955.9,968.3,976.6,984.6,977.1,735.6,356.7,78.58,26.42,43.61,56.69,56.75,50.76,19.49,11.6,11.57,13.06,29.78,38.21,41.53,60.41,60.68,6.09,3.97,2.92,2.53,2.53,2.69,2.86,2.92,2.83,2.62,2.39,2.23,2.17,2.19,2.27,2.34,2.35,2.3,2.21,2.14,2.13,2.18,2.21,2.03,1.53,0.79,0.39,0.82,0.94,1.02,1.14,0.72,0.61,0.74,0.78,1.24,1.36,1.39,1.59,1.77,0,0.75,1.57,2.47,3.46,4.55,5.74,7.04,8.47,10.04,11.76,13.64,15.71,17.98,20.46,23.19,26.18,29.45,33.05,36.99,41.31,46.05,51.25,56.94,63.19,70.04,77.55,85.79,94.83,104.73,115.59,127.5,140.56,154.88,170.58,187.8,206.68,227.39,250.1,275,0.75,1.57,2.47,3.46,4.55,5.74,7.04,8.47,10.04,11.76,13.64,15.71,17.98,20.46,23.19,26.18,29.45,33.05,36.99,41.31,46.05,51.25,56.94,63.19,70.04,77.55,85.79,94.83,104.73,115.59,127.5,140.56,154.88,170.58,187.8,206.68,227.39,250.1,275,412.5,193.232,227.888,101701
8788,101700,714519.1,481608.8,44217.64344,3022,193.8,54.03,55.3,0.0178,1.27,16,2.617,1.081,438.1,437.9,437.8,440.9,447.1,447.3,470.7,522.1,611.6,729.8,907.7,1098,1292,1440,1457,1459,1460,1460,1460,1404,1270,902.4,399.3,117,50.05,26.16,40.37,63.14,63.72,62.52,44.52,34.64,34.55,34.13,41.94,64.83,86.05,98.15,103.2,104.5,3.45,2.15,1.88,2.08,2.36,2.5,2.5,2.45,2.46,2.59,2.82,3.07,3.28,3.38,3.36,3.25,3.12,3,2.91,2.83,2.69,2.4,1.92,1.36,1.08,0.54,0.84,1.12,1.38,1.84,2.06,2.2,2.42,2.51,3.08,4.67,7.3,98,98,98,0,0.75,1.57,2.47,3.46,4.55,5.74,7.04,8.47,10.04,11.76,13.64,15.71,17.98,20.46,23.19,26.18,29.45,33.05,36.99,41.31,46.05,51.25,56.94,63.19,70.04,77.55,85.79,94.83,104.73,115.59,127.5,140.56,154.88,170.58,187.8,206.68,227.39,250.1,275,0.75,1.57,2.47,3.46,4.55,5.74,7.04,8.47,10.04,11.76,13.64,15.71,17.98,20.46,23.19,26.18,29.45,33.05,36.99,41.31,46.05,51.25,56.94,63.19,70.04,77.55,85.79,94.83,104.73,115.59,127.5,140.56,154.88,170.58,187.8,206.68,227.39,250.1,275,412.5,90.373,125.078,101701
8828,101700,713812.8,481931.3,44217.6439,3062,191.7,67.21,68.05,0.0133,0.84,32,2.06,1.081,185.5,184.8,179.1,178.3,197.2,286.8,405.4,567.4,766.1,926.4,1165,1344,1503,1554,1563,1568,1569,1569,1567,1476,1171,638.1,72.86,20.22,50.97,58.74,48.12,48.1,52.38,34.36,17.3,13.35,13.27,17.17,40.6,60.25,71.24,74.02,74.72,74.73,2.02,1.41,1.66,0.9,0.91,2.25,2.62,2.76,2.91,3.12,3.36,3.59,3.76,3.84,3.86,3.83,3.79,3.72,3.61,3.36,2.9,2.15,1.05,0.36,1.04,1.04,0.95,1.03,1.18,1.05,0.77,0.78,0.83,0.93,1.44,1.73,1.8,1.81,2.01,2.65,0,0.75,1.57,2.47,3.46,4.55,5.74,7.04,8.47,10.04,11.76,13.64,15.71,17.98,20.46,23.19,26.18,29.45,33.05,36.99,41.31,46.05,51.25,56.94,63.19,70.04,77.55,85.79,94.83,104.73,115.59,127.5,140.56,154.88,170.58,187.8,206.68,227.39,250.1,275,0.75,1.57,2.47,3.46,4.55,5.74,7.04,8.47,10.04,11.76,13.64,15.71,17.98,20.46,23.19,26.18,29.45,33.05,36.99,41.31,46.05,51.25,56.94,63.19,70.04,77.55,85.79,94.83,104.73,115.59,127.5,140.56,154.88,170.58,187.8,206.68,227.39,250.1,275,412.5,165.006,188.382,101701
8870,101700,712959.5,482302.9,44217.64443,3102,199.6,45.48,49.2,0.0222,3.72,15,2.438,1.081,530.3,607.1,742.1,826.5,913.3,1024,1114,1206,1333,1405,1414,1416,1418,1418,1419,1417,1405,1322,1109,689.9,243.4,66.35,40.45,41.36,50.41,50.36,43.99,43.95,43.19,42.68,40.66,26.03,21.95,21.94,38.42,48.46,55.1,60.19,63.69,63.78,3.32,2.15,2.01,2.31,2.75,3.14,3.38,3.46,3.42,3.28,3.1,2.93,2.8,2.73,2.72,2.75,2.8,2.78,2.62,2.21,1.52,0.79,0.6,0.71,0.87,0.96,1,1.11,1.36,1.58,1.71,1.67,1.6,1.8,2.86,4.27,6.09,8.58,98,98,0,0.75,1.57,2.47,3.46,4.55,5.74,7.04,8.47,10.04,11.76,13.64,15.71,17.98,20.46,23.19,26.18,29.45,33.05,36.99,41.31,46.05,51.25,56.94,63.19,70.04,77.55,85.79,94.83,104.73,115.59,127.5,140.56,154.88,170.58,187.8,206.68,227.39,250.1,275,0.75,1.57,2.47,3.46,4.55,5.74,7.04,8.47,10.04,11.76,13.64,15.71,17.98,20.46,23.19,26.18,29.45,33.05,36.99,41.31,46.05,51.25,56.94,63.19,70.04,77.55,85.79,94.83,104.73,115.59,127.5,140.56,154.88,170.58,187.8,206.68,227.39,250.1,275,412.5,86.083,110.678,101701
8910,101700,712238.7,482604.5,44217.6449,3142,188.6,51.93,53.68,0.0173,1.75,43,1.385,1.081,115.7,115.6,115.6,116.6,128.1,155.9,208.2,288.5,389,486.8,546.3,568.9,571.1,571.5,571.5,571.2,547,409.7,158.3,23.62,22.96,31.31,81.94,88.18,88.19,88.11,70.25,37.72,16.49,16.7,17.07,24.78,36.61,51.71,63.76,69.61,70.41,70.44,70.42,70.33,2.43,1.62,1.67,1.83,1.91,2.01,2.26,2.6,2.94,3.16,3.23,3.18,3.07,2.98,2.96,2.97,2.89,2.54,1.79,0.63,0.76,0.89,1.44,1.52,1.47,1.49,1.44,1.16,0.74,0.88,0.89,1.1,1.35,1.57,1.66,1.65,1.62,1.63,1.53,0.95,0,0.75,1.57,2.47,3.46,4.55,5.74,7.04,8.47,10.04,11.76,13.64,15.71,17.98,20.46,23.19,26.18,29.45,33.05,36.99,41.31,46.05,51.25,56.94,63.19,70.04,77.55,85.79,94.83,104.73,115.59,127.5,140.56,154.88,170.58,187.8,206.68,227.39,250.1,275,0.75,1.57,2.47,3.46,4.55,5.74,7.04,8.47,10.04,11.76,13.64,15.71,17.98,20.46,23.19,26.18,29.45,33.05,36.99,41.31,46.05,51.25,56.94,63.19,70.04,77.55,85.79,94.83,104.73,115.59,127.5,140.56,154.88,170.58,187.8,206.68,227.39,250.1,275,412.5,172.81,219.34,101701
8950,101700,711488.2,482894.5,44217.64536,3182,188.9,56.59,59.28,0.0164,2.69,39,1.895,1.081,162.6,162.3,161.5,161.1,161,164,183.5,264.9,316.5,371,400.9,403.4,403.8,403.7,397.2,342.6,182.3,43.07,23.77,23.76,52.16,84.07,85.6,85.58,85.49,76.38,43.73,22.31,19.52,19.37,21.21,28.68,49.58,53.47,56.02,60.37,61.13,61.17,61.17,61.13,2.72,1.77,1.75,1.96,2.05,2.01,2.05,2.26,2.47,2.65,2.74,2.75,2.72,2.69,2.61,2.37,1.83,1.03,0.74,0.76,1.24,1.51,1.49,1.46,1.52,1.51,1.23,0.89,0.92,0.96,1.01,1.22,1.56,1.64,1.61,1.56,1.53,1.57,1.57,1.36,0,0.75,1.57,2.47,3.46,4.55,5.74,7.04,8.47,10.04,11.76,13.64,15.71,17.98,20.46,23.19,26.18,29.45,33.05,36.99,41.31,46.05,51.25,56.94,63.19,70.04,77.55,85.79,94.83,104.73,115.59,127.5,140.56,154.88,170.58,187.8,206.68,227.39,250.1,275,0.75,1.57,2.47,3.46,4.55,5.74,7.04,8.47,10.04,11.76,13.64,15.71,17.98,20.46,23.19,26.18,29.45,33.05,36.99,41.31,46.05,51.25,56.94,63.19,70.04,77.55,85.79,94.83,104.73,115.59,127.5,140.56,154.88,170.58,187.8,206.68,227.39,250.1,275,412.5,172.357,220.279,101701
8990,101700,710758.7,483186.5,44217.64582,3222,187.8,48.75,50.29,0.0187,1.54,46,1.814,1.081,93.77,93.15,92.38,91.72,91.46,97.07,127.1,171.3,191.2,198.6,199.2,199.3,199.3,198.9,183.3,105.4,30.97,31.06,31.41,46.01,82.4,101.3,101.4,101.4,101.1,80.59,43.19,23.67,22.26,22.27,24.68,47.27,67.74,76.52,76.6,76.54,76.02,66.71,53.17,27.41,2.38,1.62,1.69,1.81,1.79,1.79,1.98,2.25,2.4,2.4,2.31,2.23,2.22,2.25,2.14,1.69,0.93,0.99,1,1.22,1.58,1.72,1.7,1.69,1.71,1.6,1.25,0.93,0.98,1,1.02,1.44,1.76,1.86,1.8,1.67,1.56,1.51,1.54,1.45,0,0.75,1.57,2.47,3.46,4.55,5.74,7.04,8.47,10.04,11.76,13.64,15.71,17.98,20.46,23.19,26.18,29.45,33.05,36.99,41.31,46.05,51.25,56.94,63.19,70.04,77.55,85.79,94.83,104.73,115.59,127.5,140.56,154.88,170.58,187.8,206.68,227.39,250.1,275,0.75,1.57,2.47,3.46,4.55,5.74,7.04,8.47,10.04,11.76,13.64,15.71,17.98,20.46,23.19,26.18,29.45,33.05,36.99,41.31,46.05,51.25,56.94,63.19,70.04,77.55,85.79,94.83,104.73,115.59,127.5,140.56,154.88,170.58,187.8,206.68,227.39,250.1,275,412.5,191.88,258.472,101701
9030,101700,710065.1,483498.6,44217.64628,3262,186.4,35.24,35.5,0.0253,0.26,42,1.155,1.081,88.18,88.18,88.55,91.45,102.5,123.4,141.3,151.9,156.3,158.3,159.3,159.5,159.5,154.3,104.8,36.24,28.56,28.57,30.93,65.24,97.89,105.8,105.9,105.8,105.5,87.12,49.53,18.61,17.8,17.8,29.87,64.32,92.39,95.61,95.62,95.6,95.54,95.13,89.19,27.87,2.21,1.52,1.63,1.79,1.88,1.96,2.05,2.12,2.13,2.1,2.06,2.04,2.07,2.03,1.7,1.06,0.95,1,0.99,1.47,1.76,1.79,1.72,1.73,1.8,1.73,1.38,0.81,0.93,0.88,1.17,1.7,1.99,1.97,1.81,1.67,1.66,1.73,1.63,0.86,0,0.75,1.57,2.47,3.46,4.55,5.74,7.04,8.47,10.04,11.76,13.64,15.71,17.98,20.46,23.19,26.18,29.45,33.05,36.99,41.31,46.05,51.25,56.94,63.19,70.04,77.55,85.79,94.83,104.73,115.59,127.5,140.56,154.88,170.58,187.8,206.68,227.39,250.1,275,0.75,1.57,2.47,3.46,4.55,5.74,7.04,8.47,10.04,11.76,13.64,15.71,17.98,20.46,23.19,26.18,29.45,33.05,36.99,41.31,46.05,51.25,56.94,63.19,70.04,77.55,85.79,94.83,104.73,115.59,127.5,140.56,154.88,170.58,187.8,206.68,227.39,250.1,275,412.5,157.178,214.601,101701
9070,101700,709363.8,483813.4,44217.64675,3302,190.2,57.61,60.76,0.0163,3.15,42,2.158,1.081,371.9,370,310.8,195.8,145.3,130.8,126,125.2,124.7,123.8,121.4,107.5,68.25,27.05,26.63,26.63,31.51,56.65,87.21,97.43,97.5,97.49,97.42,94.89,73.38,37.51,21.14,21.1,21.09,22.49,39.82,65.65,87.36,98.77,99.24,99.28,99.26,99.17,97.99,66.22,4.4,2.81,2.14,1.87,1.84,1.83,1.76,1.67,1.65,1.73,1.84,1.82,1.48,0.92,1.01,1,1.08,1.48,1.76,1.81,1.75,1.73,1.78,1.8,1.65,1.25,0.93,1.03,1.05,1.03,1.4,1.8,2,2.01,1.89,1.81,1.82,1.84,1.7,1.18,0,0.75,1.57,2.47,3.46,4.55,5.74,7.04,8.47,10.04,11.76,13.64,15.71,17.98,20.46,23.19,26.18,29.45,33.05,36.99,41.31,46.05,51.25,56.94,63.19,70.04,77.55,85.79,94.83,104.73,115.59,127.5,140.56,154.88,170.58,187.8,206.68,227.39,250.1,275,0.75,1.57,2.47,3.46,4.55,5.74,7.04,8.47,10.04,11.76,13.64,15.71,17.98,20.46,23.19,26.18,29.45,33.05,36.99,41.31,46.05,51.25,56.94,63.19,70.04,77.55,85.79,94.83,104.73,115.59,127.5,140.56,154.88,170.58,187.8,206.68,227.39,250.1,275,412.5,150.165,200.612,101701
9110,101700,708707,484068.4,44217.64721,3342,187.7,57.09,58.12,0.0163,1.03,44,2.268,1.081,80.13,79.89,79.58,79.51,79.55,85.28,89.2,90.42,90.55,90.57,90.05,71.84,33.73,26.2,26.21,27.9,44.94,69.99,88.44,90.71,90.72,90.68,90.59,87.67,69.62,42.31,21.14,19.42,19.45,19.5,36.09,66.02,84.44,99.61,103.3,103.4,103.4,103.3,99.21,25.3,2.31,1.59,1.66,1.81,1.83,1.77,1.74,1.77,1.86,1.93,1.91,1.66,1.21,1.09,1.1,1.12,1.43,1.74,1.88,1.86,1.8,1.78,1.82,1.84,1.71,1.38,0.98,1.01,1.05,0.97,1.37,1.84,2.07,2.1,1.99,1.89,1.94,2.14,2.26,1.89,0,0.75,1.57,2.47,3.46,4.55,5.74,7.04,8.47,10.04,11.76,13.64,15.71,17.98,20.46,23.19,26.18,29.45,33.05,36.99,41.31,46.05,51.25,56.94,63.19,70.04,77.55,85.79,94.83,104.73,115.59,127.5,140.56,154.88,170.58,187.8,206.68,227.39,250.1,275,0.75,1.57,2.47,3.46,4.55,5.74,7.04,8.47,10.04,11.76,13.64,15.71,17.98,20.46,23.19,26.18,29.45,33.05,36.99,41.31,46.05,51.25,56.94,63.19,70.04,77.55,85.79,94.83,104.73,115.59,127.5,140.56,154.88,170.58,187.8,206.68,227.39,250.1,275,412.5,151.711,216.068,101701
9152,101800,708347.1,483357.7,44217.65083,3382,197,75.84,80.41,0.013,4.57,31,3.819,1.081,208.5,200.5,172,156.3,153.2,150.1,149.9,150.6,161.2,168.5,169.4,169.5,133.8,37.08,24.87,24.87,38.36,70.68,94.67,95.03,95.04,95.01,94.86,90.03,64.45,39.31,25.87,25.8,25.8,25.89,32.88,48.39,51.02,51.05,51.03,50.62,45.85,41.84,38.81,31.04,3.26,2.04,1.76,1.91,2.06,2.04,1.9,1.79,1.83,2,2.18,2.21,1.88,1.13,0.94,0.94,1.2,1.63,1.82,1.77,1.69,1.7,1.75,1.76,1.58,1.29,1.07,1.13,1.16,1.14,1.33,1.63,1.76,1.8,1.77,1.65,1.49,1.5,1.91,2.83,0,0.75,1.57,2.47,3.46,4.55,5.74,7.04,8.47,10.04,11.76,13.64,15.71,17.98,20.46,23.19,26.18,29.45,33.05,36.99,41.31,46.05,51.25,56.94,63.19,70.04,77.55,85.79,94.83,104.73,115.59,127.5,140.56,154.88,170.58,187.8,206.68,227.39,250.1,275,0.75,1.57,2.47,3.46,4.55,5.74,7.04,8.47,10.04,11.76,13.64,15.71,17.98,20.46,23.19,26.18,29.45,33.05,36.99,41.31,46.05,51.25,56.94,63.19,70.04,77.55,85.79,94.83,104.73,115.59,127.5,140.56,154.88,170.58,187.8,206.68,227.39,250.1,275,412.5,164.118,230.319,101801
9192,101800,709634.2,482807.3,44217.6513,3422,187.9,61.37,61.31,0.0134,-0.06,43,2.603,1.081,24.05,22.31,22.19,22.3,26.76,30.55,30.52,30.42,30.26,30.21,32.5,46.38,52.35,60.43,75.26,91.29,100.7,104.9,105,105,104.9,104.5,99.48,86.59,64.79,38.21,27.05,26.26,26.37,30.02,44.33,67.82,90.42,98.02,98.09,98.08,98,97.2,92.49,89.93,2.08,1.46,1.36,1.3,1.46,1.65,1.67,1.57,1.48,1.48,1.57,1.76,1.85,1.94,2.1,2.24,2.3,2.28,2.21,2.15,2.12,2.13,2.11,1.99,1.72,1.35,1.15,1.19,1.19,1.23,1.5,1.82,2,2,1.91,1.83,1.79,1.8,1.85,2.11,0,0.75,1.57,2.47,3.46,4.55,5.74,7.04,8.47,10.04,11.76,13.64,15.71,17.98,20.46,23.19,26.18,29.45,33.05,36.99,41.31,46.05,51.25,56.94,63.19,70.04,77.55,85.79,94.83,104.73,115.59,127.5,140.56,154.88,170.58,187.8,206.68,227.39,250.1,275,0.75,1.57,2.47,3.46,4.55,5.74,7.04,8.47,10.04,11.76,13.64,15.71,17.98,20.46,23.19,26.18,29.45,33.05,36.99,41.31,46.05,51.25,56.94,63.19,70.04,77.55,85.79,94.83,104.73,115.59,127.5,140.56,154.88,170.58,187.8,206.68,227.39,250.1,275,412.5,141.187,191.472,101801
9232,101800,710854.9,482317.4,44217.65176,3462,186.4,38.66,40.25,0.0227,1.59,44,1.535,1.081,49.5,46.36,40.1,39.61,39.62,40.1,72.35,126.5,186.9,224.1,234.2,234.3,234.3,234.1,233.3,202.6,133.4,58.59,35.25,35.28,40.41,76.29,110.6,116,116,115.9,109.6,62.58,23.18,19.85,20.73,39.54,79.6,94.55,94.56,94.48,94.26,89.99,83.19,21.37,2.38,1.65,1.57,1.52,1.44,1.51,2.02,2.56,2.92,3.03,2.96,2.83,2.72,2.67,2.61,2.42,2.01,1.41,1.06,1.09,1.17,1.56,1.81,1.85,1.84,1.87,1.82,1.46,0.89,0.91,0.88,1.27,1.75,1.91,1.81,1.63,1.54,1.58,1.53,0.57,0,0.75,1.57,2.47,3.46,4.55,5.74,7.04,8.47,10.04,11.76,13.64,15.71,17.98,20.46,23.19,26.18,29.45,33.05,36.99,41.31,46.05,51.25,56.94,63.19,70.04,77.55,85.79,94.83,104.73,115.59,127.5,140.56,154.88,170.58,187.8,206.68,227.39,250.1,275,0.75,1.57,2.47,3.46,4.55,5.74,7.04,8.47,10.04,11.76,13.64,15.71,17.98,20.46,23.19,26.18,29.45,33.05,36.99,41.31,46.05,51.25,56.94,63.19,70.04,77.55,85.79,94.83,104.73,115.59,127.5,140.56,154.88,170.58,187.8,206.68,227.39,250.1,275,412.5,187.913,262.558,101801
9272,101800,712036.5,481799.2,44217.65222,3502,194.4,53.17,61.45,0.0195,8.28,35,2.323,1.081,757.9,702.7,598.1,501.2,458.6,448.6,447.1,488.9,534.3,579.9,593.1,621.5,631.7,638.1,641.3,642.9,643.3,604,572.1,202.3,22.04,24.15,76.6,85.14,85.29,85.3,84.33,56.62,27.76,22.65,21.81,21.75,34.38,68.55,92.03,115,131.4,137.2,141.4,253.9,5.14,3.23,2.35,2.1,2.17,2.33,2.43,2.48,2.48,2.48,2.45,2.43,2.38,2.34,2.32,2.38,2.5,2.59,2.45,1.78,0.5,0.59,1.29,1.32,1.24,1.3,1.39,1.23,0.87,0.88,0.94,0.92,1.19,1.62,1.87,2,2.01,1.92,1.84,1.93,0,0.75,1.57,2.47,3.46,4.55,5.74,7.04,8.47,10.04,11.76,13.64,15.71,17.98,20.46,23.19,26.18,29.45,33.05,36.99,41.31,46.05,51.25,56.94,63.19,70.04,77.55,85.79,94.83,104.73,115.59,127.5,140.56,154.88,170.58,187.8,206.68,227.39,250.1,275,0.75,1.57,2.47,3.46,4.55,5.74,7.04,8.47,10.04,11.76,13.64,15.71,17.98,20.46,23.19,26.18,29.45,33.05,36.99,41.31,46.05,51.25,56.94,63.19,70.04,77.55,85.79,94.83,104.73,115.59,127.5,140.56,154.88,170.58,187.8,206.68,227.39,250.1,275,412.5,153.403,179.637,101801
9314,101800,713562.8,481187.6,44217.65279,3542,194.4,54.08,55.97,0.0178,1.89,30,1.65,1.081,645.9,766.8,1005,1108,1203,1334,1520,1731,1915,2123,2202,2249,2253,2255,2256,2256,2236,2154,1985,1667,1151,637.4,132.2,38.43,27.94,29.58,60.97,63.39,63.4,49.6,16.81,10.29,10.29,19.5,42.23,53,53.05,53.04,52.07,11.84,3.87,2.52,2.21,2.39,2.81,3.32,3.79,4.13,4.29,4.26,4.07,3.77,3.43,3.12,2.88,2.72,2.9,3.07,2.93,2.62,2.22,1.74,1.02,0.5,0.45,0.55,1.06,1.09,1.21,1.35,1.04,0.79,0.68,1.05,1.7,2.51,3.68,5.22,6.37,5.55,0,0.75,1.57,2.47,3.46,4.55,5.74,7.04,8.47,10.04,11.76,13.64,15.71,17.98,20.46,23.19,26.18,29.45,33.05,36.99,41.31,46.05,51.25,56.94,63.19,70.04,77.55,85.79,94.83,104.73,115.59,127.5,140.56,154.88,170.58,187.8,206.68,227.39,250.1,275,0.75,1.57,2.47,3.46,4.55,5.74,7.04,8.47,10.04,11.76,13.64,15.71,17.98,20.46,23.19,26.18,29.45,33.05,36.99,41.31,46.05,51.25,56.94,63.19,70.04,77.55,85.79,94.83,104.73,115.59,127.5,140.56,154.88,170.58,187.8,206.68,227.39,250.1,275,412.5,176.296,264.147,101801
9356,101800,715096.9,480570.6,44217.65332,3582,197.8,48.12,50.02,0.0215,1.9,43,2.398,1.081,473.7,474,476.3,509.9,543,583.9,631.7,682.2,739.8,824,920.1,963.9,1071,1112,1125,1128,1130,1131,1132,1132,1132,1130,1062,809,345.5,41.78,40.62,49.77,49.79,34.05,33.05,25.4,18.95,15.81,15.84,31.27,40.63,40.64,40.61,13.94,3.53,2.19,1.88,2.11,2.48,2.75,2.85,2.82,2.74,2.69,2.71,2.77,2.85,2.9,2.87,2.77,2.62,2.46,2.32,2.25,2.26,2.29,2.26,2.04,1.54,0.24,0.47,0.78,0.84,0.74,0.87,0.86,0.8,0.79,0.8,1.28,1.43,1.52,1.95,2.1,0,0.75,1.57,2.47,3.46,4.55,5.74,7.04,8.47,10.04,11.76,13.64,15.71,17.98,20.46,23.19,26.18,29.45,33.05,36.99,41.31,46.05,51.25,56.94,63.19,70.04,77.55,85.79,94.83,104.73,115.59,127.5,140.56,154.88,170.58,187.8,206.68,227.39,250.1,275,0.75,1.57,2.47,3.46,4.55,5.74,7.04,8.47,10.04,11.76,13.64,15.71,17.98,20.46,23.19,26.18,29.45,33.05,36.99,41.31,46.05,51.25,56.94,63.19,70.04,77.55,85.79,94.83,104.73,115.59,127.5,140.56,154.88,170.58,187.8,206.68,227.39,250.1,275,412.5,223.055,275.033,101801
9402,101800,717040.1,479766.1,44217.65403,3622,200.7,55.9,54.57,0.0166,-1.33,35,2.312,1.081,325.9,226.2,117.1,38.59,23.55,23.58,35.94,85.05,195.4,373.3,522.7,723.3,896.7,1065,1210,1303,1338,1368,1377,1380,1380,1380,1379,1377,1334,1231,968.1,675,385.2,151.8,35.19,25.19,34.48,33.97,24.79,24.45,27.08,48.92,49.16,49.09,6.26,3.98,2.62,1.69,1.17,1.07,1.48,2.32,3.26,4.1,4.73,5.16,5.38,5.42,5.33,5.14,4.91,4.67,4.46,4.32,4.24,4.22,4.23,4.22,4.15,3.94,3.57,3.03,2.34,1.55,0.76,0.71,0.94,0.97,0.85,0.92,0.89,1.21,1.2,0.72,0,0.75,1.57,2.47,3.46,4.55,5.74,7.04,8.47,10.04,11.76,13.64,15.71,17.98,20.46,23.19,26.18,29.45,33.05,36.99,41.31,46.05,51.25,56.94,63.19,70.04,77.55,85.79,94.83,104.73,115.59,127.5,140.56,154.88,170.58,187.8,206.68,227.39,250.1,275,0.75,1.57,2.47,3.46,4.55,5.74,7.04,8.47,10.04,11.76,13.64,15.71,17.98,20.46,23.19,26.18,29.45,33.05,36.99,41.31,46.05,51.25,56.94,63.19,70.04,77.55,85.79,94.83,104.73,115.59,127.5,140.56,154.88,170.58,187.8,206.68,227.39,250.1,275,412.5,229.874,268.706,101801
9448,101800,718882.4,478966.7,44217.65469,3662,219.6,48.34,50.87,0.0205,2.53,16,0.7697,1.081,709.6,707.3,703.8,700.4,699.2,707.9,724.3,732.7,736.3,767.8,901.1,1082,1309,1606,1880,2285,2570,2867,3029,3101,3105,3106,3106,3104,3043,2719,2110,1408,393.3,62.31,66.13,66.25,64.12,43.49,24.46,10.47,11.34,24.75,43.4,53.04,4.12,2.57,2.07,2.14,2.43,2.7,2.8,2.72,2.54,2.41,2.43,2.59,2.86,3.16,3.44,3.64,3.73,3.71,3.58,3.4,3.2,3.05,2.97,2.97,3.01,3.01,2.88,2.49,1.71,0.61,0.83,0.79,1.1,1.48,1.97,1.16,0.67,1.22,1.95,3.09,0,0.75,1.57,2.47,3.46,4.55,5.74,7.04,8.47,10.04,11.76,13.64,15.71,17.98,20.46,23.19,26.18,29.45,33.05,36.99,41.31,46.05,51.25,56.94,63.19,70.04,77.55,85.79,94.83,104.73,115.59,127.5,140.56,154.88,170.58,187.8,206.68,227.39,250.1,275,0.75,1.57,2.47,3.46,4.55,5.74,7.04,8.47,10.04,11.76,13.64,15.71,17.98,20.46,23.19,26.18,29.45,33.05,36.99,41.31,46.05,51.25,56.94,63.19,70.04,77.55,85.79,94.83,104.73,115.59,127.5,140.56,154.88,170.58,187.8,206.68,227.39,250.1,275,412.5,201.097,227.967,101801
9492,101800,720633.3,478236.8,44217.6553,3702,207,43.41,41.27,0.0204,-2.14,23,3.576,1.081,395.4,394.4,319.9,173.8,71.63,32.49,32.51,39.3,171.1,431.6,791.5,1125,1545,1938,2347,2746,3112,3418,3624,3713,3729,3731,3731,3730,3727,3718,3546,3063,2396,1673,925,219.5,11.34,80.41,82.01,62.42,5.41,45.41,171.7,202.8,4.96,3.38,2.69,2.25,1.74,1.16,1,1.24,2.41,3.55,4.49,5.17,5.62,5.86,5.94,5.91,5.8,5.67,5.53,5.42,5.35,5.35,5.4,5.49,5.58,5.62,5.54,5.27,4.79,4.08,3.14,1.95,0.18,1.46,1.67,1.65,0.44,1.68,2.38,2.63,0,0.75,1.57,2.47,3.46,4.55,5.74,7.04,8.47,10.04,11.76,13.64,15.71,17.98,20.46,23.19,26.18,29.45,33.05,36.99,41.31,46.05,51.25,56.94,63.19,70.04,77.55,85.79,94.83,104.73,115.59,127.5,140.56,154.88,170.58,187.8,206.68,227.39,250.1,275,0.75,1.57,2.47,3.46,4.55,5.74,7.04,8.47,10.04,11.76,13.64,15.71,17.98,20.46,23.19,26.18,29.45,33.05,36.99,41.31,46.05,51.25,56.94,63.19,70.04,77.55,85.79,94.83,104.73,115.59,127.5,140.56,154.88,170.58,187.8,206.68,227.39,250.1,275,412.5,159.471,206.277,101801
9534,101800,722295.7,477600.8,44217.6559,3742,215,51.59,52.58,0.0183,0.99,29,1.771,1.081,413.3,413.3,395.2,263.6,132.9,74.11,72.1,72.04,72.24,107.3,295.9,578.5,855.7,1181,1538,1903,2232,2532,2779,2908,2968,2980,2981,2981,2980,2977,2956,2746,2279,1648,942.6,335.5,32.04,24.2,21.7,19.13,5.71,8.77,24.29,130.6,4.69,3.15,2.57,2.25,1.9,1.54,1.43,1.39,1.35,1.71,2.56,3.41,4.11,4.65,5,5.19,5.24,5.17,5.03,4.84,4.65,4.5,4.4,4.37,4.4,4.45,4.49,4.41,4.17,3.69,2.96,1.94,0.59,0.57,0.67,1.2,0.5,0.69,1.12,2.16,0,0.75,1.57,2.47,3.46,4.55,5.74,7.04,8.47,10.04,11.76,13.64,15.71,17.98,20.46,23.19,26.18,29.45,33.05,36.99,41.31,46.05,51.25,56.94,63.19,70.04,77.55,85.79,94.83,104.73,115.59,127.5,140.56,154.88,170.58,187.8,206.68,227.39,250.1,275,0.75,1.57,2.47,3.46,4.55,5.74,7.04,8.47,10.04,11.76,13.64,15.71,17.98,20.46,23.19,26.18,29.45,33.05,36.99,41.31,46.05,51.25,56.94,63.19,70.04,77.55,85.79,94.83,104.73,115.59,127.5,140.56,154.88,170.58,187.8,206.68,227.39,250.1,275,412.5,235.201,249.958,101801
9578,101800,724173,476831.6,44217.6566,3782,210.5,50.77,50.72,0.0192,-0.05,32,1.853,1.081,380.1,379.8,320.2,170.2,64.66,46.82,47.06,47.77,83.7,150.9,346.4,569,786.2,1008,1208,1411,1596,1751,1862,1925,1959,1964,1983,1989,1989,1988,1982,1840,1562,1157,725.9,338.9,111.7,42.44,22.17,21.57,16.99,8.21,8.85,79.42,5.31,3.61,2.78,2.2,1.64,1.34,1.26,1.29,1.71,2.35,3.13,3.81,4.32,4.67,4.85,4.91,4.88,4.78,4.64,4.49,4.35,4.24,4.17,4.13,4.11,4.09,4.02,3.85,3.54,3.09,2.52,1.84,1.11,0.83,0.54,0.69,0.91,0.54,0.49,1.24,0,0.75,1.57,2.47,3.46,4.55,5.74,7.04,8.47,10.04,11.76,13.64,15.71,17.98,20.46,23.19,26.18,29.45,33.05,36.99,41.31,46.05,51.25,56.94,63.19,70.04,77.55,85.79,94.83,104.73,115.59,127.5,140.56,154.88,170.58,187.8,206.68,227.39,250.1,275,0.75,1.57,2.47,3.46,4.55,5.74,7.04,8.47,10.04,11.76,13.64,15.71,17.98,20.46,23.19,26.18,29.45,33.05,36.99,41.31,46.05,51.25,56.94,63.19,70.04,77.55,85.79,94.83,104.73,115.59,127.5,140.56,154.88,170.58,187.8,206.68,227.39,250.1,275,412.5,251.968,267.374,101801
9622,101800,725713.6,476143.2,44217.65715,3822,213.3,47.52,49.16,0.022,1.64,26,2.277,1.081,262.7,262.4,237.6,183.9,167.6,161.2,161.1,161.2,161.9,186,321.8,601.4,888,1223,1546,1896,2223,2491,2681,2769,2782,2782,2782,2779,2775,2764,2727,2649,2278,1711,1243,814.5,470.2,203.9,19.78,18.08,23.14,4.52,19.58,254.7,3.5,2.25,1.93,1.94,2.02,2.01,1.9,1.76,1.7,1.87,2.38,3.03,3.6,4.05,4.36,4.55,4.62,4.59,4.49,4.36,4.21,4.07,3.97,3.89,3.83,3.75,3.63,3.43,3.12,2.74,2.35,2.03,1.8,1.48,0.28,0.37,1.07,0.2,0.88,1.62,0,0.75,1.57,2.47,3.46,4.55,5.74,7.04,8.47,10.04,11.76,13.64,15.71,17.98,20.46,23.19,26.18,29.45,33.05,36.99,41.31,46.05,51.25,56.94,63.19,70.04,77.55,85.79,94.83,104.73,115.59,127.5,140.56,154.88,170.58,187.8,206.68,227.39,250.1,275,0.75,1.57,2.47,3.46,4.55,5.74,7.04,8.47,10.04,11.76,13.64,15.71,17.98,20.46,23.19,26.18,29.45,33.05,36.99,41.31,46.05,51.25,56.94,63.19,70.04,77.55,85.79,94.83,104.73,115.59,127.5,140.56,154.88,170.58,187.8,206.68,227.39,250.1,275,412.5,251.017,258.737,101801
9666,101800,727375.2,475473.8,44217.65777,3862,213,39.42,38.42,0.0254,-1,37,2.695,1.081,183.8,183.7,181.6,163.3,121.6,84.2,59.44,48.61,44.67,39.99,37.93,37.88,38.65,81.24,239.4,480.9,780.6,1108,1428,1770,2113,2428,2700,2875,2934,2938,2939,2939,2938,2935,2889,2637,2195,1647,1035,429.3,11.05,6.87,37.78,25.41,2.87,1.93,1.93,2.11,2.07,1.76,1.42,1.3,1.32,1.3,1.28,1.2,1.09,1.62,2.5,3.32,3.99,4.48,4.81,5,5.07,5.07,5,4.91,4.81,4.76,4.77,4.85,5.01,5.19,5.34,5.36,5.16,4.66,3.78,2.49,0.71,0.23,1.27,0.62,0,0.75,1.57,2.47,3.46,4.55,5.74,7.04,8.47,10.04,11.76,13.64,15.71,17.98,20.46,23.19,26.18,29.45,33.05,36.99,41.31,46.05,51.25,56.94,63.19,70.04,77.55,85.79,94.83,104.73,115.59,127.5,140.56,154.88,170.58,187.8,206.68,227.39,250.1,275,0.75,1.57,2.47,3.46,4.55,5.74,7.04,8.47,10.04,11.76,13.64,15.71,17.98,20.46,23.19,26.18,29.45,33.05,36.99,41.31,46.05,51.25,56.94,63.19,70.04,77.55,85.79,94.83,104.73,115.59,127.5,140.56,154.88,170.58,187.8,206.68,227.39,250.1,275,412.5,261.465,275.033,101801
9708,101800,728820.7,474892.2,44217.65828,3902,202.5,44.88,45.9,0.0218,1.02,33,1.921,1.081,321.5,320.2,314.5,292.6,216.9,130.5,70.19,65.53,65.55,65.61,67.3,98.71,181.2,286.8,392.6,493.5,607.9,741.6,912.7,1122,1326,1440,1532,1592,1624,1630,1631,1631,1630,1558,1394,1170,835.1,467.1,194.6,36.23,15.45,12.03,6.22,29.46,3.6,2.38,2.17,2.32,2.34,2.01,1.49,1.34,1.42,1.46,1.43,1.64,2.07,2.49,2.82,3.06,3.25,3.43,3.59,3.74,3.85,3.89,3.88,3.84,3.77,3.69,3.63,3.59,3.56,3.5,3.38,3.16,2.79,2.26,1.57,0.7,0.45,0.73,0.2,0.44,0,0.75,1.57,2.47,3.46,4.55,5.74,7.04,8.47,10.04,11.76,13.64,15.71,17.98,20.46,23.19,26.18,29.45,33.05,36.99,41.31,46.05,51.25,56.94,63.19,70.04,77.55,85.79,94.83,104.73,115.59,127.5,140.56,154.88,170.58,187.8,206.68,227.39,250.1,275,0.75,1.57,2.47,3.46,4.55,5.74,7.04,8.47,10.04,11.76,13.64,15.71,17.98,20.46,23.19,26.18,29.45,33.05,36.99,41.31,46.05,51.25,56.94,63.19,70.04,77.55,85.79,94.83,104.73,115.59,127.5,140.56,154.88,170.58,187.8,206.68,227.39,250.1,275,412.5,271.598,275.033,101801
9750,101900,729572.7,473738,44218.58728,6,193.9,51.94,54.76,0.019,2.82,29,1.899,1.055,462.4,464.2,464.3,459.3,409.2,343.1,266.3,197.6,150.9,146.9,146.9,146.9,152,167.7,177.8,210.7,294.1,361.3,453.5,545.2,632.3,684.8,714.5,741.5,744.5,744.8,744.7,744.3,716.4,620.2,496.3,333,198.9,93,56.99,53.33,47.78,37.27,24.09,31.55,3.94,2.52,2.14,2.27,2.48,2.54,2.34,1.98,1.67,1.61,1.67,1.73,1.74,1.73,1.72,1.8,2.01,2.23,2.41,2.54,2.6,2.6,2.56,2.51,2.46,2.43,2.41,2.41,2.37,2.28,2.13,1.88,1.54,1.12,0.91,1.17,1.51,1.37,0.82,1.96,0,0.75,1.57,2.47,3.46,4.55,5.74,7.04,8.47,10.04,11.76,13.64,15.71,17.98,20.46,23.19,26.18,29.45,33.05,36.99,41.31,46.05,51.25,56.94,63.19,70.04,77.55,85.79,94.83,104.73,115.59,127.5,140.56,154.88,170.58,187.8,206.68,227.39,250.1,275,0.75,1.57,2.47,3.46,4.55,5.74,7.04,8.47,10.04,11.76,13.64,15.71,17.98,20.46,23.19,26.18,29.45,33.05,36.99,41.31,46.05,51.25,56.94,63.19,70.04,77.55,85.79,94.83,104.73,115.59,127.5,140.56,154.88,170.58,187.8,206.68,227.39,250.1,275,412.5,247.501,275.033,101901
9790,101900,728906.6,473991.6,44218.58775,46,193.4,50.31,51.13,0.0191,0.82,31,2.046,1.055,211.8,211.2,197.6,160.5,132.1,127,127,127.5,130.9,152.2,197,259.6,338.2,425.6,515.2,591.5,662.3,750.6,797.6,799.5,798.8,795.8,787.2,771.9,749.6,732.4,729.1,727.2,707.2,644.8,536.5,385.9,237.8,134.3,63.83,23.18,11.81,10.55,8.2,21.88,3.2,2.08,1.88,1.95,1.99,1.92,1.82,1.76,1.79,1.93,2.15,2.37,2.57,2.73,2.85,2.94,3,3.04,3.02,2.96,2.86,2.74,2.62,2.5,2.4,2.33,2.3,2.27,2.23,2.13,1.95,1.7,1.43,1.23,1.06,0.67,0.52,0.73,0.34,0.74,0,0.75,1.57,2.47,3.46,4.55,5.74,7.04,8.47,10.04,11.76,13.64,15.71,17.98,20.46,23.19,26.18,29.45,33.05,36.99,41.31,46.05,51.25,56.94,63.19,70.04,77.55,85.79,94.83,104.73,115.59,127.5,140.56,154.88,170.58,187.8,206.68,227.39,250.1,275,0.75,1.57,2.47,3.46,4.55,5.74,7.04,8.47,10.04,11.76,13.64,15.71,17.98,20.46,23.19,26.18,29.45,33.05,36.99,41.31,46.05,51.25,56.94,63.19,70.04,77.55,85.79,94.83,104.73,115.59,127.5,140.56,154.88,170.58,187.8,206.68,227.39,250.1,275,412.5,269.6,275.033,101901
9830,101900,728222.5,474283.3,44218.58822,86,198.2,41.05,40.53,0.0238,-0.52,9,0.4915,1.055,299.4,299.2,289.1,244.7,177.2,109.9,61.38,42.48,40.55,40.53,47.48,89.84,156.5,223.8,292.7,360.6,419,452,465,466.5,467,467.4,467.6,467.8,467.9,467.9,467.4,465.3,459.2,450.2,439.7,428.1,415.4,399.8,377.4,320.2,228,221.6,221.2,221.1,4.43,2.89,2.37,2.33,2.35,2.15,1.65,1.23,1.26,1.37,1.41,1.76,2.25,2.72,3.07,3.28,3.33,3.26,3.13,3.03,3.04,3.24,3.68,4.39,5.41,6.79,8.58,98,98,98,98,98,98,98,98,98,98,98,98,98,0,0.75,1.57,2.47,3.46,4.55,5.74,7.04,8.47,10.04,11.76,13.64,15.71,17.98,20.46,23.19,26.18,29.45,33.05,36.99,41.31,46.05,51.25,56.94,63.19,70.04,77.55,85.79,94.83,104.73,115.59,127.5,140.56,154.88,170.58,187.8,206.68,227.39,250.1,275,0.75,1.57,2.47,3.46,4.55,5.74,7.04,8.47,10.04,11.76,13.64,15.71,17.98,20.46,23.19,26.18,29.45,33.05,36.99,41.31,46.05,51.25,56.94,63.19,70.04,77.55,85.79,94.83,104.73,115.59,127.5,140.56,154.88,170.58,187.8,206.68,227.39,250.1,275,412.5,13.762,17.93,101901
9874,101900,727339.3,474641.5,44218.58878,126,211.9,39.91,39.88,0.0241,-0.03,24,1.964,1.055,348.2,333.2,311.1,273.2,214.7,155.3,104.2,72.55,65.36,65.39,79.3,92.78,150.7,243,329.7,425.4,566.3,640.9,749.2,893.7,969.3,984.2,1003,1028,1037,1093,1094,1094,1093,941.2,792.4,617.5,392.1,242,114.3,50.53,27.11,15.74,15.38,64.66,3.65,2.34,2.05,2.17,2.27,2.11,1.73,1.38,1.33,1.41,1.51,1.59,1.88,2.26,2.59,2.87,3.09,3.23,3.32,3.37,3.36,3.3,3.24,3.19,3.16,3.16,3.15,3.12,3.03,2.86,2.62,2.33,1.97,1.65,1.33,1.15,1.11,0.71,1.15,2.32,0,0.75,1.57,2.47,3.46,4.55,5.74,7.04,8.47,10.04,11.76,13.64,15.71,17.98,20.46,23.19,26.18,29.45,33.05,36.99,41.31,46.05,51.25,56.94,63.19,70.04,77.55,85.79,94.83,104.73,115.59,127.5,140.56,154.88,170.58,187.8,206.68,227.39,250.1,275,0.75,1.57,2.47,3.46,4.55,5.74,7.04,8.47,10.04,11.76,13.64,15.71,17.98,20.46,23.19,26.18,29.45,33.05,36.99,41.31,46.05,51.25,56.94,63.19,70.04,77.55,85.79,94.83,104.73,115.59,127.5,140.56,154.88,170.58,187.8,206.68,227.39,250.1,275,412.5,216.947,246.79,101901
9916,101900,726558.6,474883.1,44218.58927,166,211.9,53.41,54.24,0.0189,0.83,22,2.405,1.055,388.2,387.5,363.9,287,200.2,141.1,98.27,96.54,96.67,103.9,158.1,258.1,422.7,607.6,813.7,1037,1273,1512,1742,1948,2096,2140,2141,2141,2139,2133,2078,1955,1707,1410,1133,823.7,542.9,296.8,239.8,169.1,39.6,39.51,132.8,321.5,4.2,2.76,2.3,2.21,2.15,1.94,1.63,1.5,1.5,1.59,1.89,2.32,2.78,3.21,3.57,3.85,4.06,4.2,4.28,4.28,4.23,4.14,4.02,3.9,3.79,3.68,3.56,3.4,3.18,2.89,2.56,2.17,1.79,1.57,1.78,1.77,0.78,0.6,1.37,2.2,0,0.75,1.57,2.47,3.46,4.55,5.74,7.04,8.47,10.04,11.76,13.64,15.71,17.98,20.46,23.19,26.18,29.45,33.05,36.99,41.31,46.05,51.25,56.94,63.19,70.04,77.55,85.79,94.83,104.73,115.59,127.5,140.56,154.88,170.58,187.8,206.68,227.39,250.1,275,0.75,1.57,2.47,3.46,4.55,5.74,7.04,8.47,10.04,11.76,13.64,15.71,17.98,20.46,23.19,26.18,29.45,33.05,36.99,41.31,46.05,51.25,56.94,63.19,70.04,77.55,85.79,94.83,104.73,115.59,127.5,140.56,154.88,170.58,187.8,206.68,227.39,250.1,275,412.5,217.282,245.437,101901
9960,101900,725534.1,475359.2,44218.58993,206,214.1,42.96,42.02,0.0234,-0.94,28,2.473,1.055,415,311.5,261.9,233,172.9,128,112.6,112.7,119.9,124.7,155.7,255.8,445.7,674.8,907.5,1196,1504,1723,1914,2118,2300,2339,2340,2339,2337,2331,2313,2272,2005,1684,1256,886.6,503.2,229.3,70.03,31.83,30.93,22.36,6.3,72.23,4.1,2.49,2,2.01,2,1.82,1.63,1.58,1.62,1.64,1.78,2.15,2.66,3.14,3.55,3.88,4.1,4.22,4.26,4.24,4.18,4.08,3.96,3.86,3.77,3.69,3.61,3.5,3.31,3.06,2.73,2.35,1.92,1.45,0.9,0.5,0.81,1.34,0.21,0.87,0,0.75,1.57,2.47,3.46,4.55,5.74,7.04,8.47,10.04,11.76,13.64,15.71,17.98,20.46,23.19,26.18,29.45,33.05,36.99,41.31,46.05,51.25,56.94,63.19,70.04,77.55,85.79,94.83,104.73,115.59,127.5,140.56,154.88,170.58,187.8,206.68,227.39,250.1,275,0.75,1.57,2.47,3.46,4.55,5.74,7.04,8.47,10.04,11.76,13.64,15.71,17.98,20.46,23.19,26.18,29.45,33.05,36.99,41.31,46.05,51.25,56.94,63.19,70.04,77.55,85.79,94.83,104.73,115.59,127.5,140.56,154.88,170.58,187.8,206.68,227.39,250.1,275,412.5,265.637,274.054,101901
10002,101900,724689,475752.1,44218.59043,246,220.3,40.7,39.7,0.0236,-1,7,1.519,1.055,281.1,275.1,257.2,226.5,167.8,101,62.68,50.51,50.57,51.98,70.83,110.1,181.7,234.4,277.3,332.5,361.4,374,379.6,384.5,403.4,419.9,426,426.7,427.2,427.6,427.8,427.8,427.7,424.5,412.2,398.7,384.1,366.3,343.2,312.1,309.6,309.1,308.9,308.8,3.45,2.26,2.08,2.24,2.28,1.97,1.51,1.29,1.34,1.41,1.6,1.91,2.28,2.57,2.79,2.96,3.07,3.13,3.16,3.19,3.24,3.32,3.5,3.85,4.52,5.67,7.5,98,98,98,98,98,98,98,98,98,98,98,98,98,0,0.75,1.57,2.47,3.46,4.55,5.74,7.04,8.47,10.04,11.76,13.64,15.71,17.98,20.46,23.19,26.18,29.45,33.05,36.99,41.31,46.05,51.25,56.94,63.19,70.04,77.55,85.79,94.83,104.73,115.59,127.5,140.56,154.88,170.58,187.8,206.68,227.39,250.1,275,0.75,1.57,2.47,3.46,4.55,5.74,7.04,8.47,10.04,11.76,13.64,15.71,17.98,20.46,23.19,26.18,29.45,33.05,36.99,41.31,46.05,51.25,56.94,63.19,70.04,77.55,85.79,94.83,104.73,115.59,127.5,140.56,154.88,170.58,187.8,206.68,227.39,250.1,275,412.5,9.54,13.474,101901
10046,101900,723841.2,476078,44218.59096,286,212.9,44.12,44.63,0.0219,0.51,32,1.715,1.055,273.3,240.8,207.1,175.2,122.4,99.03,90.9,90.95,92.28,95.68,159.4,264.6,392.4,530.2,694.8,888.5,1092,1298,1486,1658,1793,1846,1848,1848,1847,1846,1842,1708,1454,1127,770.6,430.4,170.7,38.06,22.09,20.29,10.91,11,17.84,29.66,3.6,2.28,1.96,1.99,1.92,1.73,1.58,1.55,1.56,1.62,1.94,2.35,2.74,3.07,3.36,3.61,3.81,3.96,4.04,4.08,4.06,3.99,3.9,3.8,3.72,3.64,3.54,3.41,3.2,2.91,2.54,2.08,1.51,0.78,0.58,0.81,0.83,0.52,0.84,1.46,0,0.75,1.57,2.47,3.46,4.55,5.74,7.04,8.47,10.04,11.76,13.64,15.71,17.98,20.46,23.19,26.18,29.45,33.05,36.99,41.31,46.05,51.25,56.94,63.19,70.04,77.55,85.79,94.83,104.73,115.59,127.5,140.56,154.88,170.58,187.8,206.68,227.39,250.1,275,0.75,1.57,2.47,3.46,4.55,5.74,7.04,8.47,10.04,11.76,13.64,15.71,17.98,20.46,23.19,26.18,29.45,33.05,36.99,41.31,46.05,51.25,56.94,63.19,70.04,77.55,85.79,94.83,104.73,115.59,127.5,140.56,154.88,170.58,187.8,206.68,227.39,250.1,275,412.5,246.575,273.204,101901
10088,101900,722899.8,476461.7,44218.59149,326,204.3,54.04,55.36,0.0178,1.32,34,1.966,1.055,162.5,162.3,156.7,151.6,150.5,150.5,153.4,180.3,261.5,379.8,536.1,732.1,933.2,1179,1451,1741,2029,2309,2537,2642,2655,2655,2654,2651,2575,2302,1920,1385,844.9,380.2,107.3,45.39,44.28,19.14,11.64,7.07,6.39,10.49,24.18,39.47,2.72,1.77,1.76,1.97,2.06,1.95,1.83,1.91,2.26,2.71,3.17,3.56,3.87,4.09,4.24,4.32,4.36,4.36,4.33,4.27,4.2,4.13,4.06,3.98,3.85,3.63,3.29,2.82,2.24,1.59,0.95,0.6,0.83,0.55,0.49,0.52,0.5,0.82,1.19,1.5,0,0.75,1.57,2.47,3.46,4.55,5.74,7.04,8.47,10.04,11.76,13.64,15.71,17.98,20.46,23.19,26.18,29.45,33.05,36.99,41.31,46.05,51.25,56.94,63.19,70.04,77.55,85.79,94.83,104.73,115.59,127.5,140.56,154.88,170.58,187.8,206.68,227.39,250.1,275,0.75,1.57,2.47,3.46,4.55,5.74,7.04,8.47,10.04,11.76,13.64,15.71,17.98,20.46,23.19,26.18,29.45,33.05,36.99,41.31,46.05,51.25,56.94,63.19,70.04,77.55,85.79,94.83,104.73,115.59,127.5,140.56,154.88,170.58,187.8,206.68,227.39,250.1,275,412.5,236.991,259.951,101901
10130,101900,721898.2,476884.6,44218.59206,366,203.8,55.28,55.26,0.0169,-0.02,33,2.134,1.055,237.9,227.8,154.1,90.42,54.53,48.5,48.57,58.06,113.5,228.1,366,523.2,715.7,937.7,1161,1391,1634,1902,2140,2333,2436,2445,2445,2444,2441,2434,2327,2035,1630,1157,698.3,286.8,33.22,20.78,27.67,12.39,5.28,14.94,41.1,78.59,4.17,2.73,2.12,1.82,1.54,1.36,1.3,1.47,2.03,2.7,3.28,3.76,4.14,4.42,4.62,4.75,4.83,4.87,4.88,4.85,4.79,4.73,4.67,4.62,4.58,4.53,4.42,4.2,3.85,3.35,2.66,1.77,0.59,0.5,0.87,0.67,0.31,1.01,1.27,1.33,0,0.75,1.57,2.47,3.46,4.55,5.74,7.04,8.47,10.04,11.76,13.64,15.71,17.98,20.46,23.19,26.18,29.45,33.05,36.99,41.31,46.05,51.25,56.94,63.19,70.04,77.55,85.79,94.83,104.73,115.59,127.5,140.56,154.88,170.58,187.8,206.68,227.39,250.1,275,0.75,1.57,2.47,3.46,4.55,5.74,7.04,8.47,10.04,11.76,13.64,15.71,17.98,20.46,23.19,26.18,29.45,33.05,36.99,41.31,46.05,51.25,56.94,63.19,70.04,77.55,85.79,94.83,104.73,115.59,127.5,140.56,154.88,170.58,187.8,206.68,227.39,250.1,275,412.5,235.162,252.091,101901
10172,101900,720875.9,477298.8,44218.59262,406,211.6,43.91,44.69,0.022,0.78,35,1.734,1.055,248,202.8,168.3,125,90.25,75.33,75.29,75.33,83.29,111.4,205.2,339.6,504.4,690.2,895.4,1093,1273,1414,1508,1538,1539,1538,1538,1536,1527,1425,1200,920.8,644.9,394.1,208.7,110.4,54.03,41.81,25.64,13.47,10.27,11.36,31.97,59.67,3.71,2.33,1.95,1.89,1.77,1.59,1.51,1.51,1.58,1.81,2.27,2.79,3.26,3.66,3.96,4.15,4.25,4.26,4.2,4.1,3.99,3.89,3.8,3.72,3.6,3.42,3.14,2.76,2.31,1.85,1.43,1.12,0.81,0.82,0.69,0.56,0.58,0.57,1.13,1.15,0,0.75,1.57,2.47,3.46,4.55,5.74,7.04,8.47,10.04,11.76,13.64,15.71,17.98,20.46,23.19,26.18,29.45,33.05,36.99,41.31,46.05,51.25,56.94,63.19,70.04,77.55,85.79,94.83,104.73,115.59,127.5,140.56,154.88,170.58,187.8,206.68,227.39,250.1,275,0.75,1.57,2.47,3.46,4.55,5.74,7.04,8.47,10.04,11.76,13.64,15.71,17.98,20.46,23.19,26.18,29.45,33.05,36.99,41.31,46.05,51.25,56.94,63.19,70.04,77.55,85.79,94.83,104.73,115.59,127.5,140.56,154.88,170.58,187.8,206.68,227.39,250.1,275,412.5,244.663,264.217,101901
10212,101900,719990.1,477681.7,44218.59308,446,212.1,38.16,39.29,0.0251,1.13,30,2.442,1.055,571.3,571.1,578,632.5,730.7,857.3,988.7,1135,1269,1395,1547,1708,1914,2156,2399,2668,3065,3456,3646,3768,3854,3909,3923,3930,3932,3930,3743,3117,1897,712.4,71.92,29.04,53.02,44.09,17.42,8.18,8.59,19.86,32.72,32.74,3.33,2.03,1.78,2.07,2.51,2.87,3.06,3.1,3.05,2.97,2.94,2.96,3.06,3.2,3.35,3.5,3.6,3.63,3.56,3.41,3.23,3.04,2.9,2.83,2.84,2.91,2.95,2.83,2.43,1.67,0.45,0.24,0.72,0.81,0.59,0.47,0.47,0.99,1.2,1.34,0,0.75,1.57,2.47,3.46,4.55,5.74,7.04,8.47,10.04,11.76,13.64,15.71,17.98,20.46,23.19,26.18,29.45,33.05,36.99,41.31,46.05,51.25,56.94,63.19,70.04,77.55,85.79,94.83,104.73,115.59,127.5,140.56,154.88,170.58,187.8,206.68,227.39,250.1,275,0.75,1.57,2.47,3.46,4.55,5.74,7.04,8.47,10.04,11.76,13.64,15.71,17.98,20.46,23.19,26.18,29.45,33.05,36.99,41.31,46.05,51.25,56.94,63.19,70.04,77.55,85.79,94.83,104.73,115.59,127.5,140.56,154.88,170.58,187.8,206.68,227.39,250.1,275,412.5,234.819,268.58,101901
10258,101900,718427.8,478294.2,44218.59406,486,213.8,40.53,39.52,0.0223,-1.01,30,3.009,1.055,235.2,235.3,261.8,363.4,483.9,611.4,794.1,1023,1321,1676,2174,2748,3404,4160,5008,5826,6834,7896,8760,9431,9658,9706,9708,9703,9663,9231,7981,5826,3183,928.2,17.45,61.99,42.29,8.25,8.35,7.73,7.66,14.45,35.99,41.47,2.15,1.4,1.62,2.07,2.38,2.54,2.7,2.91,3.2,3.55,3.91,4.24,4.5,4.68,4.78,4.81,4.82,4.83,4.85,4.91,5.02,5.19,5.43,5.7,5.92,5.98,5.75,5.13,4.05,2.5,0.2,0.83,0.9,0.53,0.47,0.71,0.65,1.12,1.69,2.08,0,0.75,1.57,2.47,3.46,4.55,5.74,7.04,8.47,10.04,11.76,13.64,15.71,17.98,20.46,23.19,26.18,29.45,33.05,36.99,41.31,46.05,51.25,56.94,63.19,70.04,77.55,85.79,94.83,104.73,115.59,127.5,140.56,154.88,170.58,187.8,206.68,227.39,250.1,275,0.75,1.57,2.47,3.46,4.55,5.74,7.04,8.47,10.04,11.76,13.64,15.71,17.98,20.46,23.19,26.18,29.45,33.05,36.99,41.31,46.05,51.25,56.94,63.19,70.04,77.55,85.79,94.83,104.73,115.59,127.5,140.56,154.88,170.58,187.8,206.68,227.39,250.1,275,412.5,214.286,234.907,101901
10300,101900,717283.1,478765.2,44218.59469,526,209.3,41.3,43.29,0.0212,1.99,30,4.663,1.055,210.5,261,349.8,518.2,763.6,1061,1428,1891,2436,3038,3731,4543,5349,5991,6982,8045,9144,9765,10140,10440,10450,10460,10450,10410,9836,8067,5746,3528,297.7,17.44,89.77,88,40.28,9.8,9.79,12.83,32.08,38.26,38.26,8.51,1.84,1.35,1.74,2.3,2.79,3.17,3.5,3.8,4.1,4.38,4.64,4.88,5.06,5.19,5.28,5.33,5.34,5.31,5.26,5.22,5.2,5.2,5.21,5.18,5.02,4.67,4.05,3.12,1.82,0.16,1.11,0.99,1.07,0.69,0.51,0.68,1.51,2.38,3.02,1.99,0,0.75,1.57,2.47,3.46,4.55,5.74,7.04,8.47,10.04,11.76,13.64,15.71,17.98,20.46,23.19,26.18,29.45,33.05,36.99,41.31,46.05,51.25,56.94,63.19,70.04,77.55,85.79,94.83,104.73,115.59,127.5,140.56,154.88,170.58,187.8,206.68,227.39,250.1,275,0.75,1.57,2.47,3.46,4.55,5.74,7.04,8.47,10.04,11.76,13.64,15.71,17.98,20.46,23.19,26.18,29.45,33.05,36.99,41.31,46.05,51.25,56.94,63.19,70.04,77.55,85.79,94.83,104.73,115.59,127.5,140.56,154.88,170.58,187.8,206.68,227.39,250.1,275,412.5,234.935,275.033,101901
10340,101900,716391.9,479131.6,44218.59515,566,191.7,56.04,56.67,0.0168,0.63,6,2.623,1.055,130.8,130.4,128,128,127.9,128,134.6,170.8,215.6,313.7,371.2,470.4,631.3,822.7,969.8,1088,1166,1179,1180,1179,1178,1134,944.3,694.1,457.7,253.3,201.8,201.4,201.4,201.4,201.5,201.5,201.6,201.9,202.5,203.9,206.7,209.9,212.3,213.4,2.6,1.72,1.76,2,2.07,1.97,1.89,2.03,2.32,2.69,3.01,3.29,3.54,3.74,3.85,3.92,3.95,3.98,4.04,4.12,4.19,4.17,3.97,3.57,3.01,2.46,2.42,3.26,5.13,8.16,98,98,98,98,98,98,98,98,98,98,0,0.75,1.57,2.47,3.46,4.55,5.74,7.04,8.47,10.04,11.76,13.64,15.71,17.98,20.46,23.19,26.18,29.45,33.05,36.99,41.31,46.05,51.25,56.94,63.19,70.04,77.55,85.79,94.83,104.73,115.59,127.5,140.56,154.88,170.58,187.8,206.68,227.39,250.1,275,0.75,1.57,2.47,3.46,4.55,5.74,7.04,8.47,10.04,11.76,13.64,15.71,17.98,20.46,23.19,26.18,29.45,33.05,36.99,41.31,46.05,51.25,56.94,63.19,70.04,77.55,85.79,94.83,104.73,115.59,127.5,140.56,154.88,170.58,187.8,206.68,227.39,250.1,275,412.5,6.841,11.436,101901
10382,101900,715522.2,479551.8,44218.59566,606,195.1,60.66,57.54,0.0162,-3.12,30,1.495,1.055,116.1,120.6,160.5,172.6,221,302.4,406.6,531,675.7,844,1065,1286,1510,1752,1876,1922,1940,1941,1940,1917,1796,1634,1336,888.6,347.2,42.97,34.53,61.29,81.62,81.59,62.79,22.71,16.02,16.09,20.27,32.44,38.38,38.38,38.01,34.03,2.08,1.44,1.73,2.03,2.27,2.48,2.72,3.02,3.35,3.69,4,4.23,4.35,4.35,4.25,4.07,3.87,3.7,3.58,3.52,3.47,3.37,3.12,2.61,1.77,0.56,0.6,1,1.13,1.21,1.22,0.75,0.7,0.77,0.94,1.21,1.22,1.17,1.29,1.59,0,0.75,1.57,2.47,3.46,4.55,5.74,7.04,8.47,10.04,11.76,13.64,15.71,17.98,20.46,23.19,26.18,29.45,33.05,36.99,41.31,46.05,51.25,56.94,63.19,70.04,77.55,85.79,94.83,104.73,115.59,127.5,140.56,154.88,170.58,187.8,206.68,227.39,250.1,275,0.75,1.57,2.47,3.46,4.55,5.74,7.04,8.47,10.04,11.76,13.64,15.71,17.98,20.46,23.19,26.18,29.45,33.05,36.99,41.31,46.05,51.25,56.94,63.19,70.04,77.55,85.79,94.83,104.73,115.59,127.5,140.56,154.88,170.58,187.8,206.68,227.39,250.1,275,412.5,210.957,259.743,101901
10426,101900,714180.1,480018.2,44218.59647,646,196.8,62.18,65.5,0.016,3.32,31,1.817,1.055,397.5,397.4,398.3,397.6,399.9,432.5,542.4,676.8,769.8,974.7,1233,1326,1416,1620,1652,1657,1660,1661,1660,1597,1511,1200,650.8,143.6,30.68,39.98,78.56,82.93,82.96,64.51,40.36,25.45,25.49,27.57,37.25,52.13,66.97,78.99,84.75,84.77,3.53,2.2,1.88,2.03,2.3,2.52,2.69,2.82,2.92,3.07,3.24,3.36,3.44,3.49,3.46,3.38,3.26,3.15,3.06,2.96,2.81,2.52,2.01,1.24,0.41,0.65,1.06,1.09,1.14,1.11,0.95,0.78,0.9,0.97,1.13,1.28,1.41,1.52,1.54,1.52,0,0.75,1.57,2.47,3.46,4.55,5.74,7.04,8.47,10.04,11.76,13.64,15.71,17.98,20.46,23.19,26.18,29.45,33.05,36.99,41.31,46.05,51.25,56.94,63.19,70.04,77.55,85.79,94.83,104.73,115.59,127.5,140.56,154.88,170.58,187.8,206.68,227.39,250.1,275,0.75,1.57,2.47,3.46,4.55,5.74,7.04,8.47,10.04,11.76,13.64,15.71,17.98,20.46,23.19,26.18,29.45,33.05,36.99,41.31,46.05,51.25,56.94,63.19,70.04,77.55,85.79,94.83,104.73,115.59,127.5,140.56,154.88,170.58,187.8,206.68,227.39,250.1,275,412.5,182.3,217.302,101901
10470,101900,712987.7,480572.9,44218.59718,686,201.4,42.98,53.35,0.0182,10.37,16,3.853,1.055,118.9,200.5,417.7,632,829.6,1009,1152,1358,1549,1636,1651,1651,1651,1650,1523,1262,946,596.5,262.4,73.3,10.05,31.4,32.24,32.24,33.21,4,3.01,17.35,30.01,30.02,28.31,27.64,27.64,29.01,37.15,43.06,46.24,47.06,47.15,47.17,1.47,1.37,2.19,3.04,3.72,4.16,4.37,4.41,4.3,4.11,3.89,3.69,3.54,3.42,3.3,3.13,2.9,2.56,2.09,1.5,0.23,1.05,0.85,1.15,1.67,0.81,0.43,2.19,4.44,7.45,98,98,98,98,98,98,98,98,98,98,0,0.75,1.57,2.47,3.46,4.55,5.74,7.04,8.47,10.04,11.76,13.64,15.71,17.98,20.46,23.19,26.18,29.45,33.05,36.99,41.31,46.05,51.25,56.94,63.19,70.04,77.55,85.79,94.83,104.73,115.59,127.5,140.56,154.88,170.58,187.8,206.68,227.39,250.1,275,0.75,1.57,2.47,3.46,4.55,5.74,7.04,8.47,10.04,11.76,13.64,15.71,17.98,20.46,23.19,26.18,29.45,33.05,36.99,41.31,46.05,51.25,56.94,63.19,70.04,77.55,85.79,94.83,104.73,115.59,127.5,140.56,154.88,170.58,187.8,206.68,227.39,250.1,275,412.5,65.614,79.037,101901
10510,101900,712116,480940.4,44218.59764,726,193.6,59.24,63.05,0.0169,3.81,35,1.489,1.055,506.3,504.2,511.8,533.6,591,631.5,682.2,702.7,704.5,704.4,704.2,703.6,703,693.1,644.3,544,402.6,271.7,151.9,74.09,36.87,36.74,37.79,50.03,63.47,71.89,73.14,73.34,64.98,35.78,23.41,23.22,24.91,41.99,61.43,75.85,76.24,76.27,76.25,48.19,3.85,2.39,1.97,2.13,2.51,2.85,3.03,3.02,2.88,2.69,2.54,2.45,2.44,2.44,2.4,2.26,1.99,1.65,1.29,1,0.68,0.78,0.82,1,1.16,1.24,1.27,1.36,1.35,1.04,0.9,0.98,1,1.35,1.58,1.61,1.55,1.57,1.59,1.36,0,0.75,1.57,2.47,3.46,4.55,5.74,7.04,8.47,10.04,11.76,13.64,15.71,17.98,20.46,23.19,26.18,29.45,33.05,36.99,41.31,46.05,51.25,56.94,63.19,70.04,77.55,85.79,94.83,104.73,115.59,127.5,140.56,154.88,170.58,187.8,206.68,227.39,250.1,275,0.75,1.57,2.47,3.46,4.55,5.74,7.04,8.47,10.04,11.76,13.64,15.71,17.98,20.46,23.19,26.18,29.45,33.05,36.99,41.31,46.05,51.25,56.94,63.19,70.04,77.55,85.79,94.83,104.73,115.59,127.5,140.56,154.88,170.58,187.8,206.68,227.39,250.1,275,412.5,181.772,237.181,101901
10550,101900,711251.7,481256.8,44218.5981,766,187.8,53.98,56.72,0.017,2.74,43,1.878,1.055,141.3,141,140.7,140.9,144.7,163.9,197.4,240.5,291.9,352,387.4,405.4,405.5,405.4,400.9,359.1,265.9,159.5,69.85,32.34,31.8,43.78,71.59,87.07,87.02,86.89,71.46,45.93,28.53,26.59,26.57,35.4,53.88,71.8,80.96,93.64,93.81,93.81,93.67,83.66,2.59,1.69,1.71,1.93,2.03,2.06,2.12,2.28,2.49,2.68,2.79,2.8,2.72,2.61,2.49,2.32,2.07,1.71,1.22,0.79,0.85,1.03,1.32,1.43,1.43,1.45,1.39,1.17,0.94,0.98,0.99,1.16,1.45,1.62,1.65,1.66,1.65,1.66,1.66,1.67,0,0.75,1.57,2.47,3.46,4.55,5.74,7.04,8.47,10.04,11.76,13.64,15.71,17.98,20.46,23.19,26.18,29.45,33.05,36.99,41.31,46.05,51.25,56.94,63.19,70.04,77.55,85.79,94.83,104.73,115.59,127.5,140.56,154.88,170.58,187.8,206.68,227.39,250.1,275,0.75,1.57,2.47,3.46,4.55,5.74,7.04,8.47,10.04,11.76,13.64,15.71,17.98,20.46,23.19,26.18,29.45,33.05,36.99,41.31,46.05,51.25,56.94,63.19,70.04,77.55,85.79,94.83,104.73,115.59,127.5,140.56,154.88,170.58,187.8,206.68,227.39,250.1,275,412.5,167.867,216.184,101901
10590,101900,710395.6,481617.6,44218.59856,806,195.7,71.11,74.41,0.0209,3.3,38,2.129,1.055,163.7,192.7,224.8,269.2,341.3,386.7,398.1,401.1,401.9,409.1,412,415.2,415.9,416.1,413.5,382.8,204.1,42.52,25.04,25.13,48.18,73.4,86.45,86.57,86.56,77.45,49.31,29.21,26.33,26.33,26.89,33.86,48.02,63.11,74.53,79.59,83.62,86.21,86.76,86.88,2.76,1.85,1.9,2.3,2.71,2.92,2.91,2.76,2.57,2.41,2.33,2.35,2.46,2.6,2.67,2.52,1.98,1.08,0.75,0.77,1.18,1.39,1.44,1.46,1.51,1.48,1.25,0.98,1.01,1.05,1.07,1.23,1.47,1.63,1.68,1.67,1.68,1.7,1.71,1.77,0,0.75,1.57,2.47,3.46,4.55,5.74,7.04,8.47,10.04,11.76,13.64,15.71,17.98,20.46,23.19,26.18,29.45,33.05,36.99,41.31,46.05,51.25,56.94,63.19,70.04,77.55,85.79,94.83,104.73,115.59,127.5,140.56,154.88,170.58,187.8,206.68,227.39,250.1,275,0.75,1.57,2.47,3.46,4.55,5.74,7.04,8.47,10.04,11.76,13.64,15.71,17.98,20.46,23.19,26.18,29.45,33.05,36.99,41.31,46.05,51.25,56.94,63.19,70.04,77.55,85.79,94.83,104.73,115.59,127.5,140.56,154.88,170.58,187.8,206.68,227.39,250.1,275,412.5,156.48,198.026,101901
10630,101900,709518,481964.1,44218.59903,846,213.6,51.95,59.88,0.0317,7.93,30,1.772,1.055,149.9,155.1,299.2,447.8,544.9,609.3,680,737.3,805.4,840.9,864.8,867.6,868.5,869,869.2,865.5,802,630.2,331.8,82.85,20.65,21.74,46.75,64.62,64.82,64.84,62.82,43.52,20.32,18.63,18.61,22.63,35.53,46.07,53.24,57.31,59.6,59.58,59.49,58.02,2.5,1.64,2.04,2.67,3.22,3.58,3.75,3.75,3.63,3.44,3.23,3.05,2.93,2.9,2.95,3.03,3.04,2.87,2.43,1.65,0.58,0.66,1.1,1.23,1.24,1.31,1.38,1.25,0.87,0.93,0.96,1.08,1.38,1.56,1.59,1.56,1.55,1.57,1.62,1.71,0,0.75,1.57,2.47,3.46,4.55,5.74,7.04,8.47,10.04,11.76,13.64,15.71,17.98,20.46,23.19,26.18,29.45,33.05,36.99,41.31,46.05,51.25,56.94,63.19,70.04,77.55,85.79,94.83,104.73,115.59,127.5,140.56,154.88,170.58,187.8,206.68,227.39,250.1,275,0.75,1.57,2.47,3.46,4.55,5.74,7.04,8.47,10.04,11.76,13.64,15.71,17.98,20.46,23.19,26.18,29.45,33.05,36.99,41.31,46.05,51.25,56.94,63.19,70.04,77.55,85.79,94.83,104.73,115.59,127.5,140.56,154.88,170.58,187.8,206.68,227.39,250.1,275,412.5,163.409,207.978,101901
10670,101900,708654.8,482353.4,44218.59949,886,201.6,50.84,54.66,0.0186,3.82,41,1.081,1.055,295.7,295.7,295.3,294.9,294.4,293.2,292.9,292.8,292.6,292.4,292.1,288.7,262.3,209.7,143.9,67.43,28.27,27.02,27.1,40.76,65.54,76.39,76.65,76.67,75.5,67.21,42.52,18.18,17.55,17.54,22.03,37.86,50.56,57.15,58.45,58.52,58.47,58.24,55.96,52.61,3.28,2.06,1.84,2.06,2.32,2.43,2.38,2.24,2.11,2.06,2.08,2.13,2.13,1.99,1.7,1.24,0.8,0.84,0.85,1.1,1.37,1.47,1.45,1.46,1.51,1.52,1.28,0.83,0.93,0.95,1.06,1.42,1.66,1.72,1.65,1.57,1.54,1.56,1.53,1.33,0,0.75,1.57,2.47,3.46,4.55,5.74,7.04,8.47,10.04,11.76,13.64,15.71,17.98,20.46,23.19,26.18,29.45,33.05,36.99,41.31,46.05,51.25,56.94,63.19,70.04,77.55,85.79,94.83,104.73,115.59,127.5,140.56,154.88,170.58,187.8,206.68,227.39,250.1,275,0.75,1.57,2.47,3.46,4.55,5.74,7.04,8.47,10.04,11.76,13.64,15.71,17.98,20.46,23.19,26.18,29.45,33.05,36.99,41.31,46.05,51.25,56.94,63.19,70.04,77.55,85.79,94.83,104.73,115.59,127.5,140.56,154.88,170.58,187.8,206.68,227.39,250.1,275,412.5,169.857,220.54,101901
10714,101900,707636.9,482716.8,44218.60009,926,205.5,52.48,55.82,0.0206,3.34,40,1.647,1.055,208.9,205.5,169.5,166.6,164.6,182.4,210.2,256.9,264.4,282.7,286.3,286.6,283,265.1,233.9,181.2,67.21,24.98,24.99,31.45,63.97,75.41,75.53,75.52,73.13,64.5,38.92,18.02,16.36,16.37,20.83,45.27,69.6,77.49,77.68,77.68,77.64,77.42,76.67,75.61,3.31,2.09,1.78,1.89,2.03,2.11,2.17,2.25,2.29,2.31,2.31,2.29,2.26,2.22,2.13,1.9,1.35,0.76,0.83,0.95,1.36,1.48,1.44,1.42,1.47,1.47,1.23,0.82,0.9,0.91,1.02,1.54,1.87,1.91,1.8,1.71,1.7,1.73,1.68,1.52,0,0.75,1.57,2.47,3.46,4.55,5.74,7.04,8.47,10.04,11.76,13.64,15.71,17.98,20.46,23.19,26.18,29.45,33.05,36.99,41.31,46.05,51.25,56.94,63.19,70.04,77.55,85.79,94.83,104.73,115.59,127.5,140.56,154.88,170.58,187.8,206.68,227.39,250.1,275,0.75,1.57,2.47,3.46,4.55,5.74,7.04,8.47,10.04,11.76,13.64,15.71,17.98,20.46,23.19,26.18,29.45,33.05,36.99,41.31,46.05,51.25,56.94,63.19,70.04,77.55,85.79,94.83,104.73,115.59,127.5,140.56,154.88,170.58,187.8,206.68,227.39,250.1,275,412.5,147.683,193.68,101901
10756,102000,707503.1,481916.3,44218.60253,966,206.2,39.87,40.41,0.024,0.54,29,2.04,1.055,133.9,134,150.1,180.2,206.6,226,234.2,240.3,240.6,240.7,240.8,240.7,234.7,199.9,121.1,43.99,21.9,21.69,25.13,40.56,54.45,58.09,58.45,52.9,33.19,5.19,5.09,8.93,9.32,0.8,1.93,14.94,29.09,39.17,44.66,46.41,46.65,46.72,46.76,46.78,2.31,1.51,1.69,2.09,2.33,2.37,2.28,2.17,2.1,2.11,2.17,2.23,2.22,2.04,1.65,1.11,0.77,0.82,0.91,1.19,1.35,1.38,1.49,1.67,1.51,0.46,0.58,1.28,1.86,0.59,1.26,3.44,6.28,9.97,98,98,98,98,98,98,0,0.75,1.57,2.47,3.46,4.55,5.74,7.04,8.47,10.04,11.76,13.64,15.71,17.98,20.46,23.19,26.18,29.45,33.05,36.99,41.31,46.05,51.25,56.94,63.19,70.04,77.55,85.79,94.83,104.73,115.59,127.5,140.56,154.88,170.58,187.8,206.68,227.39,250.1,275,0.75,1.57,2.47,3.46,4.55,5.74,7.04,8.47,10.04,11.76,13.64,15.71,17.98,20.46,23.19,26.18,29.45,33.05,36.99,41.31,46.05,51.25,56.94,63.19,70.04,77.55,85.79,94.83,104.73,115.59,127.5,140.56,154.88,170.58,187.8,206.68,227.39,250.1,275,412.5,92.85,112.567,102001
10800,102000,708725.1,481486.8,44218.60309,1006,214.3,41.02,40.72,0.0225,-0.3,44,1.613,1.055,105.7,103.7,102.5,102.5,113.8,138.8,176.2,224.8,282.3,329.6,361.4,370.8,373.4,374.5,376.2,376.2,361.1,284.2,172.6,71.58,37.29,34.83,34.85,55.49,79.5,81.27,81.27,64.86,24.64,12.69,12.73,24.25,42.73,44.1,44.08,43.53,40.69,38.29,37.31,30.34,2.33,1.57,1.65,1.8,1.87,1.95,2.14,2.41,2.67,2.83,2.86,2.76,2.61,2.48,2.42,2.42,2.38,2.19,1.77,1.18,0.84,0.9,0.88,1.17,1.37,1.4,1.46,1.38,0.94,0.68,0.72,1.11,1.45,1.52,1.51,1.44,1.31,1.26,1.33,1.26,0,0.75,1.57,2.47,3.46,4.55,5.74,7.04,8.47,10.04,11.76,13.64,15.71,17.98,20.46,23.19,26.18,29.45,33.05,36.99,41.31,46.05,51.25,56.94,63.19,70.04,77.55,85.79,94.83,104.73,115.59,127.5,140.56,154.88,170.58,187.8,206.68,227.39,250.1,275,0.75,1.57,2.47,3.46,4.55,5.74,7.04,8.47,10.04,11.76,13.64,15.71,17.98,20.46,23.19,26.18,29.45,33.05,36.99,41.31,46.05,51.25,56.94,63.19,70.04,77.55,85.79,94.83,104.73,115.59,127.5,140.56,154.88,170.58,187.8,206.68,227.39,250.1,275,412.5,192.655,241.96,102001
10844,102000,709983.1,480886.2,44218.60365,1046,213.6,59.65,62.53,0.0141,2.88,26,1.757,1.055,107.2,133.5,267.3,415.2,557.6,673.2,756.6,844.9,950.5,1116,1151,1202,1206,1206,1206,1162,974.6,674.1,295.8,55.04,14.23,65.66,72.84,72.93,62.6,34.45,13.53,13.54,13.52,12.93,16.57,17.1,23.83,31.32,35.53,38.05,40.28,41.4,41.7,41.75,1.61,1.26,2,2.77,3.33,3.61,3.66,3.58,3.48,3.4,3.35,3.35,3.4,3.47,3.51,3.44,3.16,2.66,1.93,1.08,0.28,1.33,1.26,1.17,1.29,1.21,0.67,0.84,0.71,1,1.28,1.16,1.3,1.6,1.91,2.37,3.14,4.23,5.58,7.22,0,0.75,1.57,2.47,3.46,4.55,5.74,7.04,8.47,10.04,11.76,13.64,15.71,17.98,20.46,23.19,26.18,29.45,33.05,36.99,41.31,46.05,51.25,56.94,63.19,70.04,77.55,85.79,94.83,104.73,115.59,127.5,140.56,154.88,170.58,187.8,206.68,227.39,250.1,275,0.75,1.57,2.47,3.46,4.55,5.74,7.04,8.47,10.04,11.76,13.64,15.71,17.98,20.46,23.19,26.18,29.45,33.05,36.99,41.31,46.05,51.25,56.94,63.19,70.04,77.55,85.79,94.83,104.73,115.59,127.5,140.56,154.88,170.58,187.8,206.68,227.39,250.1,275,412.5,114.564,135.941,102001
10884,102000,710927,480493.4,44218.60411,1086,191.7,57.4,57.95,0.0156,0.55,41,1.915,1.055,74.33,74.31,75.52,83.8,105,139.9,182,222.1,246.9,247,247,246.6,246.2,241.2,212,146.1,78.59,30.72,29.83,30.3,43.62,63.57,84.84,86.29,86.26,78.47,48.03,19.5,15.79,15.81,21.58,40.43,58.64,75.45,85.77,87.7,87.8,87.83,87.82,87.59,2.2,1.5,1.59,1.78,1.95,2.17,2.4,2.57,2.65,2.63,2.55,2.44,2.32,2.18,1.99,1.75,1.46,0.08,0.87,0.88,1.18,1.4,1.53,1.56,1.61,1.62,1.3,0.85,0.87,0.86,1.05,1.35,1.46,1.65,1.88,1.78,1.72,1.91,2.43,3.46,0,0.75,1.57,2.47,3.46,4.55,5.74,7.04,8.47,10.04,11.76,13.64,15.71,17.98,20.46,23.19,26.18,29.45,33.05,36.99,41.31,46.05,51.25,56.94,63.19,70.04,77.55,85.79,94.83,104.73,115.59,127.5,140.56,154.88,170.58,187.8,206.68,227.39,250.1,275,0.75,1.57,2.47,3.46,4.55,5.74,7.04,8.47,10.04,11.76,13.64,15.71,17.98,20.46,23.19,26.18,29.45,33.05,36.99,41.31,46.05,51.25,56.94,63.19,70.04,77.55,85.79,94.83,104.73,115.59,127.5,140.56,154.88,170.58,187.8,206.68,227.39,250.1,275,412.5,140.295,173.962,102001
10928,102000,712091.5,480023.1,44218.60464,1126,194.3,36.08,37.25,0.0256,1.17,42,1.581,1.055,115.3,115.2,114.8,114.5,114.4,120.5,157,209.7,272.7,334.6,391.9,464,509.3,539.7,552.6,563.6,564.6,564.5,529.7,382.9,202.6,56.09,31.55,34.26,79.39,106.6,107.1,107.1,68.52,19.41,18.99,20.49,42.86,44.85,44.66,43.99,32.07,26.25,24.36,21.43,2.37,1.62,1.71,1.86,1.84,1.79,1.96,2.26,2.59,2.84,2.96,2.98,2.91,2.82,2.74,2.73,2.77,2.79,2.69,2.35,1.74,0.96,0.75,0.78,1.28,1.45,1.47,1.53,1.34,0.68,0.82,0.83,1.28,1.37,1.43,1.48,1.25,0.98,1.03,0.98,0,0.75,1.57,2.47,3.46,4.55,5.74,7.04,8.47,10.04,11.76,13.64,15.71,17.98,20.46,23.19,26.18,29.45,33.05,36.99,41.31,46.05,51.25,56.94,63.19,70.04,77.55,85.79,94.83,104.73,115.59,127.5,140.56,154.88,170.58,187.8,206.68,227.39,250.1,275,0.75,1.57,2.47,3.46,4.55,5.74,7.04,8.47,10.04,11.76,13.64,15.71,17.98,20.46,23.19,26.18,29.45,33.05,36.99,41.31,46.05,51.25,56.94,63.19,70.04,77.55,85.79,94.83,104.73,115.59,127.5,140.56,154.88,170.58,187.8,206.68,227.39,250.1,275,412.5,223.35,270.889,102001
10970,102000,713372.1,479473.5,44218.6052,1166,198.9,44.95,46.52,0.0211,1.57,33,1.355,1.055,306.4,306.3,306.3,306.1,307.7,321.9,361.1,385.8,438.8,508.8,596.1,682.3,748.2,858.4,946.6,974.4,986.2,987.5,987.9,987.6,943.7,807.4,542.7,253.3,59.18,48.53,57.69,104.9,108.7,108.7,81.26,26.6,23.07,23.68,33.68,45.3,45.17,41.81,39.83,29.39,3.1,1.95,1.79,2.04,2.29,2.4,2.38,2.32,2.33,2.44,2.62,2.81,2.95,3.01,2.98,2.87,2.71,2.59,2.52,2.52,2.51,2.4,2.07,1.48,0.66,0.72,0.81,1.16,1.19,1.28,1.24,0.69,0.78,0.81,1.07,1.28,1.2,1.07,1.14,0.9,0,0.75,1.57,2.47,3.46,4.55,5.74,7.04,8.47,10.04,11.76,13.64,15.71,17.98,20.46,23.19,26.18,29.45,33.05,36.99,41.31,46.05,51.25,56.94,63.19,70.04,77.55,85.79,94.83,104.73,115.59,127.5,140.56,154.88,170.58,187.8,206.68,227.39,250.1,275,0.75,1.57,2.47,3.46,4.55,5.74,7.04,8.47,10.04,11.76,13.64,15.71,17.98,20.46,23.19,26.18,29.45,33.05,36.99,41.31,46.05,51.25,56.94,63.19,70.04,77.55,85.79,94.83,104.73,115.59,127.5,140.56,154.88,170.58,187.8,206.68,227.39,250.1,275,412.5,220.237,271.856,102001
11014,102000,714935.6,478871.5,44218.60581,1206,200.4,39.65,39.74,0.0247,0.09,39,2.282,1.055,89.42,88.98,88.78,88.74,88.79,92.29,124.3,148.6,234.4,344,482.4,635.9,822.7,1016,1206,1379,1502,1593,1601,1602,1601,1601,1595,1428,1094,690.8,309.7,57.4,27.82,48.75,66.59,66.64,29.67,22.1,22.03,39.79,62.73,79.14,92.4,131.7,2.35,1.62,1.69,1.81,1.76,1.71,1.85,2.12,2.55,2.98,3.35,3.64,3.85,3.97,4.04,4.05,4.04,4.01,3.98,3.97,3.98,3.97,3.88,3.65,3.22,2.58,1.77,0.82,0.56,0.93,1.11,1.15,0.77,0.77,0.78,1.11,1.37,1.47,1.44,1.45,0,0.75,1.57,2.47,3.46,4.55,5.74,7.04,8.47,10.04,11.76,13.64,15.71,17.98,20.46,23.19,26.18,29.45,33.05,36.99,41.31,46.05,51.25,56.94,63.19,70.04,77.55,85.79,94.83,104.73,115.59,127.5,140.56,154.88,170.58,187.8,206.68,227.39,250.1,275,0.75,1.57,2.47,3.46,4.55,5.74,7.04,8.47,10.04,11.76,13.64,15.71,17.98,20.46,23.19,26.18,29.45,33.05,36.99,41.31,46.05,51.25,56.94,63.19,70.04,77.55,85.79,94.83,104.73,115.59,127.5,140.56,154.88,170.58,187.8,206.68,227.39,250.1,275,412.5,199.622,224.105,102001
11058,102000,716484,478172.1,44218.60649,1246,194.2,47.3,47.64,0.0214,0.34,25,1.851,1.055,188.3,188.1,187.8,186.1,178.7,176.2,175.7,178.4,225.5,332.5,475.1,642.3,843.4,1043,1232,1442,1585,1626,1633,1633,1632,1626,1534,1189,808.1,471,117.4,26.29,54.25,75.43,75.49,53.02,16.08,15.05,21.56,52.53,83.74,112.4,132.4,172.2,2.75,1.79,1.79,2.04,2.15,2.05,1.88,1.81,2.02,2.44,2.89,3.28,3.57,3.74,3.82,3.82,3.76,3.67,3.58,3.52,3.48,3.42,3.28,2.99,2.57,2,1.24,0.42,0.98,1.09,1.21,1.15,0.58,0.72,0.86,1.42,1.71,1.87,2.16,2.87,0,0.75,1.57,2.47,3.46,4.55,5.74,7.04,8.47,10.04,11.76,13.64,15.71,17.98,20.46,23.19,26.18,29.45,33.05,36.99,41.31,46.05,51.25,56.94,63.19,70.04,77.55,85.79,94.83,104.73,115.59,127.5,140.56,154.88,170.58,187.8,206.68,227.39,250.1,275,0.75,1.57,2.47,3.46,4.55,5.74,7.04,8.47,10.04,11.76,13.64,15.71,17.98,20.46,23.19,26.18,29.45,33.05,36.99,41.31,46.05,51.25,56.94,63.19,70.04,77.55,85.79,94.83,104.73,115.59,127.5,140.56,154.88,170.58,187.8,206.68,227.39,250.1,275,412.5,176.852,194.129,102001
11104,102000,718233.9,477507.4,44218.60721,1286,207,51.95,53.41,0.0202,1.46,29,2.315,1.055,751.4,741.9,732.3,735,755.1,783.8,845,932,1049,1209,1419,1681,1902,2157,2386,2694,2923,3065,3155,3192,3197,3200,3201,3201,3138,2814,1837,1030,356.5,47.64,76.54,76.95,27.34,19.6,14.29,11.62,18.75,35.25,36.51,36.2,4.12,2.56,2.05,2.11,2.41,2.69,2.85,2.89,2.86,2.86,2.92,3.04,3.2,3.37,3.51,3.61,3.62,3.55,3.42,3.25,3.09,2.97,2.89,2.85,2.78,2.63,2.32,1.92,1.39,0.34,0.72,0.92,0.61,0.61,0.67,0.63,0.83,1.14,1.35,2.26,0,0.75,1.57,2.47,3.46,4.55,5.74,7.04,8.47,10.04,11.76,13.64,15.71,17.98,20.46,23.19,26.18,29.45,33.05,36.99,41.31,46.05,51.25,56.94,63.19,70.04,77.55,85.79,94.83,104.73,115.59,127.5,140.56,154.88,170.58,187.8,206.68,227.39,250.1,275,0.75,1.57,2.47,3.46,4.55,5.74,7.04,8.47,10.04,11.76,13.64,15.71,17.98,20.46,23.19,26.18,29.45,33.05,36.99,41.31,46.05,51.25,56.94,63.19,70.04,77.55,85.79,94.83,104.73,115.59,127.5,140.56,154.88,170.58,187.8,206.68,227.39,250.1,275,412.5,217.688,254.142,102001
11148,102000,720086.6,476751.2,44218.60796,1326,210,45.14,43.32,0.0216,-1.82,33,1.964,1.055,168.8,166.4,120.3,89.29,60.59,60.62,76.12,183.9,374.1,627.3,928.5,1270,1632,2020,2435,2876,3325,3761,4147,4419,4519,4525,4526,4525,4522,4496,4158,3539,2614,1826,968.7,272.1,28.78,30.12,39.09,15,9.01,27.37,37.97,37.06,3.26,2.16,1.85,1.74,1.45,1.25,1.47,2.28,3.15,3.9,4.49,4.91,5.18,5.33,5.41,5.42,5.41,5.38,5.33,5.28,5.23,5.19,5.17,5.15,5.13,5.05,4.88,4.57,4.1,3.47,2.66,1.66,0.4,0.57,0.92,0.55,0.37,1.06,1.11,0.76,0,0.75,1.57,2.47,3.46,4.55,5.74,7.04,8.47,10.04,11.76,13.64,15.71,17.98,20.46,23.19,26.18,29.45,33.05,36.99,41.31,46.05,51.25,56.94,63.19,70.04,77.55,85.79,94.83,104.73,115.59,127.5,140.56,154.88,170.58,187.8,206.68,227.39,250.1,275,0.75,1.57,2.47,3.46,4.55,5.74,7.04,8.47,10.04,11.76,13.64,15.71,17.98,20.46,23.19,26.18,29.45,33.05,36.99,41.31,46.05,51.25,56.94,63.19,70.04,77.55,85.79,94.83,104.73,115.59,127.5,140.56,154.88,170.58,187.8,206.68,227.39,250.1,275,412.5,242.237,275.033,102001
11192,102000,721319.3,476205.4,44218.6085,1366,207,40.28,43.62,0.0238,3.34,18,1.962,1.055,629.2,628.6,589.8,466.6,327.3,192.5,91.6,49.66,49.66,52.47,83.32,176.6,313.5,418.8,532.3,615.8,653.2,653.4,653.1,652.4,636.1,564,408.1,234.1,145.1,145.5,146.6,156.3,191.4,275.6,297.2,297,296,295.5,295.2,294.9,294.6,294.4,294.3,294.2,5.12,3.43,2.79,2.61,2.53,2.27,1.73,1.21,1.19,1.27,1.62,2.22,2.77,3.14,3.36,3.44,3.41,3.33,3.25,3.17,3.04,2.8,2.41,1.91,1.53,1.49,1.49,1.51,1.65,1.93,2.22,2.76,3.9,6.07,9.79,98,98,98,98,98,0,0.75,1.57,2.47,3.46,4.55,5.74,7.04,8.47,10.04,11.76,13.64,15.71,17.98,20.46,23.19,26.18,29.45,33.05,36.99,41.31,46.05,51.25,56.94,63.19,70.04,77.55,85.79,94.83,104.73,115.59,127.5,140.56,154.88,170.58,187.8,206.68,227.39,250.1,275,0.75,1.57,2.47,3.46,4.55,5.74,7.04,8.47,10.04,11.76,13.64,15.71,17.98,20.46,23.19,26.18,29.45,33.05,36.99,41.31,46.05,51.25,56.94,63.19,70.04,77.55,85.79,94.83,104.73,115.59,127.5,140.56,154.88,170.58,187.8,206.68,227.39,250.1,275,412.5,73.484,93.548,102001
11236,102000,722617.3,475727.2,44218.60903,1406,206.3,73.29,71.38,0.0132,-1.91,10,3.842,1.055,340.2,340,326.7,233.7,126.8,73.14,54.9,55.07,55.64,81.05,135.5,236,311.3,374.8,432.4,498.1,571.5,672.2,772.3,849.4,895,916,917.3,917.7,917.7,917.1,889.4,845.3,754.8,651.7,548,457.3,386.2,328.8,285.8,263.4,258.9,258.6,258.5,258.5,4.5,3.01,2.5,2.31,2.11,1.79,1.46,1.34,1.42,1.77,2.23,2.65,2.92,3.06,3.14,3.22,3.32,3.44,3.55,3.62,3.65,3.65,3.64,3.66,3.73,3.85,4.01,4.21,4.41,4.65,5,5.6,6.68,8.57,98,98,98,98,98,98,0,0.75,1.57,2.47,3.46,4.55,5.74,7.04,8.47,10.04,11.76,13.64,15.71,17.98,20.46,23.19,26.18,29.45,33.05,36.99,41.31,46.05,51.25,56.94,63.19,70.04,77.55,85.79,94.83,104.73,115.59,127.5,140.56,154.88,170.58,187.8,206.68,227.39,250.1,275,0.75,1.57,2.47,3.46,4.55,5.74,7.04,8.47,10.04,11.76,13.64,15.71,17.98,20.46,23.19,26.18,29.45,33.05,36.99,41.31,46.05,51.25,56.94,63.19,70.04,77.55,85.79,94.83,104.73,115.59,127.5,140.56,154.88,170.58,187.8,206.68,227.39,250.1,275,412.5,12.723,20.018,102001
11276,102000,723681,475230.6,44218.60949,1446,207.4,43.28,45.22,0.0201,1.94,31,1.761,1.055,285.6,285.4,276.1,219.6,154.8,102.2,76.09,69.23,69.25,71.31,107.8,175,266.8,378.3,511.3,658.4,826.2,1001,1177,1348,1472,1529,1541,1542,1543,1542,1541,1460,1254,981,676.3,373.8,137.7,34.94,36.07,24.2,17.84,18.91,54.5,150,2.59,1.48,1.46,1.94,2.23,1.86,1.46,1.42,1.54,1.57,1.73,2.07,2.51,2.95,3.35,3.67,3.89,4.01,4.06,4.05,3.98,3.9,3.8,3.73,3.69,3.65,3.6,3.48,3.26,2.93,2.49,1.96,1.32,0.57,0.81,0.69,0.66,0.63,1.17,1.33,0,0.75,1.57,2.47,3.46,4.55,5.74,7.04,8.47,10.04,11.76,13.64,15.71,17.98,20.46,23.19,26.18,29.45,33.05,36.99,41.31,46.05,51.25,56.94,63.19,70.04,77.55,85.79,94.83,104.73,115.59,127.5,140.56,154.88,170.58,187.8,206.68,227.39,250.1,275,0.75,1.57,2.47,3.46,4.55,5.74,7.04,8.47,10.04,11.76,13.64,15.71,17.98,20.46,23.19,26.18,29.45,33.05,36.99,41.31,46.05,51.25,56.94,63.19,70.04,77.55,85.79,94.83,104.73,115.59,127.5,140.56,154.88,170.58,187.8,206.68,227.39,250.1,275,412.5,235.356,253.059,102001
11326,102000,725298.6,474558.8,44218.61016,1486,213.1,48.8,47.26,0.0203,-1.54,17,2.156,1.055,330,329.7,302.6,249.3,188,135.6,94.16,76.4,76.46,76.65,79.3,112.3,159.7,235.1,325,456.1,615.6,787.5,967.6,1160,1368,1547,1723,1795,1802,1802,1802,1801,1796,1719,1518,1290,1047,785.2,577.8,373.5,302.8,205.8,165.8,118.5,3.75,2.43,2.09,2.14,2.18,2.01,1.66,1.42,1.44,1.51,1.54,1.69,1.91,2.19,2.51,2.84,3.16,3.44,3.67,3.86,4.01,4.12,4.19,4.24,4.28,4.34,4.45,4.61,4.84,5.12,5.47,5.96,6.7,7.92,98,98,98,98,98,98,0,0.75,1.57,2.47,3.46,4.55,5.74,7.04,8.47,10.04,11.76,13.64,15.71,17.98,20.46,23.19,26.18,29.45,33.05,36.99,41.31,46.05,51.25,56.94,63.19,70.04,77.55,85.79,94.83,104.73,115.59,127.5,140.56,154.88,170.58,187.8,206.68,227.39,250.1,275,0.75,1.57,2.47,3.46,4.55,5.74,7.04,8.47,10.04,11.76,13.64,15.71,17.98,20.46,23.19,26.18,29.45,33.05,36.99,41.31,46.05,51.25,56.94,63.19,70.04,77.55,85.79,94.83,104.73,115.59,127.5,140.56,154.88,170.58,187.8,206.68,227.39,250.1,275,412.5,38.869,81.265,102001
11372,102000,726740.1,473907.5,44218.61081,1526,202.4,62.83,65.34,0.0187,2.51,29,2.336,1.055,254.9,254.9,246,196.9,150.9,138.9,138.8,138.8,139.5,149.8,177.2,248.7,331.4,408.1,477.2,556.9,647.7,728.6,805.2,867.2,898,901.7,901.6,901.1,900,897.3,892.6,845.6,740.2,597.1,450.2,332.6,236.6,159.1,58.37,31.13,30.87,30.62,30.23,76.96,3.77,2.46,2.11,2.08,2.07,2.01,1.91,1.82,1.8,1.88,2.07,2.33,2.55,2.7,2.79,2.86,2.93,2.98,3.02,3.02,2.97,2.88,2.77,2.67,2.59,2.55,2.5,2.41,2.25,2.03,1.78,1.59,1.46,1.31,0.87,0.73,0.83,0.77,0.73,1.28,0,0.75,1.57,2.47,3.46,4.55,5.74,7.04,8.47,10.04,11.76,13.64,15.71,17.98,20.46,23.19,26.18,29.45,33.05,36.99,41.31,46.05,51.25,56.94,63.19,70.04,77.55,85.79,94.83,104.73,115.59,127.5,140.56,154.88,170.58,187.8,206.68,227.39,250.1,275,0.75,1.57,2.47,3.46,4.55,5.74,7.04,8.47,10.04,11.76,13.64,15.71,17.98,20.46,23.19,26.18,29.45,33.05,36.99,41.31,46.05,51.25,56.94,63.19,70.04,77.55,85.79,94.83,104.73,115.59,127.5,140.56,154.88,170.58,187.8,206.68,227.39,250.1,275,412.5,251.693,274.453,102001
11414,102000,728049.7,473423.7,44218.61138,1566,193.7,60.68,58.32,0.0172,-2.36,24,2.324,1.055,225.1,225.1,213,169.2,116.1,82.54,70.86,70.62,70.95,74.92,90.03,129.1,168.2,224.7,295.2,398.1,495.5,583.2,667.7,726,780.8,815.8,842.2,847.1,847.3,847.3,847.2,846.7,844.4,822.7,775.4,631.2,512.9,430.3,328.7,165.4,134,133.9,134.9,144.4,3.46,2.29,2.06,2.1,2.01,1.75,1.52,1.48,1.55,1.64,1.75,1.91,2.09,2.31,2.57,2.85,3.08,3.23,3.3,3.31,3.26,3.19,3.1,3.02,2.95,2.9,2.9,2.94,3.02,3.12,3.2,3.23,3.2,3.06,2.68,2.07,1.9,2.63,4.82,9.61,0,0.75,1.57,2.47,3.46,4.55,5.74,7.04,8.47,10.04,11.76,13.64,15.71,17.98,20.46,23.19,26.18,29.45,33.05,36.99,41.31,46.05,51.25,56.94,63.19,70.04,77.55,85.79,94.83,104.73,115.59,127.5,140.56,154.88,170.58,187.8,206.68,227.39,250.1,275,0.75,1.57,2.47,3.46,4.55,5.74,7.04,8.47,10.04,11.76,13.64,15.71,17.98,20.46,23.19,26.18,29.45,33.05,36.99,41.31,46.05,51.25,56.94,63.19,70.04,77.55,85.79,94.83,104.73,115.59,127.5,140.56,154.88,170.58,187.8,206.68,227.39,250.1,275,412.5,123.13,203.282,102001
11454,102100,728852.1,472238.8,44218.6127,1606,200.6,39.91,39.45,0.0247,-0.46,12,1.116,1.055,320.3,327.4,329.1,329.7,330,330.2,330.3,330.3,330.2,326.7,305.7,283.9,231,189.3,145.1,115.4,112.3,109.6,109.4,136.3,325.3,556.7,771.3,941.4,1045,1059,1060,1060,1059,995.4,877.1,693.8,511.8,354.5,248.7,213.8,212.8,212.8,212.8,212.7,3.15,2,1.84,2.08,2.35,2.46,2.41,2.3,2.2,2.15,2.11,2.06,1.92,1.75,1.53,1.36,1.36,1.34,1.22,1.34,1.97,2.55,2.98,3.3,3.6,4.02,4.75,5.96,7.85,98,98,98,98,98,98,98,98,98,98,98,0,0.75,1.57,2.47,3.46,4.55,5.74,7.04,8.47,10.04,11.76,13.64,15.71,17.98,20.46,23.19,26.18,29.45,33.05,36.99,41.31,46.05,51.25,56.94,63.19,70.04,77.55,85.79,94.83,104.73,115.59,127.5,140.56,154.88,170.58,187.8,206.68,227.39,250.1,275,0.75,1.57,2.47,3.46,4.55,5.74,7.04,8.47,10.04,11.76,13.64,15.71,17.98,20.46,23.19,26.18,29.45,33.05,36.99,41.31,46.05,51.25,56.94,63.19,70.04,77.55,85.79,94.83,104.73,115.59,127.5,140.56,154.88,170.58,187.8,206.68,227.39,250.1,275,412.5,37.321,42.933,102101
11494,102100,728287.7,472475,44218.61316,1646,198.2,34.58,33.83,0.0273,-0.75,37,1.961,1.055,178.7,178.2,155.8,117.6,82.18,56.39,45.3,45.47,45.56,46.23,52.66,60.01,67.95,96.22,145.3,214.3,296.1,380,453.9,527.4,623.9,746.9,886.2,1019,1126,1175,1179,1180,1180,1179,1147,1011,805.4,564.5,309.3,92.25,5.6,29.01,37.85,27.77,3.02,2.04,1.93,1.98,1.83,1.49,1.28,1.34,1.42,1.44,1.47,1.49,1.54,1.75,2.05,2.36,2.62,2.81,2.96,3.08,3.22,3.37,3.51,3.61,3.66,3.66,3.63,3.61,3.61,3.64,3.66,3.62,3.48,3.21,2.72,1.92,0.25,1.23,1.13,0.7,0,0.75,1.57,2.47,3.46,4.55,5.74,7.04,8.47,10.04,11.76,13.64,15.71,17.98,20.46,23.19,26.18,29.45,33.05,36.99,41.31,46.05,51.25,56.94,63.19,70.04,77.55,85.79,94.83,104.73,115.59,127.5,140.56,154.88,170.58,187.8,206.68,227.39,250.1,275,0.75,1.57,2.47,3.46,4.55,5.74,7.04,8.47,10.04,11.76,13.64,15.71,17.98,20.46,23.19,26.18,29.45,33.05,36.99,41.31,46.05,51.25,56.94,63.19,70.04,77.55,85.79,94.83,104.73,115.59,127.5,140.56,154.88,170.58,187.8,206.68,227.39,250.1,275,412.5,246.793,275.033,102101
11538,102100,727113.9,472947.8,44218.61381,1686,202.5,34.15,33.82,0.0281,-0.33,20,1.727,1.055,215.6,212,187.8,155,119.3,87.7,64.63,58.06,56.03,56.04,56.15,68.45,89.07,117.1,151.7,209.4,277.9,360.2,441.3,531.8,628,722.5,803.9,854.6,865.3,866.7,867.4,867.6,867.1,846.8,764.6,654.6,509.6,364.1,246.2,170.4,133.2,127.6,127.2,127.2,3.12,2.05,1.91,2.03,2,1.74,1.44,1.36,1.42,1.46,1.43,1.5,1.65,1.83,2.02,2.24,2.45,2.66,2.85,3.04,3.22,3.37,3.5,3.59,3.68,3.8,3.98,4.24,4.59,5.04,5.59,6.33,7.43,9.26,98,98,98,98,98,98,0,0.75,1.57,2.47,3.46,4.55,5.74,7.04,8.47,10.04,11.76,13.64,15.71,17.98,20.46,23.19,26.18,29.45,33.05,36.99,41.31,46.05,51.25,56.94,63.19,70.04,77.55,85.79,94.83,104.73,115.59,127.5,140.56,154.88,170.58,187.8,206.68,227.39,250.1,275,0.75,1.57,2.47,3.46,4.55,5.74,7.04,8.47,10.04,11.76,13.64,15.71,17.98,20.46,23.19,26.18,29.45,33.05,36.99,41.31,46.05,51.25,56.94,63.19,70.04,77.55,85.79,94.83,104.73,115.59,127.5,140.56,154.88,170.58,187.8,206.68,227.39,250.1,275,412.5,41.433,70.79,102101
11578,102100,726291.6,473296.8,44218.61427,1726,210.4,48.16,45.59,0.0199,-2.57,19,2.724,1.055,394,393.8,377.9,317.4,240,162.9,95.99,51.42,42.74,42.78,43.39,66.2,148.2,223,330.6,482.2,640.2,839,1039,1228,1413,1551,1733,1810,1817,1819,1819,1819,1813,1781,1628,1440,1133,810.7,540.4,334.2,221.2,156.3,147.9,139.3,3.85,2.49,2.15,2.24,2.37,2.25,1.81,1.28,1.17,1.26,1.24,1.46,1.98,2.46,2.89,3.29,3.62,3.89,4.12,4.31,4.48,4.64,4.82,5.04,5.33,5.75,6.36,7.21,8.38,9.95,98,98,98,98,98,98,98,98,98,98,0,0.75,1.57,2.47,3.46,4.55,5.74,7.04,8.47,10.04,11.76,13.64,15.71,17.98,20.46,23.19,26.18,29.45,33.05,36.99,41.31,46.05,51.25,56.94,63.19,70.04,77.55,85.79,94.83,104.73,115.59,127.5,140.56,154.88,170.58,187.8,206.68,227.39,250.1,275,0.75,1.57,2.47,3.46,4.55,5.74,7.04,8.47,10.04,11.76,13.64,15.71,17.98,20.46,23.19,26.18,29.45,33.05,36.99,41.31,46.05,51.25,56.94,63.19,70.04,77.55,85.79,94.83,104.73,115.59,127.5,140.56,154.88,170.58,187.8,206.68,227.39,250.1,275,412.5,27.46,47.03,102101
11622,102100,725137.8,473473.3,44218.61493,1766,213.4,44.48,41.58,0.0247,-2.9,9,0.987,1.055,394.3,387.3,337.4,258.6,171.7,93.62,49.14,40.96,40.78,44.15,53.81,93.15,169.9,249.2,328.9,430.9,544.4,627.7,704.2,762.1,796.7,799.8,799.7,792.4,748.8,731.5,703.3,638.9,567.7,495.1,418.2,306.1,234.6,222.2,222,221.9,222,222.2,222.3,222.4,4.36,2.89,2.42,2.36,2.3,1.96,1.42,1.2,1.27,1.36,1.46,1.8,2.28,2.71,3.08,3.41,3.69,3.91,4.12,4.33,4.56,4.85,5.24,5.75,6.41,7.27,8.39,9.82,98,98,98,98,98,98,98,98,98,98,98,98,0,0.75,1.57,2.47,3.46,4.55,5.74,7.04,8.47,10.04,11.76,13.64,15.71,17.98,20.46,23.19,26.18,29.45,33.05,36.99,41.31,46.05,51.25,56.94,63.19,70.04,77.55,85.79,94.83,104.73,115.59,127.5,140.56,154.88,170.58,187.8,206.68,227.39,250.1,275,0.75,1.57,2.47,3.46,4.55,5.74,7.04,8.47,10.04,11.76,13.64,15.71,17.98,20.46,23.19,26.18,29.45,33.05,36.99,41.31,46.05,51.25,56.94,63.19,70.04,77.55,85.79,94.83,104.73,115.59,127.5,140.56,154.88,170.58,187.8,206.68,227.39,250.1,275,412.5,12.143,15.477,102101
11666,102100,724309,474119,44218.61553,1806,204.2,48.99,47.51,0.0198,-1.48,29,2.262,1.055,308.4,308.3,296.5,243.4,162.9,96.45,62.4,60.36,60.67,76.51,146.4,242.6,339.4,452.3,570.1,696.3,804.2,882.3,960.2,1015,1015,1015,1013,1010,1004,987.8,955.7,846.5,699.3,547.8,414.5,311.7,141.3,52.23,43.57,43.05,25.69,20.5,23.74,117.4,3.72,2.47,2.21,2.24,2.15,1.81,1.41,1.32,1.37,1.57,2.03,2.49,2.86,3.15,3.37,3.52,3.6,3.62,3.59,3.53,3.43,3.33,3.24,3.16,3.08,2.99,2.86,2.68,2.46,2.23,2.02,1.77,1.32,0.78,0.82,1.02,0.86,0.67,0.71,1.67,0,0.75,1.57,2.47,3.46,4.55,5.74,7.04,8.47,10.04,11.76,13.64,15.71,17.98,20.46,23.19,26.18,29.45,33.05,36.99,41.31,46.05,51.25,56.94,63.19,70.04,77.55,85.79,94.83,104.73,115.59,127.5,140.56,154.88,170.58,187.8,206.68,227.39,250.1,275,0.75,1.57,2.47,3.46,4.55,5.74,7.04,8.47,10.04,11.76,13.64,15.71,17.98,20.46,23.19,26.18,29.45,33.05,36.99,41.31,46.05,51.25,56.94,63.19,70.04,77.55,85.79,94.83,104.73,115.59,127.5,140.56,154.88,170.58,187.8,206.68,227.39,250.1,275,412.5,235.591,260.289,102101
11706,102100,723493.1,474468.3,44218.616,1846,203.1,40.06,37.9,0.0235,-2.16,32,1.592,1.055,347.7,345,307.4,222.8,140.8,70.76,30.97,32.29,36.98,69.16,132.5,217.1,321.6,428.9,547.2,665.8,810.8,943,1069,1183,1274,1303,1303,1303,1302,1301,1297,1231,1094,901.4,666.6,425,214.9,75.17,24.32,23.08,20.51,20.45,20.54,30.79,3.96,2.66,2.33,2.32,2.2,1.73,1.08,1.1,1.26,1.66,2.15,2.6,2.99,3.29,3.53,3.73,3.88,4,4.07,4.09,4.08,4.03,3.96,3.88,3.82,3.77,3.7,3.59,3.41,3.13,2.76,2.3,1.77,1.19,0.61,0.78,0.83,0.76,0.68,1.05,0,0.75,1.57,2.47,3.46,4.55,5.74,7.04,8.47,10.04,11.76,13.64,15.71,17.98,20.46,23.19,26.18,29.45,33.05,36.99,41.31,46.05,51.25,56.94,63.19,70.04,77.55,85.79,94.83,104.73,115.59,127.5,140.56,154.88,170.58,187.8,206.68,227.39,250.1,275,0.75,1.57,2.47,3.46,4.55,5.74,7.04,8.47,10.04,11.76,13.64,15.71,17.98,20.46,23.19,26.18,29.45,33.05,36.99,41.31,46.05,51.25,56.94,63.19,70.04,77.55,85.79,94.83,104.73,115.59,127.5,140.56,154.88,170.58,187.8,206.68,227.39,250.1,275,412.5,253.498,275.033,102101
11746,102100,722616.1,474829.6,44218.61646,1886,203.6,47.19,43.87,0.0178,-3.32,35,1.887,1.055,412.2,409.4,347.2,251,151.9,69.15,18.8,9.63,20.41,64.2,137,218.6,330.8,460,598.5,757.9,912.3,1065,1209,1347,1463,1543,1563,1564,1564,1564,1562,1542,1396,1229,1026,795.5,526.9,254.4,63.43,14.05,16.4,36.02,50.53,61.35,3.96,2.63,2.31,2.43,2.49,2.12,1.22,0.65,1.25,2.07,2.79,3.36,3.82,4.18,4.45,4.66,4.81,4.91,4.97,5,4.99,4.96,4.9,4.84,4.77,4.71,4.63,4.53,4.36,4.13,3.8,3.37,2.8,2.1,1.29,0.57,0.65,1.07,1.17,0.85,0,0.75,1.57,2.47,3.46,4.55,5.74,7.04,8.47,10.04,11.76,13.64,15.71,17.98,20.46,23.19,26.18,29.45,33.05,36.99,41.31,46.05,51.25,56.94,63.19,70.04,77.55,85.79,94.83,104.73,115.59,127.5,140.56,154.88,170.58,187.8,206.68,227.39,250.1,275,0.75,1.57,2.47,3.46,4.55,5.74,7.04,8.47,10.04,11.76,13.64,15.71,17.98,20.46,23.19,26.18,29.45,33.05,36.99,41.31,46.05,51.25,56.94,63.19,70.04,77.55,85.79,94.83,104.73,115.59,127.5,140.56,154.88,170.58,187.8,206.68,227.39,250.1,275,412.5,236.719,268.629,102101
11788,102100,721691.9,475184.7,44218.61696,1926,210.1,46.85,45.21,0.0207,-1.64,34,1.768,1.055,328.6,322.8,281.9,229.3,138.2,60.99,35.83,36.39,38.47,68.02,136.5,243.9,361,498.7,660.1,816.4,980.8,1143,1292,1411,1487,1525,1537,1538,1538,1537,1528,1374,1149,896.2,644.2,413.5,195.3,52.1,23.18,21.04,21.11,24,41.13,45.23,3.97,2.67,2.34,2.35,2.17,1.64,1.15,1.16,1.26,1.63,2.16,2.7,3.17,3.56,3.87,4.1,4.27,4.37,4.41,4.4,4.35,4.28,4.19,4.1,4.03,3.94,3.83,3.64,3.39,3.06,2.66,2.19,1.6,0.91,0.61,0.69,0.76,0.71,1.04,0.77,0,0.75,1.57,2.47,3.46,4.55,5.74,7.04,8.47,10.04,11.76,13.64,15.71,17.98,20.46,23.19,26.18,29.45,33.05,36.99,41.31,46.05,51.25,56.94,63.19,70.04,77.55,85.79,94.83,104.73,115.59,127.5,140.56,154.88,170.58,187.8,206.68,227.39,250.1,275,0.75,1.57,2.47,3.46,4.55,5.74,7.04,8.47,10.04,11.76,13.64,15.71,17.98,20.46,23.19,26.18,29.45,33.05,36.99,41.31,46.05,51.25,56.94,63.19,70.04,77.55,85.79,94.83,104.73,115.59,127.5,140.56,154.88,170.58,187.8,206.68,227.39,250.1,275,412.5,242.808,275.033,102101
11830,102100,720869.7,475595.8,44218.61744,1966,209.9,49.79,47.6,0.0182,-2.19,34,2.89,1.055,195,184.2,120.9,63.98,45.31,45.5,55.8,138.9,300,523.2,795.9,1114,1473,1880,2319,2799,3287,3773,4204,4572,4858,5036,5058,5060,5058,5054,5015,4616,3949,3129,2207,1275,461,17.51,18.89,42.28,24.39,17.77,27.1,27.07,3.77,2.47,1.93,1.62,1.35,1.19,1.39,2.18,3.06,3.83,4.44,4.89,5.21,5.42,5.55,5.63,5.66,5.67,5.66,5.64,5.63,5.63,5.64,5.67,5.73,5.78,5.8,5.72,5.5,5.09,4.44,3.5,2.23,0.39,0.43,1.09,0.93,0.63,0.89,0.9,0,0.75,1.57,2.47,3.46,4.55,5.74,7.04,8.47,10.04,11.76,13.64,15.71,17.98,20.46,23.19,26.18,29.45,33.05,36.99,41.31,46.05,51.25,56.94,63.19,70.04,77.55,85.79,94.83,104.73,115.59,127.5,140.56,154.88,170.58,187.8,206.68,227.39,250.1,275,0.75,1.57,2.47,3.46,4.55,5.74,7.04,8.47,10.04,11.76,13.64,15.71,17.98,20.46,23.19,26.18,29.45,33.05,36.99,41.31,46.05,51.25,56.94,63.19,70.04,77.55,85.79,94.83,104.73,115.59,127.5,140.56,154.88,170.58,187.8,206.68,227.39,250.1,275,412.5,256.358,275.033,102101
11872,102100,719870.7,475994.3,44218.618,2006,214.6,39.84,39.32,0.0236,-0.52,16,1.54,1.055,296.4,296.2,296.2,296.2,300.9,339.9,408.2,516.7,662.1,840.7,1067,1324,1642,1989,2381,2834,3369,3819,4239,4495,4508,4510,4510,4507,4443,3986,3244,2336,1504,667.7,246.1,93.61,112,113.4,104.3,58.81,53.14,64.01,136.9,184.1,2.83,1.79,1.73,1.97,2.15,2.23,2.28,2.38,2.57,2.82,3.1,3.38,3.65,3.89,4.1,4.26,4.35,4.31,4.19,4.03,3.88,3.78,3.74,3.73,3.72,3.64,3.42,3.03,2.49,1.8,1.16,0.71,0.88,1.07,1.38,1.11,0.83,1,2.2,4.16,0,0.75,1.57,2.47,3.46,4.55,5.74,7.04,8.47,10.04,11.76,13.64,15.71,17.98,20.46,23.19,26.18,29.45,33.05,36.99,41.31,46.05,51.25,56.94,63.19,70.04,77.55,85.79,94.83,104.73,115.59,127.5,140.56,154.88,170.58,187.8,206.68,227.39,250.1,275,0.75,1.57,2.47,3.46,4.55,5.74,7.04,8.47,10.04,11.76,13.64,15.71,17.98,20.46,23.19,26.18,29.45,33.05,36.99,41.31,46.05,51.25,56.94,63.19,70.04,77.55,85.79,94.83,104.73,115.59,127.5,140.56,154.88,170.58,187.8,206.68,227.39,250.1,275,412.5,198.092,231.074,102101
11916,102100,718261.6,476642.2,44218.61892,2046,206.6,48.28,48.27,0.0198,-0.01,31,1.803,1.055,222.6,222.6,222.6,226.5,259.7,325.1,391.4,493.8,646,887,1096,1410,1768,2156,2598,3106,3601,4117,4688,5180,5182,5183,5181,5175,5068,4485,3644,2412,1101,184.8,45.56,65.76,90.58,61.47,15.59,16.64,27.54,38.73,38.73,38.68,2.59,1.66,1.68,1.94,2.14,2.24,2.3,2.46,2.74,3.1,3.46,3.79,4.06,4.25,4.37,4.45,4.49,4.51,4.53,4.54,4.53,4.53,4.52,4.48,4.35,4.08,3.62,2.95,2.07,1.07,0.41,0.73,0.97,1.05,0.46,0.57,0.88,0.98,1.04,1.34,0,0.75,1.57,2.47,3.46,4.55,5.74,7.04,8.47,10.04,11.76,13.64,15.71,17.98,20.46,23.19,26.18,29.45,33.05,36.99,41.31,46.05,51.25,56.94,63.19,70.04,77.55,85.79,94.83,104.73,115.59,127.5,140.56,154.88,170.58,187.8,206.68,227.39,250.1,275,0.75,1.57,2.47,3.46,4.55,5.74,7.04,8.47,10.04,11.76,13.64,15.71,17.98,20.46,23.19,26.18,29.45,33.05,36.99,41.31,46.05,51.25,56.94,63.19,70.04,77.55,85.79,94.83,104.73,115.59,127.5,140.56,154.88,170.58,187.8,206.68,227.39,250.1,275,412.5,230.923,275.033,102101
11958,102100,717165.5,477063.2,44218.61955,2086,191.6,54.59,54.14,0.0168,-0.45,28,1.455,1.055,92.24,91.93,85.01,84.96,85.06,87.21,128.3,212.7,323.1,464.9,626.3,814.4,1018,1237,1466,1693,1898,2020,2066,2068,2068,2067,2065,2004,1749,1370,914.5,457.7,143.7,42.89,59.12,67.25,67.23,34.76,19.22,21.07,50.73,75.63,85.98,86.35,2.37,1.62,1.67,1.79,1.72,1.66,1.94,2.47,3.05,3.58,4,4.31,4.51,4.62,4.66,4.66,4.61,4.54,4.47,4.4,4.35,4.3,4.23,4.07,3.79,3.36,2.77,2.05,1.27,0.63,0.93,1.03,1.09,0.83,0.66,0.7,1.19,1.43,1.36,0.96,0,0.75,1.57,2.47,3.46,4.55,5.74,7.04,8.47,10.04,11.76,13.64,15.71,17.98,20.46,23.19,26.18,29.45,33.05,36.99,41.31,46.05,51.25,56.94,63.19,70.04,77.55,85.79,94.83,104.73,115.59,127.5,140.56,154.88,170.58,187.8,206.68,227.39,250.1,275,0.75,1.57,2.47,3.46,4.55,5.74,7.04,8.47,10.04,11.76,13.64,15.71,17.98,20.46,23.19,26.18,29.45,33.05,36.99,41.31,46.05,51.25,56.94,63.19,70.04,77.55,85.79,94.83,104.73,115.59,127.5,140.56,154.88,170.58,187.8,206.68,227.39,250.1,275,412.5,215.171,245.173,102101
11998,102100,716338,477437.4,44218.62001,2126,194.2,46.19,46.96,0.0203,0.77,34,2.427,1.055,188.8,188.4,160.3,99.86,57.77,49.16,49.16,49.3,62.25,130.7,246.3,361.1,480.1,606,728,849.9,952,1030,1070,1083,1084,1084,1083,1072,985,805.6,580.3,349.8,149.3,58.69,36.22,37.9,41.56,32.09,26.27,26.27,34.57,47.47,47.98,47.91,3.49,2.38,2.09,1.91,1.61,1.4,1.36,1.38,1.58,2.14,2.75,3.24,3.6,3.84,3.98,4.04,4.03,3.98,3.91,3.84,3.78,3.73,3.68,3.59,3.41,3.1,2.65,2.09,1.46,0.96,0.8,0.88,0.99,0.89,0.89,0.92,1.01,1.15,1.16,1.04,0,0.75,1.57,2.47,3.46,4.55,5.74,7.04,8.47,10.04,11.76,13.64,15.71,17.98,20.46,23.19,26.18,29.45,33.05,36.99,41.31,46.05,51.25,56.94,63.19,70.04,77.55,85.79,94.83,104.73,115.59,127.5,140.56,154.88,170.58,187.8,206.68,227.39,250.1,275,0.75,1.57,2.47,3.46,4.55,5.74,7.04,8.47,10.04,11.76,13.64,15.71,17.98,20.46,23.19,26.18,29.45,33.05,36.99,41.31,46.05,51.25,56.94,63.19,70.04,77.55,85.79,94.83,104.73,115.59,127.5,140.56,154.88,170.58,187.8,206.68,227.39,250.1,275,412.5,218.846,257.531,102101
12038,102100,715468.5,477801,44218.62047,2166,194.4,43.8,43.55,0.0223,-0.25,16,2.241,1.055,215,214.8,180.8,130.9,92.13,69.81,68.65,68.83,73.59,139.9,263.6,393.1,566.9,756.9,938.5,1110,1252,1370,1432,1442,1442,1441,1421,1303,1053,727.1,388,120.4,26,32.6,63.8,76.99,71.85,68,68.26,83.79,100.5,151.5,188.9,288.9,3.4,2.27,2,1.95,1.8,1.56,1.45,1.43,1.53,2.01,2.6,3.11,3.53,3.83,4.04,4.15,4.19,4.19,4.16,4.13,4.1,4.06,3.97,3.79,3.47,2.98,2.31,1.5,0.64,0.92,1.36,1.44,1.6,2.62,4.97,8.86,98,98,98,98,0,0.75,1.57,2.47,3.46,4.55,5.74,7.04,8.47,10.04,11.76,13.64,15.71,17.98,20.46,23.19,26.18,29.45,33.05,36.99,41.31,46.05,51.25,56.94,63.19,70.04,77.55,85.79,94.83,104.73,115.59,127.5,140.56,154.88,170.58,187.8,206.68,227.39,250.1,275,0.75,1.57,2.47,3.46,4.55,5.74,7.04,8.47,10.04,11.76,13.64,15.71,17.98,20.46,23.19,26.18,29.45,33.05,36.99,41.31,46.05,51.25,56.94,63.19,70.04,77.55,85.79,94.83,104.73,115.59,127.5,140.56,154.88,170.58,187.8,206.68,227.39,250.1,275,412.5,103.39,118.334,102101
12080,102100,714515.6,478178.4,44218.62098,2206,194.4,55.56,55.18,0.0168,-0.38,42,1.753,1.055,129.6,107,105.4,105.3,105.3,116.1,150,207.7,289.8,394.8,520.2,658.3,807.8,957.7,1088,1168,1175,1176,1176,1175,1154,987.6,709.8,407.7,168.3,72.34,55.85,59.82,63.24,63.21,55.84,38.8,22.29,22.45,27.68,51.56,75.58,92.54,104.9,160.1,2.66,1.65,1.65,1.83,1.86,1.83,1.97,2.29,2.7,3.12,3.47,3.72,3.87,3.92,3.88,3.8,3.69,3.59,3.51,3.44,3.32,3.06,2.63,2.04,1.37,0.9,0.86,0.94,1,1.03,1.03,0.94,0.71,0.82,0.91,1.25,1.48,1.57,1.49,1.09,0,0.75,1.57,2.47,3.46,4.55,5.74,7.04,8.47,10.04,11.76,13.64,15.71,17.98,20.46,23.19,26.18,29.45,33.05,36.99,41.31,46.05,51.25,56.94,63.19,70.04,77.55,85.79,94.83,104.73,115.59,127.5,140.56,154.88,170.58,187.8,206.68,227.39,250.1,275,0.75,1.57,2.47,3.46,4.55,5.74,7.04,8.47,10.04,11.76,13.64,15.71,17.98,20.46,23.19,26.18,29.45,33.05,36.99,41.31,46.05,51.25,56.94,63.19,70.04,77.55,85.79,94.83,104.73,115.59,127.5,140.56,154.88,170.58,187.8,206.68,227.39,250.1,275,412.5,209.29,244.307,102101
12124,102100,713517.5,478627.5,44218.62166,2246,198.3,56.13,60.56,0.0174,4.43,32,1.954,1.055,157.9,157.2,156.2,155.3,155.2,157.4,188.8,235.4,299.6,380.1,471.4,559.4,604.4,609.5,609.8,609.8,608.8,560.5,420.8,222.1,78.38,37.63,43.23,53.79,59.11,59.03,58.83,57.85,49.13,25.99,18.66,18.67,21.38,28.47,28.44,28.36,28.29,28.34,32.97,66.69,2.75,1.8,1.78,1.97,2.05,2,2.03,2.2,2.48,2.78,3.02,3.14,3.13,3.03,2.91,2.81,2.74,2.6,2.31,1.81,1.15,0.75,0.92,1.04,1.11,1.13,1.17,1.26,1.25,0.97,0.87,0.95,1.09,1.32,1.33,1.3,1.37,1.71,2.8,5.18,0,0.75,1.57,2.47,3.46,4.55,5.74,7.04,8.47,10.04,11.76,13.64,15.71,17.98,20.46,23.19,26.18,29.45,33.05,36.99,41.31,46.05,51.25,56.94,63.19,70.04,77.55,85.79,94.83,104.73,115.59,127.5,140.56,154.88,170.58,187.8,206.68,227.39,250.1,275,0.75,1.57,2.47,3.46,4.55,5.74,7.04,8.47,10.04,11.76,13.64,15.71,17.98,20.46,23.19,26.18,29.45,33.05,36.99,41.31,46.05,51.25,56.94,63.19,70.04,77.55,85.79,94.83,104.73,115.59,127.5,140.56,154.88,170.58,187.8,206.68,227.39,250.1,275,412.5,165.305,208.988,102101
12166,102100,713268.1,478846.7,44218.62216,2286,203.8,45.64,46.9,0.0209,1.26,19,1.929,1.055,159.1,155.9,144.6,129.4,117.3,114.5,113.5,113.5,120.4,151.6,218.5,306.3,400.2,519.2,585.3,602.5,602.7,602.4,601.4,590.1,494.9,352.2,203.5,93.55,48.66,48.66,80.89,101.4,101.3,100.3,96.77,95.67,95.59,95.81,110.3,128.5,145.7,149.5,149.8,149.9,2.84,1.86,1.79,1.95,1.99,1.9,1.77,1.71,1.79,2.01,2.33,2.63,2.87,3.02,3.08,3.06,3.03,3.01,3.01,2.96,2.79,2.46,2,1.48,1.05,0.99,1.31,1.5,1.67,2.1,2.91,4.1,5.77,8.22,98,98,98,98,98,98,0,0.75,1.57,2.47,3.46,4.55,5.74,7.04,8.47,10.04,11.76,13.64,15.71,17.98,20.46,23.19,26.18,29.45,33.05,36.99,41.31,46.05,51.25,56.94,63.19,70.04,77.55,85.79,94.83,104.73,115.59,127.5,140.56,154.88,170.58,187.8,206.68,227.39,250.1,275,0.75,1.57,2.47,3.46,4.55,5.74,7.04,8.47,10.04,11.76,13.64,15.71,17.98,20.46,23.19,26.18,29.45,33.05,36.99,41.31,46.05,51.25,56.94,63.19,70.04,77.55,85.79,94.83,104.73,115.59,127.5,140.56,154.88,170.58,187.8,206.68,227.39,250.1,275,412.5,78.037,104.868,102101
12208,102100,712362.7,479083.2,44218.62271,2326,200.6,53.17,55.26,0.0177,2.09,30,1.616,1.055,227.3,227.3,230,256.3,308.6,366.4,403.2,471.7,591.6,708.2,846,1022,1140,1210,1277,1280,1281,1281,1280,1182,910.6,560.8,201.1,33.5,32.02,82.24,96.91,97.58,94.28,67.54,32.23,22.23,22.23,29.17,48.28,68.83,85.55,96.07,103.1,103.4,2.7,1.7,1.7,2.05,2.37,2.51,2.52,2.57,2.71,2.92,3.15,3.36,3.46,3.46,3.37,3.23,3.08,2.98,2.91,2.82,2.61,2.21,1.52,0.5,0.58,1.18,1.31,1.27,1.31,1.24,0.9,0.8,0.87,1.01,1.28,1.47,1.59,1.65,1.53,1.04,0,0.75,1.57,2.47,3.46,4.55,5.74,7.04,8.47,10.04,11.76,13.64,15.71,17.98,20.46,23.19,26.18,29.45,33.05,36.99,41.31,46.05,51.25,56.94,63.19,70.04,77.55,85.79,94.83,104.73,115.59,127.5,140.56,154.88,170.58,187.8,206.68,227.39,250.1,275,0.75,1.57,2.47,3.46,4.55,5.74,7.04,8.47,10.04,11.76,13.64,15.71,17.98,20.46,23.19,26.18,29.45,33.05,36.99,41.31,46.05,51.25,56.94,63.19,70.04,77.55,85.79,94.83,104.73,115.59,127.5,140.56,154.88,170.58,187.8,206.68,227.39,250.1,275,412.5,188.379,227.085,102101
12248,102100,711531,479410.9,44218.62317,2366,205.9,38.87,60.43,0.0255,21.56,40,2.241,1.055,886.5,880.2,831.8,728,562.4,418.4,317,315.7,298.6,286.8,286,286,305.9,381.3,475.6,532.7,539.8,540.8,540.7,525.6,392.6,274.6,193.2,126.2,82.91,79.35,72.26,70.97,70.19,61.91,47.31,35.77,35.76,35.97,48.84,58.87,60.88,60.85,60.42,59.59,5.97,3.95,2.99,2.59,2.45,2.37,2.26,2.16,2.02,1.92,1.89,1.9,1.99,2.16,2.3,2.36,2.33,2.27,2.2,2.1,1.88,1.61,1.37,1.15,0.95,0.99,0.98,1,1.05,1.05,0.96,0.87,0.95,0.97,1.2,1.31,1.23,1.2,1.21,0.85,0,0.75,1.57,2.47,3.46,4.55,5.74,7.04,8.47,10.04,11.76,13.64,15.71,17.98,20.46,23.19,26.18,29.45,33.05,36.99,41.31,46.05,51.25,56.94,63.19,70.04,77.55,85.79,94.83,104.73,115.59,127.5,140.56,154.88,170.58,187.8,206.68,227.39,250.1,275,0.75,1.57,2.47,3.46,4.55,5.74,7.04,8.47,10.04,11.76,13.64,15.71,17.98,20.46,23.19,26.18,29.45,33.05,36.99,41.31,46.05,51.25,56.94,63.19,70.04,77.55,85.79,94.83,104.73,115.59,127.5,140.56,154.88,170.58,187.8,206.68,227.39,250.1,275,412.5,219.219,263.617,102101
12288,102100,710713.4,479757.8,44218.62363,2406,240.8,50.43,65.15,0.0198,14.72,31,2.294,1.055,193,230.9,365.6,605.3,926.5,1352,1758,2193,2606,3093,3607,4152,4553,4741,4885,4889,4890,4890,4882,4760,4371,3399,2206,695.1,66.57,19.47,82.1,97.13,97.47,89.93,43.29,17.15,16.77,17.52,22.23,25.13,25.25,25.25,25.24,2.35,2,1.36,1.84,2.66,3.47,4.15,4.64,4.95,5.11,5.16,5.14,5.08,4.99,4.9,4.83,4.79,4.79,4.8,4.8,4.7,4.44,3.92,3.14,2.07,0.85,0.21,1.14,1.09,1.15,1.24,1.02,0.66,0.8,0.8,1.01,1.17,1.86,3.32,4.01,2.17,0,0.75,1.57,2.47,3.46,4.55,5.74,7.04,8.47,10.04,11.76,13.64,15.71,17.98,20.46,23.19,26.18,29.45,33.05,36.99,41.31,46.05,51.25,56.94,63.19,70.04,77.55,85.79,94.83,104.73,115.59,127.5,140.56,154.88,170.58,187.8,206.68,227.39,250.1,275,0.75,1.57,2.47,3.46,4.55,5.74,7.04,8.47,10.04,11.76,13.64,15.71,17.98,20.46,23.19,26.18,29.45,33.05,36.99,41.31,46.05,51.25,56.94,63.19,70.04,77.55,85.79,94.83,104.73,115.59,127.5,140.56,154.88,170.58,187.8,206.68,227.39,250.1,275,412.5,183.678,219.321,102101
12328,102100,709857.4,479994.8,44218.6241,2446,221.7,59.36,63.12,0.0166,3.76,29,1.604,1.055,474,473.9,473.8,473.7,473.6,481.3,497.1,559.7,653.2,778.7,918,1029,1211,1378,1410,1452,1454,1455,1455,1455,1331,1051,785.1,401.8,133,56.95,57.27,62.19,62.13,54.13,22.38,20.52,22.28,31,31.06,31.02,30.95,31.26,33.97,40.53,3.76,2.35,1.97,2.1,2.38,2.58,2.63,2.63,2.63,2.69,2.82,2.99,3.16,3.29,3.32,3.27,3.16,3.01,2.86,2.72,2.55,2.33,2.04,1.6,1.01,0.62,0.75,0.86,0.96,1.02,0.66,0.74,0.82,1.07,1.15,1.18,1.1,1.05,1.18,1.37,0,0.75,1.57,2.47,3.46,4.55,5.74,7.04,8.47,10.04,11.76,13.64,15.71,17.98,20.46,23.19,26.18,29.45,33.05,36.99,41.31,46.05,51.25,56.94,63.19,70.04,77.55,85.79,94.83,104.73,115.59,127.5,140.56,154.88,170.58,187.8,206.68,227.39,250.1,275,0.75,1.57,2.47,3.46,4.55,5.74,7.04,8.47,10.04,11.76,13.64,15.71,17.98,20.46,23.19,26.18,29.45,33.05,36.99,41.31,46.05,51.25,56.94,63.19,70.04,77.55,85.79,94.83,104.73,115.59,127.5,140.56,154.88,170.58,187.8,206.68,227.39,250.1,275,412.5,213.839,257.325,102101
12370,102100,708984.8,480473.2,44218.62462,2486,210,57.16,56.32,0.0154,-0.84,39,1.821,1.055,58.09,53.11,34.64,34.65,34.74,40.62,55.7,87.27,120.1,150.5,174.8,189.2,191.5,191.4,189.3,177.1,159.6,143.3,133.8,127.8,116.3,90.52,72.15,71.12,71.02,70.35,67.2,57.43,41.68,29.35,28.97,28.99,29.78,40.58,44.07,44.38,44.36,44.01,40.52,37.07,2.61,1.74,1.51,1.48,1.41,1.53,1.87,2.27,2.56,2.69,2.7,2.63,2.55,2.47,2.4,2.29,2.15,2,1.91,1.85,1.76,1.57,1.4,1.39,1.41,1.42,1.41,1.35,1.18,1,1.05,1.07,1.11,1.36,1.46,1.38,1.27,1.24,1.32,1.58,0,0.75,1.57,2.47,3.46,4.55,5.74,7.04,8.47,10.04,11.76,13.64,15.71,17.98,20.46,23.19,26.18,29.45,33.05,36.99,41.31,46.05,51.25,56.94,63.19,70.04,77.55,85.79,94.83,104.73,115.59,127.5,140.56,154.88,170.58,187.8,206.68,227.39,250.1,275,0.75,1.57,2.47,3.46,4.55,5.74,7.04,8.47,10.04,11.76,13.64,15.71,17.98,20.46,23.19,26.18,29.45,33.05,36.99,41.31,46.05,51.25,56.94,63.19,70.04,77.55,85.79,94.83,104.73,115.59,127.5,140.56,154.88,170.58,187.8,206.68,227.39,250.1,275,412.5,187.767,241.331,102101
12412,102100,708037,480819.6,44218.62513,2526,211.6,29.68,29.77,0.0293,0.09,42,1.582,1.055,53.71,52.48,32.04,28.18,28.18,28.23,33.63,70.2,116.1,162.5,202.4,234.5,252.9,254.4,254.4,254.3,253.5,236.8,206.7,142.9,90.12,62.35,61.06,62.64,65.74,66.47,66.45,62.71,36.38,19.93,19.95,20.45,37.95,43.07,43,40.42,36.75,34.17,34.15,34.39,2.57,1.83,1.52,1.35,1.3,1.34,1.53,2.03,2.48,2.79,2.96,3.01,2.99,2.93,2.87,2.83,2.78,2.66,2.42,2.04,1.62,1.34,1.34,1.39,1.4,1.4,1.45,1.45,1.16,0.85,0.93,0.92,1.33,1.5,1.51,1.4,1.24,1.18,1.38,1.95,0,0.75,1.57,2.47,3.46,4.55,5.74,7.04,8.47,10.04,11.76,13.64,15.71,17.98,20.46,23.19,26.18,29.45,33.05,36.99,41.31,46.05,51.25,56.94,63.19,70.04,77.55,85.79,94.83,104.73,115.59,127.5,140.56,154.88,170.58,187.8,206.68,227.39,250.1,275,0.75,1.57,2.47,3.46,4.55,5.74,7.04,8.47,10.04,11.76,13.64,15.71,17.98,20.46,23.19,26.18,29.45,33.05,36.99,41.31,46.05,51.25,56.94,63.19,70.04,77.55,85.79,94.83,104.73,115.59,127.5,140.56,154.88,170.58,187.8,206.68,227.39,250.1,275,412.5,187.472,234.489,102101
12456,102100,707092.9,481223.9,44218.62566,2566,201.9,33.62,33.94,0.0255,0.32,44,1.655,1.055,43.66,40.98,29.01,25.75,25.75,25.99,36.73,64.94,93.42,106.2,107,107,107,103.6,91.18,70.05,62.73,61.78,61.79,62.92,78.48,93.69,102.4,102.7,102.7,98.32,70.5,35.58,19.17,19.16,23.22,59.38,100.3,129,131.8,131.8,131.6,120.5,96.41,30.7,2.45,1.73,1.5,1.34,1.28,1.36,1.68,2.07,2.31,2.35,2.29,2.23,2.19,2.11,1.96,1.73,1.6,1.56,1.55,1.56,1.69,1.8,1.85,1.87,1.88,1.85,1.62,1.2,0.88,0.93,0.96,1.58,2,2.12,2,1.86,1.83,1.84,1.67,0.92,0,0.75,1.57,2.47,3.46,4.55,5.74,7.04,8.47,10.04,11.76,13.64,15.71,17.98,20.46,23.19,26.18,29.45,33.05,36.99,41.31,46.05,51.25,56.94,63.19,70.04,77.55,85.79,94.83,104.73,115.59,127.5,140.56,154.88,170.58,187.8,206.68,227.39,250.1,275,0.75,1.57,2.47,3.46,4.55,5.74,7.04,8.47,10.04,11.76,13.64,15.71,17.98,20.46,23.19,26.18,29.45,33.05,36.99,41.31,46.05,51.25,56.94,63.19,70.04,77.55,85.79,94.83,104.73,115.59,127.5,140.56,154.88,170.58,187.8,206.68,227.39,250.1,275,412.5,156.502,221.89,102101
12498,102200,706335.7,480663.3,44218.62693,2606,197.6,47.67,49.45,0.0201,1.78,43,1.238,1.055,62.57,62.58,63.15,71.09,86.97,98.04,99.42,99.66,99.73,99.73,98.72,82.51,48.14,26.5,25.94,25.95,31.84,56.01,84.31,99.86,103.3,103.3,103.3,102.1,86.04,58.81,31.22,19.85,19.75,19.77,34.76,66.28,99.81,124.8,132.4,132.6,132.6,132.5,130.5,112.2,2.24,1.52,1.6,1.79,1.92,1.95,1.93,1.92,1.95,1.98,1.96,1.79,1.44,1.08,1.08,1.09,1.2,1.55,1.84,1.95,1.93,1.89,1.89,1.91,1.82,1.56,1.17,0.96,1.03,0.97,1.3,1.75,2.05,2.14,2.11,2.06,2.05,2,1.71,0.87,0,0.75,1.57,2.47,3.46,4.55,5.74,7.04,8.47,10.04,11.76,13.64,15.71,17.98,20.46,23.19,26.18,29.45,33.05,36.99,41.31,46.05,51.25,56.94,63.19,70.04,77.55,85.79,94.83,104.73,115.59,127.5,140.56,154.88,170.58,187.8,206.68,227.39,250.1,275,0.75,1.57,2.47,3.46,4.55,5.74,7.04,8.47,10.04,11.76,13.64,15.71,17.98,20.46,23.19,26.18,29.45,33.05,36.99,41.31,46.05,51.25,56.94,63.19,70.04,77.55,85.79,94.83,104.73,115.59,127.5,140.56,154.88,170.58,187.8,206.68,227.39,250.1,275,412.5,153.701,208.989,102201
12538,102200,707398.9,480244.4,44218.6274,2646,212,31.25,31.23,0.0302,-0.02,31,3.11,1.055,109,108,107.8,92.99,67.64,67.6,67.61,69.37,92.85,121.4,177.8,202.4,202.6,202.6,202.4,200.8,189.5,105.9,61.7,57.54,57.95,58.54,58.49,52.13,35.28,34.16,32.22,25.46,24.12,23.23,23.22,23.7,34.12,41.41,48.34,55.94,63.49,70.75,77.1,88.06,2.47,1.74,1.82,1.87,1.66,1.52,1.5,1.59,1.83,2.07,2.27,2.33,2.29,2.25,2.25,2.23,2.06,1.62,1.22,1.2,1.25,1.26,1.29,1.25,1.05,1.08,1.11,1.03,1.03,1.07,1.11,1.13,1.36,1.48,1.55,1.59,1.67,1.92,2.57,3.92,0,0.75,1.57,2.47,3.46,4.55,5.74,7.04,8.47,10.04,11.76,13.64,15.71,17.98,20.46,23.19,26.18,29.45,33.05,36.99,41.31,46.05,51.25,56.94,63.19,70.04,77.55,85.79,94.83,104.73,115.59,127.5,140.56,154.88,170.58,187.8,206.68,227.39,250.1,275,0.75,1.57,2.47,3.46,4.55,5.74,7.04,8.47,10.04,11.76,13.64,15.71,17.98,20.46,23.19,26.18,29.45,33.05,36.99,41.31,46.05,51.25,56.94,63.19,70.04,77.55,85.79,94.83,104.73,115.59,127.5,140.56,154.88,170.58,187.8,206.68,227.39,250.1,275,412.5,139.091,166.871,102201
12582,102200,708750.3,479659.5,44218.62799,2686,222.1,43.38,43.87,0.021,0.49,41,1.318,1.055,83.27,79.5,76.6,75.8,75.69,75.7,87.77,124.6,178.7,243.2,312.5,377.7,424.9,442.6,443.2,443.2,443,441.5,393.3,272.3,125.8,45.36,44.37,44.3,58.55,72.23,72.23,72.17,59.24,28.14,17.31,17.36,26.13,49.18,62.81,63.38,63.3,62.66,58.85,47.71,2.35,1.6,1.68,1.8,1.74,1.64,1.75,2.09,2.49,2.81,3.01,3.08,3.04,2.95,2.87,2.83,2.84,2.82,2.65,2.23,1.57,0.91,1.01,1.01,1.17,1.3,1.31,1.36,1.3,0.94,0.77,0.81,1.04,1.46,1.6,1.51,1.42,1.44,1.39,0.89,0,0.75,1.57,2.47,3.46,4.55,5.74,7.04,8.47,10.04,11.76,13.64,15.71,17.98,20.46,23.19,26.18,29.45,33.05,36.99,41.31,46.05,51.25,56.94,63.19,70.04,77.55,85.79,94.83,104.73,115.59,127.5,140.56,154.88,170.58,187.8,206.68,227.39,250.1,275,0.75,1.57,2.47,3.46,4.55,5.74,7.04,8.47,10.04,11.76,13.64,15.71,17.98,20.46,23.19,26.18,29.45,33.05,36.99,41.31,46.05,51.25,56.94,63.19,70.04,77.55,85.79,94.83,104.73,115.59,127.5,140.56,154.88,170.58,187.8,206.68,227.39,250.1,275,412.5,188.837,240.155,102201
12622,102200,709864.3,479218.3,44218.62845,2726,246.2,63.7,67.14,0.015,3.44,30,2.147,1.055,433.5,432.1,430.2,468.5,531.9,606.7,759.7,932.4,1129,1360,1622,1867,2019,2125,2167,2171,2172,2173,2170,2135,1946,1448,950.6,437.1,88.5,56.91,54.65,79.97,81.1,81.25,66.78,34.8,18.15,17.98,21.26,45.54,67.85,74.48,74.57,74.47,3.49,2.14,1.82,2.05,2.44,2.8,3.07,3.25,3.36,3.45,3.53,3.58,3.61,3.61,3.58,3.54,3.49,3.42,3.33,3.19,2.96,2.61,2.16,1.56,0.73,0.64,0.68,0.98,1.03,1.08,1.11,0.89,0.64,0.77,0.82,1.25,1.47,1.5,1.42,1.16,0,0.75,1.57,2.47,3.46,4.55,5.74,7.04,8.47,10.04,11.76,13.64,15.71,17.98,20.46,23.19,26.18,29.45,33.05,36.99,41.31,46.05,51.25,56.94,63.19,70.04,77.55,85.79,94.83,104.73,115.59,127.5,140.56,154.88,170.58,187.8,206.68,227.39,250.1,275,0.75,1.57,2.47,3.46,4.55,5.74,7.04,8.47,10.04,11.76,13.64,15.71,17.98,20.46,23.19,26.18,29.45,33.05,36.99,41.31,46.05,51.25,56.94,63.19,70.04,77.55,85.79,94.83,104.73,115.59,127.5,140.56,154.88,170.58,187.8,206.68,227.39,250.1,275,412.5,203.108,246.095,102201
12664,102200,711529,478470.3,44218.62914,2766,239.9,61.74,64.91,0.0159,3.17,37,1.97,1.055,606.1,605.2,601.9,584.9,581.7,580.5,581,590.1,629.6,714.8,776.6,884.9,1018,1163,1303,1381,1456,1524,1548,1563,1573,1576,1576,1556,1395,1040,494.5,54.13,28.84,71.41,78.87,61.41,14.7,14.26,15.44,21.33,31.62,36.52,36.54,36.55,4.17,2.61,2.09,2.13,2.4,2.65,2.75,2.7,2.59,2.52,2.52,2.62,2.8,2.99,3.13,3.17,3.12,2.98,2.79,2.6,2.48,2.44,2.51,2.61,2.62,2.37,1.72,0.54,0.38,0.99,1.06,1.15,0.51,0.64,0.75,0.95,1.11,1.15,1.22,1.29,0,0.75,1.57,2.47,3.46,4.55,5.74,7.04,8.47,10.04,11.76,13.64,15.71,17.98,20.46,23.19,26.18,29.45,33.05,36.99,41.31,46.05,51.25,56.94,63.19,70.04,77.55,85.79,94.83,104.73,115.59,127.5,140.56,154.88,170.58,187.8,206.68,227.39,250.1,275,0.75,1.57,2.47,3.46,4.55,5.74,7.04,8.47,10.04,11.76,13.64,15.71,17.98,20.46,23.19,26.18,29.45,33.05,36.99,41.31,46.05,51.25,56.94,63.19,70.04,77.55,85.79,94.83,104.73,115.59,127.5,140.56,154.88,170.58,187.8,206.68,227.39,250.1,275,412.5,218.465,263.522,102201
12708,102200,713514.3,477677.6,44218.62995,2806,195.4,43.03,42.72,0.0207,-0.31,38,1.454,1.055,95.44,95.45,95.66,98.99,122.8,171.9,251.1,349.5,469.3,614.3,789.4,984.2,1178,1349,1541,1674,1691,1692,1691,1690,1667,1390,911,469.1,168.7,27.54,30.58,62.81,78.49,78.49,61.51,22.77,14.03,14.03,31.38,53.57,58.3,58.28,58.11,55.98,2.19,1.5,1.6,1.73,1.85,2.08,2.44,2.87,3.28,3.64,3.92,4.1,4.18,4.19,4.16,4.09,4.02,3.95,3.9,3.85,3.72,3.43,2.95,2.3,1.5,0.48,0.66,1.07,1.18,1.23,1.19,0.75,0.66,0.68,1.18,1.45,1.43,1.39,1.38,1.23,0,0.75,1.57,2.47,3.46,4.55,5.74,7.04,8.47,10.04,11.76,13.64,15.71,17.98,20.46,23.19,26.18,29.45,33.05,36.99,41.31,46.05,51.25,56.94,63.19,70.04,77.55,85.79,94.83,104.73,115.59,127.5,140.56,154.88,170.58,187.8,206.68,227.39,250.1,275,0.75,1.57,2.47,3.46,4.55,5.74,7.04,8.47,10.04,11.76,13.64,15.71,17.98,20.46,23.19,26.18,29.45,33.05,36.99,41.31,46.05,51.25,56.94,63.19,70.04,77.55,85.79,94.83,104.73,115.59,127.5,140.56,154.88,170.58,187.8,206.68,227.39,250.1,275,412.5,193.919,238.92,102201
12748,102200,714638,477246.5,44218.63042,2846,192.5,46.96,46.32,0.0203,-0.64,6,2.271,1.055,173,173,173,173.2,173.9,176.8,187.1,208.8,235.8,308.7,391.6,513.6,655.2,805.6,954.7,1074,1107,1108,1108,1108,1105,1036,853.9,595.5,352.4,198.9,152.2,152.2,152.8,158.2,175.4,195.7,221.4,246.2,265.5,280.9,287.3,288.4,288.7,288.8,2.67,1.73,1.75,2.02,2.16,2.12,2.03,2.01,2.13,2.4,2.72,3.04,3.3,3.48,3.58,3.6,3.58,3.55,3.55,3.6,3.67,3.67,3.54,3.24,2.79,2.34,2.31,3.13,5.04,8.15,98,98,98,98,98,98,98,98,98,98,0,0.75,1.57,2.47,3.46,4.55,5.74,7.04,8.47,10.04,11.76,13.64,15.71,17.98,20.46,23.19,26.18,29.45,33.05,36.99,41.31,46.05,51.25,56.94,63.19,70.04,77.55,85.79,94.83,104.73,115.59,127.5,140.56,154.88,170.58,187.8,206.68,227.39,250.1,275,0.75,1.57,2.47,3.46,4.55,5.74,7.04,8.47,10.04,11.76,13.64,15.71,17.98,20.46,23.19,26.18,29.45,33.05,36.99,41.31,46.05,51.25,56.94,63.19,70.04,77.55,85.79,94.83,104.73,115.59,127.5,140.56,154.88,170.58,187.8,206.68,227.39,250.1,275,412.5,9.334,15.433,102201
12790,102200,715982.5,476688.8,44218.63095,2886,185.7,62.91,63.65,0.0146,0.74,38,2.468,1.055,89.48,87.51,72.19,72.18,72.24,83.05,126.1,195.9,292.4,386.1,529.6,678.4,819.8,967.1,1114,1225,1275,1277,1278,1277,1276,1202,1097,831.8,506.5,243.1,61.78,35.19,39.32,64.81,64.84,47.81,13.35,12.34,15.44,34.54,48.9,59.07,63.47,64.2,2.54,1.7,1.64,1.73,1.68,1.72,2.05,2.56,3.1,3.56,3.94,4.19,4.32,4.34,4.29,4.18,4.05,3.92,3.83,3.78,3.73,3.63,3.42,3.02,2.44,1.71,0.9,0.73,0.81,1.12,1.21,1.17,0.56,0.7,0.78,1.24,1.43,1.49,1.59,1.91,0,0.75,1.57,2.47,3.46,4.55,5.74,7.04,8.47,10.04,11.76,13.64,15.71,17.98,20.46,23.19,26.18,29.45,33.05,36.99,41.31,46.05,51.25,56.94,63.19,70.04,77.55,85.79,94.83,104.73,115.59,127.5,140.56,154.88,170.58,187.8,206.68,227.39,250.1,275,0.75,1.57,2.47,3.46,4.55,5.74,7.04,8.47,10.04,11.76,13.64,15.71,17.98,20.46,23.19,26.18,29.45,33.05,36.99,41.31,46.05,51.25,56.94,63.19,70.04,77.55,85.79,94.83,104.73,115.59,127.5,140.56,154.88,170.58,187.8,206.68,227.39,250.1,275,412.5,189.977,221.863,102201
12832,102200,717441.6,476070.6,44218.63157,2926,198.9,44.26,44.03,0.0209,-0.23,29,1.474,1.055,155.6,155.3,155.1,155.1,157.3,182.4,248.4,358.2,512.6,712.5,957.4,1246,1580,1945,2319,2749,3029,3420,3601,3615,3616,3615,3612,3585,3356,2812,2041,1146,365.3,31.27,43.61,62.71,62.31,16.11,11.09,13.36,35.49,49.79,59.6,69.33,2.41,1.61,1.69,1.87,1.88,1.87,2.05,2.42,2.89,3.38,3.81,4.15,4.39,4.53,4.6,4.6,4.54,4.47,4.38,4.3,4.24,4.21,4.21,4.18,4.07,3.81,3.36,2.68,1.74,0.33,0.67,0.92,1.11,0.51,0.53,0.63,1.19,1.36,1.45,1.85,0,0.75,1.57,2.47,3.46,4.55,5.74,7.04,8.47,10.04,11.76,13.64,15.71,17.98,20.46,23.19,26.18,29.45,33.05,36.99,41.31,46.05,51.25,56.94,63.19,70.04,77.55,85.79,94.83,104.73,115.59,127.5,140.56,154.88,170.58,187.8,206.68,227.39,250.1,275,0.75,1.57,2.47,3.46,4.55,5.74,7.04,8.47,10.04,11.76,13.64,15.71,17.98,20.46,23.19,26.18,29.45,33.05,36.99,41.31,46.05,51.25,56.94,63.19,70.04,77.55,85.79,94.83,104.73,115.59,127.5,140.56,154.88,170.58,187.8,206.68,227.39,250.1,275,412.5,204.726,228.9,102201
12872,102200,718559.4,475616,44218.63204,2966,217.9,41.98,42.56,0.0224,0.58,30,2.581,1.055,406.3,408.6,416.7,446.6,480,546.8,643.7,763.4,952.6,1210,1504,1825,2211,2756,3409,4142,4905,5844,6939,7453,7944,8171,8213,8217,8217,8211,7861,6558,4629,2648,856.2,32.37,45.55,45.75,38.48,9.55,12.27,39.04,40.55,30.68,2.92,1.82,1.73,2.04,2.34,2.48,2.51,2.52,2.61,2.82,3.1,3.41,3.74,4.03,4.27,4.44,4.52,4.55,4.52,4.45,4.36,4.3,4.28,4.31,4.39,4.46,4.45,4.27,3.84,3.12,2.03,0.24,0.56,0.71,0.9,0.38,0.46,1.16,1.12,0.81,0,0.75,1.57,2.47,3.46,4.55,5.74,7.04,8.47,10.04,11.76,13.64,15.71,17.98,20.46,23.19,26.18,29.45,33.05,36.99,41.31,46.05,51.25,56.94,63.19,70.04,77.55,85.79,94.83,104.73,115.59,127.5,140.56,154.88,170.58,187.8,206.68,227.39,250.1,275,0.75,1.57,2.47,3.46,4.55,5.74,7.04,8.47,10.04,11.76,13.64,15.71,17.98,20.46,23.19,26.18,29.45,33.05,36.99,41.31,46.05,51.25,56.94,63.19,70.04,77.55,85.79,94.83,104.73,115.59,127.5,140.56,154.88,170.58,187.8,206.68,227.39,250.1,275,412.5,238.74,275.033,102201
12920,102200,720599.3,474800.4,44218.63288,3006,216.3,39.27,39.34,0.0238,0.07,19,4.191,1.055,174.2,174.1,174,174,174.2,176.7,197.4,257,367.7,510.9,696.2,913.9,1152,1432,1729,2052,2302,2563,2755,2775,2776,2777,2775,2752,2483,2138,1601,793.8,217.9,27.13,67.79,146,151.7,145.8,125.1,124.7,137.7,187.5,222.3,247,2.5,1.65,1.72,1.95,2,1.89,1.85,2.05,2.43,2.86,3.27,3.59,3.83,3.99,4.07,4.11,4.1,4.07,4.02,3.97,3.94,3.93,3.94,3.91,3.79,3.54,3.1,2.43,1.55,0.34,0.96,1.33,1.45,1.42,1.28,1.26,1.55,2.42,4,6.66,0,0.75,1.57,2.47,3.46,4.55,5.74,7.04,8.47,10.04,11.76,13.64,15.71,17.98,20.46,23.19,26.18,29.45,33.05,36.99,41.31,46.05,51.25,56.94,63.19,70.04,77.55,85.79,94.83,104.73,115.59,127.5,140.56,154.88,170.58,187.8,206.68,227.39,250.1,275,0.75,1.57,2.47,3.46,4.55,5.74,7.04,8.47,10.04,11.76,13.64,15.71,17.98,20.46,23.19,26.18,29.45,33.05,36.99,41.31,46.05,51.25,56.94,63.19,70.04,77.55,85.79,94.83,104.73,115.59,127.5,140.56,154.88,170.58,187.8,206.68,227.39,250.1,275,412.5,138.22,177.776,102201
12964,102200,722202.3,474123.7,44218.63355,3046,203.9,52.05,49.66,0.0161,-2.39,36,1.793,1.055,674.3,664.5,542.8,389,234.3,103.6,26.06,12.64,24.39,96.16,218.1,382.8,572.7,776.4,1042,1299,1559,1809,2037,2232,2371,2416,2420,2420,2419,2417,2410,2303,2051,1729,1355,953.7,561.4,216.4,15.39,9.05,24.05,23.74,19.46,18.39,5.3,3.58,2.89,2.72,2.63,2.23,1.32,0.66,1.21,2.26,3.19,3.97,4.58,5.03,5.36,5.56,5.66,5.68,5.63,5.55,5.43,5.3,5.2,5.13,5.1,5.13,5.17,5.2,5.17,5.03,4.74,4.23,3.44,2.31,0.76,0.36,1.04,0.9,0.83,1.22,0,0.75,1.57,2.47,3.46,4.55,5.74,7.04,8.47,10.04,11.76,13.64,15.71,17.98,20.46,23.19,26.18,29.45,33.05,36.99,41.31,46.05,51.25,56.94,63.19,70.04,77.55,85.79,94.83,104.73,115.59,127.5,140.56,154.88,170.58,187.8,206.68,227.39,250.1,275,0.75,1.57,2.47,3.46,4.55,5.74,7.04,8.47,10.04,11.76,13.64,15.71,17.98,20.46,23.19,26.18,29.45,33.05,36.99,41.31,46.05,51.25,56.94,63.19,70.04,77.55,85.79,94.83,104.73,115.59,127.5,140.56,154.88,170.58,187.8,206.68,227.39,250.1,275,412.5,262.466,275.033,102201
13006,102200,723410.3,473616.8,44218.63405,3086,201.9,46.16,45.68,0.021,-0.48,17,1.608,1.055,244.2,244.1,236.6,195.2,139.8,92.91,59,48.79,48.86,49.04,51.47,81.13,123.9,181.4,250,328.3,419.9,522.9,610.4,695.1,759.9,768.1,768.7,768.7,767.9,758.9,717.8,630.3,505.7,383.6,274.9,192.9,165.1,165.3,166.1,168.4,171.2,173.4,175.5,175.9,3.32,2.19,2.04,2.18,2.17,1.89,1.46,1.28,1.36,1.41,1.41,1.63,1.94,2.29,2.61,2.88,3.12,3.3,3.44,3.54,3.61,3.67,3.73,3.83,3.95,4.07,4.13,4.09,3.95,3.74,3.54,3.56,4.22,5.96,9.32,98,98,98,98,98,0,0.75,1.57,2.47,3.46,4.55,5.74,7.04,8.47,10.04,11.76,13.64,15.71,17.98,20.46,23.19,26.18,29.45,33.05,36.99,41.31,46.05,51.25,56.94,63.19,70.04,77.55,85.79,94.83,104.73,115.59,127.5,140.56,154.88,170.58,187.8,206.68,227.39,250.1,275,0.75,1.57,2.47,3.46,4.55,5.74,7.04,8.47,10.04,11.76,13.64,15.71,17.98,20.46,23.19,26.18,29.45,33.05,36.99,41.31,46.05,51.25,56.94,63.19,70.04,77.55,85.79,94.83,104.73,115.59,127.5,140.56,154.88,170.58,187.8,206.68,227.39,250.1,275,412.5,44.942,100.404,102201
13050,102200,724721,473140,44218.63458,3126,206.2,75.37,72.88,0.0137,-2.49,10,4.358,1.055,274.7,274.4,235.6,161.5,96.67,73.02,72.77,75.83,99.1,164.7,285.5,416.2,567.9,712.3,888.2,1086,1276,1453,1588,1671,1698,1699,1699,1699,1694,1662,1550,1298,982.7,719.7,525.3,393.7,325.2,314.4,314.3,314.5,315.1,315.6,315.8,315.9,4.24,2.8,2.28,2.1,1.92,1.7,1.52,1.5,1.78,2.31,2.88,3.36,3.73,3.99,4.19,4.33,4.44,4.51,4.55,4.58,4.6,4.62,4.67,4.73,4.8,4.85,4.84,4.78,4.67,4.59,4.59,4.72,5.09,5.94,7.6,98,98,98,98,98,0,0.75,1.57,2.47,3.46,4.55,5.74,7.04,8.47,10.04,11.76,13.64,15.71,17.98,20.46,23.19,26.18,29.45,33.05,36.99,41.31,46.05,51.25,56.94,63.19,70.04,77.55,85.79,94.83,104.73,115.59,127.5,140.56,154.88,170.58,187.8,206.68,227.39,250.1,275,0.75,1.57,2.47,3.46,4.55,5.74,7.04,8.47,10.04,11.76,13.64,15.71,17.98,20.46,23.19,26.18,29.45,33.05,36.99,41.31,46.05,51.25,56.94,63.19,70.04,77.55,85.79,94.83,104.73,115.59,127.5,140.56,154.88,170.58,187.8,206.68,227.39,250.1,275,412.5,12.542,20.919,102201
13094,102200,725903.1,472582.4,44218.63508,3166,207.7,36.98,34.46,0.0268,-2.52,9,1.141,1.055,297.3,297,283.6,239.3,174.9,113.8,68.1,50.37,50.42,51.69,64.91,142.1,212.4,262.2,342.1,415.9,480.7,530,560,565.8,565.6,565,564.2,563.3,560.8,536.6,472.3,390.7,321.9,268.3,245.6,244.8,244.9,245.2,247.5,258.5,276.8,293.3,306.8,322.9,3.38,2.23,2.07,2.22,2.26,1.98,1.5,1.25,1.31,1.34,1.49,1.98,2.41,2.71,2.94,3.09,3.18,3.21,3.22,3.26,3.39,3.66,4.12,4.78,5.64,6.69,7.93,9.43,98,98,98,98,98,98,98,98,98,98,98,98,0,0.75,1.57,2.47,3.46,4.55,5.74,7.04,8.47,10.04,11.76,13.64,15.71,17.98,20.46,23.19,26.18,29.45,33.05,36.99,41.31,46.05,51.25,56.94,63.19,70.04,77.55,85.79,94.83,104.73,115.59,127.5,140.56,154.88,170.58,187.8,206.68,227.39,250.1,275,0.75,1.57,2.47,3.46,4.55,5.74,7.04,8.47,10.04,11.76,13.64,15.71,17.98,20.46,23.19,26.18,29.45,33.05,36.99,41.31,46.05,51.25,56.94,63.19,70.04,77.55,85.79,94.83,104.73,115.59,127.5,140.56,154.88,170.58,187.8,206.68,227.39,250.1,275,412.5,13.194,16.958,102201
13136,102200,727122.5,472101.5,44218.63558,3206,204.6,38.23,37.49,0.0253,-0.74,37,1.984,1.055,228.6,228.5,223.5,199,161.5,123.4,89.39,67.16,58.74,58.01,57.93,57.91,62.69,87.69,145.4,227.5,336,461.8,615,777.7,944.2,1105,1247,1346,1380,1383,1383,1383,1381,1331,1147,885,588.4,294.5,72.62,9.52,15.81,14.38,6.76,21.07,3.02,1.98,1.91,2.11,2.18,1.99,1.65,1.39,1.35,1.42,1.44,1.38,1.35,1.55,1.9,2.28,2.63,2.94,3.22,3.45,3.63,3.75,3.82,3.84,3.82,3.79,3.78,3.8,3.81,3.78,3.65,3.38,2.95,2.33,1.5,0.32,0.75,0.94,0.29,0.62,0,0.75,1.57,2.47,3.46,4.55,5.74,7.04,8.47,10.04,11.76,13.64,15.71,17.98,20.46,23.19,26.18,29.45,33.05,36.99,41.31,46.05,51.25,56.94,63.19,70.04,77.55,85.79,94.83,104.73,115.59,127.5,140.56,154.88,170.58,187.8,206.68,227.39,250.1,275,0.75,1.57,2.47,3.46,4.55,5.74,7.04,8.47,10.04,11.76,13.64,15.71,17.98,20.46,23.19,26.18,29.45,33.05,36.99,41.31,46.05,51.25,56.94,63.19,70.04,77.55,85.79,94.83,104.73,115.59,127.5,140.56,154.88,170.58,187.8,206.68,227.39,250.1,275,412.5,269.689,275.033,102201
13178,102200,728281.9,471642.8,44218.63606,3246,200.1,42.55,41.7,0.0226,-0.85,19,2.36,1.055,211.8,200.1,173.8,146.9,129.8,111.5,94.69,83.1,80.6,80.61,80.65,81.6,89.55,107.6,137.3,184.8,226.6,288.5,361.5,434.6,496.1,555.2,617.9,634.8,642.5,642.9,643,642.6,635.2,619.6,534.9,460.4,353,231.2,173.3,144.1,142.1,142,143,143.7,3.17,2.01,1.81,1.94,2.02,1.9,1.67,1.53,1.55,1.62,1.63,1.57,1.57,1.67,1.85,2.05,2.2,2.36,2.52,2.67,2.8,2.91,3,3.06,3.12,3.22,3.39,3.66,4.03,4.53,5.18,6.16,7.75,98,98,98,98,98,98,98,0,0.75,1.57,2.47,3.46,4.55,5.74,7.04,8.47,10.04,11.76,13.64,15.71,17.98,20.46,23.19,26.18,29.45,33.05,36.99,41.31,46.05,51.25,56.94,63.19,70.04,77.55,85.79,94.83,104.73,115.59,127.5,140.56,154.88,170.58,187.8,206.68,227.39,250.1,275,0.75,1.57,2.47,3.46,4.55,5.74,7.04,8.47,10.04,11.76,13.64,15.71,17.98,20.46,23.19,26.18,29.45,33.05,36.99,41.31,46.05,51.25,56.94,63.19,70.04,77.55,85.79,94.83,104.73,115.59,127.5,140.56,154.88,170.58,187.8,206.68,227.39,250.1,275,412.5,46.28,74.739,102201
13222,102300,727592.4,470983.4,44218.63706,3286,200.8,43.36,43.7,0.0238,0.34,8,2.104,1.055,333.7,322.1,276.7,253.9,194.9,118.3,68.33,39.67,39.31,39.43,47.42,83.78,149.3,202.1,245.2,315,374.1,424.1,432.1,432.3,432.1,425.5,402.9,380,351.4,335.6,332.1,331.9,331.8,331.6,329.7,327.9,321.3,274.1,199.8,178.2,176,175.7,175.6,175.5,3.86,2.51,2.17,2.33,2.45,2.23,1.71,1.2,1.22,1.3,1.4,1.76,2.2,2.55,2.82,3.06,3.25,3.38,3.45,3.49,3.51,3.52,3.54,3.6,3.82,4.34,5.34,7.04,9.65,98,98,98,98,98,98,98,98,98,98,98,0,0.75,1.57,2.47,3.46,4.55,5.74,7.04,8.47,10.04,11.76,13.64,15.71,17.98,20.46,23.19,26.18,29.45,33.05,36.99,41.31,46.05,51.25,56.94,63.19,70.04,77.55,85.79,94.83,104.73,115.59,127.5,140.56,154.88,170.58,187.8,206.68,227.39,250.1,275,0.75,1.57,2.47,3.46,4.55,5.74,7.04,8.47,10.04,11.76,13.64,15.71,17.98,20.46,23.19,26.18,29.45,33.05,36.99,41.31,46.05,51.25,56.94,63.19,70.04,77.55,85.79,94.83,104.73,115.59,127.5,140.56,154.88,170.58,187.8,206.68,227.39,250.1,275,412.5,11.14,14.776,102301
13266,102300,726806.2,471375.3,44218.63758,3326,204.2,26.39,26.35,0.0356,-0.04,37,2.054,1.055,315.8,315.7,310,293.9,245,177.6,102.4,49.44,45.61,45.59,63.37,134.7,274.5,430.8,609.3,784.8,996.2,1219,1430,1636,1817,1938,1991,1996,1997,1997,1995,1972,1786,1508,1179,819.8,466.2,159,14.23,13.42,11.9,6.45,9.1,24.55,3.06,2,1.96,2.29,2.47,2.27,1.72,1.15,1.16,1.17,1.31,1.84,2.44,2.93,3.29,3.56,3.76,3.92,4.05,4.13,4.18,4.18,4.15,4.08,4.01,3.94,3.87,3.79,3.66,3.48,3.24,2.91,2.43,1.7,0.38,0.48,0.75,0.48,0.63,0.84,0,0.75,1.57,2.47,3.46,4.55,5.74,7.04,8.47,10.04,11.76,13.64,15.71,17.98,20.46,23.19,26.18,29.45,33.05,36.99,41.31,46.05,51.25,56.94,63.19,70.04,77.55,85.79,94.83,104.73,115.59,127.5,140.56,154.88,170.58,187.8,206.68,227.39,250.1,275,0.75,1.57,2.47,3.46,4.55,5.74,7.04,8.47,10.04,11.76,13.64,15.71,17.98,20.46,23.19,26.18,29.45,33.05,36.99,41.31,46.05,51.25,56.94,63.19,70.04,77.55,85.79,94.83,104.73,115.59,127.5,140.56,154.88,170.58,187.8,206.68,227.39,250.1,275,412.5,261.573,275.033,102301
13308,102300,725949.5,471712.5,44218.6381,3366,204.9,35.95,33.62,0.0265,-2.33,29,2.142,1.055,360.7,359.8,338.2,259.4,163.8,91.26,60.03,60.03,60.3,86.62,183.6,363,604.7,848.4,1124,1433,1754,2061,2345,2600,2809,2893,2901,2901,2900,2898,2890,2783,2413,1979,1491,975.4,504.1,154,17.43,20.59,19.91,7.67,7.6,54.67,3.7,2.47,2.2,2.2,2.06,1.66,1.28,1.26,1.28,1.5,2.05,2.69,3.26,3.72,4.08,4.34,4.53,4.65,4.72,4.74,4.71,4.65,4.57,4.49,4.42,4.35,4.29,4.19,4.03,3.8,3.49,3.08,2.53,1.75,0.43,0.58,1.12,0.74,0.44,1.13,0,0.75,1.57,2.47,3.46,4.55,5.74,7.04,8.47,10.04,11.76,13.64,15.71,17.98,20.46,23.19,26.18,29.45,33.05,36.99,41.31,46.05,51.25,56.94,63.19,70.04,77.55,85.79,94.83,104.73,115.59,127.5,140.56,154.88,170.58,187.8,206.68,227.39,250.1,275,0.75,1.57,2.47,3.46,4.55,5.74,7.04,8.47,10.04,11.76,13.64,15.71,17.98,20.46,23.19,26.18,29.45,33.05,36.99,41.31,46.05,51.25,56.94,63.19,70.04,77.55,85.79,94.83,104.73,115.59,127.5,140.56,154.88,170.58,187.8,206.68,227.39,250.1,275,412.5,254.139,268.575,102301
13348,102300,725199.1,472032.7,44218.63856,3406,203.9,39.07,38.18,0.0253,-0.89,10,1.613,1.055,331.6,303.9,273.4,238.2,156.4,92.23,86.14,86.39,90.22,141.8,254.7,376.6,624.5,866,1169,1469,1792,2074,2327,2507,2538,2539,2539,2538,2535,2414,2129,1757,1324,938.6,598.6,447.9,351,278.3,267.3,267.2,267.3,268.4,268.7,268.8,3.77,2.44,2.12,2.13,2.01,1.66,1.47,1.42,1.49,1.83,2.29,2.76,3.24,3.68,4.07,4.4,4.68,4.92,5.13,5.32,5.51,5.74,6.05,6.47,7.02,7.73,8.65,9.87,98,98,98,98,98,98,98,98,98,98,98,98,0,0.75,1.57,2.47,3.46,4.55,5.74,7.04,8.47,10.04,11.76,13.64,15.71,17.98,20.46,23.19,26.18,29.45,33.05,36.99,41.31,46.05,51.25,56.94,63.19,70.04,77.55,85.79,94.83,104.73,115.59,127.5,140.56,154.88,170.58,187.8,206.68,227.39,250.1,275,0.75,1.57,2.47,3.46,4.55,5.74,7.04,8.47,10.04,11.76,13.64,15.71,17.98,20.46,23.19,26.18,29.45,33.05,36.99,41.31,46.05,51.25,56.94,63.19,70.04,77.55,85.79,94.83,104.73,115.59,127.5,140.56,154.88,170.58,187.8,206.68,227.39,250.1,275,412.5,14.828,22.314,102301
13394,102300,724155.9,472470.5,44218.63925,3446,206.2,38.92,36.71,0.0271,-2.21,19,1.685,1.055,446.7,446.7,443.4,401.8,312.5,203.7,110.7,53.08,48.32,48.65,55.81,119,183.2,265.5,317.3,387.6,425.2,452.7,455.5,455.4,455.2,454.7,454.2,454,454,454.3,455.6,458.8,463.4,466.4,467.7,467.8,461.9,447.6,407.6,361.4,307.9,281,278.7,278.4,3.87,2.55,2.28,2.43,2.55,2.37,1.85,1.25,1.2,1.25,1.35,1.83,2.26,2.59,2.78,2.88,2.89,2.84,2.76,2.68,2.61,2.55,2.51,2.47,2.43,2.39,2.36,2.34,2.36,2.47,2.76,3.37,4.5,6.42,9.52,98,98,98,98,98,0,0.75,1.57,2.47,3.46,4.55,5.74,7.04,8.47,10.04,11.76,13.64,15.71,17.98,20.46,23.19,26.18,29.45,33.05,36.99,41.31,46.05,51.25,56.94,63.19,70.04,77.55,85.79,94.83,104.73,115.59,127.5,140.56,154.88,170.58,187.8,206.68,227.39,250.1,275,0.75,1.57,2.47,3.46,4.55,5.74,7.04,8.47,10.04,11.76,13.64,15.71,17.98,20.46,23.19,26.18,29.45,33.05,36.99,41.31,46.05,51.25,56.94,63.19,70.04,77.55,85.79,94.83,104.73,115.59,127.5,140.56,154.88,170.58,187.8,206.68,227.39,250.1,275,412.5,56.814,81.871,102301
13436,102300,723288.5,472789.6,44218.63975,3486,205,39.02,37.7,0.024,-1.32,36,2.026,1.055,325.2,324.9,301.8,238.2,162.2,94.32,46.47,29.15,29.15,35.57,95.15,216.3,397.9,599.4,816.9,1042,1271,1507,1740,1963,2167,2309,2362,2368,2368,2368,2366,2358,2180,1897,1527,1111,673.9,276.1,28.5,7.88,21.44,20.09,20.02,37.21,3.47,2.3,2.12,2.27,2.29,1.96,1.35,1.03,1.08,1.15,1.81,2.59,3.31,3.89,4.31,4.59,4.76,4.84,4.86,4.84,4.79,4.72,4.65,4.6,4.58,4.61,4.66,4.7,4.68,4.54,4.24,3.73,2.98,1.98,0.76,0.28,0.92,0.75,0.74,0.92,0,0.75,1.57,2.47,3.46,4.55,5.74,7.04,8.47,10.04,11.76,13.64,15.71,17.98,20.46,23.19,26.18,29.45,33.05,36.99,41.31,46.05,51.25,56.94,63.19,70.04,77.55,85.79,94.83,104.73,115.59,127.5,140.56,154.88,170.58,187.8,206.68,227.39,250.1,275,0.75,1.57,2.47,3.46,4.55,5.74,7.04,8.47,10.04,11.76,13.64,15.71,17.98,20.46,23.19,26.18,29.45,33.05,36.99,41.31,46.05,51.25,56.94,63.19,70.04,77.55,85.79,94.83,104.73,115.59,127.5,140.56,154.88,170.58,187.8,206.68,227.39,250.1,275,412.5,249.094,275.033,102301
13476,102300,722447.7,473110.5,44218.64021,3526,206.3,40.02,40.02,0.0251,0,35,1.806,1.055,166.2,157.6,153.3,149.8,143,141.2,141.2,143.2,185.3,285.2,435.4,599.8,753.2,927.7,1095,1254,1385,1463,1496,1529,1529,1529,1527,1517,1368,1121,840.3,574.6,401.9,220.2,157.2,78.06,56.08,42.84,27.33,11.65,11.07,17.27,42.6,72.52,2.75,1.77,1.76,1.97,2.03,1.92,1.77,1.74,1.99,2.42,2.89,3.26,3.52,3.68,3.76,3.77,3.73,3.66,3.58,3.51,3.44,3.38,3.31,3.19,2.99,2.68,2.32,1.93,1.6,1.28,1.15,0.84,0.78,0.76,0.71,0.51,0.53,0.79,1.21,1.51,0,0.75,1.57,2.47,3.46,4.55,5.74,7.04,8.47,10.04,11.76,13.64,15.71,17.98,20.46,23.19,26.18,29.45,33.05,36.99,41.31,46.05,51.25,56.94,63.19,70.04,77.55,85.79,94.83,104.73,115.59,127.5,140.56,154.88,170.58,187.8,206.68,227.39,250.1,275,0.75,1.57,2.47,3.46,4.55,5.74,7.04,8.47,10.04,11.76,13.64,15.71,17.98,20.46,23.19,26.18,29.45,33.05,36.99,41.31,46.05,51.25,56.94,63.19,70.04,77.55,85.79,94.83,104.73,115.59,127.5,140.56,154.88,170.58,187.8,206.68,227.39,250.1,275,412.5,233.112,253.93,102301
13520,102300,721426.6,473541.4,44218.64081,3566,214.7,35.03,32.26,0.0242,-2.77,27,4.004,1.055,618.8,561.2,428.6,275.8,140.1,48.66,36.36,42.06,178.2,459.2,829.8,1320,1913,2525,3173,3886,4586,5284,5951,6483,6794,6867,6873,6873,6869,6859,6628,5913,5027,3853,2599,1308,211.1,6.74,84.56,74.49,5.23,17.39,77.29,94.01,5.34,3.53,2.71,2.3,1.92,1.31,0.94,1.06,2.19,3.25,4.12,4.78,5.25,5.55,5.73,5.83,5.88,5.91,5.92,5.94,5.98,6.04,6.13,6.25,6.38,6.47,6.47,6.31,5.95,5.34,4.47,3.35,2,0.1,1.57,1.59,0.27,0.98,1.47,1.32,0,0.75,1.57,2.47,3.46,4.55,5.74,7.04,8.47,10.04,11.76,13.64,15.71,17.98,20.46,23.19,26.18,29.45,33.05,36.99,41.31,46.05,51.25,56.94,63.19,70.04,77.55,85.79,94.83,104.73,115.59,127.5,140.56,154.88,170.58,187.8,206.68,227.39,250.1,275,0.75,1.57,2.47,3.46,4.55,5.74,7.04,8.47,10.04,11.76,13.64,15.71,17.98,20.46,23.19,26.18,29.45,33.05,36.99,41.31,46.05,51.25,56.94,63.19,70.04,77.55,85.79,94.83,104.73,115.59,127.5,140.56,154.88,170.58,187.8,206.68,227.39,250.1,275,412.5,225.783,237.337,102301
13562,102300,720620.8,473893.2,44218.64131,3606,210.4,34.83,35.2,0.0269,0.37,28,1.347,1.055,233.8,233.8,233.7,234.1,242,264.2,302.3,367.1,463.9,586.7,740.1,945.8,1187,1482,1808,2150,2484,2762,2982,3047,3049,3049,3047,3035,2845,2389,1745,1056,461.8,134.3,57.68,57.75,24.14,24.13,23.9,11.77,6.51,16.12,38.36,48.15,2.65,1.71,1.71,1.97,2.11,2.11,2.09,2.18,2.38,2.67,2.97,3.25,3.49,3.67,3.8,3.88,3.91,3.91,3.88,3.83,3.78,3.75,3.7,3.62,3.46,3.16,2.71,2.15,1.52,0.91,0.57,0.84,0.46,0.59,0.8,0.73,0.39,1,1.29,1.46,0,0.75,1.57,2.47,3.46,4.55,5.74,7.04,8.47,10.04,11.76,13.64,15.71,17.98,20.46,23.19,26.18,29.45,33.05,36.99,41.31,46.05,51.25,56.94,63.19,70.04,77.55,85.79,94.83,104.73,115.59,127.5,140.56,154.88,170.58,187.8,206.68,227.39,250.1,275,0.75,1.57,2.47,3.46,4.55,5.74,7.04,8.47,10.04,11.76,13.64,15.71,17.98,20.46,23.19,26.18,29.45,33.05,36.99,41.31,46.05,51.25,56.94,63.19,70.04,77.55,85.79,94.83,104.73,115.59,127.5,140.56,154.88,170.58,187.8,206.68,227.39,250.1,275,412.5,230.901,250.803,102301
13604,102300,719845.9,474322.2,44218.64184,3646,217.2,30.2,30.04,0.0308,-0.16,23,3.512,1.055,183.9,183.2,167.3,128.8,109.3,109.3,110,119.5,246.5,450.9,743.3,1118,1554,2046,2591,3179,3770,4352,4884,5334,5541,5597,5600,5600,5596,5585,5345,4699,3796,2751,1643,617.2,48.44,16.52,57.46,53.77,8.32,20.41,55.14,86.61,2.77,1.86,1.78,1.81,1.72,1.57,1.45,1.56,2.13,2.77,3.37,3.87,4.28,4.59,4.81,4.97,5.07,5.11,5.12,5.1,5.07,5.04,5.03,5.07,5.13,5.18,5.18,5.06,4.75,4.21,3.38,2.25,0.82,0.25,1.31,1.71,0.57,0.93,1.31,1.7,0,0.75,1.57,2.47,3.46,4.55,5.74,7.04,8.47,10.04,11.76,13.64,15.71,17.98,20.46,23.19,26.18,29.45,33.05,36.99,41.31,46.05,51.25,56.94,63.19,70.04,77.55,85.79,94.83,104.73,115.59,127.5,140.56,154.88,170.58,187.8,206.68,227.39,250.1,275,0.75,1.57,2.47,3.46,4.55,5.74,7.04,8.47,10.04,11.76,13.64,15.71,17.98,20.46,23.19,26.18,29.45,33.05,36.99,41.31,46.05,51.25,56.94,63.19,70.04,77.55,85.79,94.83,104.73,115.59,127.5,140.56,154.88,170.58,187.8,206.68,227.39,250.1,275,412.5,219.882,235.029,102301
13648,102300,718545.3,474667.7,44218.64259,3686,215.3,50.56,50.73,0.0198,0.17,19,4.9,1.055,352.5,355.2,371.4,406.1,438.4,474.4,532.2,651.8,797.4,945.1,1192,1461,1777,2123,2264,2901,3108,3164,3209,3211,3210,3194,3126,2874,2400,1520,718.8,142.6,123.1,130.6,86.56,21.51,30.67,31.15,14.91,5.65,29.08,91.18,136.4,272,3.01,1.88,1.78,2.09,2.4,2.55,2.58,2.6,2.67,2.84,3.1,3.41,3.7,3.94,4.07,4.14,4.08,3.94,3.76,3.59,3.47,3.39,3.34,3.23,2.98,2.5,1.76,0.76,0.86,1.02,1.05,0.41,0.8,0.99,1.03,0.34,1.5,2.43,3.47,4.91,0,0.75,1.57,2.47,3.46,4.55,5.74,7.04,8.47,10.04,11.76,13.64,15.71,17.98,20.46,23.19,26.18,29.45,33.05,36.99,41.31,46.05,51.25,56.94,63.19,70.04,77.55,85.79,94.83,104.73,115.59,127.5,140.56,154.88,170.58,187.8,206.68,227.39,250.1,275,0.75,1.57,2.47,3.46,4.55,5.74,7.04,8.47,10.04,11.76,13.64,15.71,17.98,20.46,23.19,26.18,29.45,33.05,36.99,41.31,46.05,51.25,56.94,63.19,70.04,77.55,85.79,94.83,104.73,115.59,127.5,140.56,154.88,170.58,187.8,206.68,227.39,250.1,275,412.5,194.543,210.183,102301
13690,102300,717407,475219.8,44218.64325,3726,191.8,52.46,55.66,0.0204,3.2,33,2.109,1.055,160,160.1,122.7,76.01,49.85,49.75,49.78,50.42,60.39,120.1,222,356.7,512.6,697,887.3,1076,1241,1353,1402,1402,1402,1402,1401,1397,1320,1180,894.2,620.4,349.7,131.9,26.7,25.9,25.92,18.62,10.73,11.59,26.17,43.66,49.83,49.48,3.72,2.55,2.15,1.88,1.56,1.42,1.43,1.47,1.61,2.09,2.69,3.27,3.77,4.19,4.48,4.67,4.73,4.71,4.61,4.47,4.33,4.21,4.11,4.01,3.86,3.63,3.28,2.82,2.23,1.49,0.61,0.78,0.83,0.79,0.64,0.67,1.13,1.41,1.41,1.37,0,0.75,1.57,2.47,3.46,4.55,5.74,7.04,8.47,10.04,11.76,13.64,15.71,17.98,20.46,23.19,26.18,29.45,33.05,36.99,41.31,46.05,51.25,56.94,63.19,70.04,77.55,85.79,94.83,104.73,115.59,127.5,140.56,154.88,170.58,187.8,206.68,227.39,250.1,275,0.75,1.57,2.47,3.46,4.55,5.74,7.04,8.47,10.04,11.76,13.64,15.71,17.98,20.46,23.19,26.18,29.45,33.05,36.99,41.31,46.05,51.25,56.94,63.19,70.04,77.55,85.79,94.83,104.73,115.59,127.5,140.56,154.88,170.58,187.8,206.68,227.39,250.1,275,412.5,214.832,244.329,102301
13730,102300,716565.2,475602.3,44218.64372,3766,188.7,47.91,52.52,0.0208,4.61,32,1.792,1.055,247.8,248.5,248.2,246.7,245.7,245.5,249.8,262.9,334.4,473.2,670.7,925.3,1241,1593,1950,2252,2595,2802,2855,2862,2863,2863,2861,2771,2367,1703,931.7,265,24.56,59.37,75.98,73.2,29.33,11.58,11.7,27.57,45.28,57.16,57.19,57.11,2.94,1.89,1.82,2.07,2.24,2.19,2.02,1.94,2.13,2.54,3.03,3.5,3.89,4.15,4.29,4.32,4.26,4.14,4,3.88,3.8,3.76,3.72,3.64,3.42,3.03,2.43,1.6,0.28,0.9,1,1.1,0.8,0.47,0.56,1.06,1.28,1.37,1.32,0.99,0,0.75,1.57,2.47,3.46,4.55,5.74,7.04,8.47,10.04,11.76,13.64,15.71,17.98,20.46,23.19,26.18,29.45,33.05,36.99,41.31,46.05,51.25,56.94,63.19,70.04,77.55,85.79,94.83,104.73,115.59,127.5,140.56,154.88,170.58,187.8,206.68,227.39,250.1,275,0.75,1.57,2.47,3.46,4.55,5.74,7.04,8.47,10.04,11.76,13.64,15.71,17.98,20.46,23.19,26.18,29.45,33.05,36.99,41.31,46.05,51.25,56.94,63.19,70.04,77.55,85.79,94.83,104.73,115.59,127.5,140.56,154.88,170.58,187.8,206.68,227.39,250.1,275,412.5,209.284,247.681,102301
13770,102300,715733.1,475945.3,44218.64418,3806,197.4,45.45,44.83,0.0215,-0.62,26,2.424,1.055,217.6,217.4,205.2,162.8,114.5,72.09,55.07,55.11,60.43,68.82,99.72,166.6,265,363.6,470.8,590,705.2,805.6,860.5,873,873.2,873.1,868,850.9,725.1,572.4,413.9,288,186.1,135.4,125.7,94.91,95.09,121.4,138.7,163,190.2,207.9,223.4,248.2,3.26,2.18,2.05,2.13,2.02,1.65,1.34,1.36,1.48,1.57,1.78,2.15,2.58,2.95,3.26,3.49,3.64,3.7,3.69,3.62,3.53,3.45,3.35,3.23,3.03,2.75,2.42,2.08,1.79,1.62,1.55,1.33,1.34,1.72,2.41,3.69,5.75,8.79,98,98,0,0.75,1.57,2.47,3.46,4.55,5.74,7.04,8.47,10.04,11.76,13.64,15.71,17.98,20.46,23.19,26.18,29.45,33.05,36.99,41.31,46.05,51.25,56.94,63.19,70.04,77.55,85.79,94.83,104.73,115.59,127.5,140.56,154.88,170.58,187.8,206.68,227.39,250.1,275,0.75,1.57,2.47,3.46,4.55,5.74,7.04,8.47,10.04,11.76,13.64,15.71,17.98,20.46,23.19,26.18,29.45,33.05,36.99,41.31,46.05,51.25,56.94,63.19,70.04,77.55,85.79,94.83,104.73,115.59,127.5,140.56,154.88,170.58,187.8,206.68,227.39,250.1,275,412.5,143.346,176.055,102301
13812,102300,714717.3,476359.2,44218.64472,3846,198.4,42.09,42.47,0.0225,0.38,18,2.51,1.055,165.6,165.6,151.8,106.6,76.4,76.44,76.85,80.19,92.47,143.1,225.4,325.7,477,638,796.5,933.4,1029,1054,1054,1054,1053,1051,976.1,778.7,525.9,242.8,80.22,25.68,25.62,39.62,93.1,159.2,207.3,253.6,270.1,272.4,272.6,272.7,272.8,272.9,3.04,2.05,1.9,1.86,1.7,1.59,1.55,1.58,1.71,2.03,2.44,2.84,3.22,3.52,3.72,3.82,3.84,3.8,3.75,3.73,3.74,3.76,3.72,3.56,3.23,2.69,1.96,1.02,0.75,1,1.8,3.06,4.87,7.41,98,98,98,98,98,98,0,0.75,1.57,2.47,3.46,4.55,5.74,7.04,8.47,10.04,11.76,13.64,15.71,17.98,20.46,23.19,26.18,29.45,33.05,36.99,41.31,46.05,51.25,56.94,63.19,70.04,77.55,85.79,94.83,104.73,115.59,127.5,140.56,154.88,170.58,187.8,206.68,227.39,250.1,275,0.75,1.57,2.47,3.46,4.55,5.74,7.04,8.47,10.04,11.76,13.64,15.71,17.98,20.46,23.19,26.18,29.45,33.05,36.99,41.31,46.05,51.25,56.94,63.19,70.04,77.55,85.79,94.83,104.73,115.59,127.5,140.56,154.88,170.58,187.8,206.68,227.39,250.1,275,412.5,97.724,110.351,102301
13852,102300,713900.2,476692.1,44218.64519,3886,198.2,38.74,38.73,0.0242,-0.01,37,1.514,1.055,174.4,177.1,202.1,244,298.6,357.9,420.4,495,581.1,695.5,809.9,971.8,1147,1331,1528,1688,1757,1775,1777,1777,1776,1725,1447,992.8,503.9,117.3,30.76,44.56,65.11,65.05,63.53,38.78,13.16,12.64,18.04,37.19,51.57,58.73,58.75,58.71,2.25,1.48,1.69,2.1,2.38,2.48,2.51,2.56,2.68,2.88,3.1,3.31,3.47,3.55,3.56,3.5,3.39,3.28,3.21,3.19,3.17,3.1,2.87,2.43,1.8,1.02,0.42,0.71,0.93,0.95,1.04,0.97,0.5,0.65,0.84,1.22,1.4,1.44,1.46,1.62,0,0.75,1.57,2.47,3.46,4.55,5.74,7.04,8.47,10.04,11.76,13.64,15.71,17.98,20.46,23.19,26.18,29.45,33.05,36.99,41.31,46.05,51.25,56.94,63.19,70.04,77.55,85.79,94.83,104.73,115.59,127.5,140.56,154.88,170.58,187.8,206.68,227.39,250.1,275,0.75,1.57,2.47,3.46,4.55,5.74,7.04,8.47,10.04,11.76,13.64,15.71,17.98,20.46,23.19,26.18,29.45,33.05,36.99,41.31,46.05,51.25,56.94,63.19,70.04,77.55,85.79,94.83,104.73,115.59,127.5,140.56,154.88,170.58,187.8,206.68,227.39,250.1,275,412.5,189.399,220.793,102301
13894,102300,712860.1,477119.4,44218.64576,3926,204.5,44.47,45.53,0.0199,1.06,30,1.455,1.055,147.6,160.7,167.3,208.9,274.6,382.9,517.5,684.5,887.6,1101,1358,1652,1942,2264,2575,2743,2793,2811,2814,2814,2809,2694,2245,1494,691.9,97.1,18.68,63.17,72.5,72.46,64.81,25.16,12.28,12.27,25.3,45.66,56.46,56.53,56.45,47.84,2.12,1.46,1.63,1.96,2.23,2.48,2.75,3.08,3.42,3.74,4.02,4.22,4.35,4.39,4.36,4.27,4.17,4.08,4.04,4.01,3.97,3.82,3.48,2.88,2.03,0.99,0.25,1.1,1.05,1.1,1.22,0.83,0.59,0.65,1.08,1.37,1.43,1.42,1.4,1.14,0,0.75,1.57,2.47,3.46,4.55,5.74,7.04,8.47,10.04,11.76,13.64,15.71,17.98,20.46,23.19,26.18,29.45,33.05,36.99,41.31,46.05,51.25,56.94,63.19,70.04,77.55,85.79,94.83,104.73,115.59,127.5,140.56,154.88,170.58,187.8,206.68,227.39,250.1,275,0.75,1.57,2.47,3.46,4.55,5.74,7.04,8.47,10.04,11.76,13.64,15.71,17.98,20.46,23.19,26.18,29.45,33.05,36.99,41.31,46.05,51.25,56.94,63.19,70.04,77.55,85.79,94.83,104.73,115.59,127.5,140.56,154.88,170.58,187.8,206.68,227.39,250.1,275,412.5,194.126,237.819,102301
13934,102300,712123.1,477403.9,44218.64623,3966,209.8,43.22,47.87,0.0217,4.65,38,1.604,1.055,215.9,215.6,215.4,215.1,233.8,281.9,344.2,455.7,574.2,741.3,943.3,1185,1355,1647,1890,2002,2054,2084,2086,2086,2082,1883,1401,800.1,234.4,26.24,37.86,62.71,62.31,52.99,38.65,21.63,13.26,13.24,22.06,39.03,53.81,60.87,59.58,58.17,2.72,1.76,1.73,1.95,2.1,2.18,2.28,2.49,2.78,3.13,3.46,3.72,3.88,3.94,3.91,3.81,3.67,3.56,3.49,3.46,3.43,3.31,3,2.46,1.61,0.35,0.66,0.97,0.98,0.96,0.94,0.75,0.64,0.71,1,1.29,1.45,1.52,1.43,1.05,0,0.75,1.57,2.47,3.46,4.55,5.74,7.04,8.47,10.04,11.76,13.64,15.71,17.98,20.46,23.19,26.18,29.45,33.05,36.99,41.31,46.05,51.25,56.94,63.19,70.04,77.55,85.79,94.83,104.73,115.59,127.5,140.56,154.88,170.58,187.8,206.68,227.39,250.1,275,0.75,1.57,2.47,3.46,4.55,5.74,7.04,8.47,10.04,11.76,13.64,15.71,17.98,20.46,23.19,26.18,29.45,33.05,36.99,41.31,46.05,51.25,56.94,63.19,70.04,77.55,85.79,94.83,104.73,115.59,127.5,140.56,154.88,170.58,187.8,206.68,227.39,250.1,275,412.5,193.168,230.482,102301
13978,102300,711081.7,477590.2,44218.64689,4006,249.1,54.3,56.87,0.0179,2.57,35,1.51,1.055,958.7,959.2,960.1,960.9,968.8,1010,1052,1172,1288,1445,1602,1756,1997,2186,2300,2383,2482,2508,2512,2514,2514,2515,2431,2049,1621,1027,571.6,70,43.43,43.57,44.75,44.92,31.07,6.91,9.49,16.95,16.73,15.7,15.67,15.78,4.59,2.88,2.23,2.19,2.44,2.75,2.99,3.11,3.13,3.1,3.07,3.07,3.11,3.17,3.21,3.22,3.19,3.13,3.03,2.92,2.8,2.68,2.55,2.39,2.21,2,1.61,0.54,0.53,0.6,0.72,1.05,1.53,0.65,0.56,1.03,1.21,1.31,1.82,2.67,0,0.75,1.57,2.47,3.46,4.55,5.74,7.04,8.47,10.04,11.76,13.64,15.71,17.98,20.46,23.19,26.18,29.45,33.05,36.99,41.31,46.05,51.25,56.94,63.19,70.04,77.55,85.79,94.83,104.73,115.59,127.5,140.56,154.88,170.58,187.8,206.68,227.39,250.1,275,0.75,1.57,2.47,3.46,4.55,5.74,7.04,8.47,10.04,11.76,13.64,15.71,17.98,20.46,23.19,26.18,29.45,33.05,36.99,41.31,46.05,51.25,56.94,63.19,70.04,77.55,85.79,94.83,104.73,115.59,127.5,140.56,154.88,170.58,187.8,206.68,227.39,250.1,275,412.5,212.213,259.288,102301
14020,102300,710280.5,478140.8,44218.64751,4046,249.5,47.74,57.57,0.0358,9.83,33,1.538,1.055,802.3,800.6,796.1,789.6,761.4,747.3,747,753.5,763.3,773.2,776.4,776.2,774.8,770,760.3,758.3,756.9,759.4,761.9,774.4,908.6,1069,1108,1132,1159,1163,1052,732.8,280,27.18,45.61,53.59,43.75,12.52,12.96,24.95,36.85,38.96,37.38,23.61,5.12,3.31,2.56,2.41,2.56,2.78,2.92,2.93,2.82,2.67,2.54,2.45,2.41,2.4,2.38,2.34,2.25,2.15,2.06,2.03,2.1,2.18,2.2,2.18,2.19,2.23,2.26,2.14,1.66,0.35,0.76,0.87,1.11,0.54,0.57,1,1.15,1.11,1.33,1.66,0,0.75,1.57,2.47,3.46,4.55,5.74,7.04,8.47,10.04,11.76,13.64,15.71,17.98,20.46,23.19,26.18,29.45,33.05,36.99,41.31,46.05,51.25,56.94,63.19,70.04,77.55,85.79,94.83,104.73,115.59,127.5,140.56,154.88,170.58,187.8,206.68,227.39,250.1,275,0.75,1.57,2.47,3.46,4.55,5.74,7.04,8.47,10.04,11.76,13.64,15.71,17.98,20.46,23.19,26.18,29.45,33.05,36.99,41.31,46.05,51.25,56.94,63.19,70.04,77.55,85.79,94.83,104.73,115.59,127.5,140.56,154.88,170.58,187.8,206.68,227.39,250.1,275,412.5,215.792,275.033,102301
14060,102300,709546,478479.1,44218.64797,4086,235.3,52.77,53.42,0.0197,0.65,33,1.054,1.055,710.4,690.9,662.9,648.5,648.2,648.2,651.8,665.9,695.2,741.5,792.4,827.2,851.1,883.8,899.3,899.8,899.9,899.9,899.8,899.1,894.7,866,805.3,630.4,337.6,83.85,46.45,48.58,79.13,79.17,62.9,31.96,20.3,20.3,31.62,53.83,66.31,69.24,69.23,67.96,4.46,2.79,2.16,2.14,2.39,2.66,2.8,2.81,2.72,2.62,2.56,2.53,2.55,2.58,2.58,2.55,2.46,2.34,2.22,2.12,2.08,2.09,2.09,1.93,1.48,0.74,0.6,0.68,1,1.04,1.03,0.79,0.68,0.74,1.02,1.29,1.35,1.36,1.33,0.75,0,0.75,1.57,2.47,3.46,4.55,5.74,7.04,8.47,10.04,11.76,13.64,15.71,17.98,20.46,23.19,26.18,29.45,33.05,36.99,41.31,46.05,51.25,56.94,63.19,70.04,77.55,85.79,94.83,104.73,115.59,127.5,140.56,154.88,170.58,187.8,206.68,227.39,250.1,275,0.75,1.57,2.47,3.46,4.55,5.74,7.04,8.47,10.04,11.76,13.64,15.71,17.98,20.46,23.19,26.18,29.45,33.05,36.99,41.31,46.05,51.25,56.94,63.19,70.04,77.55,85.79,94.83,104.73,115.59,127.5,140.56,154.88,170.58,187.8,206.68,227.39,250.1,275,412.5,212.854,259.505,102301
14102,102300,708592.9,478887.8,44218.64855,4126,232.1,40.95,41.65,0.022,0.7,40,1.554,1.055,113.9,113.8,113.8,121.9,156.9,206.5,267.4,339.4,417.6,513.6,622.8,742.4,879.1,1041,1162,1224,1250,1252,1252,1251,1217,1062,724.2,357.1,64.4,18.75,60.51,82.69,82.85,70.43,31.9,16.12,16.13,18.14,33.49,44.51,47.17,47.1,46.8,43.31,2.23,1.51,1.61,1.83,2.01,2.18,2.39,2.64,2.92,3.17,3.36,3.49,3.54,3.54,3.5,3.43,3.38,3.36,3.38,3.4,3.33,3.08,2.58,1.84,0.93,0.35,1.13,1.21,1.21,1.22,0.92,0.64,0.78,0.84,1.23,1.37,1.31,1.29,1.37,1.45,0,0.75,1.57,2.47,3.46,4.55,5.74,7.04,8.47,10.04,11.76,13.64,15.71,17.98,20.46,23.19,26.18,29.45,33.05,36.99,41.31,46.05,51.25,56.94,63.19,70.04,77.55,85.79,94.83,104.73,115.59,127.5,140.56,154.88,170.58,187.8,206.68,227.39,250.1,275,0.75,1.57,2.47,3.46,4.55,5.74,7.04,8.47,10.04,11.76,13.64,15.71,17.98,20.46,23.19,26.18,29.45,33.05,36.99,41.31,46.05,51.25,56.94,63.19,70.04,77.55,85.79,94.83,104.73,115.59,127.5,140.56,154.88,170.58,187.8,206.68,227.39,250.1,275,412.5,192.454,238.533,102301
14144,102300,707584.1,479251.4,44218.64914,4166,239.2,44.66,47.89,0.0211,3.23,30,1.707,1.055,361.6,363,407.7,519.5,672.2,839.3,1032,1213,1435,1669,1881,1992,2068,2086,2087,2087,2086,2075,1896,1467,1095,629.5,191.2,40.88,28.57,44.11,69.37,76.32,76.51,65.64,28.76,16.55,16.15,26.65,47.38,66.66,76.76,79.47,81.9,86.76,2.84,1.74,1.72,2.18,2.72,3.15,3.44,3.59,3.64,3.64,3.6,3.53,3.46,3.39,3.34,3.31,3.28,3.21,3.05,2.77,2.39,1.89,1.26,0.52,0.45,0.75,1.05,1.14,1.2,1.24,0.9,0.71,0.77,1.05,1.37,1.55,1.61,1.61,1.51,1.19,0,0.75,1.57,2.47,3.46,4.55,5.74,7.04,8.47,10.04,11.76,13.64,15.71,17.98,20.46,23.19,26.18,29.45,33.05,36.99,41.31,46.05,51.25,56.94,63.19,70.04,77.55,85.79,94.83,104.73,115.59,127.5,140.56,154.88,170.58,187.8,206.68,227.39,250.1,275,0.75,1.57,2.47,3.46,4.55,5.74,7.04,8.47,10.04,11.76,13.64,15.71,17.98,20.46,23.19,26.18,29.45,33.05,36.99,41.31,46.05,51.25,56.94,63.19,70.04,77.55,85.79,94.83,104.73,115.59,127.5,140.56,154.88,170.58,187.8,206.68,227.39,250.1,275,412.5,187.219,229.731,102301
14184,102300,706765.7,479619.2,44218.64961,4206,213.8,42.2,43.62,0.0217,1.42,41,1.319,1.055,132.6,132.6,133.3,137.6,147.3,163.8,191.4,222.2,263.3,284.1,289.9,292,292.3,292.3,292.1,263.9,182.4,75.17,27.81,27.81,37.22,72.88,81.79,82,81.44,70.97,41.76,25.3,25.39,26.64,26.72,26.72,27.79,38.91,59.41,74.68,80.36,82.87,85.04,90.38,2.46,1.63,1.69,1.93,2.03,2.05,2.11,2.23,2.38,2.47,2.46,2.38,2.29,2.24,2.23,2.16,1.89,1.35,0.74,0.84,0.99,1.38,1.47,1.44,1.46,1.43,1.17,0.91,1,1.06,1.09,1.11,1.13,1.33,1.57,1.7,1.75,1.74,1.6,1.2,0,0.75,1.57,2.47,3.46,4.55,5.74,7.04,8.47,10.04,11.76,13.64,15.71,17.98,20.46,23.19,26.18,29.45,33.05,36.99,41.31,46.05,51.25,56.94,63.19,70.04,77.55,85.79,94.83,104.73,115.59,127.5,140.56,154.88,170.58,187.8,206.68,227.39,250.1,275,0.75,1.57,2.47,3.46,4.55,5.74,7.04,8.47,10.04,11.76,13.64,15.71,17.98,20.46,23.19,26.18,29.45,33.05,36.99,41.31,46.05,51.25,56.94,63.19,70.04,77.55,85.79,94.83,104.73,115.59,127.5,140.56,154.88,170.58,187.8,206.68,227.39,250.1,275,412.5,174.93,215.962,102301
14224,102300,705930.1,479980.8,44218.65007,4246,202.3,40.59,41.64,0.0229,1.05,46,1.45,1.055,123.5,123.4,123.3,123.2,122.7,122.6,122.5,122.4,122.4,121.9,119.2,112.7,90.61,59.04,35.89,34.57,34.53,39.36,62.92,82.32,93.69,96.38,96.51,96.53,87.65,55.78,26.75,18.61,18.59,22.73,43.13,65.86,81.85,90.8,91.05,91.07,90.97,89.19,85.99,58.44,2.48,1.65,1.71,1.94,2.02,1.94,1.83,1.79,1.82,1.88,1.9,1.83,1.64,1.35,1.09,1.09,1.08,1.16,1.45,1.63,1.69,1.68,1.69,1.74,1.7,1.43,1.02,0.9,0.94,1.01,1.4,1.73,1.88,1.88,1.79,1.71,1.7,1.72,1.56,0.91,0,0.75,1.57,2.47,3.46,4.55,5.74,7.04,8.47,10.04,11.76,13.64,15.71,17.98,20.46,23.19,26.18,29.45,33.05,36.99,41.31,46.05,51.25,56.94,63.19,70.04,77.55,85.79,94.83,104.73,115.59,127.5,140.56,154.88,170.58,187.8,206.68,227.39,250.1,275,0.75,1.57,2.47,3.46,4.55,5.74,7.04,8.47,10.04,11.76,13.64,15.71,17.98,20.46,23.19,26.18,29.45,33.05,36.99,41.31,46.05,51.25,56.94,63.19,70.04,77.55,85.79,94.83,104.73,115.59,127.5,140.56,154.88,170.58,187.8,206.68,227.39,250.1,275,412.5,176.261,233.075,102301
14265,102400,704113.1,479897.6,44218.65168,4286,207.7,54.7,53.89,0.0163,-0.81,41,1.651,1.055,58.64,58.64,67.11,89.98,108.8,113.6,113.9,113.9,113.9,112.1,95.52,54.46,25,24.47,24.47,28.89,46.38,54.9,58.01,58.01,57.94,48.19,27.11,11.13,9.14,9.46,9.5,11.24,14.6,18.2,21.26,24.68,28.57,32.85,37.08,40.67,42.88,43.65,43.83,43.93,1.92,1.34,1.62,1.96,2.08,2.01,1.93,1.94,2.04,2.09,1.94,1.51,1.04,1.08,1.06,1.17,1.47,1.57,1.56,1.57,1.63,1.59,1.29,0.84,0.85,0.91,0.93,1.06,1.25,1.39,1.49,1.58,1.69,1.89,2.37,3.39,5.35,8.8,98,98,0,0.75,1.57,2.47,3.46,4.55,5.74,7.04,8.47,10.04,11.76,13.64,15.71,17.98,20.46,23.19,26.18,29.45,33.05,36.99,41.31,46.05,51.25,56.94,63.19,70.04,77.55,85.79,94.83,104.73,115.59,127.5,140.56,154.88,170.58,187.8,206.68,227.39,250.1,275,0.75,1.57,2.47,3.46,4.55,5.74,7.04,8.47,10.04,11.76,13.64,15.71,17.98,20.46,23.19,26.18,29.45,33.05,36.99,41.31,46.05,51.25,56.94,63.19,70.04,77.55,85.79,94.83,104.73,115.59,127.5,140.56,154.88,170.58,187.8,206.68,227.39,250.1,275,412.5,112.294,136.727,102401
14309,102400,705277,479275.7,44218.65219,4326,204.7,49.73,50.34,0.0185,0.61,16,1.907,1.055,97.34,97.71,98.14,98.38,104.2,108.3,109.3,109.7,109.8,109.9,109.9,97.53,61.91,43.4,29.66,29.64,30.65,43.94,58.65,65.24,65.21,65.09,64.73,60.55,53.32,51.72,51.72,52.2,54.63,55.66,56.27,56.77,57.25,57.85,58.66,59.75,61.91,63.8,64.32,64.39,2.36,1.6,1.71,1.93,1.98,1.9,1.81,1.8,1.87,1.93,1.94,1.81,1.55,1.34,1.12,1.07,1.1,1.33,1.53,1.62,1.66,1.71,1.76,1.76,1.74,1.84,2.1,2.5,2.96,3.53,4.44,6.08,8.82,98,98,98,98,98,98,98,0,0.75,1.57,2.47,3.46,4.55,5.74,7.04,8.47,10.04,11.76,13.64,15.71,17.98,20.46,23.19,26.18,29.45,33.05,36.99,41.31,46.05,51.25,56.94,63.19,70.04,77.55,85.79,94.83,104.73,115.59,127.5,140.56,154.88,170.58,187.8,206.68,227.39,250.1,275,0.75,1.57,2.47,3.46,4.55,5.74,7.04,8.47,10.04,11.76,13.64,15.71,17.98,20.46,23.19,26.18,29.45,33.05,36.99,41.31,46.05,51.25,56.94,63.19,70.04,77.55,85.79,94.83,104.73,115.59,127.5,140.56,154.88,170.58,187.8,206.68,227.39,250.1,275,412.5,37.723,56.416,102401
14353,102400,706832,478750.4,44218.65281,4366,226.5,51.84,54.02,0.0187,2.18,24,1.957,1.055,432.9,453,490.6,557.5,677.9,763.9,864.4,955.9,1034,1045,1051,1053,1053,1053,1053,994,875.4,682,455.3,256.1,104.5,40.15,38.14,38.18,39.44,43.02,43.37,47.74,45.6,28.9,18.36,17.29,20.6,35.64,51,62.47,68.96,70.54,70.6,71.97,3.23,2.01,1.84,2.18,2.66,3.06,3.27,3.31,3.22,3.06,2.89,2.76,2.7,2.68,2.68,2.63,2.5,2.25,1.9,1.49,1.07,0.63,0.71,0.78,0.87,1.01,1.01,1.19,1.33,1.21,1.08,0.98,1.01,1.36,1.81,2.65,4.23,6.88,98,98,0,0.75,1.57,2.47,3.46,4.55,5.74,7.04,8.47,10.04,11.76,13.64,15.71,17.98,20.46,23.19,26.18,29.45,33.05,36.99,41.31,46.05,51.25,56.94,63.19,70.04,77.55,85.79,94.83,104.73,115.59,127.5,140.56,154.88,170.58,187.8,206.68,227.39,250.1,275,0.75,1.57,2.47,3.46,4.55,5.74,7.04,8.47,10.04,11.76,13.64,15.71,17.98,20.46,23.19,26.18,29.45,33.05,36.99,41.31,46.05,51.25,56.94,63.19,70.04,77.55,85.79,94.83,104.73,115.59,127.5,140.56,154.88,170.58,187.8,206.68,227.39,250.1,275,412.5,130.026,151.411,102401
14393,102400,707995,478255.4,44218.65328,4406,232.6,39.2,40.55,0.0236,1.35,45,1.953,1.055,255.9,255.8,262.1,292.4,337.2,401.5,479.9,570.8,680.6,792.2,913.9,1047,1210,1293,1330,1364,1366,1367,1368,1359,1234,934.2,554.2,209,27.5,33.07,74.22,74.3,72.57,47.94,27.04,19.27,19.27,19.31,28.26,41.66,47.33,47.35,47.25,27.57,2.67,1.68,1.69,2.04,2.34,2.5,2.57,2.62,2.73,2.88,3.06,3.24,3.35,3.37,3.29,3.15,2.98,2.84,2.76,2.7,2.62,2.43,2.09,1.5,0.37,0.53,1.02,0.97,1.05,0.96,0.8,0.71,0.82,0.84,1.11,1.31,1.28,1.27,1.37,1.2,0,0.75,1.57,2.47,3.46,4.55,5.74,7.04,8.47,10.04,11.76,13.64,15.71,17.98,20.46,23.19,26.18,29.45,33.05,36.99,41.31,46.05,51.25,56.94,63.19,70.04,77.55,85.79,94.83,104.73,115.59,127.5,140.56,154.88,170.58,187.8,206.68,227.39,250.1,275,0.75,1.57,2.47,3.46,4.55,5.74,7.04,8.47,10.04,11.76,13.64,15.71,17.98,20.46,23.19,26.18,29.45,33.05,36.99,41.31,46.05,51.25,56.94,63.19,70.04,77.55,85.79,94.83,104.73,115.59,127.5,140.56,154.88,170.58,187.8,206.68,227.39,250.1,275,412.5,213.612,264.537,102401
14437,102400,709728.2,477561.7,44218.65399,4446,223.9,45.44,45.87,0.02,0.43,21,1.949,1.055,138,137.9,151.3,190.5,255.7,344.2,452.2,590.8,766.4,936.9,1137,1364,1595,1810,1984,2125,2160,2163,2163,2163,2126,1843,1327,697.4,324.9,64.89,34.23,75.25,117.5,117,85.75,64.18,61.76,56.5,58.65,82.13,102.7,111.6,113,113.2,2.17,1.44,1.62,1.98,2.27,2.5,2.74,3.02,3.33,3.63,3.89,4.08,4.19,4.22,4.17,4.07,3.95,3.85,3.79,3.75,3.68,3.51,3.16,2.62,1.92,1.01,0.51,1,1.26,1.49,1.72,1.78,1.7,1.76,2.51,4.45,7.57,98,98,98,0,0.75,1.57,2.47,3.46,4.55,5.74,7.04,8.47,10.04,11.76,13.64,15.71,17.98,20.46,23.19,26.18,29.45,33.05,36.99,41.31,46.05,51.25,56.94,63.19,70.04,77.55,85.79,94.83,104.73,115.59,127.5,140.56,154.88,170.58,187.8,206.68,227.39,250.1,275,0.75,1.57,2.47,3.46,4.55,5.74,7.04,8.47,10.04,11.76,13.64,15.71,17.98,20.46,23.19,26.18,29.45,33.05,36.99,41.31,46.05,51.25,56.94,63.19,70.04,77.55,85.79,94.83,104.73,115.59,127.5,140.56,154.88,170.58,187.8,206.68,227.39,250.1,275,412.5,119.616,150.417,102401
14483,102400,711816.8,476631,44218.65486,4486,216.6,39.11,40.01,0.0242,0.9,34,1.492,1.055,189.1,189.1,190.5,211.2,253.5,304.5,358.8,443.3,538.1,631.4,721.8,814.5,932.7,1050,1175,1227,1236,1237,1238,1237,1229,1111,849.5,526,239.2,70.14,43.44,44.06,63.07,67.11,64.92,45.06,11.81,12.04,21.63,39.94,51.75,51.79,51.71,40.67,2.51,1.61,1.66,1.99,2.25,2.37,2.43,2.54,2.69,2.88,3.06,3.21,3.31,3.34,3.29,3.17,3.03,2.91,2.83,2.81,2.78,2.67,2.4,1.96,1.38,0.75,0.65,0.7,0.94,0.99,1.09,1.12,0.48,0.63,0.96,1.27,1.36,1.37,1.58,2.02,0,0.75,1.57,2.47,3.46,4.55,5.74,7.04,8.47,10.04,11.76,13.64,15.71,17.98,20.46,23.19,26.18,29.45,33.05,36.99,41.31,46.05,51.25,56.94,63.19,70.04,77.55,85.79,94.83,104.73,115.59,127.5,140.56,154.88,170.58,187.8,206.68,227.39,250.1,275,0.75,1.57,2.47,3.46,4.55,5.74,7.04,8.47,10.04,11.76,13.64,15.71,17.98,20.46,23.19,26.18,29.45,33.05,36.99,41.31,46.05,51.25,56.94,63.19,70.04,77.55,85.79,94.83,104.73,115.59,127.5,140.56,154.88,170.58,187.8,206.68,227.39,250.1,275,412.5,188.813,229.426,102401
14525,102400,713806.2,475847,44218.65567,4526,212.1,48.88,50.03,0.0198,1.15,39,1.821,1.055,246.9,250.9,253.5,261,271,278.4,287.2,297,321.3,381.4,458.2,564.4,702.7,842.9,939.6,988.3,991.4,992.1,992.3,992.1,984.7,891.4,696.6,506.1,322.5,188.7,107.9,76.34,58.38,58.18,56.61,47.56,22.61,11.91,11.92,17.92,33.01,45.32,45.67,45.46,2.91,1.85,1.78,2.08,2.34,2.39,2.29,2.16,2.14,2.28,2.53,2.8,3.04,3.17,3.18,3.08,2.93,2.79,2.69,2.64,2.59,2.46,2.2,1.87,1.51,1.2,0.97,0.86,0.79,0.85,0.91,0.96,0.71,0.53,0.65,0.86,1.16,1.33,1.33,1.26,0,0.75,1.57,2.47,3.46,4.55,5.74,7.04,8.47,10.04,11.76,13.64,15.71,17.98,20.46,23.19,26.18,29.45,33.05,36.99,41.31,46.05,51.25,56.94,63.19,70.04,77.55,85.79,94.83,104.73,115.59,127.5,140.56,154.88,170.58,187.8,206.68,227.39,250.1,275,0.75,1.57,2.47,3.46,4.55,5.74,7.04,8.47,10.04,11.76,13.64,15.71,17.98,20.46,23.19,26.18,29.45,33.05,36.99,41.31,46.05,51.25,56.94,63.19,70.04,77.55,85.79,94.83,104.73,115.59,127.5,140.56,154.88,170.58,187.8,206.68,227.39,250.1,275,412.5,212.938,249.783,102401
14565,102400,714995.8,475342.5,44218.65613,4566,214.1,39.92,42.33,0.024,2.41,35,2.076,1.055,466,470.6,471.1,538.6,602.4,687.9,793.1,918.4,1058,1215,1393,1597,1769,2016,2318,2609,2790,2840,2891,2896,2899,2901,2900,2824,2646,1867,1109,490.4,56.71,36.39,47.06,59.26,53.34,13.94,8.84,14.96,31.78,34.56,34.55,21.02,3.18,1.95,1.77,2.09,2.49,2.78,2.91,2.93,2.91,2.91,2.97,3.1,3.26,3.44,3.59,3.67,3.66,3.54,3.37,3.17,3,2.87,2.8,2.76,2.69,2.49,2.14,1.57,0.44,0.36,0.64,0.84,1.16,0.7,0.44,0.76,1.11,1.15,1.52,2.39,0,0.75,1.57,2.47,3.46,4.55,5.74,7.04,8.47,10.04,11.76,13.64,15.71,17.98,20.46,23.19,26.18,29.45,33.05,36.99,41.31,46.05,51.25,56.94,63.19,70.04,77.55,85.79,94.83,104.73,115.59,127.5,140.56,154.88,170.58,187.8,206.68,227.39,250.1,275,0.75,1.57,2.47,3.46,4.55,5.74,7.04,8.47,10.04,11.76,13.64,15.71,17.98,20.46,23.19,26.18,29.45,33.05,36.99,41.31,46.05,51.25,56.94,63.19,70.04,77.55,85.79,94.83,104.73,115.59,127.5,140.56,154.88,170.58,187.8,206.68,227.39,250.1,275,412.5,214.055,272.198,102401
14607,102400,716589,474693.3,44218.65676,4606,184.3,61.36,61.67,0.0157,0.31,31,1.424,1.055,216.5,228.5,237.9,239.9,245.2,270.7,323.9,401.6,509.5,633,804.1,978.5,1200,1347,1512,1590,1594,1594,1594,1593,1578,1426,1120,683.4,364.2,192.3,105.2,87.46,57.36,45.25,40.48,36.62,21.64,12.19,12.19,27.16,45.99,59.65,68.46,77.08,2.76,1.79,1.78,2.04,2.24,2.31,2.33,2.43,2.63,2.91,3.24,3.55,3.78,3.89,3.88,3.77,3.6,3.41,3.26,3.14,3.02,2.84,2.53,2.07,1.56,1.14,0.89,0.92,0.76,0.77,0.79,0.88,0.73,0.59,0.63,1.08,1.36,1.49,1.54,1.54,0,0.75,1.57,2.47,3.46,4.55,5.74,7.04,8.47,10.04,11.76,13.64,15.71,17.98,20.46,23.19,26.18,29.45,33.05,36.99,41.31,46.05,51.25,56.94,63.19,70.04,77.55,85.79,94.83,104.73,115.59,127.5,140.56,154.88,170.58,187.8,206.68,227.39,250.1,275,0.75,1.57,2.47,3.46,4.55,5.74,7.04,8.47,10.04,11.76,13.64,15.71,17.98,20.46,23.19,26.18,29.45,33.05,36.99,41.31,46.05,51.25,56.94,63.19,70.04,77.55,85.79,94.83,104.73,115.59,127.5,140.56,154.88,170.58,187.8,206.68,227.39,250.1,275,412.5,202.704,233.547,102401
14647,102400,717743.1,474226.3,44218.65722,4646,189.2,52.01,51.58,0.0176,-0.43,36,1.994,1.055,165.3,154.2,108.3,56.77,34.55,34.5,35.18,57.58,127.9,232.6,357.2,495.5,651.3,824.1,1030,1214,1376,1511,1592,1610,1611,1612,1611,1610,1573,1399,1150,861.8,550.5,227.1,65.36,16.21,25.7,28.25,10.19,9.47,28.44,55.54,77.93,103,3.75,2.51,2.05,1.71,1.35,1.23,1.27,1.69,2.36,3,3.54,3.96,4.27,4.5,4.67,4.76,4.8,4.79,4.75,4.68,4.61,4.55,4.48,4.4,4.25,3.99,3.62,3.12,2.51,1.79,1.13,0.45,0.84,0.99,0.57,0.54,1.23,1.59,1.62,1.55,0,0.75,1.57,2.47,3.46,4.55,5.74,7.04,8.47,10.04,11.76,13.64,15.71,17.98,20.46,23.19,26.18,29.45,33.05,36.99,41.31,46.05,51.25,56.94,63.19,70.04,77.55,85.79,94.83,104.73,115.59,127.5,140.56,154.88,170.58,187.8,206.68,227.39,250.1,275,0.75,1.57,2.47,3.46,4.55,5.74,7.04,8.47,10.04,11.76,13.64,15.71,17.98,20.46,23.19,26.18,29.45,33.05,36.99,41.31,46.05,51.25,56.94,63.19,70.04,77.55,85.79,94.83,104.73,115.59,127.5,140.56,154.88,170.58,187.8,206.68,227.39,250.1,275,412.5,212.481,230.756,102401
14693,102400,719508.7,473502.5,44218.65797,4686,213,34.46,34.14,0.0273,-0.32,8,2.135,1.055,220.2,220.2,220.2,220.2,220.5,228,288.4,385.2,521.1,703.2,935.3,1219,1558,1962,2443,2994,3489,4010,4612,5028,5105,5108,5108,5106,5100,4945,4232,3011,1359,318.1,5.55,60.78,202,210.2,265.7,279.6,282.8,284.5,284.8,284.9,2.55,1.66,1.71,1.94,2,1.93,1.96,2.18,2.54,2.96,3.37,3.71,3.95,4.11,4.19,4.23,4.26,4.3,4.4,4.57,4.82,5.18,5.65,6.18,6.69,7.02,6.99,6.44,5.25,3.4,0.75,3.34,6.55,98,98,98,98,98,98,98,0,0.75,1.57,2.47,3.46,4.55,5.74,7.04,8.47,10.04,11.76,13.64,15.71,17.98,20.46,23.19,26.18,29.45,33.05,36.99,41.31,46.05,51.25,56.94,63.19,70.04,77.55,85.79,94.83,104.73,115.59,127.5,140.56,154.88,170.58,187.8,206.68,227.39,250.1,275,0.75,1.57,2.47,3.46,4.55,5.74,7.04,8.47,10.04,11.76,13.64,15.71,17.98,20.46,23.19,26.18,29.45,33.05,36.99,41.31,46.05,51.25,56.94,63.19,70.04,77.55,85.79,94.83,104.73,115.59,127.5,140.56,154.88,170.58,187.8,206.68,227.39,250.1,275,412.5,18.618,35.356,102401
14739,102400,721134.3,472827,44218.65865,4726,207,63.17,60.33,0.0142,-2.84,18,4.643,1.055,834.1,817.4,651,433.5,240.4,94.94,34.14,31.28,65.76,220.2,466.9,784.7,1107,1517,1978,2476,3042,3630,4228,4794,5292,5660,5844,5873,5875,5874,5866,5827,5647,5172,4423,3625,2817,1980,1131,419.4,198.2,30.39,73.32,582.2,7.11,4.84,3.6,2.91,2.41,1.82,1.1,0.9,1.55,2.64,3.67,4.55,5.25,5.77,6.14,6.38,6.53,6.59,6.6,6.56,6.5,6.43,6.38,6.36,6.4,6.51,6.71,6.99,7.31,7.65,7.95,8.16,8.2,7.94,7.21,5.86,3.74,1.06,1.02,2.4,0,0.75,1.57,2.47,3.46,4.55,5.74,7.04,8.47,10.04,11.76,13.64,15.71,17.98,20.46,23.19,26.18,29.45,33.05,36.99,41.31,46.05,51.25,56.94,63.19,70.04,77.55,85.79,94.83,104.73,115.59,127.5,140.56,154.88,170.58,187.8,206.68,227.39,250.1,275,0.75,1.57,2.47,3.46,4.55,5.74,7.04,8.47,10.04,11.76,13.64,15.71,17.98,20.46,23.19,26.18,29.45,33.05,36.99,41.31,46.05,51.25,56.94,63.19,70.04,77.55,85.79,94.83,104.73,115.59,127.5,140.56,154.88,170.58,187.8,206.68,227.39,250.1,275,412.5,46.409,240.955,102401
14781,102400,722261.4,472368.8,44218.65913,4766,204.2,49.21,49.45,0.0193,0.24,30,1.563,1.055,151.7,151.7,145.2,133.5,130.1,130,130.1,144.2,229.2,358.2,523.1,716.9,936,1180,1434,1696,1943,2160,2308,2354,2355,2355,2353,2348,2337,2223,1854,1447,1030,661.3,376.9,181.8,73.27,42.95,28.53,23.76,10.77,11.73,32.2,64.47,2.68,1.76,1.75,1.93,1.98,1.86,1.72,1.79,2.2,2.73,3.22,3.64,3.95,4.17,4.31,4.38,4.39,4.36,4.29,4.2,4.1,4.02,3.94,3.85,3.72,3.52,3.22,2.83,2.4,1.96,1.55,1.17,0.8,0.67,0.57,0.69,0.5,0.49,1.08,0.89,0,0.75,1.57,2.47,3.46,4.55,5.74,7.04,8.47,10.04,11.76,13.64,15.71,17.98,20.46,23.19,26.18,29.45,33.05,36.99,41.31,46.05,51.25,56.94,63.19,70.04,77.55,85.79,94.83,104.73,115.59,127.5,140.56,154.88,170.58,187.8,206.68,227.39,250.1,275,0.75,1.57,2.47,3.46,4.55,5.74,7.04,8.47,10.04,11.76,13.64,15.71,17.98,20.46,23.19,26.18,29.45,33.05,36.99,41.31,46.05,51.25,56.94,63.19,70.04,77.55,85.79,94.83,104.73,115.59,127.5,140.56,154.88,170.58,187.8,206.68,227.39,250.1,275,412.5,247.684,268.069,102401
14825,102400,724840.1,471323.5,44218.6602,4806,204.8,47.67,48.75,0.0206,1.08,5,2.945,1.055,112.5,99.26,68.5,63.4,62.58,61.85,59.69,60.32,81.55,121.4,182.7,299,410,482,491.7,492.5,492.7,483.4,427.9,352.6,281,224.5,187.9,167.6,157.1,151.8,148.8,146.8,145.3,144,142.9,141.8,140.8,139.8,139.1,138.6,138.3,138.2,138.1,138.1,3.06,1.98,1.72,1.76,1.73,1.65,1.6,1.64,1.86,2.21,2.68,3.21,3.68,4.02,4.19,4.22,4.11,3.9,3.6,3.3,3.16,3.39,4.26,6.03,8.92,98,98,98,98,98,98,98,98,98,98,98,98,98,98,98,0,0.75,1.57,2.47,3.46,4.55,5.74,7.04,8.47,10.04,11.76,13.64,15.71,17.98,20.46,23.19,26.18,29.45,33.05,36.99,41.31,46.05,51.25,56.94,63.19,70.04,77.55,85.79,94.83,104.73,115.59,127.5,140.56,154.88,170.58,187.8,206.68,227.39,250.1,275,0.75,1.57,2.47,3.46,4.55,5.74,7.04,8.47,10.04,11.76,13.64,15.71,17.98,20.46,23.19,26.18,29.45,33.05,36.99,41.31,46.05,51.25,56.94,63.19,70.04,77.55,85.79,94.83,104.73,115.59,127.5,140.56,154.88,170.58,187.8,206.68,227.39,250.1,275,412.5,2.202,7.227,102401
14869,102400,726613.4,470504.8,44218.66097,4846,196.8,58.38,58.99,0.0158,0.61,25,2.226,1.055,422.7,393.4,331.7,203.6,152.5,91.64,89.85,89.87,90.05,98.48,137.4,274,434.2,609.9,864.6,1106,1343,1596,1853,2065,2205,2291,2317,2332,2333,2332,2331,2325,2208,1900,1477,1014,568.5,191.2,18.99,21.2,26.25,10.72,7.75,122.3,4.58,2.95,2.28,2.03,1.92,1.68,1.54,1.5,1.54,1.55,1.7,2.23,2.82,3.35,3.78,4.07,4.24,4.33,4.36,4.36,4.33,4.27,4.17,4.06,3.96,3.88,3.82,3.77,3.7,3.6,3.44,3.19,2.75,1.97,0.4,0.52,1.12,0.74,0.32,1.39,0,0.75,1.57,2.47,3.46,4.55,5.74,7.04,8.47,10.04,11.76,13.64,15.71,17.98,20.46,23.19,26.18,29.45,33.05,36.99,41.31,46.05,51.25,56.94,63.19,70.04,77.55,85.79,94.83,104.73,115.59,127.5,140.56,154.88,170.58,187.8,206.68,227.39,250.1,275,0.75,1.57,2.47,3.46,4.55,5.74,7.04,8.47,10.04,11.76,13.64,15.71,17.98,20.46,23.19,26.18,29.45,33.05,36.99,41.31,46.05,51.25,56.94,63.19,70.04,77.55,85.79,94.83,104.73,115.59,127.5,140.56,154.88,170.58,187.8,206.68,227.39,250.1,275,412.5,253.869,266.992,102401
14909,102400,727713.6,470105.3,44218.66144,4886,183.6,50.94,55.27,0.0355,4.33,9,2.526,1.055,209,209,210.1,211.7,212.9,217.6,242.4,283.3,284.8,284.8,286.9,372.4,547.8,702.7,898.4,1098,1235,1309,1320,1321,1320,1319,1255,1131,960.2,737,488.4,363,343.8,343.2,342.9,342.7,342.3,341.7,341.2,340.7,340.3,340.1,339.9,339.8,3.9,2.58,2.22,2.23,2.3,2.32,2.34,2.37,2.33,2.29,2.32,2.52,2.82,3.11,3.35,3.51,3.58,3.58,3.53,3.48,3.44,3.39,3.31,3.15,2.91,2.58,2.24,2.14,2.45,3.01,3.7,4.55,5.81,7.89,98,98,98,98,98,98,0,0.75,1.57,2.47,3.46,4.55,5.74,7.04,8.47,10.04,11.76,13.64,15.71,17.98,20.46,23.19,26.18,29.45,33.05,36.99,41.31,46.05,51.25,56.94,63.19,70.04,77.55,85.79,94.83,104.73,115.59,127.5,140.56,154.88,170.58,187.8,206.68,227.39,250.1,275,0.75,1.57,2.47,3.46,4.55,5.74,7.04,8.47,10.04,11.76,13.64,15.71,17.98,20.46,23.19,26.18,29.45,33.05,36.99,41.31,46.05,51.25,56.94,63.19,70.04,77.55,85.79,94.83,104.73,115.59,127.5,140.56,154.88,170.58,187.8,206.68,227.39,250.1,275,412.5,21.332,44.857,102401
14953,102500,727006.5,469527.9,44218.7264,4926,195.3,36.44,34.13,0.026,-2.31,22,2.844,1.055,512.9,512.7,491.8,415.7,313.9,209.3,118.7,53.6,37.86,39.03,73.95,198,311.9,471.5,662.8,850.3,1073,1297,1517,1711,1825,1896,1919,1921,1921,1919,1907,1761,1590,1400,1142,916.8,730.7,574.4,441.8,326.4,244.8,236.5,243.5,139.5,3.98,2.6,2.24,2.34,2.47,2.35,1.89,1.27,1.04,1.06,1.51,2.2,2.76,3.2,3.54,3.8,4.01,4.17,4.29,4.38,4.42,4.44,4.44,4.43,4.41,4.38,4.32,4.2,4.04,3.83,3.59,3.34,3.11,2.91,2.77,2.84,3.62,6.21,98,98,0,0.75,1.57,2.47,3.46,4.55,5.74,7.04,8.47,10.04,11.76,13.64,15.71,17.98,20.46,23.19,26.18,29.45,33.05,36.99,41.31,46.05,51.25,56.94,63.19,70.04,77.55,85.79,94.83,104.73,115.59,127.5,140.56,154.88,170.58,187.8,206.68,227.39,250.1,275,0.75,1.57,2.47,3.46,4.55,5.74,7.04,8.47,10.04,11.76,13.64,15.71,17.98,20.46,23.19,26.18,29.45,33.05,36.99,41.31,46.05,51.25,56.94,63.19,70.04,77.55,85.79,94.83,104.73,115.59,127.5,140.56,154.88,170.58,187.8,206.68,227.39,250.1,275,412.5,87.183,160.992,102501
14993,102500,726365.3,469764.6,44218.72686,4966,198.1,43.43,43.91,0.024,0.48,7,1.658,1.055,273.5,268.1,262.1,181.9,99.96,50.7,44.03,44.04,44.13,55.37,84.22,138.2,229.2,292.3,353,415.6,483.5,536.9,563.7,564.8,565,565.1,565.1,564.7,556.8,531.4,498.3,467.5,442.3,422.3,404.9,386.3,359,311.6,271,252.3,249,248.5,248.3,248.2,4,2.73,2.42,2.33,2.08,1.59,1.31,1.32,1.41,1.57,1.83,2.2,2.64,3.01,3.34,3.63,3.87,4.03,4.11,4.12,4.1,4.11,4.22,4.52,5.1,6.09,7.67,98,98,98,98,98,98,98,98,98,98,98,98,98,0,0.75,1.57,2.47,3.46,4.55,5.74,7.04,8.47,10.04,11.76,13.64,15.71,17.98,20.46,23.19,26.18,29.45,33.05,36.99,41.31,46.05,51.25,56.94,63.19,70.04,77.55,85.79,94.83,104.73,115.59,127.5,140.56,154.88,170.58,187.8,206.68,227.39,250.1,275,0.75,1.57,2.47,3.46,4.55,5.74,7.04,8.47,10.04,11.76,13.64,15.71,17.98,20.46,23.19,26.18,29.45,33.05,36.99,41.31,46.05,51.25,56.94,63.19,70.04,77.55,85.79,94.83,104.73,115.59,127.5,140.56,154.88,170.58,187.8,206.68,227.39,250.1,275,412.5,8.188,11.733,102501
15035,102500,725447.6,470154.5,44218.72744,5006,204.1,43.72,42.93,0.0218,-0.79,36,1.957,1.055,274.2,273.9,243,184.5,120.2,85.23,56.9,54.3,54.34,57.65,93.74,184.1,282.1,389.7,524.9,681.9,861.9,1038,1246,1381,1506,1648,1745,1792,1794,1795,1795,1794,1756,1560,1418,1010,610.1,269.8,47.89,8.73,25.48,12.84,7.78,37.97,3.57,2.36,2.08,2.09,2.01,1.69,1.35,1.3,1.34,1.4,1.61,2,2.57,2.94,3.24,3.52,3.75,3.93,4.06,4.12,4.12,4.09,4.03,3.95,3.88,3.84,3.83,3.84,3.82,3.73,3.53,3.14,2.56,1.83,1,0.21,0.98,0.68,0.32,0.65,0,0.75,1.57,2.47,3.46,4.55,5.74,7.04,8.47,10.04,11.76,13.64,15.71,17.98,20.46,23.19,26.18,29.45,33.05,36.99,41.31,46.05,51.25,56.94,63.19,70.04,77.55,85.79,94.83,104.73,115.59,127.5,140.56,154.88,170.58,187.8,206.68,227.39,250.1,275,0.75,1.57,2.47,3.46,4.55,5.74,7.04,8.47,10.04,11.76,13.64,15.71,17.98,20.46,23.19,26.18,29.45,33.05,36.99,41.31,46.05,51.25,56.94,63.19,70.04,77.55,85.79,94.83,104.73,115.59,127.5,140.56,154.88,170.58,187.8,206.68,227.39,250.1,275,412.5,266.186,275.033,102501
15077,102500,724587.9,470528.3,44218.72795,5046,200.9,42.31,40.43,0.023,-1.88,10,1.238,1.055,423,422.7,390.7,300.3,197.7,109.7,57.99,48.28,49.76,76.81,141.9,278.3,406.6,536.8,669,820.8,933.9,993,1012,1012,1012,1011,1007,994.2,911,790.5,719.6,677.5,634.5,585.4,544.5,502.8,441.6,376.5,302.6,299.3,298.8,298.5,298.4,298.3,4.27,2.85,2.42,2.35,2.26,1.9,1.39,1.19,1.25,1.56,2.08,2.67,3.16,3.52,3.78,3.93,3.99,3.96,3.88,3.78,3.7,3.65,3.66,3.75,3.93,4.3,4.99,6.16,7.95,98,98,98,98,98,98,98,98,98,98,98,0,0.75,1.57,2.47,3.46,4.55,5.74,7.04,8.47,10.04,11.76,13.64,15.71,17.98,20.46,23.19,26.18,29.45,33.05,36.99,41.31,46.05,51.25,56.94,63.19,70.04,77.55,85.79,94.83,104.73,115.59,127.5,140.56,154.88,170.58,187.8,206.68,227.39,250.1,275,0.75,1.57,2.47,3.46,4.55,5.74,7.04,8.47,10.04,11.76,13.64,15.71,17.98,20.46,23.19,26.18,29.45,33.05,36.99,41.31,46.05,51.25,56.94,63.19,70.04,77.55,85.79,94.83,104.73,115.59,127.5,140.56,154.88,170.58,187.8,206.68,227.39,250.1,275,412.5,13.475,19.112,102501
15121,102500,723504.6,470984,44218.72856,5086,200.9,39.37,38.86,0.024,-0.51,36,2.216,1.055,324,322.7,278.6,208.4,137.9,77.91,45.27,35.34,35.35,42.61,79.38,152.3,247.4,356.6,511.8,676.9,873.2,1052,1225,1402,1556,1621,1645,1650,1652,1652,1651,1606,1431,1180,904.4,604.5,338.7,111.1,14.28,13.51,12.42,11.32,12.42,23.99,3.78,2.5,2.18,2.2,2.15,1.78,1.3,1.13,1.2,1.29,1.66,2.15,2.63,3.06,3.44,3.76,4.02,4.21,4.33,4.41,4.42,4.39,4.32,4.24,4.16,4.09,4.02,3.91,3.75,3.52,3.22,2.83,2.32,1.6,0.46,0.57,0.73,0.67,0.64,0.88,0,0.75,1.57,2.47,3.46,4.55,5.74,7.04,8.47,10.04,11.76,13.64,15.71,17.98,20.46,23.19,26.18,29.45,33.05,36.99,41.31,46.05,51.25,56.94,63.19,70.04,77.55,85.79,94.83,104.73,115.59,127.5,140.56,154.88,170.58,187.8,206.68,227.39,250.1,275,0.75,1.57,2.47,3.46,4.55,5.74,7.04,8.47,10.04,11.76,13.64,15.71,17.98,20.46,23.19,26.18,29.45,33.05,36.99,41.31,46.05,51.25,56.94,63.19,70.04,77.55,85.79,94.83,104.73,115.59,127.5,140.56,154.88,170.58,187.8,206.68,227.39,250.1,275,412.5,260.228,275.033,102501
15163,102500,722717.5,471289.4,44218.72907,5126,205.5,49.23,48.57,0.0206,-0.66,33,2.23,1.055,332.7,331.7,264.8,171.7,95.47,61.65,51.46,51.99,58.55,140.8,289.3,457.7,663,909.7,1182,1454,1752,2089,2427,2742,3002,3115,3125,3142,3142,3140,3093,2934,2596,2108,1541,927,366.6,31.73,14.16,33.14,21.32,7.66,24.23,50.78,4.44,2.97,2.39,2.13,1.84,1.5,1.29,1.26,1.39,2.03,2.73,3.33,3.82,4.2,4.48,4.68,4.82,4.91,4.96,4.96,4.94,4.89,4.83,4.8,4.78,4.79,4.79,4.74,4.58,4.27,3.76,3.01,1.98,0.63,0.32,1.03,1.03,0.31,1.07,0.86,0,0.75,1.57,2.47,3.46,4.55,5.74,7.04,8.47,10.04,11.76,13.64,15.71,17.98,20.46,23.19,26.18,29.45,33.05,36.99,41.31,46.05,51.25,56.94,63.19,70.04,77.55,85.79,94.83,104.73,115.59,127.5,140.56,154.88,170.58,187.8,206.68,227.39,250.1,275,0.75,1.57,2.47,3.46,4.55,5.74,7.04,8.47,10.04,11.76,13.64,15.71,17.98,20.46,23.19,26.18,29.45,33.05,36.99,41.31,46.05,51.25,56.94,63.19,70.04,77.55,85.79,94.83,104.73,115.59,127.5,140.56,154.88,170.58,187.8,206.68,227.39,250.1,275,412.5,249.745,269.72,102501
15203,102500,722017.8,471588.6,44218.72954,5166,213.1,29.03,29.14,0.0348,0.11,7,1.316,1.055,349.1,349,345.2,309.5,247.7,182.6,131.9,114.5,114.5,114.6,119,173.9,259.6,330.8,422.2,504.5,579.1,593.9,593.9,592.5,590.1,574.2,535.2,518.5,498.4,482,463,440.3,425.5,414.6,399.8,370.9,351.2,349.3,348.7,348.3,347.9,347.7,347.6,347.5,3.41,2.24,2.06,2.21,2.27,2.07,1.73,1.54,1.56,1.59,1.63,1.87,2.18,2.45,2.67,2.81,2.87,2.85,2.8,2.78,2.83,2.97,3.22,3.62,4.18,4.94,5.98,7.48,9.7,98,98,98,98,98,98,98,98,98,98,98,0,0.75,1.57,2.47,3.46,4.55,5.74,7.04,8.47,10.04,11.76,13.64,15.71,17.98,20.46,23.19,26.18,29.45,33.05,36.99,41.31,46.05,51.25,56.94,63.19,70.04,77.55,85.79,94.83,104.73,115.59,127.5,140.56,154.88,170.58,187.8,206.68,227.39,250.1,275,0.75,1.57,2.47,3.46,4.55,5.74,7.04,8.47,10.04,11.76,13.64,15.71,17.98,20.46,23.19,26.18,29.45,33.05,36.99,41.31,46.05,51.25,56.94,63.19,70.04,77.55,85.79,94.83,104.73,115.59,127.5,140.56,154.88,170.58,187.8,206.68,227.39,250.1,275,412.5,13.531,18.292,102501
15247,102500,720696.9,472159.3,44218.73035,5206,205.1,44.56,44.81,0.0215,0.25,30,2.335,1.055,145.5,145.1,134.6,121.5,120.4,120.4,120.4,137.9,229.4,386.7,581.3,811.6,1073,1380,1697,1980,2284,2573,2833,3029,3086,3095,3096,3096,3093,3006,2645,2111,1529,940.2,410.9,121.9,45.55,52.85,52.84,22.68,14.71,16.05,42.61,75.78,2.66,1.76,1.73,1.88,1.91,1.77,1.64,1.76,2.23,2.81,3.35,3.79,4.13,4.36,4.51,4.58,4.61,4.6,4.58,4.54,4.49,4.44,4.39,4.34,4.26,4.11,3.85,3.46,2.94,2.33,1.64,0.99,0.58,0.77,0.9,0.56,0.55,0.54,1.11,0.66,0,0.75,1.57,2.47,3.46,4.55,5.74,7.04,8.47,10.04,11.76,13.64,15.71,17.98,20.46,23.19,26.18,29.45,33.05,36.99,41.31,46.05,51.25,56.94,63.19,70.04,77.55,85.79,94.83,104.73,115.59,127.5,140.56,154.88,170.58,187.8,206.68,227.39,250.1,275,0.75,1.57,2.47,3.46,4.55,5.74,7.04,8.47,10.04,11.76,13.64,15.71,17.98,20.46,23.19,26.18,29.45,33.05,36.99,41.31,46.05,51.25,56.94,63.19,70.04,77.55,85.79,94.83,104.73,115.59,127.5,140.56,154.88,170.58,187.8,206.68,227.39,250.1,275,412.5,247.017,266.751,102501
15291,102500,719411.3,472687.7,44218.73116,5246,213.8,29.64,29.96,0.0311,0.32,32,2.145,1.055,262.7,195.4,152,129.3,116.2,116.2,116.8,135.8,195.1,356.5,619.4,967.4,1393,1863,2414,2969,3550,4137,4705,5168,5389,5471,5471,5470,5468,5463,5264,4786,3924,2922,1767,711.2,59.96,18.74,45.38,29.04,6.91,18.59,35.85,51.84,3.35,2,1.68,1.72,1.72,1.61,1.52,1.6,1.92,2.45,3.02,3.53,3.97,4.31,4.58,4.77,4.9,4.98,5.01,5.02,5,4.98,4.98,5.01,5.06,5.09,5.05,4.87,4.5,3.9,3.04,1.94,0.59,0.27,0.9,0.75,0.29,0.85,1.1,0.74,0,0.75,1.57,2.47,3.46,4.55,5.74,7.04,8.47,10.04,11.76,13.64,15.71,17.98,20.46,23.19,26.18,29.45,33.05,36.99,41.31,46.05,51.25,56.94,63.19,70.04,77.55,85.79,94.83,104.73,115.59,127.5,140.56,154.88,170.58,187.8,206.68,227.39,250.1,275,0.75,1.57,2.47,3.46,4.55,5.74,7.04,8.47,10.04,11.76,13.64,15.71,17.98,20.46,23.19,26.18,29.45,33.05,36.99,41.31,46.05,51.25,56.94,63.19,70.04,77.55,85.79,94.83,104.73,115.59,127.5,140.56,154.88,170.58,187.8,206.68,227.39,250.1,275,412.5,245.081,269.635,102501
15335,102500,718230.6,473175.8,44218.73189,5286,191.2,48.41,49.16,0.0197,0.75,23,1.413,1.055,193.4,177.1,168.6,163.6,162.4,162.3,162.3,163.9,181,236.4,358.4,500.4,683.5,887.2,1109,1348,1541,1662,1698,1699,1699,1699,1695,1586,1291,891.8,486.2,162.9,33.55,40.22,50.05,50.46,50.37,33.75,13.88,12.62,18.37,48.78,88.32,192.1,2.89,1.81,1.73,1.96,2.11,2.06,1.92,1.82,1.89,2.16,2.57,2.97,3.32,3.59,3.78,3.88,3.9,3.86,3.79,3.71,3.65,3.61,3.55,3.41,3.14,2.72,2.14,1.41,0.56,0.79,0.93,0.98,1.18,1.35,0.92,0.68,0.89,1.73,3.12,5.26,0,0.75,1.57,2.47,3.46,4.55,5.74,7.04,8.47,10.04,11.76,13.64,15.71,17.98,20.46,23.19,26.18,29.45,33.05,36.99,41.31,46.05,51.25,56.94,63.19,70.04,77.55,85.79,94.83,104.73,115.59,127.5,140.56,154.88,170.58,187.8,206.68,227.39,250.1,275,0.75,1.57,2.47,3.46,4.55,5.74,7.04,8.47,10.04,11.76,13.64,15.71,17.98,20.46,23.19,26.18,29.45,33.05,36.99,41.31,46.05,51.25,56.94,63.19,70.04,77.55,85.79,94.83,104.73,115.59,127.5,140.56,154.88,170.58,187.8,206.68,227.39,250.1,275,412.5,190.681,213.984,102501
15375,102500,717471.8,473502.9,44218.73235,5326,182.9,60.45,60.73,0.0158,0.28,18,2.081,1.055,324.4,321.4,320.6,320.5,320.7,383.7,497.3,613.9,757.9,915,1132,1359,1600,1899,2147,2584,2866,2918,2921,2921,2920,2874,2684,2111,1633,762.4,283,34.34,37.1,40.15,39.88,32.03,16.16,11.25,11.17,19.9,37.1,54.53,67.28,69.3,3.11,1.94,1.76,1.99,2.24,2.43,2.56,2.67,2.8,3,3.26,3.53,3.79,4.01,4.15,4.21,4.17,4.05,3.89,3.73,3.6,3.49,3.36,3.15,2.85,2.34,1.66,0.51,0.66,0.78,1.03,1.35,1.06,1.01,0.96,1.23,1.9,2.87,4.25,6.27,0,0.75,1.57,2.47,3.46,4.55,5.74,7.04,8.47,10.04,11.76,13.64,15.71,17.98,20.46,23.19,26.18,29.45,33.05,36.99,41.31,46.05,51.25,56.94,63.19,70.04,77.55,85.79,94.83,104.73,115.59,127.5,140.56,154.88,170.58,187.8,206.68,227.39,250.1,275,0.75,1.57,2.47,3.46,4.55,5.74,7.04,8.47,10.04,11.76,13.64,15.71,17.98,20.46,23.19,26.18,29.45,33.05,36.99,41.31,46.05,51.25,56.94,63.19,70.04,77.55,85.79,94.83,104.73,115.59,127.5,140.56,154.88,170.58,187.8,206.68,227.39,250.1,275,412.5,152.733,181.478,102501
15419,102500,716342.9,473961.1,44218.73307,5366,206.4,36.43,37.5,0.0265,1.07,7,2.652,1.055,327.1,327.2,327.5,328.6,334.4,353.1,383.4,419.9,493.9,620.3,779.6,913.5,1118,1312,1481,1659,1765,1777,1782,1783,1784,1784,1783,1772,1623,1268,794,455.2,219.7,212.9,212.8,213.4,223.9,241.9,263.7,284.7,294.5,297.1,297.9,298.3,3.06,1.93,1.79,2.04,2.28,2.37,2.32,2.27,2.33,2.53,2.8,3.08,3.34,3.53,3.61,3.6,3.51,3.36,3.22,3.13,3.11,3.16,3.26,3.35,3.33,3.16,2.89,2.67,2.65,2.95,3.15,3.98,6.08,9.54,98,98,98,98,98,98,0,0.75,1.57,2.47,3.46,4.55,5.74,7.04,8.47,10.04,11.76,13.64,15.71,17.98,20.46,23.19,26.18,29.45,33.05,36.99,41.31,46.05,51.25,56.94,63.19,70.04,77.55,85.79,94.83,104.73,115.59,127.5,140.56,154.88,170.58,187.8,206.68,227.39,250.1,275,0.75,1.57,2.47,3.46,4.55,5.74,7.04,8.47,10.04,11.76,13.64,15.71,17.98,20.46,23.19,26.18,29.45,33.05,36.99,41.31,46.05,51.25,56.94,63.19,70.04,77.55,85.79,94.83,104.73,115.59,127.5,140.56,154.88,170.58,187.8,206.68,227.39,250.1,275,412.5,23.21,45.242,102501
15461,102500,715305.3,474366.6,44218.73368,5406,211.8,46.55,46.35,0.0197,-0.2,34,2.418,1.055,117.1,115.3,93.84,68.1,61.45,61.52,62.79,102.3,209.5,363,547.8,767,1010,1274,1538,1826,2111,2403,2594,2663,2695,2701,2701,2700,2675,2443,2005,1459,860.8,322.5,23.22,23.95,36.27,32.44,7.99,12.57,39.08,56.11,55.92,28.51,2.79,1.89,1.75,1.7,1.58,1.43,1.43,1.87,2.56,3.22,3.78,4.2,4.49,4.67,4.77,4.82,4.83,4.82,4.79,4.77,4.76,4.77,4.81,4.84,4.81,4.67,4.34,3.8,3,1.92,0.4,0.62,0.9,1.05,0.42,0.64,1.26,1.49,1.4,1.03,0,0.75,1.57,2.47,3.46,4.55,5.74,7.04,8.47,10.04,11.76,13.64,15.71,17.98,20.46,23.19,26.18,29.45,33.05,36.99,41.31,46.05,51.25,56.94,63.19,70.04,77.55,85.79,94.83,104.73,115.59,127.5,140.56,154.88,170.58,187.8,206.68,227.39,250.1,275,0.75,1.57,2.47,3.46,4.55,5.74,7.04,8.47,10.04,11.76,13.64,15.71,17.98,20.46,23.19,26.18,29.45,33.05,36.99,41.31,46.05,51.25,56.94,63.19,70.04,77.55,85.79,94.83,104.73,115.59,127.5,140.56,154.88,170.58,187.8,206.68,227.39,250.1,275,412.5,215.768,265.425,102501
15505,102500,714173.7,474849.8,44218.73442,5446,217.5,27.2,27.12,0.0333,-0.08,8,3.178,1.055,153.6,153.6,153.9,167.4,213,240.4,315.9,404.3,572.8,833.3,1309,1662,2152,2637,3229,3824,4392,4800,5228,5263,5265,5265,5263,5256,5017,4124,3029,1706,402.3,16.33,38.02,98.86,146.5,183.7,204,210.3,211.2,211.6,211.9,212,2.19,1.48,1.61,1.83,1.93,1.94,2.09,2.39,2.83,3.31,3.76,4.07,4.28,4.41,4.49,4.56,4.66,4.81,5.04,5.35,5.77,6.26,6.78,7.23,7.44,7.25,6.53,5.2,3.27,0.71,1.63,4.08,7.4,98,98,98,98,98,98,98,0,0.75,1.57,2.47,3.46,4.55,5.74,7.04,8.47,10.04,11.76,13.64,15.71,17.98,20.46,23.19,26.18,29.45,33.05,36.99,41.31,46.05,51.25,56.94,63.19,70.04,77.55,85.79,94.83,104.73,115.59,127.5,140.56,154.88,170.58,187.8,206.68,227.39,250.1,275,0.75,1.57,2.47,3.46,4.55,5.74,7.04,8.47,10.04,11.76,13.64,15.71,17.98,20.46,23.19,26.18,29.45,33.05,36.99,41.31,46.05,51.25,56.94,63.19,70.04,77.55,85.79,94.83,104.73,115.59,127.5,140.56,154.88,170.58,187.8,206.68,227.39,250.1,275,412.5,15.858,40.073,102501
15551,102500,712930.9,475372.2,44218.73524,5486,220,40.68,39.16,0.0225,-1.52,35,2.759,1.055,199.8,199.7,162.9,87.55,39.72,30.56,30.58,56.19,152.8,314.9,504.9,719.2,951.2,1189,1402,1607,1750,1846,1896,1914,1915,1916,1915,1912,1812,1577,1256,903.3,547.6,225.8,24.46,22.76,46.03,38.67,12.31,12.54,35.08,63.06,73.98,73.88,3.7,2.58,2.25,1.94,1.44,1.11,1.09,1.62,2.49,3.32,4.01,4.52,4.85,5.04,5.11,5.07,4.98,4.85,4.71,4.6,4.52,4.48,4.46,4.44,4.36,4.18,3.85,3.36,2.68,1.77,0.52,0.63,1.1,1.1,0.55,0.6,1.2,1.56,1.46,0.95,0,0.75,1.57,2.47,3.46,4.55,5.74,7.04,8.47,10.04,11.76,13.64,15.71,17.98,20.46,23.19,26.18,29.45,33.05,36.99,41.31,46.05,51.25,56.94,63.19,70.04,77.55,85.79,94.83,104.73,115.59,127.5,140.56,154.88,170.58,187.8,206.68,227.39,250.1,275,0.75,1.57,2.47,3.46,4.55,5.74,7.04,8.47,10.04,11.76,13.64,15.71,17.98,20.46,23.19,26.18,29.45,33.05,36.99,41.31,46.05,51.25,56.94,63.19,70.04,77.55,85.79,94.83,104.73,115.59,127.5,140.56,154.88,170.58,187.8,206.68,227.39,250.1,275,412.5,216.576,241.676,102501
15591,102500,712142.3,475667,44218.73571,5526,212.6,50.23,56.56,0.0174,6.33,30,2.914,1.055,143.6,241,477.9,846,1329,1796,2277,2813,3209,3781,4410,4687,4934,5215,5215,5213,5211,5205,5194,5041,4701,3842,2799,1716,823.5,32.69,27.56,45.24,60.41,65.22,39.81,13.13,10.33,10.06,19.92,30.98,44.53,47.15,47.17,6.48,1.41,1.3,2.14,3.15,4.06,4.78,5.27,5.54,5.62,5.56,5.4,5.17,4.91,4.67,4.46,4.3,4.21,4.19,4.19,4.18,4.11,3.92,3.56,2.97,2.06,0.37,0.37,0.77,0.94,1.11,1.08,0.71,0.71,0.66,1.05,1.64,2.94,4.32,4.37,1.96,0,0.75,1.57,2.47,3.46,4.55,5.74,7.04,8.47,10.04,11.76,13.64,15.71,17.98,20.46,23.19,26.18,29.45,33.05,36.99,41.31,46.05,51.25,56.94,63.19,70.04,77.55,85.79,94.83,104.73,115.59,127.5,140.56,154.88,170.58,187.8,206.68,227.39,250.1,275,0.75,1.57,2.47,3.46,4.55,5.74,7.04,8.47,10.04,11.76,13.64,15.71,17.98,20.46,23.19,26.18,29.45,33.05,36.99,41.31,46.05,51.25,56.94,63.19,70.04,77.55,85.79,94.83,104.73,115.59,127.5,140.56,154.88,170.58,187.8,206.68,227.39,250.1,275,412.5,205.255,275.033,102501
15631,102500,711353.7,475964.7,44218.73617,5566,222.3,31.25,44.17,0.0168,12.92,33,4.092,1.055,60.29,200.5,526.6,962.9,1474,2049,2709,3379,4182,4954,5746,6627,7437,8159,8623,8747,8762,8766,8766,8760,8323,7013,5036,3126,1076,14.77,41.27,82.43,86.27,63.48,25.53,10.73,9.88,10.01,20.68,30.44,30.61,30.65,30.65,3.45,0.69,1.4,2.47,3.57,4.56,5.37,5.97,6.34,6.51,6.51,6.38,6.17,5.93,5.68,5.47,5.3,5.2,5.19,5.23,5.28,5.25,5.04,4.55,3.7,2.38,0.18,0.79,1.08,1.19,1.12,0.82,0.56,0.69,0.68,1.13,1.51,2.23,3.22,3.22,1.01,0,0.75,1.57,2.47,3.46,4.55,5.74,7.04,8.47,10.04,11.76,13.64,15.71,17.98,20.46,23.19,26.18,29.45,33.05,36.99,41.31,46.05,51.25,56.94,63.19,70.04,77.55,85.79,94.83,104.73,115.59,127.5,140.56,154.88,170.58,187.8,206.68,227.39,250.1,275,0.75,1.57,2.47,3.46,4.55,5.74,7.04,8.47,10.04,11.76,13.64,15.71,17.98,20.46,23.19,26.18,29.45,33.05,36.99,41.31,46.05,51.25,56.94,63.19,70.04,77.55,85.79,94.83,104.73,115.59,127.5,140.56,154.88,170.58,187.8,206.68,227.39,250.1,275,412.5,209.515,275.033,102501
15673,102500,710601.1,476266.6,44218.73684,5606,228.8,44.58,48.29,0.0204,3.71,30,5.955,1.055,552.6,552.9,574.2,639.4,734.4,808.9,889.2,907.7,909.8,910.2,910.2,909.3,902.6,866.3,794.1,687.5,551.5,434.3,380.7,347.2,347.5,415.8,483,558,558.2,439.8,17.14,46.22,82.53,4.42,26.18,50.08,50.05,36.96,21.32,20.42,20.42,22.82,22.97,22.96,3.56,2.19,1.88,2.15,2.61,2.99,3.19,3.18,3.03,2.85,2.7,2.61,2.57,2.52,2.42,2.23,1.98,1.73,1.57,1.47,1.44,1.51,1.65,1.91,2.11,1.83,0.21,0.96,1.43,0.17,1.26,1.53,1.52,1.41,1.24,1.23,1.11,1.12,1.22,1.41,0,0.75,1.57,2.47,3.46,4.55,5.74,7.04,8.47,10.04,11.76,13.64,15.71,17.98,20.46,23.19,26.18,29.45,33.05,36.99,41.31,46.05,51.25,56.94,63.19,70.04,77.55,85.79,94.83,104.73,115.59,127.5,140.56,154.88,170.58,187.8,206.68,227.39,250.1,275,0.75,1.57,2.47,3.46,4.55,5.74,7.04,8.47,10.04,11.76,13.64,15.71,17.98,20.46,23.19,26.18,29.45,33.05,36.99,41.31,46.05,51.25,56.94,63.19,70.04,77.55,85.79,94.83,104.73,115.59,127.5,140.56,154.88,170.58,187.8,206.68,227.39,250.1,275,412.5,201.001,248.947,102501
15715,102500,710365.1,476409.8,44218.73742,5646,226.9,41.37,43.43,0.0243,2.06,42,1.987,1.055,302.9,302.9,310.6,340.5,390.1,464.2,575.2,708.8,872.2,1071,1276,1491,1696,1937,2136,2211,2229,2231,2232,2232,2229,2100,1700,1026,496.6,85.29,30.35,35.98,67.46,68.06,46,15.79,13.78,13.81,18.55,22.99,29.82,30.77,31.46,31.43,2.83,1.77,1.72,2.03,2.34,2.52,2.63,2.74,2.89,3.1,3.33,3.54,3.7,3.79,3.78,3.67,3.51,3.35,3.23,3.15,3.11,3.01,2.78,2.34,1.68,0.76,0.4,0.56,0.96,1.01,0.99,0.56,0.65,0.72,0.95,1.08,1.15,1.14,1.23,1.37,0,0.75,1.57,2.47,3.46,4.55,5.74,7.04,8.47,10.04,11.76,13.64,15.71,17.98,20.46,23.19,26.18,29.45,33.05,36.99,41.31,46.05,51.25,56.94,63.19,70.04,77.55,85.79,94.83,104.73,115.59,127.5,140.56,154.88,170.58,187.8,206.68,227.39,250.1,275,0.75,1.57,2.47,3.46,4.55,5.74,7.04,8.47,10.04,11.76,13.64,15.71,17.98,20.46,23.19,26.18,29.45,33.05,36.99,41.31,46.05,51.25,56.94,63.19,70.04,77.55,85.79,94.83,104.73,115.59,127.5,140.56,154.88,170.58,187.8,206.68,227.39,250.1,275,412.5,211.632,256.212,102501
15757,102500,709558.1,476740.7,44218.73797,5686,227.7,34.28,36.54,0.0277,2.26,34,2.329,1.055,491.1,491.1,516.6,606.6,742.6,926,1157,1367,1546,1658,1698,1706,1710,1708,1705,1694,1689,1684,1669,1637,1571,1391,1038,830.8,496,53.44,33.27,46.26,46.23,49.78,50.27,23.8,10.37,10.57,20.66,37.29,37.59,37.61,37.38,13.92,3.1,1.89,1.74,2.11,2.63,3.08,3.39,3.53,3.54,3.45,3.31,3.17,3.05,2.97,2.91,2.85,2.79,2.72,2.61,2.48,2.34,2.19,2.07,1.99,1.63,0.48,0.41,0.71,0.73,0.89,1.13,1.1,0.74,0.6,1.04,1.55,2.01,2.96,4.69,6.55,0,0.75,1.57,2.47,3.46,4.55,5.74,7.04,8.47,10.04,11.76,13.64,15.71,17.98,20.46,23.19,26.18,29.45,33.05,36.99,41.31,46.05,51.25,56.94,63.19,70.04,77.55,85.79,94.83,104.73,115.59,127.5,140.56,154.88,170.58,187.8,206.68,227.39,250.1,275,0.75,1.57,2.47,3.46,4.55,5.74,7.04,8.47,10.04,11.76,13.64,15.71,17.98,20.46,23.19,26.18,29.45,33.05,36.99,41.31,46.05,51.25,56.94,63.19,70.04,77.55,85.79,94.83,104.73,115.59,127.5,140.56,154.88,170.58,187.8,206.68,227.39,250.1,275,412.5,194.091,268.262,102501
15799,102500,708545.6,477154.2,44218.73858,5726,230,41.42,44.06,0.0237,2.64,33,2.098,1.055,504.6,506.7,514.4,547.5,591.3,642.7,697.8,754,819.7,889.9,931.9,1004,1081,1123,1177,1198,1201,1203,1203,1195,1132,928,628.2,290.3,36.85,32.32,65.31,68.99,66.69,52.7,31.96,16.26,15.36,15.47,29.92,47.53,59.77,67.25,68.69,69.03,3.51,2.18,1.88,2.11,2.49,2.77,2.89,2.87,2.79,2.71,2.68,2.71,2.77,2.82,2.83,2.77,2.66,2.53,2.41,2.34,2.29,2.21,2.03,1.55,0.42,0.47,0.97,0.96,1.02,1.02,0.9,0.64,0.78,0.77,1.16,1.41,1.53,1.65,1.99,2.84,0,0.75,1.57,2.47,3.46,4.55,5.74,7.04,8.47,10.04,11.76,13.64,15.71,17.98,20.46,23.19,26.18,29.45,33.05,36.99,41.31,46.05,51.25,56.94,63.19,70.04,77.55,85.79,94.83,104.73,115.59,127.5,140.56,154.88,170.58,187.8,206.68,227.39,250.1,275,0.75,1.57,2.47,3.46,4.55,5.74,7.04,8.47,10.04,11.76,13.64,15.71,17.98,20.46,23.19,26.18,29.45,33.05,36.99,41.31,46.05,51.25,56.94,63.19,70.04,77.55,85.79,94.83,104.73,115.59,127.5,140.56,154.88,170.58,187.8,206.68,227.39,250.1,275,412.5,177.112,206.616,102501
15841,102500,707375.8,477607.4,44218.73921,5766,226.4,35.91,36.48,0.0257,0.57,24,2.554,1.055,167,173,185.3,210.1,232.6,238.9,261.3,324.8,414.5,529,661.7,771.6,912.7,1065,1137,1187,1195,1196,1197,1196,1129,860.4,421.8,45.95,21.65,63.39,97.66,98.54,97.52,48.7,30.73,30.75,33.52,54.6,78.47,97.33,106.1,107.1,107.1,107,2.31,1.55,1.72,2.06,2.2,2.13,2.08,2.21,2.49,2.81,3.09,3.26,3.32,3.28,3.18,3.08,3.03,3.07,3.18,3.27,3.2,2.81,2,0.78,0.41,1.12,1.27,1.34,1.56,1.45,1.18,1.03,1.05,1.66,2.92,5.11,8.49,98,98,98,0,0.75,1.57,2.47,3.46,4.55,5.74,7.04,8.47,10.04,11.76,13.64,15.71,17.98,20.46,23.19,26.18,29.45,33.05,36.99,41.31,46.05,51.25,56.94,63.19,70.04,77.55,85.79,94.83,104.73,115.59,127.5,140.56,154.88,170.58,187.8,206.68,227.39,250.1,275,0.75,1.57,2.47,3.46,4.55,5.74,7.04,8.47,10.04,11.76,13.64,15.71,17.98,20.46,23.19,26.18,29.45,33.05,36.99,41.31,46.05,51.25,56.94,63.19,70.04,77.55,85.79,94.83,104.73,115.59,127.5,140.56,154.88,170.58,187.8,206.68,227.39,250.1,275,412.5,121.831,144.901,102501
15885,102500,706037.7,478347.5,44218.74006,5806,215.4,32.62,31.7,0.0288,-0.92,25,2.384,1.055,209,209.1,220.3,253.1,297.6,331.9,367.7,393,407.9,408,407.9,407.7,407.4,402.1,395,367.9,286.1,195.8,98.21,30,27.54,32.05,63,84.21,92.64,92.72,90.23,53.19,16.47,10.52,12.52,28.13,45.41,55.77,62.93,68.52,71.73,72.84,73.11,73.64,2.51,1.6,1.68,2.07,2.39,2.52,2.52,2.46,2.39,2.35,2.33,2.33,2.31,2.27,2.2,2.07,1.89,1.66,1.31,0.66,0.75,0.8,1.22,1.41,1.48,1.57,1.69,1.55,1.06,0.8,0.81,1.28,1.7,2.39,3.76,6.22,98,98,98,98,0,0.75,1.57,2.47,3.46,4.55,5.74,7.04,8.47,10.04,11.76,13.64,15.71,17.98,20.46,23.19,26.18,29.45,33.05,36.99,41.31,46.05,51.25,56.94,63.19,70.04,77.55,85.79,94.83,104.73,115.59,127.5,140.56,154.88,170.58,187.8,206.68,227.39,250.1,275,0.75,1.57,2.47,3.46,4.55,5.74,7.04,8.47,10.04,11.76,13.64,15.71,17.98,20.46,23.19,26.18,29.45,33.05,36.99,41.31,46.05,51.25,56.94,63.19,70.04,77.55,85.79,94.83,104.73,115.59,127.5,140.56,154.88,170.58,187.8,206.68,227.39,250.1,275,412.5,119.337,130.91,102501
15929,102500,704897.9,478646.8,44218.74068,5846,207.1,48.97,49.59,0.0176,0.62,43,1.725,1.055,56.49,56.48,56.47,58.14,70.76,93.66,122,137.9,142.2,142.7,142.8,142.8,133.5,97.57,53.15,27.48,27.48,27.54,42.47,73.18,84.45,89.4,89.47,89.44,84.71,55.63,25.04,13.33,13.34,17.82,39.5,67.21,91.71,104.2,104.6,104.6,104.6,101.8,91.53,82.75,2.11,1.48,1.56,1.65,1.76,1.97,2.21,2.34,2.35,2.28,2.21,2.16,2.08,1.85,1.43,1.01,1.05,1.03,1.31,1.63,1.66,1.61,1.69,1.66,1.55,1.45,1.08,0.79,0.87,0.96,1.47,1.87,2.05,2.06,2,1.96,1.96,1.95,1.77,1.31,0,0.75,1.57,2.47,3.46,4.55,5.74,7.04,8.47,10.04,11.76,13.64,15.71,17.98,20.46,23.19,26.18,29.45,33.05,36.99,41.31,46.05,51.25,56.94,63.19,70.04,77.55,85.79,94.83,104.73,115.59,127.5,140.56,154.88,170.58,187.8,206.68,227.39,250.1,275,0.75,1.57,2.47,3.46,4.55,5.74,7.04,8.47,10.04,11.76,13.64,15.71,17.98,20.46,23.19,26.18,29.45,33.05,36.99,41.31,46.05,51.25,56.94,63.19,70.04,77.55,85.79,94.83,104.73,115.59,127.5,140.56,154.88,170.58,187.8,206.68,227.39,250.1,275,412.5,140.711,183.478,102501
15971,102500,704051.3,478983.9,44218.74119,5886,228.4,26.42,28.47,0.0359,2.05,45,2.009,1.055,539,539.1,546.5,594.4,657.3,681.6,684.5,684.6,684.4,683.9,682.3,677.6,645.5,539.4,391.4,255.6,158.8,93.81,61.61,30.38,28.12,36.65,75.2,79.5,80.61,80.72,78.88,56.53,15.84,13.3,13.75,32.63,52.94,62.01,62.02,60.71,50.36,35,26.57,21.72,3.4,2.11,1.88,2.16,2.55,2.79,2.83,2.73,2.6,2.5,2.47,2.47,2.42,2.24,1.95,1.63,1.36,1.1,0.97,0.66,0.7,0.84,1.27,1.32,1.28,1.34,1.48,1.35,0.68,0.77,0.73,1.27,1.6,1.74,1.77,1.72,1.48,1.16,1.08,1,0,0.75,1.57,2.47,3.46,4.55,5.74,7.04,8.47,10.04,11.76,13.64,15.71,17.98,20.46,23.19,26.18,29.45,33.05,36.99,41.31,46.05,51.25,56.94,63.19,70.04,77.55,85.79,94.83,104.73,115.59,127.5,140.56,154.88,170.58,187.8,206.68,227.39,250.1,275,0.75,1.57,2.47,3.46,4.55,5.74,7.04,8.47,10.04,11.76,13.64,15.71,17.98,20.46,23.19,26.18,29.45,33.05,36.99,41.31,46.05,51.25,56.94,63.19,70.04,77.55,85.79,94.83,104.73,115.59,127.5,140.56,154.88,170.58,187.8,206.68,227.39,250.1,275,412.5,193.823,254.381,102501
16013,102600,704230.2,478089.1,44218.7426,5926,229.9,61.5,62.5,0.0277,1,6,0.5117,1.055,260,260.1,273.5,302.6,303.4,303.7,303.7,303.7,303.6,303.2,302.6,300.4,297.8,296.6,295.8,291.6,278.4,174.1,106.7,64.15,50.59,47.84,47.84,47.93,45.19,42.69,34.33,26.9,24.82,22.17,22.17,27.3,36,39.76,42.59,44.91,45.53,45.58,45.69,45.74,98,98,98,98,98,9.62,7.85,6.59,5.73,5.2,4.93,4.84,4.88,4.98,5.04,4.96,4.65,4.03,3.2,2.3,1.65,1.45,1.57,1.65,1.54,1.5,1.63,1.74,1.58,1.46,2.33,4.66,8.64,98,98,98,98,98,98,98,0,0.75,1.57,2.47,3.46,4.55,5.74,7.04,8.47,10.04,11.76,13.64,15.71,17.98,20.46,23.19,26.18,29.45,33.05,36.99,41.31,46.05,51.25,56.94,63.19,70.04,77.55,85.79,94.83,104.73,115.59,127.5,140.56,154.88,170.58,187.8,206.68,227.39,250.1,275,0.75,1.57,2.47,3.46,4.55,5.74,7.04,8.47,10.04,11.76,13.64,15.71,17.98,20.46,23.19,26.18,29.45,33.05,36.99,41.31,46.05,51.25,56.94,63.19,70.04,77.55,85.79,94.83,104.73,115.59,127.5,140.56,154.88,170.58,187.8,206.68,227.39,250.1,275,412.5,66.766,96.885,102601
16057,102600,705454.7,477539.9,44218.74317,5966,214.1,35.16,37.12,0.0276,1.96,43,1.46,1.055,132,123.8,122.6,121.7,123.7,139.3,169.8,213.2,260,310.1,360.7,371.2,376.8,376.9,376.9,359,338.3,252,123.4,35.97,33.71,34.87,57.64,65.72,66.8,66.47,49.31,24.48,15.7,15.69,16.06,21.75,24.97,24.89,24.23,23.44,21.69,21.32,21.29,21.7,2.59,1.7,1.71,1.86,1.88,1.89,2.02,2.25,2.5,2.68,2.74,2.67,2.54,2.43,2.39,2.39,2.36,2.11,1.56,0.78,0.88,0.88,1.19,1.27,1.27,1.33,1.23,0.92,0.77,0.86,0.88,1.08,1.21,1.29,1.37,1.34,1.17,1.11,1.31,1.92,0,0.75,1.57,2.47,3.46,4.55,5.74,7.04,8.47,10.04,11.76,13.64,15.71,17.98,20.46,23.19,26.18,29.45,33.05,36.99,41.31,46.05,51.25,56.94,63.19,70.04,77.55,85.79,94.83,104.73,115.59,127.5,140.56,154.88,170.58,187.8,206.68,227.39,250.1,275,0.75,1.57,2.47,3.46,4.55,5.74,7.04,8.47,10.04,11.76,13.64,15.71,17.98,20.46,23.19,26.18,29.45,33.05,36.99,41.31,46.05,51.25,56.94,63.19,70.04,77.55,85.79,94.83,104.73,115.59,127.5,140.56,154.88,170.58,187.8,206.68,227.39,250.1,275,412.5,197.483,248.145,102601
16097,102600,706472.8,477134.9,44218.74363,6006,222.5,41.2,41.36,0.0217,0.16,37,1.408,1.055,88.82,88.78,88.79,94.09,122.6,159.6,203.3,264.4,343.5,432.7,522.5,617.5,708.9,762.4,776,776.7,776.7,776.2,752.9,632.8,425.4,202.3,39.45,26.66,43.19,86.78,88.18,88.17,70.24,32.54,21.34,21.31,21.78,41.65,61.36,72.6,84.39,91.35,93.57,106.2,2.18,1.5,1.6,1.77,1.93,2.1,2.34,2.64,2.96,3.21,3.37,3.42,3.39,3.3,3.2,3.13,3.11,3.12,3.08,2.88,2.43,1.71,0.75,0.66,0.94,1.32,1.35,1.36,1.29,0.94,0.79,0.89,0.88,1.28,1.5,1.56,1.62,1.66,1.52,0.99,0,0.75,1.57,2.47,3.46,4.55,5.74,7.04,8.47,10.04,11.76,13.64,15.71,17.98,20.46,23.19,26.18,29.45,33.05,36.99,41.31,46.05,51.25,56.94,63.19,70.04,77.55,85.79,94.83,104.73,115.59,127.5,140.56,154.88,170.58,187.8,206.68,227.39,250.1,275,0.75,1.57,2.47,3.46,4.55,5.74,7.04,8.47,10.04,11.76,13.64,15.71,17.98,20.46,23.19,26.18,29.45,33.05,36.99,41.31,46.05,51.25,56.94,63.19,70.04,77.55,85.79,94.83,104.73,115.59,127.5,140.56,154.88,170.58,187.8,206.68,227.39,250.1,275,412.5,176.763,216.027,102601
16139,102600,707591.3,476687.9,44218.74416,6046,231.9,42.87,44.27,0.0223,1.4,38,1.301,1.055,240.9,241,242.2,245.8,249.5,264.9,286.5,316.9,359.5,413.3,475.8,547.4,616.4,696.5,737,752.2,756.8,757.5,757.6,756.4,711.6,547.8,336.1,132,42.28,43.65,58.26,62.11,62.03,55.47,43.46,21.2,15.57,15.84,30.15,52.19,70.09,81.82,86.02,93.75,2.86,1.82,1.76,2.04,2.25,2.3,2.25,2.21,2.26,2.41,2.59,2.76,2.86,2.87,2.8,2.66,2.54,2.46,2.45,2.45,2.39,2.17,1.76,1.2,0.63,0.75,0.94,0.99,1.02,1.05,1.03,0.72,0.71,0.75,1.11,1.42,1.6,1.64,1.61,1.72,0,0.75,1.57,2.47,3.46,4.55,5.74,7.04,8.47,10.04,11.76,13.64,15.71,17.98,20.46,23.19,26.18,29.45,33.05,36.99,41.31,46.05,51.25,56.94,63.19,70.04,77.55,85.79,94.83,104.73,115.59,127.5,140.56,154.88,170.58,187.8,206.68,227.39,250.1,275,0.75,1.57,2.47,3.46,4.55,5.74,7.04,8.47,10.04,11.76,13.64,15.71,17.98,20.46,23.19,26.18,29.45,33.05,36.99,41.31,46.05,51.25,56.94,63.19,70.04,77.55,85.79,94.83,104.73,115.59,127.5,140.56,154.88,170.58,187.8,206.68,227.39,250.1,275,412.5,179.651,206.239,102601
16181,102600,708052.8,475849.2,44218.74472,6086,229.1,44.6,43.75,0.0198,-0.85,37,1.705,1.055,71.77,69.65,69.6,69.61,73.33,109.6,186.3,299.7,433.7,577.7,731.1,896.5,1052,1216,1355,1430,1475,1499,1510,1511,1511,1505,1340,1027,645.7,252.7,31.01,22.22,72.34,88.04,88.02,34.3,10.92,12.9,21.41,33.03,43.45,52.76,62.39,67.57,2.15,1.51,1.59,1.62,1.59,1.88,2.45,3.09,3.65,4.07,4.32,4.43,4.41,4.31,4.18,4.03,3.91,3.86,3.87,3.93,4,4,3.83,3.42,2.74,1.77,0.56,0.5,1.24,1.39,1.37,1.02,0.53,0.73,0.99,1.21,1.33,1.51,2,3.04,0,0.75,1.57,2.47,3.46,4.55,5.74,7.04,8.47,10.04,11.76,13.64,15.71,17.98,20.46,23.19,26.18,29.45,33.05,36.99,41.31,46.05,51.25,56.94,63.19,70.04,77.55,85.79,94.83,104.73,115.59,127.5,140.56,154.88,170.58,187.8,206.68,227.39,250.1,275,0.75,1.57,2.47,3.46,4.55,5.74,7.04,8.47,10.04,11.76,13.64,15.71,17.98,20.46,23.19,26.18,29.45,33.05,36.99,41.31,46.05,51.25,56.94,63.19,70.04,77.55,85.79,94.83,104.73,115.59,127.5,140.56,154.88,170.58,187.8,206.68,227.39,250.1,275,412.5,180.639,209.229,102601
16223,102600,708961.8,476093.8,44218.74528,6126,228.4,50.6,61.51,0.0172,10.91,31,2.659,1.055,113.9,224.9,434.9,665.6,847.8,1016,1284,1550,1814,2143,2451,2720,2888,3184,3189,3192,3194,3193,2807,2657,1915,1491,482.2,24.74,45.41,69.53,69.46,46.33,27.72,21.51,14.29,11.75,12.93,25.09,40.17,50.31,54.45,54.55,54.54,42.77,1.41,1.43,2.22,3.04,3.69,4.12,4.38,4.48,4.48,4.42,4.33,4.23,4.15,4.09,4.06,4.05,4.08,4.1,4.07,3.96,3.65,3.08,2.06,0.33,0.79,0.98,1.04,0.95,0.78,0.82,0.7,0.72,0.79,1.19,1.45,1.52,1.52,1.56,1.65,1.69,0,0.75,1.57,2.47,3.46,4.55,5.74,7.04,8.47,10.04,11.76,13.64,15.71,17.98,20.46,23.19,26.18,29.45,33.05,36.99,41.31,46.05,51.25,56.94,63.19,70.04,77.55,85.79,94.83,104.73,115.59,127.5,140.56,154.88,170.58,187.8,206.68,227.39,250.1,275,0.75,1.57,2.47,3.46,4.55,5.74,7.04,8.47,10.04,11.76,13.64,15.71,17.98,20.46,23.19,26.18,29.45,33.05,36.99,41.31,46.05,51.25,56.94,63.19,70.04,77.55,85.79,94.83,104.73,115.59,127.5,140.56,154.88,170.58,187.8,206.68,227.39,250.1,275,412.5,174.402,218.347,102601
16269,102600,710315.7,475409,44218.74602,6166,225.2,47.72,46.71,0.019,-1.01,38,1.68,1.055,77.64,76.99,76.09,76.06,76.13,97.91,161.7,274.1,416.1,583.2,768.4,973.6,1196,1410,1598,1776,1889,1944,1946,1946,1944,1909,1697,1397,969.8,454.1,123.4,30.54,26.99,70.69,71.1,68.23,12.28,10.71,16.87,37.57,50.94,51.74,50.9,40.14,2.2,1.54,1.64,1.69,1.6,1.74,2.23,2.87,3.48,3.98,4.34,4.56,4.67,4.68,4.63,4.55,4.46,4.38,4.33,4.3,4.27,4.18,3.97,3.59,3,2.2,1.29,0.58,0.58,1.16,1.28,1.31,0.47,0.58,0.85,1.27,1.38,1.36,1.33,0.94,0,0.75,1.57,2.47,3.46,4.55,5.74,7.04,8.47,10.04,11.76,13.64,15.71,17.98,20.46,23.19,26.18,29.45,33.05,36.99,41.31,46.05,51.25,56.94,63.19,70.04,77.55,85.79,94.83,104.73,115.59,127.5,140.56,154.88,170.58,187.8,206.68,227.39,250.1,275,0.75,1.57,2.47,3.46,4.55,5.74,7.04,8.47,10.04,11.76,13.64,15.71,17.98,20.46,23.19,26.18,29.45,33.05,36.99,41.31,46.05,51.25,56.94,63.19,70.04,77.55,85.79,94.83,104.73,115.59,127.5,140.56,154.88,170.58,187.8,206.68,227.39,250.1,275,412.5,200.287,245.281,102601
16311,102600,711535.3,474994.8,44218.7466,6206,216.5,34.09,36.06,0.025,1.97,36,1.863,1.055,133.7,133.7,135.8,151.8,203.2,291.8,425.7,603.8,831.8,1108,1432,1797,2204,2648,3061,3504,3861,3993,4010,4016,4015,4010,3780,3110,2132,1086,302.3,16.71,86.05,111.4,111.3,58.29,14.31,13.15,16.26,38.93,56.8,62.74,62.78,62.74,2.16,1.48,1.58,1.74,1.93,2.22,2.64,3.12,3.58,3.97,4.26,4.45,4.56,4.6,4.61,4.59,4.57,4.55,4.54,4.55,4.55,4.5,4.34,3.99,3.45,2.7,1.76,0.17,1.17,1.18,1.24,1.12,0.47,0.62,0.73,1.22,1.42,1.43,1.38,1.29,0,0.75,1.57,2.47,3.46,4.55,5.74,7.04,8.47,10.04,11.76,13.64,15.71,17.98,20.46,23.19,26.18,29.45,33.05,36.99,41.31,46.05,51.25,56.94,63.19,70.04,77.55,85.79,94.83,104.73,115.59,127.5,140.56,154.88,170.58,187.8,206.68,227.39,250.1,275,0.75,1.57,2.47,3.46,4.55,5.74,7.04,8.47,10.04,11.76,13.64,15.71,17.98,20.46,23.19,26.18,29.45,33.05,36.99,41.31,46.05,51.25,56.94,63.19,70.04,77.55,85.79,94.83,104.73,115.59,127.5,140.56,154.88,170.58,187.8,206.68,227.39,250.1,275,412.5,191.457,222.642,102601
16353,102600,712901.6,474456.7,44218.74719,6246,220.8,31.05,29.67,0.03,-1.38,22,2.147,1.055,140.4,139.7,138.8,138.4,138.1,161.3,236,370,542.3,767.2,1027,1328,1662,2029,2444,2838,3215,3508,3644,3649,3650,3649,3645,3625,3304,2598,1685,809.5,135.9,18.19,85.06,86.88,83.25,20.33,14.91,14.97,19.07,45.04,76.48,121.3,2.24,1.54,1.66,1.77,1.7,1.7,2.01,2.5,3.02,3.47,3.81,4.05,4.2,4.29,4.34,4.36,4.38,4.39,4.4,4.43,4.49,4.56,4.6,4.56,4.37,3.96,3.32,2.46,1.44,0.26,1.2,1.2,1.41,1.19,0.95,0.73,0.94,2.01,3.7,6.13,0,0.75,1.57,2.47,3.46,4.55,5.74,7.04,8.47,10.04,11.76,13.64,15.71,17.98,20.46,23.19,26.18,29.45,33.05,36.99,41.31,46.05,51.25,56.94,63.19,70.04,77.55,85.79,94.83,104.73,115.59,127.5,140.56,154.88,170.58,187.8,206.68,227.39,250.1,275,0.75,1.57,2.47,3.46,4.55,5.74,7.04,8.47,10.04,11.76,13.64,15.71,17.98,20.46,23.19,26.18,29.45,33.05,36.99,41.31,46.05,51.25,56.94,63.19,70.04,77.55,85.79,94.83,104.73,115.59,127.5,140.56,154.88,170.58,187.8,206.68,227.39,250.1,275,412.5,185.765,211.113,102601
16395,102600,714401.8,473858.9,44218.7478,6286,210,45.48,47.24,0.0202,1.76,32,1.283,1.055,192.9,196.3,204.3,221.8,300.1,403.8,523.6,680.1,871,1088,1339,1666,2025,2432,2810,3310,3778,3956,3995,4001,4002,4002,3998,3830,3334,2587,1640,681.3,65.45,22.06,76.82,77.45,50,9.79,10.14,15.82,32.78,37.74,37.73,29.21,2.36,1.53,1.63,1.94,2.23,2.42,2.6,2.82,3.11,3.43,3.77,4.08,4.33,4.48,4.54,4.52,4.42,4.26,4.09,3.95,3.87,3.87,3.9,3.9,3.77,3.44,2.82,1.87,0.56,0.26,1.07,1.02,1.07,0.37,0.53,0.81,1.14,1.17,1.19,0.98,0,0.75,1.57,2.47,3.46,4.55,5.74,7.04,8.47,10.04,11.76,13.64,15.71,17.98,20.46,23.19,26.18,29.45,33.05,36.99,41.31,46.05,51.25,56.94,63.19,70.04,77.55,85.79,94.83,104.73,115.59,127.5,140.56,154.88,170.58,187.8,206.68,227.39,250.1,275,0.75,1.57,2.47,3.46,4.55,5.74,7.04,8.47,10.04,11.76,13.64,15.71,17.98,20.46,23.19,26.18,29.45,33.05,36.99,41.31,46.05,51.25,56.94,63.19,70.04,77.55,85.79,94.83,104.73,115.59,127.5,140.56,154.88,170.58,187.8,206.68,227.39,250.1,275,412.5,217.629,265.733,102601
16435,102600,715517.8,473430.1,44218.74826,6326,207.3,53.59,54.13,0.0203,0.54,33,2.416,1.055,115.2,109.5,88.37,87.09,87.02,87.11,120.4,205.6,331.1,493.4,681.9,902.9,1150,1416,1699,1982,2256,2498,2644,2702,2707,2708,2707,2703,2517,2134,1597,987.3,405.8,67.9,30.13,41.83,44.45,33.45,10.7,11.03,24.47,41.3,52.39,54.6,2.92,1.91,1.73,1.77,1.7,1.62,1.88,2.44,3.07,3.64,4.1,4.41,4.61,4.71,4.74,4.72,4.68,4.64,4.61,4.59,4.59,4.6,4.6,4.54,4.34,3.96,3.38,2.61,1.69,0.7,0.43,0.79,0.84,0.81,0.41,0.48,1.02,1.22,1.29,1.02,0,0.75,1.57,2.47,3.46,4.55,5.74,7.04,8.47,10.04,11.76,13.64,15.71,17.98,20.46,23.19,26.18,29.45,33.05,36.99,41.31,46.05,51.25,56.94,63.19,70.04,77.55,85.79,94.83,104.73,115.59,127.5,140.56,154.88,170.58,187.8,206.68,227.39,250.1,275,0.75,1.57,2.47,3.46,4.55,5.74,7.04,8.47,10.04,11.76,13.64,15.71,17.98,20.46,23.19,26.18,29.45,33.05,36.99,41.31,46.05,51.25,56.94,63.19,70.04,77.55,85.79,94.83,104.73,115.59,127.5,140.56,154.88,170.58,187.8,206.68,227.39,250.1,275,412.5,220.969,252.935,102601
16479,102600,718018,472153.6,44218.74939,6366,188.6,45.88,45.61,0.0217,-0.27,6,0.8963,1.055,488.3,490.8,515.5,536.1,570.2,609.9,678.7,790.5,937.7,1126,1264,1406,1549,1631,1706,1777,1816,1823,1824,1824,1823,1821,1814,1808,1498,1195,988.2,532.1,127.8,77.59,75.21,75.12,74.6,68.45,64.58,64.4,74.25,91.46,110.7,129.3,98,98,98,98,98,98,98,9.36,8.6,8.16,7.94,7.9,8.02,8.24,8.56,8.94,9.36,9.8,98,98,98,98,98,98,9.51,8.48,7.2,5.73,4.26,3.72,3.89,4.3,6.35,98,98,98,98,98,98,98,0,0.75,1.57,2.47,3.46,4.55,5.74,7.04,8.47,10.04,11.76,13.64,15.71,17.98,20.46,23.19,26.18,29.45,33.05,36.99,41.31,46.05,51.25,56.94,63.19,70.04,77.55,85.79,94.83,104.73,115.59,127.5,140.56,154.88,170.58,187.8,206.68,227.39,250.1,275,0.75,1.57,2.47,3.46,4.55,5.74,7.04,8.47,10.04,11.76,13.64,15.71,17.98,20.46,23.19,26.18,29.45,33.05,36.99,41.31,46.05,51.25,56.94,63.19,70.04,77.55,85.79,94.83,104.73,115.59,127.5,140.56,154.88,170.58,187.8,206.68,227.39,250.1,275,412.5,120.905,158.819,102601
16522,102600,720535.2,471386.2,44218.75109,6406,205.8,41,43.42,0.0234,2.42,33,1.982,1.055,193.8,187.8,167.7,132.2,112,111.1,111.1,111.4,112.7,164.1,288.3,464.3,655.8,849,1059,1296,1546,1812,2064,2237,2296,2305,2305,2305,2303,2295,2118,1752,1287,829.8,344.1,54.78,36.72,37.91,37.92,8.24,11.31,15.7,23.23,22.12,3.13,2.04,1.85,1.88,1.85,1.78,1.69,1.63,1.65,1.95,2.43,2.92,3.33,3.64,3.88,4.05,4.16,4.23,4.24,4.21,4.14,4.06,4,3.96,3.93,3.88,3.76,3.52,3.12,2.53,1.71,0.66,0.66,0.73,1.04,0.39,0.58,0.73,0.94,0.91,0,0.75,1.57,2.47,3.46,4.55,5.74,7.04,8.47,10.04,11.76,13.64,15.71,17.98,20.46,23.19,26.18,29.45,33.05,36.99,41.31,46.05,51.25,56.94,63.19,70.04,77.55,85.79,94.83,104.73,115.59,127.5,140.56,154.88,170.58,187.8,206.68,227.39,250.1,275,0.75,1.57,2.47,3.46,4.55,5.74,7.04,8.47,10.04,11.76,13.64,15.71,17.98,20.46,23.19,26.18,29.45,33.05,36.99,41.31,46.05,51.25,56.94,63.19,70.04,77.55,85.79,94.83,104.73,115.59,127.5,140.56,154.88,170.58,187.8,206.68,227.39,250.1,275,412.5,251.409,275.033,102602
16564,102600,721741,470837.9,44218.75169,6446,204.1,46.63,44.01,0.0207,-2.62,29,1.805,1.055,166.6,164.5,157,132.5,90.14,61.81,61.86,65.43,123.8,213.8,353.9,525,723.1,947.6,1196,1456,1716,1959,2187,2392,2528,2592,2597,2597,2597,2595,2587,2443,2119,1657,1158,647.3,226.5,39.1,30.92,30.91,17.18,11.18,25.59,98.67,2.89,1.95,1.92,2.01,1.82,1.46,1.32,1.42,1.9,2.44,2.95,3.38,3.74,4.03,4.26,4.43,4.56,4.63,4.67,4.66,4.61,4.54,4.46,4.38,4.31,4.24,4.16,4.02,3.78,3.44,2.96,2.34,1.55,0.58,0.62,0.8,0.72,0.44,0.91,1.3,0,0.75,1.57,2.47,3.46,4.55,5.74,7.04,8.47,10.04,11.76,13.64,15.71,17.98,20.46,23.19,26.18,29.45,33.05,36.99,41.31,46.05,51.25,56.94,63.19,70.04,77.55,85.79,94.83,104.73,115.59,127.5,140.56,154.88,170.58,187.8,206.68,227.39,250.1,275,0.75,1.57,2.47,3.46,4.55,5.74,7.04,8.47,10.04,11.76,13.64,15.71,17.98,20.46,23.19,26.18,29.45,33.05,36.99,41.31,46.05,51.25,56.94,63.19,70.04,77.55,85.79,94.83,104.73,115.59,127.5,140.56,154.88,170.58,187.8,206.68,227.39,250.1,275,412.5,244.177,256.556,102602
16604,102600,722716.4,470406.8,44218.75215,6486,203.5,45.48,43.85,0.0215,-1.63,26,2.397,1.055,512.5,512.4,472.8,361.3,237.3,125.2,56.67,41.64,42.19,52.97,133.6,267.1,448.5,660.1,890.9,1134,1401,1680,1951,2197,2417,2550,2600,2605,2605,2605,2602,2573,2485,2186,1791,1354,741.7,291.8,45.71,26.9,36.72,53.77,76.43,112.1,4.52,3.03,2.55,2.45,2.31,1.95,1.39,1.11,1.13,1.31,1.91,2.51,3.12,3.7,4.09,4.34,4.5,4.61,4.67,4.69,4.68,4.65,4.61,4.57,4.55,4.55,4.57,4.58,4.55,4.43,4.17,3.76,3.13,2.32,1.34,0.81,0.79,1,1.81,3.8,0,0.75,1.57,2.47,3.46,4.55,5.74,7.04,8.47,10.04,11.76,13.64,15.71,17.98,20.46,23.19,26.18,29.45,33.05,36.99,41.31,46.05,51.25,56.94,63.19,70.04,77.55,85.79,94.83,104.73,115.59,127.5,140.56,154.88,170.58,187.8,206.68,227.39,250.1,275,0.75,1.57,2.47,3.46,4.55,5.74,7.04,8.47,10.04,11.76,13.64,15.71,17.98,20.46,23.19,26.18,29.45,33.05,36.99,41.31,46.05,51.25,56.94,63.19,70.04,77.55,85.79,94.83,104.73,115.59,127.5,140.56,154.88,170.58,187.8,206.68,227.39,250.1,275,412.5,207.294,236.051,102602
16648,102600,723950.9,469910.6,44218.75273,6526,199.6,56.4,56.88,0.0181,0.48,28,1.876,1.055,182,181.7,163.7,134.5,124.6,122,122,122.2,140.4,207.4,314.7,450.1,609.4,796.5,982.9,1152,1307,1434,1514,1534,1534,1533,1531,1526,1509,1399,1138,892.7,651.5,433.7,263.3,154.6,91.94,48.33,30.61,26.8,20.93,12.11,21.03,43.79,3.14,2.04,1.84,1.93,1.99,1.92,1.79,1.73,1.86,2.21,2.66,3.08,3.43,3.7,3.87,3.96,3.97,3.93,3.84,3.74,3.63,3.54,3.47,3.39,3.27,3.08,2.79,2.45,2.09,1.72,1.41,1.19,1.01,0.78,0.63,0.73,0.87,0.47,0.83,0.82,0,0.75,1.57,2.47,3.46,4.55,5.74,7.04,8.47,10.04,11.76,13.64,15.71,17.98,20.46,23.19,26.18,29.45,33.05,36.99,41.31,46.05,51.25,56.94,63.19,70.04,77.55,85.79,94.83,104.73,115.59,127.5,140.56,154.88,170.58,187.8,206.68,227.39,250.1,275,0.75,1.57,2.47,3.46,4.55,5.74,7.04,8.47,10.04,11.76,13.64,15.71,17.98,20.46,23.19,26.18,29.45,33.05,36.99,41.31,46.05,51.25,56.94,63.19,70.04,77.55,85.79,94.83,104.73,115.59,127.5,140.56,154.88,170.58,187.8,206.68,227.39,250.1,275,412.5,254.01,275.033,102602
16690,102600,725055.4,469448.4,44218.75324,6566,204.2,28.67,27.15,0.0359,-1.52,12,0.9493,1.055,466.9,466.6,445.1,382.2,308.7,224.7,141.4,85,75.58,75.64,78.49,142.6,250.3,390.2,543.9,716.5,888.2,1027,1150,1225,1259,1260,1260,1259,1251,1211,1148,1020,866.2,717.9,614.6,543.5,465.3,377.8,315.6,294.6,294,293.7,293.6,293.5,3.69,2.39,2.12,2.26,2.39,2.25,1.82,1.37,1.3,1.34,1.34,1.7,2.19,2.65,3.03,3.32,3.51,3.61,3.65,3.65,3.61,3.57,3.55,3.54,3.56,3.58,3.63,3.75,4.07,4.8,6.32,9.23,98,98,98,98,98,98,98,98,0,0.75,1.57,2.47,3.46,4.55,5.74,7.04,8.47,10.04,11.76,13.64,15.71,17.98,20.46,23.19,26.18,29.45,33.05,36.99,41.31,46.05,51.25,56.94,63.19,70.04,77.55,85.79,94.83,104.73,115.59,127.5,140.56,154.88,170.58,187.8,206.68,227.39,250.1,275,0.75,1.57,2.47,3.46,4.55,5.74,7.04,8.47,10.04,11.76,13.64,15.71,17.98,20.46,23.19,26.18,29.45,33.05,36.99,41.31,46.05,51.25,56.94,63.19,70.04,77.55,85.79,94.83,104.73,115.59,127.5,140.56,154.88,170.58,187.8,206.68,227.39,250.1,275,412.5,23.643,42.832,102602
16734,102600,726656.7,468806.6,44218.75394,6606,194.9,36.09,33.32,0.0262,-2.77,29,2.794,1.055,347,346.2,310.1,238.4,170.2,100.9,46.01,45.28,47.17,106.5,215,419.5,671.6,949.4,1222,1558,1922,2258,2618,2964,3267,3482,3572,3577,3577,3576,3572,3547,3409,3026,2568,2004,1435,884,349.1,11.62,19.45,17.09,5.2,48.35,3.57,2.37,2.14,2.22,2.17,1.77,1.18,1.11,1.17,1.7,2.32,2.94,3.46,3.89,4.22,4.49,4.71,4.88,4.99,5.04,5.04,4.98,4.88,4.76,4.64,4.54,4.49,4.47,4.46,4.44,4.37,4.21,3.87,3.25,2.18,0.23,0.57,0.99,0.17,0.52,0,0.75,1.57,2.47,3.46,4.55,5.74,7.04,8.47,10.04,11.76,13.64,15.71,17.98,20.46,23.19,26.18,29.45,33.05,36.99,41.31,46.05,51.25,56.94,63.19,70.04,77.55,85.79,94.83,104.73,115.59,127.5,140.56,154.88,170.58,187.8,206.68,227.39,250.1,275,0.75,1.57,2.47,3.46,4.55,5.74,7.04,8.47,10.04,11.76,13.64,15.71,17.98,20.46,23.19,26.18,29.45,33.05,36.99,41.31,46.05,51.25,56.94,63.19,70.04,77.55,85.79,94.83,104.73,115.59,127.5,140.56,154.88,170.58,187.8,206.68,227.39,250.1,275,412.5,264.635,274.027,102602
16774,102700,725885.8,468261.7,44218.75556,6646,198.3,31.12,32.67,0.0315,1.55,33,1.846,1.055,345.3,345.4,345.5,341.4,329.5,278.2,204.8,131.3,96.32,85.57,85.45,95.41,166.8,306.6,495.2,749.9,1077,1399,1762,2101,2392,2611,2704,2713,2713,2713,2712,2707,2546,2159,1681,1158,643.9,223.1,26.69,14.03,12.16,7.73,8.64,28.2,3.18,2.03,1.92,2.23,2.51,2.49,2.14,1.65,1.38,1.37,1.37,1.36,1.69,2.19,2.7,3.17,3.58,3.89,4.12,4.27,4.33,4.32,4.26,4.18,4.09,4.02,3.97,3.91,3.81,3.63,3.35,2.96,2.4,1.64,0.56,0.39,0.57,0.54,0.49,0.81,0,0.75,1.57,2.47,3.46,4.55,5.74,7.04,8.47,10.04,11.76,13.64,15.71,17.98,20.46,23.19,26.18,29.45,33.05,36.99,41.31,46.05,51.25,56.94,63.19,70.04,77.55,85.79,94.83,104.73,115.59,127.5,140.56,154.88,170.58,187.8,206.68,227.39,250.1,275,0.75,1.57,2.47,3.46,4.55,5.74,7.04,8.47,10.04,11.76,13.64,15.71,17.98,20.46,23.19,26.18,29.45,33.05,36.99,41.31,46.05,51.25,56.94,63.19,70.04,77.55,85.79,94.83,104.73,115.59,127.5,140.56,154.88,170.58,187.8,206.68,227.39,250.1,275,412.5,264.785,275.033,102701
16816,102700,725095.4,468647.3,44218.75608,6686,199.9,34.65,34.52,0.0287,-0.13,7,0.995,1.055,265.6,264.5,261.2,231.2,182.5,133.1,120.9,120.9,121.7,132.3,220.9,331.9,468.3,558.2,647.3,722.7,756.4,756.7,756.5,755.8,749.3,738,697.8,635.7,572.1,525.2,476.1,422.6,379.4,361.8,356.4,352.3,349.4,347.4,346,344.8,344.2,343.9,343.7,343.6,3.24,2.13,1.99,2.11,2.11,1.9,1.7,1.61,1.61,1.75,2.15,2.56,2.9,3.11,3.2,3.21,3.15,3.06,2.99,2.96,2.99,3.07,3.22,3.43,3.73,4.15,4.71,5.5,6.76,8.84,98,98,98,98,98,98,98,98,98,98,0,0.75,1.57,2.47,3.46,4.55,5.74,7.04,8.47,10.04,11.76,13.64,15.71,17.98,20.46,23.19,26.18,29.45,33.05,36.99,41.31,46.05,51.25,56.94,63.19,70.04,77.55,85.79,94.83,104.73,115.59,127.5,140.56,154.88,170.58,187.8,206.68,227.39,250.1,275,0.75,1.57,2.47,3.46,4.55,5.74,7.04,8.47,10.04,11.76,13.64,15.71,17.98,20.46,23.19,26.18,29.45,33.05,36.99,41.31,46.05,51.25,56.94,63.19,70.04,77.55,85.79,94.83,104.73,115.59,127.5,140.56,154.88,170.58,187.8,206.68,227.39,250.1,275,412.5,11.907,17.051,102701
16860,102700,724150.7,469016.4,44218.7567,6726,199,32.48,36.26,0.0297,3.78,30,1.679,1.055,559.7,559.1,541.9,459.6,382,291,194.9,156.9,144.5,144.5,165.6,247.9,395.5,550.8,749.6,1048,1290,1412,1489,1563,1564,1563,1562,1558,1411,1340,1081,857.2,607.5,467.7,349.6,262.5,152,83.92,50.33,19.99,11.12,11.45,13.09,30.61,4.2,2.73,2.28,2.27,2.36,2.27,1.95,1.65,1.53,1.54,1.67,1.96,2.34,2.71,3.05,3.34,3.52,3.57,3.55,3.47,3.36,3.26,3.16,3.06,2.92,2.74,2.48,2.17,1.86,1.62,1.46,1.33,1.1,0.89,0.89,0.57,0.54,0.56,0.57,1.08,0,0.75,1.57,2.47,3.46,4.55,5.74,7.04,8.47,10.04,11.76,13.64,15.71,17.98,20.46,23.19,26.18,29.45,33.05,36.99,41.31,46.05,51.25,56.94,63.19,70.04,77.55,85.79,94.83,104.73,115.59,127.5,140.56,154.88,170.58,187.8,206.68,227.39,250.1,275,0.75,1.57,2.47,3.46,4.55,5.74,7.04,8.47,10.04,11.76,13.64,15.71,17.98,20.46,23.19,26.18,29.45,33.05,36.99,41.31,46.05,51.25,56.94,63.19,70.04,77.55,85.79,94.83,104.73,115.59,127.5,140.56,154.88,170.58,187.8,206.68,227.39,250.1,275,412.5,257.265,275.033,102701
16902,102700,723343.5,469314.4,44218.7572,6766,201.2,42.33,40.02,0.0228,-2.31,13,0.9917,1.055,391.4,391,356.4,275.3,183.5,105,51.89,43.11,43.91,55.19,98.84,161.9,247.6,310.8,378.8,470.8,569.1,646.6,704.3,723.8,724.3,724.2,723.8,722.9,710.6,670.8,608.3,546.2,493.9,454.8,408.9,343.3,288.7,279.1,279,279.3,280.2,281,281.3,281.5,4.12,2.73,2.33,2.31,2.25,1.93,1.38,1.18,1.25,1.44,1.83,2.22,2.57,2.83,3.04,3.22,3.37,3.46,3.5,3.47,3.42,3.35,3.3,3.27,3.24,3.23,3.28,3.49,4.01,5.04,6.84,9.81,98,98,98,98,98,98,98,98,0,0.75,1.57,2.47,3.46,4.55,5.74,7.04,8.47,10.04,11.76,13.64,15.71,17.98,20.46,23.19,26.18,29.45,33.05,36.99,41.31,46.05,51.25,56.94,63.19,70.04,77.55,85.79,94.83,104.73,115.59,127.5,140.56,154.88,170.58,187.8,206.68,227.39,250.1,275,0.75,1.57,2.47,3.46,4.55,5.74,7.04,8.47,10.04,11.76,13.64,15.71,17.98,20.46,23.19,26.18,29.45,33.05,36.99,41.31,46.05,51.25,56.94,63.19,70.04,77.55,85.79,94.83,104.73,115.59,127.5,140.56,154.88,170.58,187.8,206.68,227.39,250.1,275,412.5,21.561,39.599,102701
16944,102700,722556.2,469644.7,44218.75774,6806,201.7,35.62,35.86,0.0268,0.24,33,2.369,1.055,259.3,259.2,247.5,197.9,148.3,101.4,58.45,38.38,37.34,43.86,65.65,154.6,279,474.8,714.6,981.6,1285,1603,1946,2261,2534,2734,2804,2812,2813,2812,2810,2751,2516,2169,1741,1256,749.1,288.5,19.65,12.29,18.46,10.59,16.91,43.3,3.17,2.1,2.01,2.19,2.23,1.93,1.42,1.11,1.18,1.23,1.43,2.03,2.67,3.28,3.8,4.22,4.55,4.78,4.93,5,5.01,4.97,4.9,4.82,4.77,4.75,4.75,4.74,4.69,4.54,4.25,3.76,3.01,1.94,0.42,0.41,0.86,0.48,0.77,0.65,0,0.75,1.57,2.47,3.46,4.55,5.74,7.04,8.47,10.04,11.76,13.64,15.71,17.98,20.46,23.19,26.18,29.45,33.05,36.99,41.31,46.05,51.25,56.94,63.19,70.04,77.55,85.79,94.83,104.73,115.59,127.5,140.56,154.88,170.58,187.8,206.68,227.39,250.1,275,0.75,1.57,2.47,3.46,4.55,5.74,7.04,8.47,10.04,11.76,13.64,15.71,17.98,20.46,23.19,26.18,29.45,33.05,36.99,41.31,46.05,51.25,56.94,63.19,70.04,77.55,85.79,94.83,104.73,115.59,127.5,140.56,154.88,170.58,187.8,206.68,227.39,250.1,275,412.5,254.772,274.755,102701
16984,102700,721865.2,469918.8,44218.75821,6846,207.7,39.36,40.85,0.0244,1.49,11,1.692,1.055,414.4,414.1,412.7,408.9,403.1,401.6,401.6,418.5,472.3,555,664.3,776,895.7,1060,1301,1638,2025,2398,2958,3463,3675,3755,3788,3790,3788,3707,3244,2480,1569,689.7,234.8,131.1,102.4,56.37,39.19,131.5,234.6,281.6,290.2,290.5,3.32,2.09,1.86,2.08,2.32,2.41,2.34,2.23,2.22,2.32,2.49,2.67,2.81,2.95,3.09,3.25,3.43,3.61,3.8,3.97,4.11,4.22,4.32,4.41,4.48,4.49,4.38,4.12,3.73,3.29,3.15,4.09,5.55,4.77,3,4.97,8.31,98,98,98,0,0.75,1.57,2.47,3.46,4.55,5.74,7.04,8.47,10.04,11.76,13.64,15.71,17.98,20.46,23.19,26.18,29.45,33.05,36.99,41.31,46.05,51.25,56.94,63.19,70.04,77.55,85.79,94.83,104.73,115.59,127.5,140.56,154.88,170.58,187.8,206.68,227.39,250.1,275,0.75,1.57,2.47,3.46,4.55,5.74,7.04,8.47,10.04,11.76,13.64,15.71,17.98,20.46,23.19,26.18,29.45,33.05,36.99,41.31,46.05,51.25,56.94,63.19,70.04,77.55,85.79,94.83,104.73,115.59,127.5,140.56,154.88,170.58,187.8,206.68,227.39,250.1,275,412.5,109.753,149.056,102701
17026,102700,720902.7,470295,44218.75882,6886,201.7,32.52,33.1,0.0279,0.58,30,1.426,1.055,138,137.7,129.7,123.7,123.7,124,156,207.7,326.7,565.6,832.4,1113,1416,1787,2115,2500,2872,3318,3658,3923,3966,3969,3969,3968,3963,3872,3459,2772,2004,1273,593.4,172,32.06,30.91,38.69,21.41,6.89,15.76,36.86,42.63,2.43,1.64,1.68,1.82,1.77,1.65,1.73,2.05,2.55,3.1,3.57,3.92,4.17,4.35,4.47,4.56,4.64,4.7,4.75,4.77,4.76,4.73,4.69,4.63,4.52,4.34,4.05,3.64,3.13,2.54,1.89,1.23,0.43,0.55,0.82,0.66,0.32,0.76,1.15,0.68,0,0.75,1.57,2.47,3.46,4.55,5.74,7.04,8.47,10.04,11.76,13.64,15.71,17.98,20.46,23.19,26.18,29.45,33.05,36.99,41.31,46.05,51.25,56.94,63.19,70.04,77.55,85.79,94.83,104.73,115.59,127.5,140.56,154.88,170.58,187.8,206.68,227.39,250.1,275,0.75,1.57,2.47,3.46,4.55,5.74,7.04,8.47,10.04,11.76,13.64,15.71,17.98,20.46,23.19,26.18,29.45,33.05,36.99,41.31,46.05,51.25,56.94,63.19,70.04,77.55,85.79,94.83,104.73,115.59,127.5,140.56,154.88,170.58,187.8,206.68,227.39,250.1,275,412.5,245.974,272.19,102701
17070,102700,718726.6,471200,44218.76056,6926,186,54.09,55.46,0.0177,1.37,30,1.844,1.055,416.2,416,415.9,417.8,438.4,489.6,572.4,693.6,847.7,1043,1289,1568,1941,2326,2736,3181,3763,4079,4293,4324,4382,4385,4385,4367,3934,3128,1897,775.1,92.4,35.86,37.8,37.87,37.88,16.25,7.84,8.63,21.49,31.83,35.47,35.49,3.21,1.99,1.79,2.03,2.32,2.49,2.54,2.57,2.66,2.84,3.1,3.41,3.73,3.98,4.16,4.24,4.24,4.15,4.01,3.86,3.76,3.71,3.71,3.7,3.59,3.27,2.68,1.79,0.62,0.4,0.61,0.68,0.93,0.67,0.5,0.54,1.09,1.24,1.34,1.8,0,0.75,1.57,2.47,3.46,4.55,5.74,7.04,8.47,10.04,11.76,13.64,15.71,17.98,20.46,23.19,26.18,29.45,33.05,36.99,41.31,46.05,51.25,56.94,63.19,70.04,77.55,85.79,94.83,104.73,115.59,127.5,140.56,154.88,170.58,187.8,206.68,227.39,250.1,275,0.75,1.57,2.47,3.46,4.55,5.74,7.04,8.47,10.04,11.76,13.64,15.71,17.98,20.46,23.19,26.18,29.45,33.05,36.99,41.31,46.05,51.25,56.94,63.19,70.04,77.55,85.79,94.83,104.73,115.59,127.5,140.56,154.88,170.58,187.8,206.68,227.39,250.1,275,412.5,218.161,255.521,102702
17112,102700,717459.8,471749.9,44218.76142,6966,203.4,32.99,33.39,0.0311,0.4,10,4.139,1.055,339.9,340.6,473.5,623.6,802.2,950.7,1111,1233,1396,1527,1660,1800,1946,2093,2232,2348,2504,2594,2608,2614,2617,2619,2619,2619,2618,2615,1748,1007,128.9,35.52,45.82,48.27,46.19,34.75,30.34,35.83,80.29,97.08,104.2,104.3,98,98,98,98,98,98,98,98,98,98,9.98,9.92,9.99,98,98,98,98,98,98,98,98,98,98,9.83,8.76,7.39,5.77,3.98,2.12,0.76,1.17,1.3,1.67,1.6,1.42,2.1,4.3,7.65,98,98,0,0.75,1.57,2.47,3.46,4.55,5.74,7.04,8.47,10.04,11.76,13.64,15.71,17.98,20.46,23.19,26.18,29.45,33.05,36.99,41.31,46.05,51.25,56.94,63.19,70.04,77.55,85.79,94.83,104.73,115.59,127.5,140.56,154.88,170.58,187.8,206.68,227.39,250.1,275,0.75,1.57,2.47,3.46,4.55,5.74,7.04,8.47,10.04,11.76,13.64,15.71,17.98,20.46,23.19,26.18,29.45,33.05,36.99,41.31,46.05,51.25,56.94,63.19,70.04,77.55,85.79,94.83,104.73,115.59,127.5,140.56,154.88,170.58,187.8,206.68,227.39,250.1,275,412.5,153.588,183.088,102702
17154,102700,716538.4,472105.2,44218.76204,7006,207.7,44.92,46.97,0.022,2.05,30,1.349,1.055,541.5,541.1,537.7,523.1,520.5,519,517.1,529.8,621.7,719.8,853.7,995.9,1171,1348,1560,1852,2084,2182,2272,2278,2280,2280,2274,2137,1716,1100,482.8,137,93.03,71.75,54.19,37.41,26.18,18.9,9.17,9.39,16.36,28.44,33.37,33.38,3.75,2.34,1.96,2.09,2.36,2.53,2.53,2.44,2.4,2.44,2.58,2.79,3.01,3.21,3.36,3.44,3.42,3.32,3.19,3.05,2.96,2.92,2.9,2.82,2.58,2.14,1.49,0.77,0.77,0.71,0.74,0.67,0.66,0.69,0.47,0.58,0.88,1.14,1.21,1.2,0,0.75,1.57,2.47,3.46,4.55,5.74,7.04,8.47,10.04,11.76,13.64,15.71,17.98,20.46,23.19,26.18,29.45,33.05,36.99,41.31,46.05,51.25,56.94,63.19,70.04,77.55,85.79,94.83,104.73,115.59,127.5,140.56,154.88,170.58,187.8,206.68,227.39,250.1,275,0.75,1.57,2.47,3.46,4.55,5.74,7.04,8.47,10.04,11.76,13.64,15.71,17.98,20.46,23.19,26.18,29.45,33.05,36.99,41.31,46.05,51.25,56.94,63.19,70.04,77.55,85.79,94.83,104.73,115.59,127.5,140.56,154.88,170.58,187.8,206.68,227.39,250.1,275,412.5,223.105,260.503,102702
17194,102700,715790.2,472423.8,44218.7625,7046,207,57.7,56.85,0.0162,-0.85,18,3.005,1.055,231.1,222.2,154.5,94.02,72.2,72.26,74.67,119,196.8,335.1,497.6,689.6,903.7,1141,1392,1646,1890,2103,2253,2323,2327,2327,2325,2321,2306,2094,1716,1272,823.2,405.3,121.5,74.94,84.56,90.38,89.92,86.56,86.53,138.1,205,260.3,3.88,2.49,1.93,1.72,1.61,1.49,1.46,1.83,2.4,3.03,3.59,4.03,4.35,4.57,4.69,4.75,4.75,4.72,4.68,4.62,4.58,4.55,4.54,4.51,4.43,4.23,3.88,3.38,2.75,2.02,1.3,1.17,1.28,1.29,1.26,1.35,2.01,4.01,7.43,98,0,0.75,1.57,2.47,3.46,4.55,5.74,7.04,8.47,10.04,11.76,13.64,15.71,17.98,20.46,23.19,26.18,29.45,33.05,36.99,41.31,46.05,51.25,56.94,63.19,70.04,77.55,85.79,94.83,104.73,115.59,127.5,140.56,154.88,170.58,187.8,206.68,227.39,250.1,275,0.75,1.57,2.47,3.46,4.55,5.74,7.04,8.47,10.04,11.76,13.64,15.71,17.98,20.46,23.19,26.18,29.45,33.05,36.99,41.31,46.05,51.25,56.94,63.19,70.04,77.55,85.79,94.83,104.73,115.59,127.5,140.56,154.88,170.58,187.8,206.68,227.39,250.1,275,412.5,149.766,190.87,102702
17238,102700,714657.2,472862.2,44218.76317,7086,209.7,41.09,40.96,0.0229,-0.13,29,2.168,1.055,185.6,184.6,184.6,189,203.3,255.1,335.2,470.6,635.5,830.5,1071,1357,1679,2035,2357,2739,3101,3299,3356,3362,3362,3362,3358,3218,2678,1878,995.6,275.4,30.39,56.33,63.25,52.21,9.92,11.36,10.69,9.85,16.87,36.79,58.16,65.95,2.46,1.62,1.67,1.89,1.98,2.05,2.22,2.54,2.93,3.33,3.7,4,4.2,4.32,4.36,4.35,4.29,4.2,4.1,4.02,3.97,3.94,3.9,3.77,3.5,3.04,2.4,1.55,0.31,0.84,0.86,1.09,0.33,0.57,0.71,0.66,0.97,1.44,1.77,2.11,0,0.75,1.57,2.47,3.46,4.55,5.74,7.04,8.47,10.04,11.76,13.64,15.71,17.98,20.46,23.19,26.18,29.45,33.05,36.99,41.31,46.05,51.25,56.94,63.19,70.04,77.55,85.79,94.83,104.73,115.59,127.5,140.56,154.88,170.58,187.8,206.68,227.39,250.1,275,0.75,1.57,2.47,3.46,4.55,5.74,7.04,8.47,10.04,11.76,13.64,15.71,17.98,20.46,23.19,26.18,29.45,33.05,36.99,41.31,46.05,51.25,56.94,63.19,70.04,77.55,85.79,94.83,104.73,115.59,127.5,140.56,154.88,170.58,187.8,206.68,227.39,250.1,275,412.5,205.979,227.314,102702
17280,102700,713530.2,473321.5,44218.7639,7126,213.2,43.63,43.48,0.0211,-0.15,32,1.704,1.055,170.3,170.4,170.7,183.2,235.2,314.8,440.9,612.1,825.1,1074,1359,1674,2042,2446,2843,3317,3806,4180,4363,4394,4397,4398,4396,4305,3767,2800,1644,590.9,29.97,29.22,59.02,58.92,17.1,7.92,9.24,12.47,15.52,21.12,21.1,17.18,2.34,1.54,1.61,1.85,2.03,2.22,2.5,2.86,3.27,3.66,4,4.25,4.42,4.5,4.51,4.48,4.42,4.35,4.29,4.25,4.26,4.3,4.36,4.35,4.19,3.78,3.07,2.01,0.33,0.42,0.97,1.12,0.74,0.44,0.62,0.87,0.95,1.07,1.32,1.99,0,0.75,1.57,2.47,3.46,4.55,5.74,7.04,8.47,10.04,11.76,13.64,15.71,17.98,20.46,23.19,26.18,29.45,33.05,36.99,41.31,46.05,51.25,56.94,63.19,70.04,77.55,85.79,94.83,104.73,115.59,127.5,140.56,154.88,170.58,187.8,206.68,227.39,250.1,275,0.75,1.57,2.47,3.46,4.55,5.74,7.04,8.47,10.04,11.76,13.64,15.71,17.98,20.46,23.19,26.18,29.45,33.05,36.99,41.31,46.05,51.25,56.94,63.19,70.04,77.55,85.79,94.83,104.73,115.59,127.5,140.56,154.88,170.58,187.8,206.68,227.39,250.1,275,412.5,220.827,272.363,102702
17322,102700,712634.1,473707.2,44218.7645,7166,216.4,30.93,35.99,0.0264,5.06,36,3.33,1.055,249,276.6,355.8,489.3,653.4,849.3,1064,1327,1667,2008,2408,2706,3157,3533,4039,4309,4518,4603,4661,4669,4673,4672,4637,4154,3166,1808,781.3,51.98,21.54,69.43,70.15,59.19,15.9,7.85,10.53,26.55,31.21,31.45,31.45,9.71,2.03,1.39,1.73,2.26,2.66,2.91,3.07,3.21,3.39,3.59,3.81,4.01,4.18,4.29,4.32,4.25,4.11,3.93,3.74,3.58,3.48,3.42,3.38,3.27,3.04,2.6,1.9,0.05,0.2,0.96,0.88,1.19,0.85,0.48,0.6,1.22,1.6,2.16,2.93,2.64,0,0.75,1.57,2.47,3.46,4.55,5.74,7.04,8.47,10.04,11.76,13.64,15.71,17.98,20.46,23.19,26.18,29.45,33.05,36.99,41.31,46.05,51.25,56.94,63.19,70.04,77.55,85.79,94.83,104.73,115.59,127.5,140.56,154.88,170.58,187.8,206.68,227.39,250.1,275,0.75,1.57,2.47,3.46,4.55,5.74,7.04,8.47,10.04,11.76,13.64,15.71,17.98,20.46,23.19,26.18,29.45,33.05,36.99,41.31,46.05,51.25,56.94,63.19,70.04,77.55,85.79,94.83,104.73,115.59,127.5,140.56,154.88,170.58,187.8,206.68,227.39,250.1,275,412.5,211.055,275.033,102702
17362,102700,712006.7,473961.9,44218.76497,7206,215.8,52.4,51.95,0.0158,-0.45,39,2.023,1.055,92.41,92.4,94.41,129.2,193.2,309.7,460.4,641.4,839.4,1090,1386,1714,2062,2466,2857,3254,3544,3702,3784,3856,3859,3860,3857,3669,3078,2202,1144,285.6,15.13,86.67,113.9,113.8,38.86,10.54,10.81,27.84,47.48,62.55,64.61,64.6,2,1.38,1.5,1.79,2.15,2.61,3.12,3.63,4.08,4.47,4.75,4.94,5.03,5.05,5.01,4.94,4.85,4.77,4.71,4.68,4.68,4.68,4.64,4.48,4.14,3.58,2.8,1.78,0.17,1.23,1.3,1.32,0.98,0.45,0.55,1.1,1.36,1.47,1.42,1.15,0,0.75,1.57,2.47,3.46,4.55,5.74,7.04,8.47,10.04,11.76,13.64,15.71,17.98,20.46,23.19,26.18,29.45,33.05,36.99,41.31,46.05,51.25,56.94,63.19,70.04,77.55,85.79,94.83,104.73,115.59,127.5,140.56,154.88,170.58,187.8,206.68,227.39,250.1,275,0.75,1.57,2.47,3.46,4.55,5.74,7.04,8.47,10.04,11.76,13.64,15.71,17.98,20.46,23.19,26.18,29.45,33.05,36.99,41.31,46.05,51.25,56.94,63.19,70.04,77.55,85.79,94.83,104.73,115.59,127.5,140.56,154.88,170.58,187.8,206.68,227.39,250.1,275,412.5,206.013,241.367,102702
17404,102700,711110.4,474329.9,44218.76556,7246,220.9,41.57,43.19,0.0229,1.62,34,1.865,1.055,138.1,120.1,116.7,111.1,108.1,105.7,105.7,106,123.4,180.5,269,384.5,518.9,668.2,824.2,973.1,1103,1163,1169,1169,1169,1168,1161,1080,860.4,565.1,271.2,77.59,41.35,41.63,62,62,41.97,14.45,14.47,24.8,47.39,67.04,87.21,96.15,2.73,1.74,1.72,1.89,1.93,1.83,1.72,1.7,1.84,2.15,2.53,2.88,3.19,3.42,3.59,3.67,3.69,3.65,3.58,3.51,3.47,3.43,3.37,3.2,2.88,2.37,1.71,0.97,0.74,0.79,1.05,1.12,1.03,0.56,0.68,0.94,1.3,1.5,1.51,1.24,0,0.75,1.57,2.47,3.46,4.55,5.74,7.04,8.47,10.04,11.76,13.64,15.71,17.98,20.46,23.19,26.18,29.45,33.05,36.99,41.31,46.05,51.25,56.94,63.19,70.04,77.55,85.79,94.83,104.73,115.59,127.5,140.56,154.88,170.58,187.8,206.68,227.39,250.1,275,0.75,1.57,2.47,3.46,4.55,5.74,7.04,8.47,10.04,11.76,13.64,15.71,17.98,20.46,23.19,26.18,29.45,33.05,36.99,41.31,46.05,51.25,56.94,63.19,70.04,77.55,85.79,94.83,104.73,115.59,127.5,140.56,154.88,170.58,187.8,206.68,227.39,250.1,275,412.5,204.538,230.912,102702
17446,102700,710216.5,474719.4,44218.76611,7286,232.1,35.48,35.37,0.0262,-0.11,29,2.008,1.055,135.5,135.4,122.1,88.8,77.9,75.18,75.12,75.14,94.03,136.3,250,377.6,532.6,693.3,894.7,1058,1218,1313,1330,1349,1349,1349,1325,1212,1002,726.7,420.9,171.5,35.71,29.73,54.2,54.91,42.35,11.95,12.16,33.53,62.34,88.39,114.8,157.4,2.7,1.85,1.8,1.78,1.68,1.57,1.54,1.55,1.68,1.98,2.45,2.91,3.31,3.63,3.86,4,4.06,4.04,3.98,3.91,3.85,3.78,3.7,3.54,3.26,2.85,2.27,1.54,0.68,0.69,1.06,1.13,1.15,0.62,0.62,1.24,1.6,2.01,2.88,4.49,0,0.75,1.57,2.47,3.46,4.55,5.74,7.04,8.47,10.04,11.76,13.64,15.71,17.98,20.46,23.19,26.18,29.45,33.05,36.99,41.31,46.05,51.25,56.94,63.19,70.04,77.55,85.79,94.83,104.73,115.59,127.5,140.56,154.88,170.58,187.8,206.68,227.39,250.1,275,0.75,1.57,2.47,3.46,4.55,5.74,7.04,8.47,10.04,11.76,13.64,15.71,17.98,20.46,23.19,26.18,29.45,33.05,36.99,41.31,46.05,51.25,56.94,63.19,70.04,77.55,85.79,94.83,104.73,115.59,127.5,140.56,154.88,170.58,187.8,206.68,227.39,250.1,275,412.5,180.247,194.935,102702
17486,102700,709563.8,475038.6,44218.76657,7326,230,36.94,37.59,0.0257,0.65,20,1.595,1.055,205.1,205,204.4,203.3,200.6,200.1,199.9,218.1,278.2,372.5,503.3,659.7,840.1,1025,1212,1391,1514,1537,1537,1537,1536,1525,1411,1128,751.5,335.4,51.83,36.54,60.23,123.2,138,137.8,67.32,21.88,22.14,40.03,89.91,144,182,232.8,2.68,1.74,1.76,2.02,2.14,2.05,1.9,1.88,2.09,2.44,2.81,3.13,3.36,3.49,3.53,3.5,3.43,3.34,3.27,3.25,3.28,3.29,3.22,2.97,2.5,1.75,0.72,0.6,0.92,1.35,1.71,2.11,1.98,1.07,0.82,1.29,2.36,3.98,6.3,9.51,0,0.75,1.57,2.47,3.46,4.55,5.74,7.04,8.47,10.04,11.76,13.64,15.71,17.98,20.46,23.19,26.18,29.45,33.05,36.99,41.31,46.05,51.25,56.94,63.19,70.04,77.55,85.79,94.83,104.73,115.59,127.5,140.56,154.88,170.58,187.8,206.68,227.39,250.1,275,0.75,1.57,2.47,3.46,4.55,5.74,7.04,8.47,10.04,11.76,13.64,15.71,17.98,20.46,23.19,26.18,29.45,33.05,36.99,41.31,46.05,51.25,56.94,63.19,70.04,77.55,85.79,94.83,104.73,115.59,127.5,140.56,154.88,170.58,187.8,206.68,227.39,250.1,275,412.5,143.289,180.263,102702
17530,102700,708584.2,475461.1,44218.76723,7366,227.3,32.16,30.58,0.0278,-1.58,28,2.744,1.055,145.2,141.8,90.61,45.7,39.38,39.46,50.09,89.62,176.4,292.1,444.7,606.7,770.5,952.3,1138,1287,1393,1423,1424,1424,1423,1420,1329,1112,850.7,531.8,216.8,29.53,24.66,73.02,78.36,66.3,44.47,27.15,24.89,46.06,92.57,139.9,165.7,199.3,3.32,2.25,1.83,1.48,1.29,1.23,1.43,1.93,2.54,3.09,3.52,3.84,4.06,4.2,4.29,4.34,4.37,4.4,4.45,4.52,4.59,4.62,4.53,4.26,3.75,2.99,1.97,0.73,0.64,1.34,1.63,1.76,1.6,1.26,1.31,2.31,4.03,6.5,9.9,98,0,0.75,1.57,2.47,3.46,4.55,5.74,7.04,8.47,10.04,11.76,13.64,15.71,17.98,20.46,23.19,26.18,29.45,33.05,36.99,41.31,46.05,51.25,56.94,63.19,70.04,77.55,85.79,94.83,104.73,115.59,127.5,140.56,154.88,170.58,187.8,206.68,227.39,250.1,275,0.75,1.57,2.47,3.46,4.55,5.74,7.04,8.47,10.04,11.76,13.64,15.71,17.98,20.46,23.19,26.18,29.45,33.05,36.99,41.31,46.05,51.25,56.94,63.19,70.04,77.55,85.79,94.83,104.73,115.59,127.5,140.56,154.88,170.58,187.8,206.68,227.39,250.1,275,412.5,143.562,173.254,102702
17574,102700,707453.2,475871.3,44218.76791,7406,226,34.74,36.35,0.0272,1.61,7,2.242,1.055,288.9,288.7,288.3,287.9,286.7,305.5,346.7,400.9,465.7,542.5,637.1,726.6,822.6,945.6,1042,1080,1093,1094,1095,1090,979.1,680.2,346.8,109.9,34.14,37.91,70.34,89.57,101.9,122,144.9,164.4,178.4,186.7,190.4,191.5,191.7,191.9,191.9,191.9,2.95,1.87,1.77,2.02,2.22,2.28,2.28,2.3,2.39,2.54,2.73,2.9,3.02,3.08,3.06,2.99,2.91,2.86,2.84,2.84,2.74,2.47,2.03,1.49,0.97,0.93,2.15,4.4,8.02,98,98,98,98,98,98,98,98,98,98,98,0,0.75,1.57,2.47,3.46,4.55,5.74,7.04,8.47,10.04,11.76,13.64,15.71,17.98,20.46,23.19,26.18,29.45,33.05,36.99,41.31,46.05,51.25,56.94,63.19,70.04,77.55,85.79,94.83,104.73,115.59,127.5,140.56,154.88,170.58,187.8,206.68,227.39,250.1,275,0.75,1.57,2.47,3.46,4.55,5.74,7.04,8.47,10.04,11.76,13.64,15.71,17.98,20.46,23.19,26.18,29.45,33.05,36.99,41.31,46.05,51.25,56.94,63.19,70.04,77.55,85.79,94.83,104.73,115.59,127.5,140.56,154.88,170.58,187.8,206.68,227.39,250.1,275,412.5,33.894,70.266,102702
17618,102700,706294.7,476374.3,44218.76865,7446,225.8,40.9,41.89,0.0222,0.99,39,1.511,1.055,71.06,71.08,71.09,71.11,71.25,79.05,89.54,106.9,129.1,166.6,208.9,251.6,286.2,298.9,303.7,303.9,303.9,303.6,281,251.2,182.5,110.2,64.21,55.61,56.03,57.52,59.4,59.55,57.49,43.26,20.78,15.89,15.9,28.88,46.42,52.13,54.59,55.7,55.66,54.78,2.23,1.56,1.67,1.78,1.75,1.74,1.82,2,2.2,2.4,2.55,2.63,2.64,2.59,2.53,2.48,2.45,2.41,2.32,2.15,1.85,1.46,1.14,1.09,1.13,1.16,1.18,1.21,1.26,1.17,0.81,0.8,0.8,1.18,1.46,1.47,1.42,1.44,1.46,1.36,0,0.75,1.57,2.47,3.46,4.55,5.74,7.04,8.47,10.04,11.76,13.64,15.71,17.98,20.46,23.19,26.18,29.45,33.05,36.99,41.31,46.05,51.25,56.94,63.19,70.04,77.55,85.79,94.83,104.73,115.59,127.5,140.56,154.88,170.58,187.8,206.68,227.39,250.1,275,0.75,1.57,2.47,3.46,4.55,5.74,7.04,8.47,10.04,11.76,13.64,15.71,17.98,20.46,23.19,26.18,29.45,33.05,36.99,41.31,46.05,51.25,56.94,63.19,70.04,77.55,85.79,94.83,104.73,115.59,127.5,140.56,154.88,170.58,187.8,206.68,227.39,250.1,275,412.5,183.252,228.432,102702
17660,102700,705351.2,476740.4,44218.76925,7486,220.5,35.45,34.75,0.0273,-0.7,6,0.5689,1.055,145,144.8,144.2,143.6,143.1,142.8,145,148.9,177.6,205.5,233.5,246.8,255.1,258.6,262.1,263.1,263.5,263.6,261.4,230.3,104.3,48.32,49.07,61.85,69.78,69.91,69.87,67.45,59.97,47.52,45.78,45.77,47.1,61.18,74.74,84.54,88.87,89.6,89.66,89.69,98,98,98,7.63,5.83,4.68,4.03,3.81,3.93,4.29,4.79,5.34,5.86,6.27,6.51,6.5,6.2,5.62,4.78,3.74,2.6,1.74,1.78,2.17,2.46,2.83,3.81,6.09,98,98,98,98,98,98,98,98,98,98,98,98,0,0.75,1.57,2.47,3.46,4.55,5.74,7.04,8.47,10.04,11.76,13.64,15.71,17.98,20.46,23.19,26.18,29.45,33.05,36.99,41.31,46.05,51.25,56.94,63.19,70.04,77.55,85.79,94.83,104.73,115.59,127.5,140.56,154.88,170.58,187.8,206.68,227.39,250.1,275,0.75,1.57,2.47,3.46,4.55,5.74,7.04,8.47,10.04,11.76,13.64,15.71,17.98,20.46,23.19,26.18,29.45,33.05,36.99,41.31,46.05,51.25,56.94,63.19,70.04,77.55,85.79,94.83,104.73,115.59,127.5,140.56,154.88,170.58,187.8,206.68,227.39,250.1,275,412.5,56.728,75.235,102702
17702,102700,704317.1,477116.1,44218.76987,7526,206.6,56.44,57.76,0.015,1.32,42,1.754,1.055,38.82,37.87,37.76,37.77,39.94,61.03,92.68,120.6,131,132,132,131.9,131.3,115,84.44,51.55,34.74,34.86,35.5,49.29,67.26,77.22,77.48,77.46,76.68,60.83,35.64,16.55,14.21,14.24,23.88,43.2,61.83,71.99,72.18,72.16,71.91,69.15,64.15,40.7,2.12,1.51,1.53,1.49,1.52,1.89,2.32,2.58,2.6,2.47,2.31,2.21,2.18,2.08,1.84,1.46,1.18,1.19,1.22,1.42,1.62,1.7,1.69,1.69,1.71,1.6,1.29,0.89,0.91,0.89,1.19,1.6,1.87,1.93,1.82,1.71,1.69,1.76,1.84,1.88,0,0.75,1.57,2.47,3.46,4.55,5.74,7.04,8.47,10.04,11.76,13.64,15.71,17.98,20.46,23.19,26.18,29.45,33.05,36.99,41.31,46.05,51.25,56.94,63.19,70.04,77.55,85.79,94.83,104.73,115.59,127.5,140.56,154.88,170.58,187.8,206.68,227.39,250.1,275,0.75,1.57,2.47,3.46,4.55,5.74,7.04,8.47,10.04,11.76,13.64,15.71,17.98,20.46,23.19,26.18,29.45,33.05,36.99,41.31,46.05,51.25,56.94,63.19,70.04,77.55,85.79,94.83,104.73,115.59,127.5,140.56,154.88,170.58,187.8,206.68,227.39,250.1,275,412.5,151.26,204.013,102702
17742,102700,703606.8,477450,44218.77034,7566,210.8,48.74,50.2,0.0195,1.46,16,1.686,1.055,116.5,116.5,116.8,122.1,143.7,165.4,188.8,205.3,213.7,217.2,217.7,217.8,217.7,200.4,140.3,76.68,42.62,27.71,27.94,50.41,71.97,76.74,77.27,77.23,71.34,68.89,67.79,67.18,66.81,66.64,66.63,67.35,69.1,70.68,71.54,72.02,72.3,72.48,72.64,72.84,2.44,1.61,1.68,1.93,2.1,2.17,2.19,2.21,2.24,2.25,2.26,2.25,2.22,2.13,1.89,1.54,1.19,0.89,0.9,1.27,1.5,1.58,1.66,1.74,1.75,1.78,1.91,2.24,2.85,3.78,5.06,6.77,9.08,98,98,98,98,98,98,98,0,0.75,1.57,2.47,3.46,4.55,5.74,7.04,8.47,10.04,11.76,13.64,15.71,17.98,20.46,23.19,26.18,29.45,33.05,36.99,41.31,46.05,51.25,56.94,63.19,70.04,77.55,85.79,94.83,104.73,115.59,127.5,140.56,154.88,170.58,187.8,206.68,227.39,250.1,275,0.75,1.57,2.47,3.46,4.55,5.74,7.04,8.47,10.04,11.76,13.64,15.71,17.98,20.46,23.19,26.18,29.45,33.05,36.99,41.31,46.05,51.25,56.94,63.19,70.04,77.55,85.79,94.83,104.73,115.59,127.5,140.56,154.88,170.58,187.8,206.68,227.39,250.1,275,412.5,44.888,63.039,102702
17784,102800,704281.6,476253.4,44218.77178,7606,208.2,39.94,38.91,0.0234,-1.03,17,1.34,1.055,86.49,86.5,86.56,87.58,93.97,109.9,137.1,171.5,201.9,224.1,242,248.1,249.7,249.8,249.7,231.4,169,83.17,34.61,35.62,50.9,81.18,115,137.4,137.6,137.4,136.6,127.1,113.4,96.82,89.34,89.31,89.37,89.7,91.33,93.11,93.65,93.88,93.97,94.02,2.24,1.55,1.65,1.79,1.81,1.86,2.04,2.28,2.47,2.54,2.5,2.39,2.3,2.28,2.31,2.27,2.01,1.48,0.9,0.96,1.16,1.44,1.71,1.9,2,2.05,1.88,1.71,1.6,1.65,2.1,3.35,4.68,6.46,9.22,98,98,98,98,98,0,0.75,1.57,2.47,3.46,4.55,5.74,7.04,8.47,10.04,11.76,13.64,15.71,17.98,20.46,23.19,26.18,29.45,33.05,36.99,41.31,46.05,51.25,56.94,63.19,70.04,77.55,85.79,94.83,104.73,115.59,127.5,140.56,154.88,170.58,187.8,206.68,227.39,250.1,275,0.75,1.57,2.47,3.46,4.55,5.74,7.04,8.47,10.04,11.76,13.64,15.71,17.98,20.46,23.19,26.18,29.45,33.05,36.99,41.31,46.05,51.25,56.94,63.19,70.04,77.55,85.79,94.83,104.73,115.59,127.5,140.56,154.88,170.58,187.8,206.68,227.39,250.1,275,412.5,52.821,74.322,102801
17830,102800,706151.9,475521.7,44218.77263,7646,220.3,38.47,38.65,0.0248,0.18,15,3.219,1.055,191,191.6,197.9,206.1,224.7,250.9,289.3,317.6,332.2,342.7,345.2,345.6,345.8,345.7,344.2,334.4,300.9,259.1,208.7,148.9,90.84,43.3,20.48,21.13,22.89,23.28,12.26,1.91,1.81,0.85,0.1,0.78,5.76,12.19,17.87,20.64,20.84,20.87,20.88,20.89,98,98,98,98,8.7,7.22,6.24,5.62,5.26,5.11,5.13,5.25,5.45,5.65,5.77,5.75,5.51,5,4.23,3.25,2.2,1.31,0.87,0.97,0.93,0.89,1.1,0.31,0.42,1.07,0.15,2.13,4.59,7.74,98,98,98,98,98,98,0,0.75,1.57,2.47,3.46,4.55,5.74,7.04,8.47,10.04,11.76,13.64,15.71,17.98,20.46,23.19,26.18,29.45,33.05,36.99,41.31,46.05,51.25,56.94,63.19,70.04,77.55,85.79,94.83,104.73,115.59,127.5,140.56,154.88,170.58,187.8,206.68,227.39,250.1,275,0.75,1.57,2.47,3.46,4.55,5.74,7.04,8.47,10.04,11.76,13.64,15.71,17.98,20.46,23.19,26.18,29.45,33.05,36.99,41.31,46.05,51.25,56.94,63.19,70.04,77.55,85.79,94.83,104.73,115.59,127.5,140.56,154.88,170.58,187.8,206.68,227.39,250.1,275,412.5,125.116,129.528,102801
17874,102800,707690.6,474912.9,44218.77326,7686,225.5,42.18,40.9,0.0221,-1.28,7,2.227,1.055,108.5,108.4,84.6,66.3,64.03,64.29,75.63,98.1,162.5,265.3,374.2,519.1,639.8,781.1,892.1,998.2,1066,1098,1097,1096,1089,1014,836.8,541.9,359.4,294.1,247.4,175.8,146.1,146.2,146.9,150.2,168.6,194.3,209.6,213.6,214.3,214.5,214.6,214.6,2.73,1.86,1.72,1.71,1.62,1.53,1.62,1.92,2.4,2.9,3.33,3.66,3.91,4.11,4.27,4.42,4.58,4.75,4.93,5.1,5.24,5.26,5.13,4.86,4.58,4.51,4.78,5.63,7.56,98,98,98,98,98,98,98,98,98,98,98,0,0.75,1.57,2.47,3.46,4.55,5.74,7.04,8.47,10.04,11.76,13.64,15.71,17.98,20.46,23.19,26.18,29.45,33.05,36.99,41.31,46.05,51.25,56.94,63.19,70.04,77.55,85.79,94.83,104.73,115.59,127.5,140.56,154.88,170.58,187.8,206.68,227.39,250.1,275,0.75,1.57,2.47,3.46,4.55,5.74,7.04,8.47,10.04,11.76,13.64,15.71,17.98,20.46,23.19,26.18,29.45,33.05,36.99,41.31,46.05,51.25,56.94,63.19,70.04,77.55,85.79,94.83,104.73,115.59,127.5,140.56,154.88,170.58,187.8,206.68,227.39,250.1,275,412.5,7.176,10.061,102801
17918,102800,709054.4,474307.2,44218.77384,7726,238.2,43.4,43,0.0226,-0.4,39,1.646,1.055,97.7,97.69,83.39,52.01,26,20.01,19.71,19.77,28.09,52.79,96.79,150,210.7,268.2,322.8,375.2,422.6,459.3,485,492.1,492.6,492.8,492.8,492.6,489.9,459.4,389.4,295.5,199.1,110.3,44.02,18.08,14.08,16.45,16.97,19.35,24.36,30.47,30.45,25.91,2.82,2.08,2.09,1.94,1.39,1.06,1.17,1.24,1.37,1.78,2.33,2.83,3.23,3.5,3.65,3.71,3.71,3.65,3.58,3.49,3.42,3.37,3.35,3.32,3.27,3.15,2.93,2.61,2.2,1.72,1.2,0.78,0.73,0.88,0.93,1.03,1.07,1.14,1.19,1.12,0,0.75,1.57,2.47,3.46,4.55,5.74,7.04,8.47,10.04,11.76,13.64,15.71,17.98,20.46,23.19,26.18,29.45,33.05,36.99,41.31,46.05,51.25,56.94,63.19,70.04,77.55,85.79,94.83,104.73,115.59,127.5,140.56,154.88,170.58,187.8,206.68,227.39,250.1,275,0.75,1.57,2.47,3.46,4.55,5.74,7.04,8.47,10.04,11.76,13.64,15.71,17.98,20.46,23.19,26.18,29.45,33.05,36.99,41.31,46.05,51.25,56.94,63.19,70.04,77.55,85.79,94.83,104.73,115.59,127.5,140.56,154.88,170.58,187.8,206.68,227.39,250.1,275,412.5,217.191,264.142,102801
17962,102800,710491,473693.1,44218.77451,7766,246.5,34.41,43.6,0.0256,9.19,30,5.408,1.055,349.2,454.6,557.9,764.1,1047,1369,1682,2039,2449,2832,3109,3509,3964,4435,4762,5180,5499,5541,5964,6002,6008,6010,6010,5966,5402,4632,3660,2118,90.56,17.55,90.79,96.06,58.98,12.27,10.67,16.91,36.77,55.18,56.07,34.55,2.39,1.63,1.82,2.4,3,3.49,3.83,4.03,4.15,4.19,4.2,4.21,4.22,4.22,4.19,4.15,4.08,3.99,3.93,3.88,3.87,3.92,4,4.05,4,3.73,3.15,2.15,0.61,0.13,1.09,1.04,1.09,0.42,0.51,0.78,1.14,1.37,1.37,0.86,0,0.75,1.57,2.47,3.46,4.55,5.74,7.04,8.47,10.04,11.76,13.64,15.71,17.98,20.46,23.19,26.18,29.45,33.05,36.99,41.31,46.05,51.25,56.94,63.19,70.04,77.55,85.79,94.83,104.73,115.59,127.5,140.56,154.88,170.58,187.8,206.68,227.39,250.1,275,0.75,1.57,2.47,3.46,4.55,5.74,7.04,8.47,10.04,11.76,13.64,15.71,17.98,20.46,23.19,26.18,29.45,33.05,36.99,41.31,46.05,51.25,56.94,63.19,70.04,77.55,85.79,94.83,104.73,115.59,127.5,140.56,154.88,170.58,187.8,206.68,227.39,250.1,275,412.5,214.533,257.513,102801
18004,102800,711781.1,473164.3,44218.77509,7806,219.6,53.97,54.49,0.0192,0.52,9,4.177,1.055,242.6,242.6,242.6,242.6,242.8,245.7,259.6,309,384.8,492,611.4,756.2,950,1147,1331,1556,1761,1864,1883,1886,1886,1885,1883,1807,1473,1011,469.3,115.4,42.34,95.81,174.6,264.8,304.3,307.3,307.3,307.2,307.2,307.1,307.1,307.1,2.98,1.9,1.8,2.05,2.25,2.25,2.17,2.16,2.32,2.6,2.94,3.27,3.54,3.71,3.77,3.74,3.66,3.55,3.47,3.48,3.62,3.88,4.22,4.51,4.61,4.36,3.64,2.4,0.93,1.16,1.89,3.26,5.4,8.54,98,98,98,98,98,98,0,0.75,1.57,2.47,3.46,4.55,5.74,7.04,8.47,10.04,11.76,13.64,15.71,17.98,20.46,23.19,26.18,29.45,33.05,36.99,41.31,46.05,51.25,56.94,63.19,70.04,77.55,85.79,94.83,104.73,115.59,127.5,140.56,154.88,170.58,187.8,206.68,227.39,250.1,275,0.75,1.57,2.47,3.46,4.55,5.74,7.04,8.47,10.04,11.76,13.64,15.71,17.98,20.46,23.19,26.18,29.45,33.05,36.99,41.31,46.05,51.25,56.94,63.19,70.04,77.55,85.79,94.83,104.73,115.59,127.5,140.56,154.88,170.58,187.8,206.68,227.39,250.1,275,412.5,36.053,97.858,102801
18046,102800,713025.3,472645.1,44218.77567,7846,213.1,53.85,53.5,0.0175,-0.35,19,1.764,1.055,152.5,152,150.8,137.6,137.6,144.7,203.1,281.1,397,545.4,727.7,944.3,1191,1466,1763,2038,2322,2516,2564,2566,2566,2564,2555,2332,1879,1295,691.9,195.8,36.53,47.96,61.93,61.95,53.29,15.81,12.69,16.33,44.27,83.64,124.2,187.1,2.58,1.71,1.73,1.88,1.89,1.84,2,2.32,2.76,3.21,3.62,3.96,4.2,4.35,4.43,4.44,4.41,4.35,4.27,4.2,4.16,4.12,4.05,3.9,3.6,3.12,2.45,1.58,0.56,0.81,0.93,1.23,1.76,1.29,0.66,1,2.24,3.89,6.05,8.85,0,0.75,1.57,2.47,3.46,4.55,5.74,7.04,8.47,10.04,11.76,13.64,15.71,17.98,20.46,23.19,26.18,29.45,33.05,36.99,41.31,46.05,51.25,56.94,63.19,70.04,77.55,85.79,94.83,104.73,115.59,127.5,140.56,154.88,170.58,187.8,206.68,227.39,250.1,275,0.75,1.57,2.47,3.46,4.55,5.74,7.04,8.47,10.04,11.76,13.64,15.71,17.98,20.46,23.19,26.18,29.45,33.05,36.99,41.31,46.05,51.25,56.94,63.19,70.04,77.55,85.79,94.83,104.73,115.59,127.5,140.56,154.88,170.58,187.8,206.68,227.39,250.1,275,412.5,151.363,177.27,102801
18092,102800,714917.3,471920.9,44218.77647,7886,207.1,38.17,37.17,0.0238,-1,33,2.093,1.055,154.4,146.2,91.78,60.38,59.4,59.46,76.22,133.6,242.6,407.5,588.4,813.6,1066,1317,1588,1855,2094,2291,2387,2404,2404,2403,2401,2362,2135,1756,1307,800.6,335.5,56.33,21.78,55.04,55.15,30.07,8.3,10.77,29.35,50.35,67.9,69.28,3.25,2.11,1.7,1.54,1.45,1.36,1.55,2.07,2.7,3.28,3.74,4.09,4.34,4.5,4.6,4.65,4.68,4.68,4.67,4.66,4.65,4.65,4.63,4.54,4.32,3.94,3.39,2.66,1.79,0.83,0.44,1.08,1.07,0.92,0.43,0.59,1.18,1.48,1.5,1.32,0,0.75,1.57,2.47,3.46,4.55,5.74,7.04,8.47,10.04,11.76,13.64,15.71,17.98,20.46,23.19,26.18,29.45,33.05,36.99,41.31,46.05,51.25,56.94,63.19,70.04,77.55,85.79,94.83,104.73,115.59,127.5,140.56,154.88,170.58,187.8,206.68,227.39,250.1,275,0.75,1.57,2.47,3.46,4.55,5.74,7.04,8.47,10.04,11.76,13.64,15.71,17.98,20.46,23.19,26.18,29.45,33.05,36.99,41.31,46.05,51.25,56.94,63.19,70.04,77.55,85.79,94.83,104.73,115.59,127.5,140.56,154.88,170.58,187.8,206.68,227.39,250.1,275,412.5,215.012,237.349,102801
18134,102800,716581.7,471248.2,44218.77716,7926,205.2,58.47,58.47,0.0159,0,36,2.55,1.055,142.8,130.2,86.83,57.39,56,56.04,57.12,83.36,157.8,267.3,402.8,549.5,711,889.9,1109,1307,1494,1648,1753,1783,1785,1785,1785,1783,1721,1512,1229,891.3,549.1,242.6,41.42,15.74,29.02,28.79,7.17,8.12,13.86,21.76,36.47,41.7,3.38,2.17,1.75,1.62,1.57,1.48,1.46,1.8,2.4,3.01,3.54,3.94,4.24,4.44,4.56,4.62,4.63,4.59,4.53,4.46,4.39,4.34,4.31,4.26,4.15,3.94,3.6,3.12,2.49,1.72,0.81,0.42,0.89,1.05,0.52,0.6,0.91,1.11,1.45,1.9,0,0.75,1.57,2.47,3.46,4.55,5.74,7.04,8.47,10.04,11.76,13.64,15.71,17.98,20.46,23.19,26.18,29.45,33.05,36.99,41.31,46.05,51.25,56.94,63.19,70.04,77.55,85.79,94.83,104.73,115.59,127.5,140.56,154.88,170.58,187.8,206.68,227.39,250.1,275,0.75,1.57,2.47,3.46,4.55,5.74,7.04,8.47,10.04,11.76,13.64,15.71,17.98,20.46,23.19,26.18,29.45,33.05,36.99,41.31,46.05,51.25,56.94,63.19,70.04,77.55,85.79,94.83,104.73,115.59,127.5,140.56,154.88,170.58,187.8,206.68,227.39,250.1,275,412.5,220.519,250.351,102801
18176,102800,718029,470594,44218.77777,7966,201.1,42.91,43.19,0.0229,0.28,21,1.037,1.055,831.2,831.4,832.2,843.2,876.9,932,1002,1084,1175,1281,1403,1530,1655,1785,1908,2016,2077,2086,2089,2091,2091,2092,2091,2084,2011,1814,1511,1128,703.5,289.8,34.98,24.69,29.14,28.37,5.54,6.1,17.57,19.34,19.33,9.51,98,98,98,98,98,98,98,98,98,98,9.11,8.37,7.87,7.58,7.45,7.46,7.56,7.73,7.95,8.19,8.41,8.56,8.58,8.42,8.02,7.34,6.38,5.17,3.76,2.24,0.7,0.57,0.79,1.57,0.94,0.41,1.11,1.49,2.49,2.99,0,0.75,1.57,2.47,3.46,4.55,5.74,7.04,8.47,10.04,11.76,13.64,15.71,17.98,20.46,23.19,26.18,29.45,33.05,36.99,41.31,46.05,51.25,56.94,63.19,70.04,77.55,85.79,94.83,104.73,115.59,127.5,140.56,154.88,170.58,187.8,206.68,227.39,250.1,275,0.75,1.57,2.47,3.46,4.55,5.74,7.04,8.47,10.04,11.76,13.64,15.71,17.98,20.46,23.19,26.18,29.45,33.05,36.99,41.31,46.05,51.25,56.94,63.19,70.04,77.55,85.79,94.83,104.73,115.59,127.5,140.56,154.88,170.58,187.8,206.68,227.39,250.1,275,412.5,221.103,275.033,102801
18216,102800,719247.4,470124.6,44218.77823,8006,181.3,46.1,44.71,0.0201,-1.39,22,2.689,1.055,366.8,369.9,388.9,415.3,455.3,532.9,653.3,802.9,998.9,1260,1604,2006,2481,2901,3279,3914,4308,4570,4764,5103,5104,5102,5039,4721,4125,3036,1713,485.1,32.66,114.1,114,31.54,31.7,32.56,18.35,12.7,13.18,39.9,76.13,105.2,2.78,1.75,1.72,2.04,2.32,2.46,2.52,2.6,2.76,3.02,3.35,3.68,3.97,4.18,4.29,4.31,4.26,4.16,4.04,3.96,3.9,3.87,3.86,3.8,3.63,3.28,2.68,1.79,0.23,1.02,1.1,0.59,0.78,1,1.11,0.79,0.71,1.52,2.51,3.85,0,0.75,1.57,2.47,3.46,4.55,5.74,7.04,8.47,10.04,11.76,13.64,15.71,17.98,20.46,23.19,26.18,29.45,33.05,36.99,41.31,46.05,51.25,56.94,63.19,70.04,77.55,85.79,94.83,104.73,115.59,127.5,140.56,154.88,170.58,187.8,206.68,227.39,250.1,275,0.75,1.57,2.47,3.46,4.55,5.74,7.04,8.47,10.04,11.76,13.64,15.71,17.98,20.46,23.19,26.18,29.45,33.05,36.99,41.31,46.05,51.25,56.94,63.19,70.04,77.55,85.79,94.83,104.73,115.59,127.5,140.56,154.88,170.58,187.8,206.68,227.39,250.1,275,412.5,190.824,220.464,102801
18258,102800,720528,469587.2,44218.77878,8046,197.8,32.05,29.23,0.0306,-2.82,7,1.705,1.055,422.6,421.5,421.5,421.3,391.7,262.7,129.7,92.33,80.61,81.15,152.4,249.4,411.8,593.5,787.6,990.3,1189,1363,1457,1581,1596,1597,1597,1596,1587,1559,1496,1365,1145,738.6,608.1,495.5,422.9,339.1,246.9,242.2,242.4,243.1,243.7,244.1,3.38,2.2,2.07,2.34,2.53,2.33,1.8,1.4,1.28,1.34,1.76,2.24,2.72,3.12,3.43,3.66,3.84,4,4.19,4.45,4.82,5.38,6.18,7.29,8.76,98,98,98,98,98,98,98,98,98,98,98,98,98,98,98,0,0.75,1.57,2.47,3.46,4.55,5.74,7.04,8.47,10.04,11.76,13.64,15.71,17.98,20.46,23.19,26.18,29.45,33.05,36.99,41.31,46.05,51.25,56.94,63.19,70.04,77.55,85.79,94.83,104.73,115.59,127.5,140.56,154.88,170.58,187.8,206.68,227.39,250.1,275,0.75,1.57,2.47,3.46,4.55,5.74,7.04,8.47,10.04,11.76,13.64,15.71,17.98,20.46,23.19,26.18,29.45,33.05,36.99,41.31,46.05,51.25,56.94,63.19,70.04,77.55,85.79,94.83,104.73,115.59,127.5,140.56,154.88,170.58,187.8,206.68,227.39,250.1,275,412.5,12.684,15.815,102801
18302,102800,722238.9,468903.9,44218.7795,8086,201.6,43.81,42.25,0.0247,-1.56,34,2.231,1.055,219.6,219.5,199,142.5,98.67,60.08,51.71,51.74,64.07,138.7,240,366.8,512.4,672.9,846,1027,1208,1382,1537,1657,1720,1730,1732,1732,1732,1729,1698,1544,1278,941.7,568.1,259.5,71.1,33.74,31.16,14.7,10.15,11.17,19.53,27.05,3.47,2.37,2.16,2.12,1.91,1.5,1.29,1.29,1.5,2.05,2.59,3.06,3.43,3.72,3.94,4.1,4.2,4.26,4.27,4.25,4.19,4.11,4.04,3.98,3.94,3.88,3.79,3.61,3.31,2.87,2.31,1.65,0.96,0.68,0.83,0.57,0.62,0.56,0.88,0.97,0,0.75,1.57,2.47,3.46,4.55,5.74,7.04,8.47,10.04,11.76,13.64,15.71,17.98,20.46,23.19,26.18,29.45,33.05,36.99,41.31,46.05,51.25,56.94,63.19,70.04,77.55,85.79,94.83,104.73,115.59,127.5,140.56,154.88,170.58,187.8,206.68,227.39,250.1,275,0.75,1.57,2.47,3.46,4.55,5.74,7.04,8.47,10.04,11.76,13.64,15.71,17.98,20.46,23.19,26.18,29.45,33.05,36.99,41.31,46.05,51.25,56.94,63.19,70.04,77.55,85.79,94.83,104.73,115.59,127.5,140.56,154.88,170.58,187.8,206.68,227.39,250.1,275,412.5,254.928,275.033,102801
18346,102800,723655.5,468299,44218.78014,8126,197.8,46.08,45.48,0.0211,-0.6,33,2.291,1.055,542.6,540,444.8,312.7,188.9,95.13,52.01,38.99,40.7,83.92,166.3,294.4,442.2,627.3,832.5,1061,1294,1525,1750,1950,2100,2188,2208,2209,2209,2208,2204,2155,1915,1608,1256,880.2,514,213.7,52.72,24.74,18.03,13.74,16.35,45.9,5.14,3.44,2.71,2.43,2.23,1.84,1.35,1.08,1.15,1.67,2.26,2.8,3.26,3.64,3.95,4.19,4.38,4.52,4.61,4.65,4.64,4.59,4.51,4.42,4.33,4.24,4.14,4.01,3.81,3.53,3.18,2.73,2.18,1.52,0.8,0.58,0.61,0.55,0.58,0.58,0,0.75,1.57,2.47,3.46,4.55,5.74,7.04,8.47,10.04,11.76,13.64,15.71,17.98,20.46,23.19,26.18,29.45,33.05,36.99,41.31,46.05,51.25,56.94,63.19,70.04,77.55,85.79,94.83,104.73,115.59,127.5,140.56,154.88,170.58,187.8,206.68,227.39,250.1,275,0.75,1.57,2.47,3.46,4.55,5.74,7.04,8.47,10.04,11.76,13.64,15.71,17.98,20.46,23.19,26.18,29.45,33.05,36.99,41.31,46.05,51.25,56.94,63.19,70.04,77.55,85.79,94.83,104.73,115.59,127.5,140.56,154.88,170.58,187.8,206.68,227.39,250.1,275,412.5,262.278,275.033,102801
18388,102900,723178.3,467662.3,44218.78213,8166,204.2,57.01,57.47,0.0187,0.46,18,2.644,1.055,87.27,86.24,70.87,55.21,47.92,45.35,45.06,45.05,49.38,55.6,66.67,90.16,131.7,184.4,239.4,298.2,354.2,416.1,447.5,473.1,483.7,484.9,485.5,485.6,484.4,452.8,388,304.1,215.8,141.7,108.2,102.1,101.9,101.8,101.8,101.9,102,102.1,102.1,102.2,2.86,2,1.89,1.82,1.61,1.44,1.45,1.57,1.66,1.65,1.67,1.86,2.19,2.53,2.83,3.04,3.18,3.25,3.27,3.26,3.27,3.31,3.4,3.53,3.67,3.75,3.74,3.63,3.46,3.41,3.83,5.01,6.96,9.64,98,98,98,98,98,98,0,0.75,1.57,2.47,3.46,4.55,5.74,7.04,8.47,10.04,11.76,13.64,15.71,17.98,20.46,23.19,26.18,29.45,33.05,36.99,41.31,46.05,51.25,56.94,63.19,70.04,77.55,85.79,94.83,104.73,115.59,127.5,140.56,154.88,170.58,187.8,206.68,227.39,250.1,275,0.75,1.57,2.47,3.46,4.55,5.74,7.04,8.47,10.04,11.76,13.64,15.71,17.98,20.46,23.19,26.18,29.45,33.05,36.99,41.31,46.05,51.25,56.94,63.19,70.04,77.55,85.79,94.83,104.73,115.59,127.5,140.56,154.88,170.58,187.8,206.68,227.39,250.1,275,412.5,30.796,61.349,102901
18430,102900,722280.5,467988.6,44218.78271,8206,199.5,47.06,44.87,0.0221,-2.19,19,2.129,1.055,231.5,231.1,204.7,152.6,109.1,68.91,46.84,47.1,46.84,46.89,46.95,54.55,73.87,99.56,120.8,176.4,234.3,310.7,398.3,483.1,566.7,622.9,647,669.8,677.3,677.8,678,677.6,673.7,654.8,638.8,503.4,375.2,256,155.7,131.8,131.9,132.2,132.8,133.8,3.47,2.3,2.07,2.11,2.04,1.69,1.31,1.31,1.41,1.44,1.4,1.45,1.65,1.84,1.98,2.2,2.45,2.74,3.01,3.24,3.39,3.48,3.52,3.59,3.77,4.13,4.78,5.84,7.43,9.67,98,98,98,98,98,98,98,98,98,98,0,0.75,1.57,2.47,3.46,4.55,5.74,7.04,8.47,10.04,11.76,13.64,15.71,17.98,20.46,23.19,26.18,29.45,33.05,36.99,41.31,46.05,51.25,56.94,63.19,70.04,77.55,85.79,94.83,104.73,115.59,127.5,140.56,154.88,170.58,187.8,206.68,227.39,250.1,275,0.75,1.57,2.47,3.46,4.55,5.74,7.04,8.47,10.04,11.76,13.64,15.71,17.98,20.46,23.19,26.18,29.45,33.05,36.99,41.31,46.05,51.25,56.94,63.19,70.04,77.55,85.79,94.83,104.73,115.59,127.5,140.56,154.88,170.58,187.8,206.68,227.39,250.1,275,412.5,29.75,44.812,102901
18470,102900,721568.7,468281.3,44218.78319,8246,199.2,30.73,29.78,0.0295,-0.95,34,2.451,1.055,318.9,316.9,271.4,197.7,119.3,54.64,30.09,30.17,72.44,181.5,339.5,523.3,761.8,1039,1335,1654,1959,2257,2522,2725,2858,2891,2892,2892,2890,2887,2822,2528,2123,1652,1147,654.8,205.5,12.98,19.95,24.36,13,12.1,20.75,23.21,3.66,2.49,2.27,2.28,2.07,1.51,0.98,0.98,1.63,2.39,3.03,3.54,3.94,4.27,4.53,4.73,4.87,4.96,5,4.99,4.93,4.85,4.76,4.68,4.62,4.56,4.48,4.35,4.14,3.84,3.4,2.77,1.85,0.3,0.62,0.89,0.75,0.58,0.91,0.83,0,0.75,1.57,2.47,3.46,4.55,5.74,7.04,8.47,10.04,11.76,13.64,15.71,17.98,20.46,23.19,26.18,29.45,33.05,36.99,41.31,46.05,51.25,56.94,63.19,70.04,77.55,85.79,94.83,104.73,115.59,127.5,140.56,154.88,170.58,187.8,206.68,227.39,250.1,275,0.75,1.57,2.47,3.46,4.55,5.74,7.04,8.47,10.04,11.76,13.64,15.71,17.98,20.46,23.19,26.18,29.45,33.05,36.99,41.31,46.05,51.25,56.94,63.19,70.04,77.55,85.79,94.83,104.73,115.59,127.5,140.56,154.88,170.58,187.8,206.68,227.39,250.1,275,412.5,252.012,275.033,102901
18514,102900,720490.2,468742.1,44218.78391,8286,183.8,33.3,32.39,0.0277,-0.91,34,2.303,1.055,143.9,143.6,131,118.2,110.5,110.5,121.3,194.2,315.2,450.1,592.9,794.1,1057,1335,1637,1918,2195,2441,2590,2607,2630,2631,2630,2627,2525,2196,1719,951.1,337.2,80.73,37.72,55.5,53.01,35.36,10.54,10.72,13,27.18,33.62,33.62,2.49,1.68,1.7,1.81,1.73,1.58,1.63,2.03,2.53,2.96,3.3,3.57,3.79,3.96,4.09,4.17,4.23,4.26,4.26,4.25,4.25,4.25,4.24,4.18,4.03,3.71,3.19,2.46,1.6,0.82,0.54,0.87,0.87,0.91,0.41,0.59,0.67,1.06,1.17,1.23,0,0.75,1.57,2.47,3.46,4.55,5.74,7.04,8.47,10.04,11.76,13.64,15.71,17.98,20.46,23.19,26.18,29.45,33.05,36.99,41.31,46.05,51.25,56.94,63.19,70.04,77.55,85.79,94.83,104.73,115.59,127.5,140.56,154.88,170.58,187.8,206.68,227.39,250.1,275,0.75,1.57,2.47,3.46,4.55,5.74,7.04,8.47,10.04,11.76,13.64,15.71,17.98,20.46,23.19,26.18,29.45,33.05,36.99,41.31,46.05,51.25,56.94,63.19,70.04,77.55,85.79,94.83,104.73,115.59,127.5,140.56,154.88,170.58,187.8,206.68,227.39,250.1,275,412.5,229.156,263.706,102901
18554,102900,719780.2,469062.4,44218.78438,8326,179.9,43.02,40.27,0.0192,-2.75,36,2.859,1.055,394.6,386.6,286,166.8,70.26,16.26,15.94,50.49,158.4,300.4,448.8,660.8,879.8,1083,1333,1596,1821,1994,2139,2189,2192,2193,2192,2191,2176,2021,1755,1436,1082,720.5,368.1,56.01,11.38,35.4,24.75,9.51,11.29,35.42,48.06,48.01,5.13,3.58,2.94,2.57,1.99,0.94,0.82,1.8,2.85,3.7,4.32,4.76,5.04,5.21,5.3,5.34,5.34,5.31,5.27,5.21,5.17,5.13,5.11,5.07,4.99,4.82,4.55,4.14,3.6,2.92,2.11,1.13,0.32,1.12,0.95,0.59,0.61,1.31,1.39,1.04,0,0.75,1.57,2.47,3.46,4.55,5.74,7.04,8.47,10.04,11.76,13.64,15.71,17.98,20.46,23.19,26.18,29.45,33.05,36.99,41.31,46.05,51.25,56.94,63.19,70.04,77.55,85.79,94.83,104.73,115.59,127.5,140.56,154.88,170.58,187.8,206.68,227.39,250.1,275,0.75,1.57,2.47,3.46,4.55,5.74,7.04,8.47,10.04,11.76,13.64,15.71,17.98,20.46,23.19,26.18,29.45,33.05,36.99,41.31,46.05,51.25,56.94,63.19,70.04,77.55,85.79,94.83,104.73,115.59,127.5,140.56,154.88,170.58,187.8,206.68,227.39,250.1,275,412.5,227.527,251.262,102901
18596,102900,718860.2,469369.6,44218.78499,8366,195.2,32.68,31.74,0.0261,-0.94,33,2.591,1.055,116.6,117.9,134.1,185.5,302.7,471.5,675.2,981.2,1292,1725,2259,2906,3644,4298,4809,5597,5877,6937,7507,7767,7779,7781,7778,7770,7616,6793,5435,3872,2067,497.5,24.83,58.06,56.18,37.47,24.68,13.49,12.78,34.67,65.77,141.5,1.87,1.31,1.49,1.8,2.2,2.66,3.14,3.62,4.05,4.42,4.72,4.94,5.09,5.15,5.16,5.15,5.11,5.1,5.08,5.06,5.04,5.03,5.01,4.96,4.83,4.59,4.18,3.59,2.81,1.78,0.19,0.75,0.79,0.71,0.69,0.54,0.53,1.14,1.34,1.12,0,0.75,1.57,2.47,3.46,4.55,5.74,7.04,8.47,10.04,11.76,13.64,15.71,17.98,20.46,23.19,26.18,29.45,33.05,36.99,41.31,46.05,51.25,56.94,63.19,70.04,77.55,85.79,94.83,104.73,115.59,127.5,140.56,154.88,170.58,187.8,206.68,227.39,250.1,275,0.75,1.57,2.47,3.46,4.55,5.74,7.04,8.47,10.04,11.76,13.64,15.71,17.98,20.46,23.19,26.18,29.45,33.05,36.99,41.31,46.05,51.25,56.94,63.19,70.04,77.55,85.79,94.83,104.73,115.59,127.5,140.56,154.88,170.58,187.8,206.68,227.39,250.1,275,412.5,232.297,248.966,102901
18638,102900,718047.4,469736.8,44218.78554,8406,202.4,33.01,31.84,0.024,-1.17,30,4.16,1.055,89.85,108.5,196.6,337.5,541.2,780.9,1072,1558,1964,2634,3352,4074,4823,5724,6555,7543,8373,9237,10110,10980,11080,11080,11080,11060,10630,9469,7516,5211,3105,614.1,12.49,118.9,117,6.46,6.82,13,14.08,14,13.94,4.42,1.4,1.16,1.72,2.31,2.84,3.32,3.78,4.23,4.62,4.95,5.19,5.34,5.42,5.45,5.44,5.42,5.41,5.43,5.49,5.6,5.75,5.93,6.13,6.29,6.36,6.23,5.82,5.08,3.95,2.41,0.13,1.38,1.47,0.52,0.34,0.88,1.08,1.8,2.46,1.47,0,0.75,1.57,2.47,3.46,4.55,5.74,7.04,8.47,10.04,11.76,13.64,15.71,17.98,20.46,23.19,26.18,29.45,33.05,36.99,41.31,46.05,51.25,56.94,63.19,70.04,77.55,85.79,94.83,104.73,115.59,127.5,140.56,154.88,170.58,187.8,206.68,227.39,250.1,275,0.75,1.57,2.47,3.46,4.55,5.74,7.04,8.47,10.04,11.76,13.64,15.71,17.98,20.46,23.19,26.18,29.45,33.05,36.99,41.31,46.05,51.25,56.94,63.19,70.04,77.55,85.79,94.83,104.73,115.59,127.5,140.56,154.88,170.58,187.8,206.68,227.39,250.1,275,412.5,237.16,275.033,102901
18682,102900,716845.3,470257.6,44218.78628,8446,204.8,46.31,45.94,0.0198,-0.37,31,1.922,1.055,139.1,131.5,89.43,66.55,65.81,65.88,77.99,154.4,269.6,410.7,580.5,776.1,993.9,1232,1487,1747,2004,2233,2386,2444,2448,2449,2448,2445,2391,2145,1776,1320,835.5,363.4,65.62,25.36,41.47,41.45,18.04,8.92,13.47,37.48,53.01,53.33,3.1,2.01,1.69,1.62,1.54,1.43,1.58,2.17,2.83,3.41,3.86,4.18,4.39,4.52,4.58,4.6,4.59,4.57,4.54,4.51,4.5,4.5,4.51,4.49,4.39,4.16,3.76,3.19,2.46,1.6,0.75,0.37,0.74,0.83,0.69,0.52,0.63,0.9,0.8,1.1,0,0.75,1.57,2.47,3.46,4.55,5.74,7.04,8.47,10.04,11.76,13.64,15.71,17.98,20.46,23.19,26.18,29.45,33.05,36.99,41.31,46.05,51.25,56.94,63.19,70.04,77.55,85.79,94.83,104.73,115.59,127.5,140.56,154.88,170.58,187.8,206.68,227.39,250.1,275,0.75,1.57,2.47,3.46,4.55,5.74,7.04,8.47,10.04,11.76,13.64,15.71,17.98,20.46,23.19,26.18,29.45,33.05,36.99,41.31,46.05,51.25,56.94,63.19,70.04,77.55,85.79,94.83,104.73,115.59,127.5,140.56,154.88,170.58,187.8,206.68,227.39,250.1,275,412.5,221.766,246.618,102901
18722,102900,716029,470576.8,44218.78675,8486,205.4,59.17,59.07,0.0159,-0.1,32,2.394,1.055,134.5,129.3,94.06,75.22,75.12,75.24,96.4,157.8,245.1,356.4,488.8,639.3,800.3,968.9,1148,1323,1481,1612,1673,1677,1678,1677,1675,1635,1463,1184,847,498.4,200.7,51.57,34.39,35.62,35.59,16.93,7.42,9.72,13.77,20.21,27.59,27.86,3.05,1.97,1.7,1.7,1.66,1.58,1.74,2.19,2.74,3.25,3.68,4,4.2,4.32,4.35,4.34,4.28,4.2,4.12,4.03,3.97,3.93,3.88,3.79,3.6,3.29,2.83,2.23,1.51,0.77,0.71,0.8,0.99,0.81,0.5,0.69,0.84,1,1.29,1.79,0,0.75,1.57,2.47,3.46,4.55,5.74,7.04,8.47,10.04,11.76,13.64,15.71,17.98,20.46,23.19,26.18,29.45,33.05,36.99,41.31,46.05,51.25,56.94,63.19,70.04,77.55,85.79,94.83,104.73,115.59,127.5,140.56,154.88,170.58,187.8,206.68,227.39,250.1,275,0.75,1.57,2.47,3.46,4.55,5.74,7.04,8.47,10.04,11.76,13.64,15.71,17.98,20.46,23.19,26.18,29.45,33.05,36.99,41.31,46.05,51.25,56.94,63.19,70.04,77.55,85.79,94.83,104.73,115.59,127.5,140.56,154.88,170.58,187.8,206.68,227.39,250.1,275,412.5,226.142,266.367,102901
18762,102900,715175.1,470909.2,44218.78721,8526,207,39.55,38.76,0.0243,-0.79,21,2.084,1.055,152.5,138.8,126.4,115.7,107.5,107.5,107.8,122.6,189.6,296.7,434.2,597.2,804.9,1023,1280,1510,1741,1880,1913,1913,1913,1911,1905,1765,1485,1131,741.6,377.3,132.9,38.77,41.83,47.69,47.54,29.24,11.34,11.29,21.31,45.81,81.19,161.8,2.75,1.77,1.71,1.85,1.84,1.72,1.62,1.73,2.11,2.58,3.01,3.38,3.68,3.91,4.08,4.19,4.24,4.23,4.18,4.11,4.04,3.96,3.85,3.67,3.4,3.02,2.53,1.94,1.3,0.64,0.8,0.94,1.22,1.3,0.84,0.66,1.11,1.88,3.28,5.47,0,0.75,1.57,2.47,3.46,4.55,5.74,7.04,8.47,10.04,11.76,13.64,15.71,17.98,20.46,23.19,26.18,29.45,33.05,36.99,41.31,46.05,51.25,56.94,63.19,70.04,77.55,85.79,94.83,104.73,115.59,127.5,140.56,154.88,170.58,187.8,206.68,227.39,250.1,275,0.75,1.57,2.47,3.46,4.55,5.74,7.04,8.47,10.04,11.76,13.64,15.71,17.98,20.46,23.19,26.18,29.45,33.05,36.99,41.31,46.05,51.25,56.94,63.19,70.04,77.55,85.79,94.83,104.73,115.59,127.5,140.56,154.88,170.58,187.8,206.68,227.39,250.1,275,412.5,171.248,206.511,102901
18804,102900,714311.3,471271.5,44218.78774,8566,209,38.71,37.34,0.0242,-1.37,10,2.925,1.055,166.6,162.1,135.6,119.2,117.9,117.9,125.8,160.3,239.5,375.2,604.4,843.7,1119,1428,1770,2127,2462,2760,2990,3199,3262,3264,3263,3260,3249,2994,2492,1877,1205,583.1,197.6,21.89,20.31,60.89,135.8,242.8,293.3,300.4,300.8,301,2.76,1.79,1.68,1.8,1.83,1.72,1.66,1.83,2.24,2.78,3.34,3.81,4.18,4.43,4.59,4.67,4.7,4.7,4.71,4.77,4.9,5.15,5.53,6.05,6.68,7.35,7.97,8.38,8.37,7.64,5.79,2.6,1.73,4.18,7.59,98,98,98,98,98,0,0.75,1.57,2.47,3.46,4.55,5.74,7.04,8.47,10.04,11.76,13.64,15.71,17.98,20.46,23.19,26.18,29.45,33.05,36.99,41.31,46.05,51.25,56.94,63.19,70.04,77.55,85.79,94.83,104.73,115.59,127.5,140.56,154.88,170.58,187.8,206.68,227.39,250.1,275,0.75,1.57,2.47,3.46,4.55,5.74,7.04,8.47,10.04,11.76,13.64,15.71,17.98,20.46,23.19,26.18,29.45,33.05,36.99,41.31,46.05,51.25,56.94,63.19,70.04,77.55,85.79,94.83,104.73,115.59,127.5,140.56,154.88,170.58,187.8,206.68,227.39,250.1,275,412.5,17.555,38.516,102901
18850,102900,713208,471778.8,44218.78844,8606,213.4,50.03,51.58,0.0188,1.55,30,1.629,1.055,172.1,170.6,166.2,164.6,163.8,163.9,191.5,259.2,363.1,498.2,652.4,841.6,1048,1282,1498,1672,1828,1882,1884,1884,1884,1882,1820,1569,1184,731.3,331,70.97,35.19,37.31,36.65,35.37,21.53,10.04,10.04,17.4,36.09,51.06,62.95,78.94,2.68,1.74,1.74,1.96,2.03,1.94,1.94,2.15,2.53,2.98,3.39,3.74,3.97,4.1,4.12,4.06,3.95,3.81,3.68,3.6,3.55,3.52,3.44,3.25,2.89,2.35,1.65,0.8,0.61,0.75,0.81,0.89,0.79,0.54,0.64,0.93,1.34,1.54,1.66,1.9,0,0.75,1.57,2.47,3.46,4.55,5.74,7.04,8.47,10.04,11.76,13.64,15.71,17.98,20.46,23.19,26.18,29.45,33.05,36.99,41.31,46.05,51.25,56.94,63.19,70.04,77.55,85.79,94.83,104.73,115.59,127.5,140.56,154.88,170.58,187.8,206.68,227.39,250.1,275,0.75,1.57,2.47,3.46,4.55,5.74,7.04,8.47,10.04,11.76,13.64,15.71,17.98,20.46,23.19,26.18,29.45,33.05,36.99,41.31,46.05,51.25,56.94,63.19,70.04,77.55,85.79,94.83,104.73,115.59,127.5,140.56,154.88,170.58,187.8,206.68,227.39,250.1,275,412.5,202.024,225.636,102901
18890,102900,712488.8,472048,44218.7889,8646,220,45.12,44.78,0.0203,-0.34,39,2.029,1.055,145,145,144.9,144.8,150.5,182.9,268,406.7,590.3,822.6,1105,1419,1817,2212,2650,3087,3349,3772,3901,3916,3917,3917,3914,3841,3439,2699,1734,744.2,69.35,19.51,127.4,127.4,75.49,10.36,10.43,17.85,37.59,45.65,45.66,45.59,2.32,1.57,1.67,1.82,1.81,1.84,2.12,2.6,3.15,3.67,4.1,4.41,4.61,4.7,4.71,4.67,4.61,4.56,4.53,4.54,4.59,4.67,4.72,4.67,4.42,3.9,3.08,1.99,0.67,0.23,1.4,1.45,1.26,0.36,0.5,0.84,1.18,1.27,1.25,1,0,0.75,1.57,2.47,3.46,4.55,5.74,7.04,8.47,10.04,11.76,13.64,15.71,17.98,20.46,23.19,26.18,29.45,33.05,36.99,41.31,46.05,51.25,56.94,63.19,70.04,77.55,85.79,94.83,104.73,115.59,127.5,140.56,154.88,170.58,187.8,206.68,227.39,250.1,275,0.75,1.57,2.47,3.46,4.55,5.74,7.04,8.47,10.04,11.76,13.64,15.71,17.98,20.46,23.19,26.18,29.45,33.05,36.99,41.31,46.05,51.25,56.94,63.19,70.04,77.55,85.79,94.83,104.73,115.59,127.5,140.56,154.88,170.58,187.8,206.68,227.39,250.1,275,412.5,215.902,254.955,102901
18934,102900,711266.1,472560.1,44218.78972,8686,239.8,40.89,43.78,0.0228,2.89,31,2.557,1.055,361.9,363.5,392.8,495.4,617,749.2,941.8,1149,1388,1646,1946,2309,2734,3143,3734,4366,4960,5412,5695,6026,6048,6056,6058,6057,5944,4898,3325,1675,93.94,22.58,76.47,71.63,32.05,10.52,8.19,10.97,19.6,25.13,25.12,7.28,2.6,1.61,1.67,2.13,2.55,2.8,2.92,2.99,3.07,3.19,3.37,3.59,3.82,4.03,4.18,4.27,4.27,4.21,4.12,4.03,3.98,3.98,4.03,4.09,4.05,3.79,3.21,2.24,0.82,0.21,0.96,0.94,1.05,0.88,0.47,0.67,1.28,2.3,3.35,2.77,0,0.75,1.57,2.47,3.46,4.55,5.74,7.04,8.47,10.04,11.76,13.64,15.71,17.98,20.46,23.19,26.18,29.45,33.05,36.99,41.31,46.05,51.25,56.94,63.19,70.04,77.55,85.79,94.83,104.73,115.59,127.5,140.56,154.88,170.58,187.8,206.68,227.39,250.1,275,0.75,1.57,2.47,3.46,4.55,5.74,7.04,8.47,10.04,11.76,13.64,15.71,17.98,20.46,23.19,26.18,29.45,33.05,36.99,41.31,46.05,51.25,56.94,63.19,70.04,77.55,85.79,94.83,104.73,115.59,127.5,140.56,154.88,170.58,187.8,206.68,227.39,250.1,275,412.5,239.696,275.033,102901
18974,102900,710474.2,472870.1,44218.79019,8726,245.8,36.03,39.88,0.0238,3.85,30,3.153,1.055,308.3,319.4,346.4,448.5,601.3,779.6,988.5,1231,1520,1873,2260,2728,3275,3849,4393,5160,6023,6568,6942,7199,7288,7297,7300,7299,7188,6163,4162,2255,570.5,20.15,80.23,80.28,46.79,10.65,9.66,12.78,25.55,29.88,29.85,13.59,2.38,1.52,1.65,2.11,2.51,2.76,2.91,3.05,3.22,3.44,3.69,3.96,4.21,4.4,4.52,4.57,4.55,4.47,4.36,4.26,4.18,4.17,4.21,4.27,4.28,4.13,3.73,3.04,2.01,0.17,0.99,0.92,1.06,0.52,0.48,0.7,1.09,1.12,1.35,1.49,0,0.75,1.57,2.47,3.46,4.55,5.74,7.04,8.47,10.04,11.76,13.64,15.71,17.98,20.46,23.19,26.18,29.45,33.05,36.99,41.31,46.05,51.25,56.94,63.19,70.04,77.55,85.79,94.83,104.73,115.59,127.5,140.56,154.88,170.58,187.8,206.68,227.39,250.1,275,0.75,1.57,2.47,3.46,4.55,5.74,7.04,8.47,10.04,11.76,13.64,15.71,17.98,20.46,23.19,26.18,29.45,33.05,36.99,41.31,46.05,51.25,56.94,63.19,70.04,77.55,85.79,94.83,104.73,115.59,127.5,140.56,154.88,170.58,187.8,206.68,227.39,250.1,275,412.5,232.919,275.033,102901
19016,102900,709490.8,473296.8,44218.79076,8766,253,38.34,38.13,0.0216,-0.21,31,2.185,1.055,114.3,114.3,121.7,148.4,216,335.1,529,725,929.5,1308,1720,2147,2771,3429,4129,4875,5585,6275,6931,7401,7514,7519,7518,7513,7482,6974,5869,4345,2603,979.3,18.88,75.63,100.9,56.33,8.43,10.04,31.06,44.13,44.13,36.84,1.97,1.37,1.52,1.73,2,2.39,2.88,3.36,3.79,4.17,4.47,4.69,4.84,4.94,5,5.04,5.07,5.1,5.15,5.22,5.29,5.39,5.48,5.56,5.57,5.42,5.07,4.45,3.53,2.24,0.15,0.95,1.07,1.12,0.35,0.43,1.14,1.21,1.19,1.11,0,0.75,1.57,2.47,3.46,4.55,5.74,7.04,8.47,10.04,11.76,13.64,15.71,17.98,20.46,23.19,26.18,29.45,33.05,36.99,41.31,46.05,51.25,56.94,63.19,70.04,77.55,85.79,94.83,104.73,115.59,127.5,140.56,154.88,170.58,187.8,206.68,227.39,250.1,275,0.75,1.57,2.47,3.46,4.55,5.74,7.04,8.47,10.04,11.76,13.64,15.71,17.98,20.46,23.19,26.18,29.45,33.05,36.99,41.31,46.05,51.25,56.94,63.19,70.04,77.55,85.79,94.83,104.73,115.59,127.5,140.56,154.88,170.58,187.8,206.68,227.39,250.1,275,412.5,219.471,261.322,102901
19056,102900,708706.9,473561.8,44218.79123,8806,243.8,47.53,44.01,0.0214,-3.52,14,2.827,1.055,202.7,202.9,202.9,202.8,180.2,150.6,96.66,88.71,45.65,38.42,60.88,123,218.3,372.7,392.2,506.6,535.3,537.2,536.8,534.8,525.1,521.6,439.2,395.2,327.7,255.9,255.2,258.1,318.5,337.4,353.1,298.4,222.2,201,196.5,195.1,194.5,194.4,194.4,194.4,2.35,1.42,1.67,2.34,2.54,2.31,1.86,1.56,1.22,1.19,1.39,1.74,2.33,3.19,3.59,3.72,3.62,3.41,3.19,3.03,2.93,2.88,2.8,2.66,2.45,2.21,2.17,2.4,3.03,4.04,5.66,8.15,98,98,98,98,98,98,98,98,0,0.75,1.57,2.47,3.46,4.55,5.74,7.04,8.47,10.04,11.76,13.64,15.71,17.98,20.46,23.19,26.18,29.45,33.05,36.99,41.31,46.05,51.25,56.94,63.19,70.04,77.55,85.79,94.83,104.73,115.59,127.5,140.56,154.88,170.58,187.8,206.68,227.39,250.1,275,0.75,1.57,2.47,3.46,4.55,5.74,7.04,8.47,10.04,11.76,13.64,15.71,17.98,20.46,23.19,26.18,29.45,33.05,36.99,41.31,46.05,51.25,56.94,63.19,70.04,77.55,85.79,94.83,104.73,115.59,127.5,140.56,154.88,170.58,187.8,206.68,227.39,250.1,275,412.5,33.108,64.844,102901
19102,102900,707599.9,474260.1,44218.79199,8846,224.9,48.42,41.58,0.0292,-6.84,7,2.22,1.055,196.7,195.6,151,99.42,61.02,53.28,55.64,75.02,104.1,187.5,315.4,434.4,558.7,665,767.3,860.1,937.4,1009,1025,1025,1025,1024,1020,953.3,771.6,690.3,553,410.6,298.4,251,249.6,249.7,250,251.2,256.6,262.2,264.1,264.5,264.6,264.7,4.14,2.77,2.23,1.95,1.66,1.34,1.24,1.74,2.2,2.69,3.13,3.47,3.72,3.91,4.08,4.24,4.41,4.6,4.8,5.02,5.25,5.48,5.69,5.85,5.98,6.17,6.52,7.2,8.57,98,98,98,98,98,98,98,98,98,98,98,0,0.75,1.57,2.47,3.46,4.55,5.74,7.04,8.47,10.04,11.76,13.64,15.71,17.98,20.46,23.19,26.18,29.45,33.05,36.99,41.31,46.05,51.25,56.94,63.19,70.04,77.55,85.79,94.83,104.73,115.59,127.5,140.56,154.88,170.58,187.8,206.68,227.39,250.1,275,0.75,1.57,2.47,3.46,4.55,5.74,7.04,8.47,10.04,11.76,13.64,15.71,17.98,20.46,23.19,26.18,29.45,33.05,36.99,41.31,46.05,51.25,56.94,63.19,70.04,77.55,85.79,94.83,104.73,115.59,127.5,140.56,154.88,170.58,187.8,206.68,227.39,250.1,275,412.5,7.576,10.466,102901
19144,102900,706353.1,474595.9,44218.79278,8886,225.1,38.96,40.29,0.0235,1.33,34,2.749,1.055,158.1,177.8,225.3,288.2,401,539.7,714.6,928.2,1142,1392,1665,1888,2011,2137,2185,2189,2190,2190,2183,2093,1865,1370,727.3,83.48,21.97,52.98,69.61,69.84,69.84,57.94,18.4,14.06,13.3,21.44,38.81,55.07,65.76,71.24,71.39,71.41,2.02,1.41,1.71,2.14,2.53,2.83,3.11,3.37,3.61,3.82,3.98,4.06,4.06,3.99,3.89,3.78,3.69,3.64,3.61,3.52,3.29,2.83,2.07,0.96,0.31,0.89,0.98,1,1.11,1.17,0.63,0.69,0.71,1,1.31,1.49,1.59,1.65,1.62,1.5,0,0.75,1.57,2.47,3.46,4.55,5.74,7.04,8.47,10.04,11.76,13.64,15.71,17.98,20.46,23.19,26.18,29.45,33.05,36.99,41.31,46.05,51.25,56.94,63.19,70.04,77.55,85.79,94.83,104.73,115.59,127.5,140.56,154.88,170.58,187.8,206.68,227.39,250.1,275,0.75,1.57,2.47,3.46,4.55,5.74,7.04,8.47,10.04,11.76,13.64,15.71,17.98,20.46,23.19,26.18,29.45,33.05,36.99,41.31,46.05,51.25,56.94,63.19,70.04,77.55,85.79,94.83,104.73,115.59,127.5,140.56,154.88,170.58,187.8,206.68,227.39,250.1,275,412.5,182.351,219.833,102901
19186,102900,705480.5,474938.6,44218.79332,8926,221.3,34.7,35.26,0.0258,0.56,43,1.45,1.055,135.6,136.2,148,158.6,185.2,226.7,280.7,352.5,443,545.1,647.8,797.3,885.7,921.8,962.5,964.4,964.9,964.9,920.6,773.2,500.4,204.7,26.53,25.75,64.35,81.98,81.99,75.56,48.62,23.24,14.75,14.94,21.04,36.39,48.6,60.38,70.18,77.41,82.35,99.67,2.24,1.51,1.67,1.93,2.06,2.14,2.27,2.49,2.78,3.05,3.25,3.35,3.32,3.21,3.08,2.99,2.96,2.98,2.99,2.85,2.45,1.69,0.49,0.59,1.14,1.25,1.23,1.25,1.11,0.8,0.68,0.76,0.95,1.27,1.44,1.54,1.61,1.67,1.64,1.54,0,0.75,1.57,2.47,3.46,4.55,5.74,7.04,8.47,10.04,11.76,13.64,15.71,17.98,20.46,23.19,26.18,29.45,33.05,36.99,41.31,46.05,51.25,56.94,63.19,70.04,77.55,85.79,94.83,104.73,115.59,127.5,140.56,154.88,170.58,187.8,206.68,227.39,250.1,275,0.75,1.57,2.47,3.46,4.55,5.74,7.04,8.47,10.04,11.76,13.64,15.71,17.98,20.46,23.19,26.18,29.45,33.05,36.99,41.31,46.05,51.25,56.94,63.19,70.04,77.55,85.79,94.83,104.73,115.59,127.5,140.56,154.88,170.58,187.8,206.68,227.39,250.1,275,412.5,177.168,210.132,102901
19228,102900,704543.8,475314.4,44218.79388,8966,215.6,43.69,44.72,0.0211,1.03,32,2.467,1.055,114.7,114.5,114.1,114,117,138.9,176.9,228.7,279.3,332.3,393.9,413.6,419.2,419.7,419.9,419.8,386.3,277.3,145.1,39.9,27.96,29.41,63.27,81.31,81.39,81.32,55.54,28.75,15.71,15.73,18.65,36.57,58.19,76.81,88.72,94.86,97.24,98.17,99.32,102.3,2.41,1.62,1.69,1.85,1.88,1.93,2.1,2.36,2.62,2.81,2.89,2.84,2.72,2.62,2.57,2.57,2.5,2.22,1.68,0.9,0.8,0.81,1.27,1.43,1.43,1.48,1.42,1.23,0.96,0.89,0.93,1.36,1.93,2.85,4.37,6.81,98,98,98,98,0,0.75,1.57,2.47,3.46,4.55,5.74,7.04,8.47,10.04,11.76,13.64,15.71,17.98,20.46,23.19,26.18,29.45,33.05,36.99,41.31,46.05,51.25,56.94,63.19,70.04,77.55,85.79,94.83,104.73,115.59,127.5,140.56,154.88,170.58,187.8,206.68,227.39,250.1,275,0.75,1.57,2.47,3.46,4.55,5.74,7.04,8.47,10.04,11.76,13.64,15.71,17.98,20.46,23.19,26.18,29.45,33.05,36.99,41.31,46.05,51.25,56.94,63.19,70.04,77.55,85.79,94.83,104.73,115.59,127.5,140.56,154.88,170.58,187.8,206.68,227.39,250.1,275,412.5,119.671,133.383,102901
19270,102900,703682.3,475661.9,44218.79439,9006,209.9,37.71,37.26,0.0251,-0.45,6,1.089,1.055,244.5,244.7,245.5,262.4,286.6,306.5,314.5,314.9,314.9,314.7,314.3,313.4,305.7,295.4,270.3,182.9,92.64,51.4,35.08,41.16,45.23,63.6,81.81,83.93,85.85,86.94,86.71,86.65,86.82,87.37,88.64,90.77,92.06,92.47,92.65,92.75,92.82,92.86,92.89,92.91,2.85,1.8,1.74,2.06,2.36,2.49,2.44,2.31,2.2,2.13,2.13,2.17,2.22,2.23,2.13,1.84,1.42,1.1,0.92,1.11,1.2,1.79,3.18,5.51,8.92,98,98,98,98,98,98,98,98,98,98,98,98,98,98,98,0,0.75,1.57,2.47,3.46,4.55,5.74,7.04,8.47,10.04,11.76,13.64,15.71,17.98,20.46,23.19,26.18,29.45,33.05,36.99,41.31,46.05,51.25,56.94,63.19,70.04,77.55,85.79,94.83,104.73,115.59,127.5,140.56,154.88,170.58,187.8,206.68,227.39,250.1,275,0.75,1.57,2.47,3.46,4.55,5.74,7.04,8.47,10.04,11.76,13.64,15.71,17.98,20.46,23.19,26.18,29.45,33.05,36.99,41.31,46.05,51.25,56.94,63.19,70.04,77.55,85.79,94.83,104.73,115.59,127.5,140.56,154.88,170.58,187.8,206.68,227.39,250.1,275,412.5,15.073,32.908,102901
19314,103000,704025.7,474670.8,44218.79594,9046,212.1,39.57,39.81,0.0258,0.24,41,1.595,1.055,250.4,250.5,268.2,312.4,363.2,405,429.1,436.5,436.6,436.5,436.1,432.6,412.7,403.4,362.3,265.2,176.7,80.39,30.66,30.36,37.08,68.69,83.26,83.52,83.54,83.29,69.45,36.14,16.51,14.55,15.33,35.07,60.48,83.31,98.15,102.6,103.1,103.2,103.2,103.2,2.78,1.74,1.74,2.14,2.52,2.71,2.71,2.59,2.44,2.33,2.29,2.29,2.29,2.28,2.17,1.93,1.62,1.2,0.71,0.78,0.88,1.24,1.36,1.34,1.35,1.43,1.39,1.09,0.73,0.81,0.78,1.29,1.67,1.84,1.89,1.88,1.88,1.85,1.63,1.1,0,0.75,1.57,2.47,3.46,4.55,5.74,7.04,8.47,10.04,11.76,13.64,15.71,17.98,20.46,23.19,26.18,29.45,33.05,36.99,41.31,46.05,51.25,56.94,63.19,70.04,77.55,85.79,94.83,104.73,115.59,127.5,140.56,154.88,170.58,187.8,206.68,227.39,250.1,275,0.75,1.57,2.47,3.46,4.55,5.74,7.04,8.47,10.04,11.76,13.64,15.71,17.98,20.46,23.19,26.18,29.45,33.05,36.99,41.31,46.05,51.25,56.94,63.19,70.04,77.55,85.79,94.83,104.73,115.59,127.5,140.56,154.88,170.58,187.8,206.68,227.39,250.1,275,412.5,159.025,205.903,103001
19358,103000,705418.3,474032.5,44218.79675,9086,228.2,32.3,31.52,0.0298,-0.78,34,1.798,1.055,159.9,165.1,169,183.9,204.8,245.1,284.8,334.8,398.4,464.7,527.1,603.7,688.4,735.6,765.9,774.6,775.1,775.1,774.6,731,571.6,309.4,71.97,41.89,46.85,78.94,78.82,72.68,57.68,35.77,20.21,13.66,13.66,17.75,34.07,49.18,58.98,68.42,77.99,102.2,2.34,1.57,1.68,1.97,2.13,2.19,2.23,2.34,2.51,2.71,2.87,2.96,2.96,2.88,2.76,2.66,2.61,2.64,2.69,2.64,2.36,1.75,0.88,0.71,0.79,1.12,1.12,1.1,1.07,0.93,0.74,0.67,0.77,0.89,1.28,1.49,1.63,2.04,3.08,5.13,0,0.75,1.57,2.47,3.46,4.55,5.74,7.04,8.47,10.04,11.76,13.64,15.71,17.98,20.46,23.19,26.18,29.45,33.05,36.99,41.31,46.05,51.25,56.94,63.19,70.04,77.55,85.79,94.83,104.73,115.59,127.5,140.56,154.88,170.58,187.8,206.68,227.39,250.1,275,0.75,1.57,2.47,3.46,4.55,5.74,7.04,8.47,10.04,11.76,13.64,15.71,17.98,20.46,23.19,26.18,29.45,33.05,36.99,41.31,46.05,51.25,56.94,63.19,70.04,77.55,85.79,94.83,104.73,115.59,127.5,140.56,154.88,170.58,187.8,206.68,227.39,250.1,275,412.5,160.989,178.823,103001
19404,103000,706976.8,473416.9,44218.79748,9126,228.5,43.48,44.3,0.0217,0.82,26,1.45,1.055,115.2,114.9,114.1,113.7,113.6,129,172.7,217.6,269,347.3,442.6,544.7,661.9,783.6,896,966.5,975.3,975.7,975.4,967.7,935.7,804.8,555.3,345.7,171.1,49.65,38.45,42.95,43.09,43.07,37.86,16.82,10.86,10.87,20.64,33.3,39.65,48.71,56.1,61.87,2.43,1.64,1.7,1.87,1.88,1.9,2.06,2.3,2.58,2.87,3.12,3.3,3.42,3.48,3.5,3.48,3.44,3.42,3.4,3.36,3.25,3,2.58,2.06,1.48,0.86,0.82,0.96,0.99,1.05,1.1,0.75,0.68,0.7,1.08,1.31,1.38,1.56,2.05,3.11,0,0.75,1.57,2.47,3.46,4.55,5.74,7.04,8.47,10.04,11.76,13.64,15.71,17.98,20.46,23.19,26.18,29.45,33.05,36.99,41.31,46.05,51.25,56.94,63.19,70.04,77.55,85.79,94.83,104.73,115.59,127.5,140.56,154.88,170.58,187.8,206.68,227.39,250.1,275,0.75,1.57,2.47,3.46,4.55,5.74,7.04,8.47,10.04,11.76,13.64,15.71,17.98,20.46,23.19,26.18,29.45,33.05,36.99,41.31,46.05,51.25,56.94,63.19,70.04,77.55,85.79,94.83,104.73,115.59,127.5,140.56,154.88,170.58,187.8,206.68,227.39,250.1,275,412.5,177.071,205.372,103001
19448,103000,708204.2,472937.9,44218.79801,9166,232.3,65.26,63.33,0.015,-1.93,17,3.693,1.055,215.8,193.6,138.2,91.67,70.61,59.31,57.35,59.89,65.95,152.1,247.2,383.6,527.7,688.4,856.4,967,1012,1044,1049,1050,1050,1049,1047,992.4,819,704.6,574.1,428.9,272.7,158.6,89.21,67.17,64.33,64.26,101.5,183.1,266.8,307.3,320.8,325.3,3.89,2.47,1.95,1.81,1.73,1.57,1.46,1.45,1.62,2.24,2.86,3.4,3.83,4.12,4.28,4.31,4.23,4.11,3.96,3.83,3.71,3.6,3.48,3.3,3.05,2.78,2.49,2.19,1.89,1.62,1.37,1.18,1.11,1.04,1.29,2.03,3.32,5.34,8.43,98,0,0.75,1.57,2.47,3.46,4.55,5.74,7.04,8.47,10.04,11.76,13.64,15.71,17.98,20.46,23.19,26.18,29.45,33.05,36.99,41.31,46.05,51.25,56.94,63.19,70.04,77.55,85.79,94.83,104.73,115.59,127.5,140.56,154.88,170.58,187.8,206.68,227.39,250.1,275,0.75,1.57,2.47,3.46,4.55,5.74,7.04,8.47,10.04,11.76,13.64,15.71,17.98,20.46,23.19,26.18,29.45,33.05,36.99,41.31,46.05,51.25,56.94,63.19,70.04,77.55,85.79,94.83,104.73,115.59,127.5,140.56,154.88,170.58,187.8,206.68,227.39,250.1,275,412.5,122.765,150.891,103001
19490,103000,709388.3,472479.5,44218.79853,9206,249.4,46.59,46.35,0.0194,-0.24,39,2.146,1.055,151.5,151.5,171.9,212.8,283.6,382.2,535.3,756.3,1029,1341,1698,2105,2598,3060,3544,4129,4708,5242,5468,5534,5536,5534,5528,5514,5141,4277,3051,1833,567.7,33.3,35.05,63.01,62.5,19.19,9.35,9.79,30.75,43.88,43.87,30.67,2.12,1.42,1.62,1.95,2.19,2.41,2.7,3.09,3.52,3.94,4.32,4.62,4.83,4.95,4.98,4.95,4.87,4.76,4.63,4.51,4.43,4.39,4.39,4.38,4.3,4.07,3.63,2.93,1.89,0.29,0.43,0.82,1.05,0.57,0.43,0.48,1.16,1.29,1.24,1,0,0.75,1.57,2.47,3.46,4.55,5.74,7.04,8.47,10.04,11.76,13.64,15.71,17.98,20.46,23.19,26.18,29.45,33.05,36.99,41.31,46.05,51.25,56.94,63.19,70.04,77.55,85.79,94.83,104.73,115.59,127.5,140.56,154.88,170.58,187.8,206.68,227.39,250.1,275,0.75,1.57,2.47,3.46,4.55,5.74,7.04,8.47,10.04,11.76,13.64,15.71,17.98,20.46,23.19,26.18,29.45,33.05,36.99,41.31,46.05,51.25,56.94,63.19,70.04,77.55,85.79,94.83,104.73,115.59,127.5,140.56,154.88,170.58,187.8,206.68,227.39,250.1,275,412.5,220.926,270.341,103001
19532,103000,710890.2,471800.1,44218.7992,9246,247.1,38.88,40.15,0.025,1.27,30,1.971,1.055,495.1,495.1,496.5,501,515.3,538.9,564.5,598.9,661.5,781.9,950.1,1124,1289,1453,1603,1686,1841,1935,1965,1971,1973,1974,1974,1970,1805,1373,799.5,354.7,141.8,109,53.13,31.49,34.11,34,12.03,10.41,14.85,31.81,32.66,32.7,3.45,2.15,1.87,2.08,2.39,2.57,2.57,2.49,2.45,2.52,2.69,2.91,3.11,3.25,3.32,3.29,3.22,3.09,2.95,2.81,2.72,2.67,2.66,2.64,2.52,2.23,1.77,1.22,0.76,0.84,0.54,0.41,0.61,0.9,0.5,0.58,0.74,1.13,1.16,1.5,0,0.75,1.57,2.47,3.46,4.55,5.74,7.04,8.47,10.04,11.76,13.64,15.71,17.98,20.46,23.19,26.18,29.45,33.05,36.99,41.31,46.05,51.25,56.94,63.19,70.04,77.55,85.79,94.83,104.73,115.59,127.5,140.56,154.88,170.58,187.8,206.68,227.39,250.1,275,0.75,1.57,2.47,3.46,4.55,5.74,7.04,8.47,10.04,11.76,13.64,15.71,17.98,20.46,23.19,26.18,29.45,33.05,36.99,41.31,46.05,51.25,56.94,63.19,70.04,77.55,85.79,94.83,104.73,115.59,127.5,140.56,154.88,170.58,187.8,206.68,227.39,250.1,275,412.5,222.017,260.019,103001
19578,103000,713118.1,470901,44218.80013,9286,220.8,40.9,39.42,0.0214,-1.48,28,2.355,1.055,157.5,164.7,203.5,287.9,401.2,525.8,680.4,875.9,1131,1440,1825,2275,2818,3308,3891,4521,5109,5602,5915,5957,6038,6040,6039,6028,5719,4840,3439,1931,604.8,19.31,57.24,57.29,42.79,9.18,9.71,12.21,15.48,19.28,20.04,20.06,1.89,1.32,1.66,2.1,2.4,2.59,2.79,3.04,3.36,3.71,4.05,4.35,4.56,4.68,4.72,4.7,4.63,4.53,4.44,4.38,4.37,4.42,4.52,4.61,4.61,4.43,4,3.25,2.14,0.09,0.56,0.82,0.98,0.49,0.54,0.78,0.92,1.03,1.33,1.77,0,0.75,1.57,2.47,3.46,4.55,5.74,7.04,8.47,10.04,11.76,13.64,15.71,17.98,20.46,23.19,26.18,29.45,33.05,36.99,41.31,46.05,51.25,56.94,63.19,70.04,77.55,85.79,94.83,104.73,115.59,127.5,140.56,154.88,170.58,187.8,206.68,227.39,250.1,275,0.75,1.57,2.47,3.46,4.55,5.74,7.04,8.47,10.04,11.76,13.64,15.71,17.98,20.46,23.19,26.18,29.45,33.05,36.99,41.31,46.05,51.25,56.94,63.19,70.04,77.55,85.79,94.83,104.73,115.59,127.5,140.56,154.88,170.58,187.8,206.68,227.39,250.1,275,412.5,215.639,257.067,103001
19620,103000,714541.3,470325.7,44218.80074,9326,207.3,62.83,63.53,0.0149,0.7,29,2.538,1.055,205.2,191.4,117.4,66.23,63.19,63.23,64.38,86.47,142.2,220.9,317.1,429.4,558.3,696.1,834.6,968.2,1084,1161,1170,1170,1169,1167,1163,1088,905.3,674.7,446,257.6,122,44.44,39.76,39.74,36.72,15.9,9.77,11.18,23.99,43.6,66.63,111.8,4.03,2.55,1.88,1.62,1.6,1.54,1.51,1.76,2.23,2.72,3.14,3.48,3.73,3.89,3.99,4.03,4.03,3.98,3.9,3.82,3.74,3.66,3.54,3.35,3.05,2.66,2.22,1.76,1.29,0.79,0.85,0.9,1.02,0.78,0.68,0.69,1.13,1.5,2.23,3.64,0,0.75,1.57,2.47,3.46,4.55,5.74,7.04,8.47,10.04,11.76,13.64,15.71,17.98,20.46,23.19,26.18,29.45,33.05,36.99,41.31,46.05,51.25,56.94,63.19,70.04,77.55,85.79,94.83,104.73,115.59,127.5,140.56,154.88,170.58,187.8,206.68,227.39,250.1,275,0.75,1.57,2.47,3.46,4.55,5.74,7.04,8.47,10.04,11.76,13.64,15.71,17.98,20.46,23.19,26.18,29.45,33.05,36.99,41.31,46.05,51.25,56.94,63.19,70.04,77.55,85.79,94.83,104.73,115.59,127.5,140.56,154.88,170.58,187.8,206.68,227.39,250.1,275,412.5,197.914,218.192,103001
19660,103000,715699.4,469849.9,44218.8012,9366,205.7,59.06,58.18,0.0157,-0.88,36,2.018,1.055,143.4,132.8,84.81,59.13,59.11,59.37,67.06,123.8,215.3,322.1,438.9,579.5,731.2,893.5,1061,1221,1360,1459,1485,1486,1486,1485,1483,1444,1284,1096,848,547.3,264.1,83.3,31.51,37.71,37.73,30.82,8.82,10.19,16.14,32.73,45.85,48.22,3.35,2.14,1.71,1.61,1.56,1.47,1.57,2.1,2.73,3.29,3.72,4.04,4.24,4.35,4.39,4.38,4.33,4.25,4.16,4.07,4,3.94,3.86,3.75,3.54,3.24,2.83,2.31,1.69,1.07,0.6,0.84,0.86,0.98,0.45,0.63,0.84,1.23,1.36,1.19,0,0.75,1.57,2.47,3.46,4.55,5.74,7.04,8.47,10.04,11.76,13.64,15.71,17.98,20.46,23.19,26.18,29.45,33.05,36.99,41.31,46.05,51.25,56.94,63.19,70.04,77.55,85.79,94.83,104.73,115.59,127.5,140.56,154.88,170.58,187.8,206.68,227.39,250.1,275,0.75,1.57,2.47,3.46,4.55,5.74,7.04,8.47,10.04,11.76,13.64,15.71,17.98,20.46,23.19,26.18,29.45,33.05,36.99,41.31,46.05,51.25,56.94,63.19,70.04,77.55,85.79,94.83,104.73,115.59,127.5,140.56,154.88,170.58,187.8,206.68,227.39,250.1,275,412.5,222.071,251.799,103001
19700,103000,716907.1,469330.5,44218.80167,9406,205.5,59.22,60.3,0.0169,1.08,32,1.871,1.055,238.2,209.5,200.5,167.4,130.3,130.1,130.1,156.1,231.7,349.2,500.5,679.2,879.9,1097,1325,1562,1788,1934,2030,2040,2040,2040,2037,1983,1755,1378,940.6,506,173.2,48.71,48.13,53.41,49.11,37.45,11.81,11.77,16.77,35.95,49.02,55.98,3.4,2.13,1.89,1.95,1.93,1.83,1.7,1.8,2.18,2.68,3.17,3.58,3.89,4.1,4.21,4.24,4.21,4.14,4.04,3.94,3.85,3.78,3.7,3.58,3.36,3.01,2.54,1.95,1.28,0.61,0.76,0.86,0.84,0.83,0.48,0.62,0.73,1.03,0.93,1.15,0,0.75,1.57,2.47,3.46,4.55,5.74,7.04,8.47,10.04,11.76,13.64,15.71,17.98,20.46,23.19,26.18,29.45,33.05,36.99,41.31,46.05,51.25,56.94,63.19,70.04,77.55,85.79,94.83,104.73,115.59,127.5,140.56,154.88,170.58,187.8,206.68,227.39,250.1,275,0.75,1.57,2.47,3.46,4.55,5.74,7.04,8.47,10.04,11.76,13.64,15.71,17.98,20.46,23.19,26.18,29.45,33.05,36.99,41.31,46.05,51.25,56.94,63.19,70.04,77.55,85.79,94.83,104.73,115.59,127.5,140.56,154.88,170.58,187.8,206.68,227.39,250.1,275,412.5,227.621,256.062,103001
19740,103000,718050.4,468875.3,44218.80213,9446,202.8,36.13,37.74,0.0263,1.61,29,2.906,1.055,319,375.4,445.3,479.9,540.3,605.7,737.8,915.7,1150,1361,1604,1863,2315,2802,3252,3828,4593,5359,5540,5561,5878,5885,5889,5890,5885,5584,4508,3038,1684,353.5,33.22,56.69,55.69,47.72,18.23,11.14,12.86,36.32,59.62,100.1,2.43,1.65,1.8,2.18,2.46,2.59,2.64,2.69,2.8,2.96,3.18,3.43,3.71,3.96,4.14,4.26,4.3,4.25,4.14,3.99,3.87,3.79,3.75,3.75,3.73,3.63,3.37,2.91,2.26,1.4,0.25,0.69,0.72,0.88,0.49,0.47,0.56,1.18,1.34,1.11,0,0.75,1.57,2.47,3.46,4.55,5.74,7.04,8.47,10.04,11.76,13.64,15.71,17.98,20.46,23.19,26.18,29.45,33.05,36.99,41.31,46.05,51.25,56.94,63.19,70.04,77.55,85.79,94.83,104.73,115.59,127.5,140.56,154.88,170.58,187.8,206.68,227.39,250.1,275,0.75,1.57,2.47,3.46,4.55,5.74,7.04,8.47,10.04,11.76,13.64,15.71,17.98,20.46,23.19,26.18,29.45,33.05,36.99,41.31,46.05,51.25,56.94,63.19,70.04,77.55,85.79,94.83,104.73,115.59,127.5,140.56,154.88,170.58,187.8,206.68,227.39,250.1,275,412.5,229.072,246.559,103001
19784,103000,719721.1,468163.1,44218.80289,9486,195.5,39.15,36.68,0.0254,-2.47,24,2.969,1.055,132.4,127.5,117.1,116.5,115.4,115.1,115.1,115.7,124.8,261.2,471.3,733.1,1003,1314,1598,1931,2202,2437,2615,2659,2667,2667,2666,2665,2637,2394,1948,1340,742.1,237.3,34.98,40.15,39.29,17.75,6.13,10.4,14.79,25.76,53.11,114.4,2.5,1.66,1.68,1.86,1.9,1.81,1.69,1.6,1.73,2.32,2.97,3.55,3.99,4.31,4.5,4.59,4.61,4.58,4.51,4.44,4.38,4.34,4.33,4.32,4.27,4.09,3.76,3.24,2.52,1.61,0.49,0.8,0.91,0.76,0.42,0.74,0.89,1.24,2.29,4.1,0,0.75,1.57,2.47,3.46,4.55,5.74,7.04,8.47,10.04,11.76,13.64,15.71,17.98,20.46,23.19,26.18,29.45,33.05,36.99,41.31,46.05,51.25,56.94,63.19,70.04,77.55,85.79,94.83,104.73,115.59,127.5,140.56,154.88,170.58,187.8,206.68,227.39,250.1,275,0.75,1.57,2.47,3.46,4.55,5.74,7.04,8.47,10.04,11.76,13.64,15.71,17.98,20.46,23.19,26.18,29.45,33.05,36.99,41.31,46.05,51.25,56.94,63.19,70.04,77.55,85.79,94.83,104.73,115.59,127.5,140.56,154.88,170.58,187.8,206.68,227.39,250.1,275,412.5,201.909,223.548,103001
19828,103000,720861.8,467693.2,44218.80345,9526,184.4,41.45,40.79,0.0225,-0.66,21,2.085,1.055,189.7,171.7,137.6,82.06,36.28,20.1,20.04,20.1,32.22,63.73,104.3,154.3,201.5,252.7,289.9,313.1,323,323.8,323.9,323.9,323.7,321.6,304.3,277.6,232.3,187.8,126.5,43.19,22.15,25.05,41.67,70.74,93.07,106.3,110.4,110.9,111,111.1,111.1,111.1,3.67,2.52,2.27,2.12,1.64,1.08,1.08,1.19,1.46,1.9,2.35,2.76,3.06,3.26,3.33,3.3,3.21,3.1,3.05,3.08,3.24,3.5,3.82,4.13,4.29,4.16,3.55,2.45,1.51,1.58,2.33,3.58,5.37,7.92,98,98,98,98,98,98,0,0.75,1.57,2.47,3.46,4.55,5.74,7.04,8.47,10.04,11.76,13.64,15.71,17.98,20.46,23.19,26.18,29.45,33.05,36.99,41.31,46.05,51.25,56.94,63.19,70.04,77.55,85.79,94.83,104.73,115.59,127.5,140.56,154.88,170.58,187.8,206.68,227.39,250.1,275,0.75,1.57,2.47,3.46,4.55,5.74,7.04,8.47,10.04,11.76,13.64,15.71,17.98,20.46,23.19,26.18,29.45,33.05,36.99,41.31,46.05,51.25,56.94,63.19,70.04,77.55,85.79,94.83,104.73,115.59,127.5,140.56,154.88,170.58,187.8,206.68,227.39,250.1,275,412.5,47.861,100.504,103001
19872,103100,720054.9,467161.7,44219.60657,12,190.3,32.16,33.74,0.0286,1.58,17,4.048,1.055,211.8,211.6,211.1,210.5,209.4,229,332.2,465.6,599.7,851.1,1224,1588,2011,2493,3057,3682,4334,4943,5644,6124,6362,6414,6418,6418,6414,6355,5756,4753,3476,1929,555.2,17.9,99.35,185,184.8,176,76.85,18.48,13.14,67.06,2.53,1.66,1.7,1.9,1.93,1.9,2.05,2.36,2.78,3.3,3.82,4.24,4.55,4.74,4.83,4.84,4.8,4.74,4.7,4.68,4.72,4.81,4.99,5.23,5.49,5.7,5.73,5.48,4.88,3.84,2.37,0.21,1.26,1.42,1.61,2.18,2.45,1.59,0.57,1.47,0,0.75,1.57,2.47,3.46,4.55,5.74,7.04,8.47,10.04,11.76,13.64,15.71,17.98,20.46,23.19,26.18,29.45,33.05,36.99,41.31,46.05,51.25,56.94,63.19,70.04,77.55,85.79,94.83,104.73,115.59,127.5,140.56,154.88,170.58,187.8,206.68,227.39,250.1,275,0.75,1.57,2.47,3.46,4.55,5.74,7.04,8.47,10.04,11.76,13.64,15.71,17.98,20.46,23.19,26.18,29.45,33.05,36.99,41.31,46.05,51.25,56.94,63.19,70.04,77.55,85.79,94.83,104.73,115.59,127.5,140.56,154.88,170.58,187.8,206.68,227.39,250.1,275,412.5,180.863,252.014,103101
19916,103100,718569.4,467778.6,44219.60757,52,204.2,26.73,26.52,0.0348,-0.21,34,1.694,1.055,181.2,180.1,176.7,135.6,102.1,101.2,101.2,113.6,176.6,316.9,453.6,624.1,854.4,1136,1461,1739,2027,2409,2779,2814,2851,2853,2853,2852,2851,2848,2650,2250,1627,985,421,86.99,36.02,35.8,29.85,11.99,7.16,18.94,29.54,32.33,2.73,1.86,1.84,1.86,1.7,1.54,1.47,1.59,1.96,2.41,2.78,3.09,3.37,3.63,3.86,4.04,4.18,4.28,4.33,4.32,4.26,4.2,4.15,4.11,4.07,3.99,3.81,3.5,3.01,2.38,1.63,0.84,0.4,0.08,0.59,0.46,0.34,0.9,1.04,0.76,0,0.75,1.57,2.47,3.46,4.55,5.74,7.04,8.47,10.04,11.76,13.64,15.71,17.98,20.46,23.19,26.18,29.45,33.05,36.99,41.31,46.05,51.25,56.94,63.19,70.04,77.55,85.79,94.83,104.73,115.59,127.5,140.56,154.88,170.58,187.8,206.68,227.39,250.1,275,0.75,1.57,2.47,3.46,4.55,5.74,7.04,8.47,10.04,11.76,13.64,15.71,17.98,20.46,23.19,26.18,29.45,33.05,36.99,41.31,46.05,51.25,56.94,63.19,70.04,77.55,85.79,94.83,104.73,115.59,127.5,140.56,154.88,170.58,187.8,206.68,227.39,250.1,275,412.5,241.771,273.927,103101
19960,103100,717181.1,468369.2,44219.60833,92,203.9,50.88,49.83,0.0183,-1.05,28,1.581,1.055,144.2,144.1,144,144,145.6,169.8,237.3,345,493.5,683.4,913.2,1181,1479,1797,2143,2480,2819,3091,3330,3383,3388,3389,3387,3382,3277,2889,2302,1622,903.5,309.5,39.54,41.9,42.5,42.35,13.21,8.56,17.95,28.84,28.73,25.99,2.43,1.61,1.69,1.87,1.89,1.9,2.09,2.47,2.95,3.44,3.88,4.24,4.5,4.67,4.75,4.75,4.7,4.61,4.5,4.38,4.28,4.2,4.14,4.09,4,3.82,3.52,3.08,2.47,1.66,0.49,0.68,0.74,1.14,0.83,0.46,0.87,1,1.24,2.33,0,0.75,1.57,2.47,3.46,4.55,5.74,7.04,8.47,10.04,11.76,13.64,15.71,17.98,20.46,23.19,26.18,29.45,33.05,36.99,41.31,46.05,51.25,56.94,63.19,70.04,77.55,85.79,94.83,104.73,115.59,127.5,140.56,154.88,170.58,187.8,206.68,227.39,250.1,275,0.75,1.57,2.47,3.46,4.55,5.74,7.04,8.47,10.04,11.76,13.64,15.71,17.98,20.46,23.19,26.18,29.45,33.05,36.99,41.31,46.05,51.25,56.94,63.19,70.04,77.55,85.79,94.83,104.73,115.59,127.5,140.56,154.88,170.58,187.8,206.68,227.39,250.1,275,412.5,221.098,265.839,103101
20000,103100,716335.8,468727.2,44219.6088,132,204.2,51.05,51.35,0.018,0.3,33,1.604,1.055,134.3,134.3,134.3,143,182.8,248.5,332.6,444.3,587.9,763.8,971.3,1210,1479,1775,2094,2394,2702,2947,3037,3115,3116,3117,3116,3078,2906,2324,1546,687.9,126.9,44.87,63.41,61.65,41.09,20.51,11.7,11.8,17.63,31,39.09,41.12,2.33,1.54,1.62,1.85,2.05,2.23,2.47,2.78,3.14,3.51,3.85,4.12,4.32,4.43,4.47,4.46,4.4,4.33,4.25,4.19,4.16,4.15,4.14,4.06,3.85,3.44,2.8,1.94,0.97,0.52,0.83,0.87,0.82,0.64,0.51,0.63,0.81,1.1,1.24,1.26,0,0.75,1.57,2.47,3.46,4.55,5.74,7.04,8.47,10.04,11.76,13.64,15.71,17.98,20.46,23.19,26.18,29.45,33.05,36.99,41.31,46.05,51.25,56.94,63.19,70.04,77.55,85.79,94.83,104.73,115.59,127.5,140.56,154.88,170.58,187.8,206.68,227.39,250.1,275,0.75,1.57,2.47,3.46,4.55,5.74,7.04,8.47,10.04,11.76,13.64,15.71,17.98,20.46,23.19,26.18,29.45,33.05,36.99,41.31,46.05,51.25,56.94,63.19,70.04,77.55,85.79,94.83,104.73,115.59,127.5,140.56,154.88,170.58,187.8,206.68,227.39,250.1,275,412.5,228.311,262.352,103101
20040,103100,715451.4,469094.2,44219.60926,172,204.1,49.63,49.36,0.0189,-0.27,34,1.747,1.055,111.6,110.4,97.64,84.65,84.61,84.73,98.25,154.4,238.9,332.7,450.2,585.4,733.9,891.6,1052,1204,1336,1403,1412,1413,1412,1411,1406,1321,1100,841.7,568.1,301.4,116.3,45.15,44.37,44.32,42.55,22.89,10,10.15,20.71,41.94,52.13,57.28,2.61,1.75,1.71,1.78,1.74,1.63,1.72,2.12,2.61,3.05,3.41,3.68,3.87,3.98,4.03,4.03,4,3.94,3.86,3.78,3.72,3.65,3.55,3.37,3.09,2.71,2.24,1.7,1.16,0.7,0.81,0.86,0.94,0.77,0.51,0.58,0.97,1.35,1.38,1.15,0,0.75,1.57,2.47,3.46,4.55,5.74,7.04,8.47,10.04,11.76,13.64,15.71,17.98,20.46,23.19,26.18,29.45,33.05,36.99,41.31,46.05,51.25,56.94,63.19,70.04,77.55,85.79,94.83,104.73,115.59,127.5,140.56,154.88,170.58,187.8,206.68,227.39,250.1,275,0.75,1.57,2.47,3.46,4.55,5.74,7.04,8.47,10.04,11.76,13.64,15.71,17.98,20.46,23.19,26.18,29.45,33.05,36.99,41.31,46.05,51.25,56.94,63.19,70.04,77.55,85.79,94.83,104.73,115.59,127.5,140.56,154.88,170.58,187.8,206.68,227.39,250.1,275,412.5,219.052,245.534,103101
20080,103100,714661.1,469407.3,44219.60972,212,205.5,49.32,49.65,0.019,0.33,39,1.491,1.055,155.5,154.3,119.5,93.55,86.61,86.61,90.93,131.3,202.7,300.9,427.2,574.2,736.7,915.6,1091,1277,1433,1555,1589,1591,1591,1591,1589,1538,1299,982.3,620,294.5,56.84,45.3,45.78,48.27,45.76,14.88,10.08,11.07,25.22,40.99,46.67,46.7,3.05,1.99,1.75,1.77,1.73,1.61,1.6,1.9,2.35,2.82,3.24,3.56,3.8,3.95,4.03,4.06,4.04,3.99,3.92,3.85,3.81,3.78,3.73,3.62,3.38,2.99,2.43,1.68,0.72,0.79,0.82,0.91,1.05,0.55,0.55,0.62,1.08,1.33,1.32,1.09,0,0.75,1.57,2.47,3.46,4.55,5.74,7.04,8.47,10.04,11.76,13.64,15.71,17.98,20.46,23.19,26.18,29.45,33.05,36.99,41.31,46.05,51.25,56.94,63.19,70.04,77.55,85.79,94.83,104.73,115.59,127.5,140.56,154.88,170.58,187.8,206.68,227.39,250.1,275,0.75,1.57,2.47,3.46,4.55,5.74,7.04,8.47,10.04,11.76,13.64,15.71,17.98,20.46,23.19,26.18,29.45,33.05,36.99,41.31,46.05,51.25,56.94,63.19,70.04,77.55,85.79,94.83,104.73,115.59,127.5,140.56,154.88,170.58,187.8,206.68,227.39,250.1,275,412.5,217.694,249.87,103101
20120,103100,713865.5,469768.6,44219.61019,252,213,26.04,26.48,0.032,0.44,32,3.39,1.055,152.3,125.7,82.28,51.79,49.95,50.04,98.94,278.7,476.9,727,1038,1408,1826,2265,2713,3155,3574,3932,4076,4142,4145,4145,4142,4129,3975,3487,2799,2011,1171,413.3,14.82,33.81,53.02,39.77,6.28,12.04,36.76,42.53,42.51,16.16,3.13,2.02,1.67,1.43,1.22,1.19,1.85,2.76,3.48,4.01,4.37,4.61,4.77,4.88,4.96,5.02,5.08,5.14,5.19,5.25,5.3,5.35,5.37,5.33,5.17,4.87,4.39,3.75,2.95,1.95,0.1,0.53,1.06,1.16,0.36,0.64,1.22,1.31,1.41,1.23,0,0.75,1.57,2.47,3.46,4.55,5.74,7.04,8.47,10.04,11.76,13.64,15.71,17.98,20.46,23.19,26.18,29.45,33.05,36.99,41.31,46.05,51.25,56.94,63.19,70.04,77.55,85.79,94.83,104.73,115.59,127.5,140.56,154.88,170.58,187.8,206.68,227.39,250.1,275,0.75,1.57,2.47,3.46,4.55,5.74,7.04,8.47,10.04,11.76,13.64,15.71,17.98,20.46,23.19,26.18,29.45,33.05,36.99,41.31,46.05,51.25,56.94,63.19,70.04,77.55,85.79,94.83,104.73,115.59,127.5,140.56,154.88,170.58,187.8,206.68,227.39,250.1,275,412.5,218.635,275.033,103101
20164,103100,712790.4,470196.9,44219.61082,292,224.7,32.98,34.09,0.0274,1.11,30,1.606,1.055,141.3,141.9,144,150.2,174.3,200.7,241.2,332.8,485.8,709.6,976.7,1304,1607,2295,2743,2830,3128,3594,3785,3905,3907,3908,3907,3904,3711,3199,2339,1472,503.6,29.76,30.03,46.69,43.64,13.03,7.36,12.73,12.57,12.54,24.57,24.73,2.27,1.54,1.65,1.86,1.92,1.92,2.01,2.32,2.76,3.25,3.69,4.05,4.31,4.49,4.55,4.52,4.44,4.37,4.3,4.26,4.25,4.29,4.36,4.42,4.41,4.22,3.8,3.08,2,0.37,0.53,0.9,1.13,0.71,0.43,0.89,0.84,0.81,1.5,2.35,0,0.75,1.57,2.47,3.46,4.55,5.74,7.04,8.47,10.04,11.76,13.64,15.71,17.98,20.46,23.19,26.18,29.45,33.05,36.99,41.31,46.05,51.25,56.94,63.19,70.04,77.55,85.79,94.83,104.73,115.59,127.5,140.56,154.88,170.58,187.8,206.68,227.39,250.1,275,0.75,1.57,2.47,3.46,4.55,5.74,7.04,8.47,10.04,11.76,13.64,15.71,17.98,20.46,23.19,26.18,29.45,33.05,36.99,41.31,46.05,51.25,56.94,63.19,70.04,77.55,85.79,94.83,104.73,115.59,127.5,140.56,154.88,170.58,187.8,206.68,227.39,250.1,275,412.5,227.64,258.433,103101
20204,103100,711979,470526.9,44219.61128,332,225.5,44.98,46.45,0.0221,1.47,18,3.616,1.055,492.4,492.4,492.7,496.4,588.2,716.9,855.3,1034,1129,1259,1411,1501,1618,1690,1738,1745,1747,1747,1747,1747,1745,1734,1661,1488,1281,945.2,665.1,286.7,38.95,38.74,48.99,51.58,34.23,12.06,11.84,18.46,33.47,44.96,49.67,49.18,98,98,98,98,98,98,98,98,9.75,9.07,8.62,8.34,8.21,8.18,8.24,8.36,8.51,8.68,8.82,8.9,8.85,8.64,8.2,7.5,6.53,5.31,3.9,2.34,0.73,0.89,0.96,1.03,1.08,0.69,0.65,0.87,1.17,1.5,2.39,4.32,0,0.75,1.57,2.47,3.46,4.55,5.74,7.04,8.47,10.04,11.76,13.64,15.71,17.98,20.46,23.19,26.18,29.45,33.05,36.99,41.31,46.05,51.25,56.94,63.19,70.04,77.55,85.79,94.83,104.73,115.59,127.5,140.56,154.88,170.58,187.8,206.68,227.39,250.1,275,0.75,1.57,2.47,3.46,4.55,5.74,7.04,8.47,10.04,11.76,13.64,15.71,17.98,20.46,23.19,26.18,29.45,33.05,36.99,41.31,46.05,51.25,56.94,63.19,70.04,77.55,85.79,94.83,104.73,115.59,127.5,140.56,154.88,170.58,187.8,206.68,227.39,250.1,275,412.5,193.533,220.589,103101
20246,103100,710850.2,470991.6,44219.61191,372,240.3,39.87,39.23,0.021,-0.64,30,1.891,1.055,87.95,87.78,87.72,91.84,149,245.9,397.7,603,862.6,1170,1520,1910,2349,2829,3315,3841,4371,4815,5152,5243,5295,5299,5300,5299,5296,5138,4171,3160,1659,534,17.19,38.67,53.36,30.7,6.86,8.57,21.87,30.22,30.21,15.39,2.03,1.43,1.48,1.55,1.86,2.37,2.99,3.61,4.16,4.59,4.89,5.07,5.15,5.17,5.15,5.11,5.07,5.05,5.04,5.07,5.15,5.26,5.41,5.54,5.6,5.5,5.14,4.49,3.51,2.19,0.23,0.73,0.99,1.13,0.47,0.48,1.04,1.13,1.34,1.46,0,0.75,1.57,2.47,3.46,4.55,5.74,7.04,8.47,10.04,11.76,13.64,15.71,17.98,20.46,23.19,26.18,29.45,33.05,36.99,41.31,46.05,51.25,56.94,63.19,70.04,77.55,85.79,94.83,104.73,115.59,127.5,140.56,154.88,170.58,187.8,206.68,227.39,250.1,275,0.75,1.57,2.47,3.46,4.55,5.74,7.04,8.47,10.04,11.76,13.64,15.71,17.98,20.46,23.19,26.18,29.45,33.05,36.99,41.31,46.05,51.25,56.94,63.19,70.04,77.55,85.79,94.83,104.73,115.59,127.5,140.56,154.88,170.58,187.8,206.68,227.39,250.1,275,412.5,227.428,275.033,103101
20288,103100,709484.6,471551.8,44219.61263,412,248,30.52,31.69,0.0291,1.17,36,2.169,1.055,157.3,169.6,230.1,320.5,431.8,561.5,748.7,970,1246,1568,1956,2411,2960,3519,4093,4723,5238,5814,5869,5963,5964,5963,5880,5510,4834,3473,2047,828.6,71.56,20.16,29.98,35.17,19.62,4.65,6.97,11.54,11.88,5.19,3.16,3.06,1.84,1.31,1.7,2.13,2.41,2.6,2.81,3.07,3.37,3.7,4.02,4.28,4.48,4.59,4.62,4.6,4.53,4.45,4.36,4.31,4.31,4.34,4.37,4.32,4.12,3.68,2.96,1.95,0.64,0.28,0.51,0.9,1.41,0.58,0.57,1.14,2.35,2.94,2.08,1.77,0,0.75,1.57,2.47,3.46,4.55,5.74,7.04,8.47,10.04,11.76,13.64,15.71,17.98,20.46,23.19,26.18,29.45,33.05,36.99,41.31,46.05,51.25,56.94,63.19,70.04,77.55,85.79,94.83,104.73,115.59,127.5,140.56,154.88,170.58,187.8,206.68,227.39,250.1,275,0.75,1.57,2.47,3.46,4.55,5.74,7.04,8.47,10.04,11.76,13.64,15.71,17.98,20.46,23.19,26.18,29.45,33.05,36.99,41.31,46.05,51.25,56.94,63.19,70.04,77.55,85.79,94.83,104.73,115.59,127.5,140.56,154.88,170.58,187.8,206.68,227.39,250.1,275,412.5,235.145,271.55,103101
20330,103100,708331.8,472034.4,44219.61324,452,247.7,43.02,43.78,0.0221,0.76,32,2.843,1.055,427.1,427.4,442.3,509.5,646.6,785.4,929.3,1096,1284,1452,1637,1743,1969,2154,2411,2494,2615,2639,2647,2652,2657,2661,2662,2595,2237,1608,715.3,114.5,34.34,40.46,41.45,44.22,15.68,11.93,11.64,12.03,21.24,35.04,42.05,44.66,3,1.83,1.71,2.1,2.58,2.94,3.13,3.19,3.19,3.18,3.2,3.26,3.37,3.48,3.55,3.55,3.46,3.31,3.12,2.95,2.84,2.8,2.83,2.84,2.72,2.36,1.68,0.72,0.35,0.58,0.68,0.97,0.54,0.59,0.73,0.72,1.03,1.34,1.62,2.27,0,0.75,1.57,2.47,3.46,4.55,5.74,7.04,8.47,10.04,11.76,13.64,15.71,17.98,20.46,23.19,26.18,29.45,33.05,36.99,41.31,46.05,51.25,56.94,63.19,70.04,77.55,85.79,94.83,104.73,115.59,127.5,140.56,154.88,170.58,187.8,206.68,227.39,250.1,275,0.75,1.57,2.47,3.46,4.55,5.74,7.04,8.47,10.04,11.76,13.64,15.71,17.98,20.46,23.19,26.18,29.45,33.05,36.99,41.31,46.05,51.25,56.94,63.19,70.04,77.55,85.79,94.83,104.73,115.59,127.5,140.56,154.88,170.58,187.8,206.68,227.39,250.1,275,412.5,212.694,240.373,103101
20372,103100,707302.6,472440.9,44219.61377,492,232.7,49.28,49.49,0.0197,0.21,9,2.301,1.055,109.4,107.4,103.4,102.3,101.2,101.2,108,137.7,209,294.9,396.2,521.5,661.6,832.6,1017,1185,1322,1390,1396,1397,1396,1395,1323,1106,834.3,595.7,371.3,182.1,82.42,75.9,76.06,77.27,84.05,97.2,110.5,117.1,118.5,118.7,118.8,118.8,2.52,1.7,1.75,1.93,1.92,1.79,1.76,1.99,2.4,2.82,3.18,3.46,3.68,3.85,4,4.12,4.23,4.34,4.47,4.65,4.85,5.08,5.26,5.36,5.35,5.24,4.98,4.53,3.88,3.64,4.44,6.8,98,98,98,98,98,98,98,98,0,0.75,1.57,2.47,3.46,4.55,5.74,7.04,8.47,10.04,11.76,13.64,15.71,17.98,20.46,23.19,26.18,29.45,33.05,36.99,41.31,46.05,51.25,56.94,63.19,70.04,77.55,85.79,94.83,104.73,115.59,127.5,140.56,154.88,170.58,187.8,206.68,227.39,250.1,275,0.75,1.57,2.47,3.46,4.55,5.74,7.04,8.47,10.04,11.76,13.64,15.71,17.98,20.46,23.19,26.18,29.45,33.05,36.99,41.31,46.05,51.25,56.94,63.19,70.04,77.55,85.79,94.83,104.73,115.59,127.5,140.56,154.88,170.58,187.8,206.68,227.39,250.1,275,412.5,12.696,23.408,103101
20412,103100,706414.2,472820.2,44219.61424,532,231.5,36.84,39.07,0.0241,2.23,30,1.332,1.055,135.4,141.1,180,252.8,341.6,450.8,584.6,744.7,935.9,1151,1391,1609,1897,2181,2289,2355,2388,2389,2389,2365,2242,1894,1161,456.8,101.7,23.42,43.71,66.06,66.06,59.5,31.45,11.48,11.38,12.56,26.22,40.26,47.49,47.51,47.48,46.6,1.97,1.36,1.68,2.13,2.46,2.7,2.93,3.18,3.44,3.69,3.92,4.08,4.18,4.2,4.14,4.05,3.94,3.86,3.79,3.7,3.53,3.18,2.6,1.83,1.02,0.35,0.79,1.04,1.06,1.12,0.98,0.52,0.7,0.74,1.18,1.4,1.43,1.43,1.45,1.44,0,0.75,1.57,2.47,3.46,4.55,5.74,7.04,8.47,10.04,11.76,13.64,15.71,17.98,20.46,23.19,26.18,29.45,33.05,36.99,41.31,46.05,51.25,56.94,63.19,70.04,77.55,85.79,94.83,104.73,115.59,127.5,140.56,154.88,170.58,187.8,206.68,227.39,250.1,275,0.75,1.57,2.47,3.46,4.55,5.74,7.04,8.47,10.04,11.76,13.64,15.71,17.98,20.46,23.19,26.18,29.45,33.05,36.99,41.31,46.05,51.25,56.94,63.19,70.04,77.55,85.79,94.83,104.73,115.59,127.5,140.56,154.88,170.58,187.8,206.68,227.39,250.1,275,412.5,186.315,224.993,103101
20456,103100,705193,473230.5,44219.61487,572,226.9,48.64,48.45,0.0203,-0.19,12,2.703,1.055,98.32,138.4,200.6,238.3,357.9,429.3,474.5,510.1,542.7,573.1,604.5,638.4,661.5,663.9,664.5,664.6,664.4,663.7,586.8,461.4,394.9,203.8,58.85,58.86,62.79,50.96,41.07,38.23,24.99,23.9,18.65,12.24,12.1,21.88,39.57,48.71,51.62,51.88,51.86,51.79,98,98,9.36,7.99,7.2,6.75,6.53,6.49,6.6,6.83,7.14,7.49,7.83,8.11,8.28,8.29,8.08,7.59,6.81,5.74,4.45,3.02,1.65,1.27,1.45,1.42,1.17,1.12,0.99,1.12,1.2,0.99,0.83,1.38,2.2,3.28,5.08,8.14,98,98,0,0.75,1.57,2.47,3.46,4.55,5.74,7.04,8.47,10.04,11.76,13.64,15.71,17.98,20.46,23.19,26.18,29.45,33.05,36.99,41.31,46.05,51.25,56.94,63.19,70.04,77.55,85.79,94.83,104.73,115.59,127.5,140.56,154.88,170.58,187.8,206.68,227.39,250.1,275,0.75,1.57,2.47,3.46,4.55,5.74,7.04,8.47,10.04,11.76,13.64,15.71,17.98,20.46,23.19,26.18,29.45,33.05,36.99,41.31,46.05,51.25,56.94,63.19,70.04,77.55,85.79,94.83,104.73,115.59,127.5,140.56,154.88,170.58,187.8,206.68,227.39,250.1,275,412.5,128.897,146.244,103101
20498,103100,703924.9,473810.6,44219.6156,612,222.8,49.5,52.53,0.0197,3.03,35,1.571,1.055,436.8,438.4,467.8,515.2,556.4,607.5,641.3,666.8,668.8,668.9,668.8,668.4,667.7,664.6,634.9,557.2,463.7,355.2,251.3,148.9,54.08,36.11,35.56,51.02,61.46,61.72,60.13,40.92,19.94,16.2,16.02,16.01,19.3,33.01,49.07,63.25,67.71,68.13,68.15,57.9,3.43,2.13,1.89,2.16,2.56,2.87,2.99,2.93,2.77,2.6,2.48,2.42,2.42,2.42,2.37,2.24,2.03,1.79,1.55,1.29,0.82,0.68,0.73,0.96,1.09,1.11,1.18,1.08,0.78,0.79,0.87,0.91,1.01,1.33,1.57,1.68,1.71,1.71,1.64,1.4,0,0.75,1.57,2.47,3.46,4.55,5.74,7.04,8.47,10.04,11.76,13.64,15.71,17.98,20.46,23.19,26.18,29.45,33.05,36.99,41.31,46.05,51.25,56.94,63.19,70.04,77.55,85.79,94.83,104.73,115.59,127.5,140.56,154.88,170.58,187.8,206.68,227.39,250.1,275,0.75,1.57,2.47,3.46,4.55,5.74,7.04,8.47,10.04,11.76,13.64,15.71,17.98,20.46,23.19,26.18,29.45,33.05,36.99,41.31,46.05,51.25,56.94,63.19,70.04,77.55,85.79,94.83,104.73,115.59,127.5,140.56,154.88,170.58,187.8,206.68,227.39,250.1,275,412.5,167.568,205.772,103101
20542,103200,703407.8,473170.5,44219.6173,652,216.5,49.57,50.24,0.0197,0.67,16,0.5145,1.055,163.9,164,218.8,307.9,370.8,518.2,578,676.1,690.4,707.8,713.4,713.7,713.7,713.7,711.2,630.6,437.9,176.7,48.05,47.82,50.54,50.76,59.23,70.22,72.15,72.71,60.52,43.13,26.43,15.02,14.97,15.1,26.87,41.89,45.51,45.67,45.65,45.61,45.58,46.14,98,98,98,98,98,98,98,98,98,9.5,8.98,8.46,7.92,7.3,6.57,5.69,4.66,3.5,2.37,1.82,1.57,1.54,1.73,1.89,1.83,1.68,1.54,1.45,1.29,1.01,1.03,0.91,1.28,1.63,1.99,2.89,5.01,9.17,98,98,0,0.75,1.57,2.47,3.46,4.55,5.74,7.04,8.47,10.04,11.76,13.64,15.71,17.98,20.46,23.19,26.18,29.45,33.05,36.99,41.31,46.05,51.25,56.94,63.19,70.04,77.55,85.79,94.83,104.73,115.59,127.5,140.56,154.88,170.58,187.8,206.68,227.39,250.1,275,0.75,1.57,2.47,3.46,4.55,5.74,7.04,8.47,10.04,11.76,13.64,15.71,17.98,20.46,23.19,26.18,29.45,33.05,36.99,41.31,46.05,51.25,56.94,63.19,70.04,77.55,85.79,94.83,104.73,115.59,127.5,140.56,154.88,170.58,187.8,206.68,227.39,250.1,275,412.5,131.612,151.848,103201
20584,103200,704806.1,472547.3,44219.61794,692,231.5,51.44,52.73,0.0171,1.29,36,1.53,1.055,93.39,92.72,100.3,147.4,207.4,301.9,396.4,506.5,668,770.3,952.6,1157,1336,1453,1521,1545,1546,1547,1546,1542,1400,1038,507.4,134.3,23.49,29.96,86.58,89,88.98,52.55,19.8,12.76,12.67,25.72,45.22,58.47,60.25,60.26,59.64,30.02,2.07,1.38,1.56,1.97,2.33,2.67,2.99,3.31,3.61,3.86,4.05,4.17,4.2,4.14,4.02,3.88,3.77,3.7,3.65,3.58,3.39,2.98,2.31,1.43,0.43,0.64,1.24,1.3,1.31,1.14,0.74,0.65,0.68,1.12,1.44,1.51,1.45,1.49,1.56,1.23,0,0.75,1.57,2.47,3.46,4.55,5.74,7.04,8.47,10.04,11.76,13.64,15.71,17.98,20.46,23.19,26.18,29.45,33.05,36.99,41.31,46.05,51.25,56.94,63.19,70.04,77.55,85.79,94.83,104.73,115.59,127.5,140.56,154.88,170.58,187.8,206.68,227.39,250.1,275,0.75,1.57,2.47,3.46,4.55,5.74,7.04,8.47,10.04,11.76,13.64,15.71,17.98,20.46,23.19,26.18,29.45,33.05,36.99,41.31,46.05,51.25,56.94,63.19,70.04,77.55,85.79,94.83,104.73,115.59,127.5,140.56,154.88,170.58,187.8,206.68,227.39,250.1,275,412.5,184.71,240.791,103201
20626,103200,706080,472109.6,44219.61848,732,228.6,39.8,39.8,0.0256,0,36,1.301,1.055,85.53,77.86,57.68,57.49,57.5,61.97,100.1,166.8,262.9,375.5,503.3,641.2,785.2,929.1,1038,1101,1109,1110,1109,1108,1069,912.2,675.6,434.5,203.8,40.05,25.14,56.17,80.44,80.44,61.64,12.12,10.83,16.71,37.31,51.97,58.12,62.27,65.37,68.65,2.84,1.86,1.62,1.59,1.51,1.57,1.99,2.56,3.09,3.5,3.79,3.96,4.04,4.06,4.03,3.97,3.92,3.89,3.87,3.84,3.74,3.49,3.08,2.48,1.71,0.79,0.63,1.11,1.32,1.42,1.33,0.52,0.64,0.87,1.32,1.48,1.51,1.53,1.5,1.33,0,0.75,1.57,2.47,3.46,4.55,5.74,7.04,8.47,10.04,11.76,13.64,15.71,17.98,20.46,23.19,26.18,29.45,33.05,36.99,41.31,46.05,51.25,56.94,63.19,70.04,77.55,85.79,94.83,104.73,115.59,127.5,140.56,154.88,170.58,187.8,206.68,227.39,250.1,275,0.75,1.57,2.47,3.46,4.55,5.74,7.04,8.47,10.04,11.76,13.64,15.71,17.98,20.46,23.19,26.18,29.45,33.05,36.99,41.31,46.05,51.25,56.94,63.19,70.04,77.55,85.79,94.83,104.73,115.59,127.5,140.56,154.88,170.58,187.8,206.68,227.39,250.1,275,412.5,177.296,212.151,103201
20668,103200,707290.8,471580.3,44219.61903,772,232.9,39.91,40.99,0.0224,1.08,31,1.248,1.055,110,110.3,111.2,114.8,123.1,150.1,219.1,319.7,451.9,619.8,816.1,1057,1324,1566,1831,2147,2201,2288,2291,2292,2291,2287,2146,1768,1186,521.4,79.08,18.46,72.85,82.51,82.05,32.43,9.91,10.63,17.14,32,44.97,48.87,49.1,49.1,2.23,1.54,1.66,1.79,1.78,1.86,2.17,2.62,3.1,3.53,3.86,4.09,4.23,4.29,4.3,4.29,4.26,4.23,4.24,4.26,4.27,4.22,4.01,3.59,2.92,2.02,1,0.31,1.22,1.23,1.24,0.98,0.46,0.63,0.9,1.22,1.37,1.41,1.4,1.31,0,0.75,1.57,2.47,3.46,4.55,5.74,7.04,8.47,10.04,11.76,13.64,15.71,17.98,20.46,23.19,26.18,29.45,33.05,36.99,41.31,46.05,51.25,56.94,63.19,70.04,77.55,85.79,94.83,104.73,115.59,127.5,140.56,154.88,170.58,187.8,206.68,227.39,250.1,275,0.75,1.57,2.47,3.46,4.55,5.74,7.04,8.47,10.04,11.76,13.64,15.71,17.98,20.46,23.19,26.18,29.45,33.05,36.99,41.31,46.05,51.25,56.94,63.19,70.04,77.55,85.79,94.83,104.73,115.59,127.5,140.56,154.88,170.58,187.8,206.68,227.39,250.1,275,412.5,196.282,233.118,103201
20712,103200,709342.1,470734.9,44219.61991,812,252.3,43.59,42.44,0.0261,-1.15,30,1.665,1.055,157.6,149.5,148.5,145.2,138.6,138.6,183.4,308,467.4,649.1,814.5,974,1165,1386,1659,1963,2248,2511,2730,2793,2796,2797,2796,2792,2752,2444,1927,1232,603.6,122.5,27.47,51.37,51.36,39.07,9.37,9.13,24.98,38.67,38.61,35.68,2.73,1.79,1.77,1.89,1.83,1.73,1.92,2.41,2.97,3.45,3.79,3.99,4.09,4.13,4.15,4.14,4.14,4.13,4.11,4.1,4.1,4.11,4.13,4.11,4.01,3.77,3.34,2.73,1.98,1.13,0.39,0.88,0.88,1.08,0.49,0.39,0.73,1.18,1.29,1.76,0,0.75,1.57,2.47,3.46,4.55,5.74,7.04,8.47,10.04,11.76,13.64,15.71,17.98,20.46,23.19,26.18,29.45,33.05,36.99,41.31,46.05,51.25,56.94,63.19,70.04,77.55,85.79,94.83,104.73,115.59,127.5,140.56,154.88,170.58,187.8,206.68,227.39,250.1,275,0.75,1.57,2.47,3.46,4.55,5.74,7.04,8.47,10.04,11.76,13.64,15.71,17.98,20.46,23.19,26.18,29.45,33.05,36.99,41.31,46.05,51.25,56.94,63.19,70.04,77.55,85.79,94.83,104.73,115.59,127.5,140.56,154.88,170.58,187.8,206.68,227.39,250.1,275,412.5,221.262,261.637,103201
20754,103200,710667.3,470182.7,44219.62045,852,237.9,40.59,47.34,0.0236,6.75,27,2.225,1.055,569.5,562,552.9,535.1,511.8,491.1,473.5,465.1,461.2,461.2,524.8,632,777,1032,1303,1555,1989,2402,2675,2906,2999,3010,3011,3010,2986,2751,2139,1310,478.4,54.64,26.09,38.37,37.97,19.58,7.71,8.26,17.67,36.97,56.59,58.62,3.91,2.45,2.03,2.13,2.38,2.55,2.53,2.37,2.18,2.07,2.14,2.34,2.61,2.9,3.15,3.34,3.48,3.54,3.54,3.48,3.41,3.35,3.33,3.34,3.34,3.26,3,2.5,1.71,0.59,0.35,0.69,0.87,0.9,0.69,0.54,1.01,1.48,2.3,3.68,0,0.75,1.57,2.47,3.46,4.55,5.74,7.04,8.47,10.04,11.76,13.64,15.71,17.98,20.46,23.19,26.18,29.45,33.05,36.99,41.31,46.05,51.25,56.94,63.19,70.04,77.55,85.79,94.83,104.73,115.59,127.5,140.56,154.88,170.58,187.8,206.68,227.39,250.1,275,0.75,1.57,2.47,3.46,4.55,5.74,7.04,8.47,10.04,11.76,13.64,15.71,17.98,20.46,23.19,26.18,29.45,33.05,36.99,41.31,46.05,51.25,56.94,63.19,70.04,77.55,85.79,94.83,104.73,115.59,127.5,140.56,154.88,170.58,187.8,206.68,227.39,250.1,275,412.5,203.431,222.216,103201
20798,103200,712494.6,469407.9,44219.6212,892,226,29.13,29.54,0.0332,0.41,17,0.8208,1.055,565.7,566.4,571.2,601.7,674.4,757.3,861.9,973.7,1081,1209,1339,1463,1583,1698,1808,1885,1904,1910,1911,1912,1912,1911,1908,1857,1730,1435,1120,683.4,228.4,42.85,34.63,47.67,48.05,28.58,11.29,11.35,24.06,35.91,37.61,35.22,98,98,98,98,98,98,98,98,98,9.17,8.58,8.21,8.02,7.97,8.03,8.16,8.35,8.56,8.76,8.92,8.99,8.91,8.65,8.15,7.39,6.35,5.08,3.64,2.11,0.71,0.76,0.88,0.98,0.92,0.63,0.58,1.01,1.25,1.63,2.7,0,0.75,1.57,2.47,3.46,4.55,5.74,7.04,8.47,10.04,11.76,13.64,15.71,17.98,20.46,23.19,26.18,29.45,33.05,36.99,41.31,46.05,51.25,56.94,63.19,70.04,77.55,85.79,94.83,104.73,115.59,127.5,140.56,154.88,170.58,187.8,206.68,227.39,250.1,275,0.75,1.57,2.47,3.46,4.55,5.74,7.04,8.47,10.04,11.76,13.64,15.71,17.98,20.46,23.19,26.18,29.45,33.05,36.99,41.31,46.05,51.25,56.94,63.19,70.04,77.55,85.79,94.83,104.73,115.59,127.5,140.56,154.88,170.58,187.8,206.68,227.39,250.1,275,412.5,206.027,230.187,103201
20842,103200,714041,468793.4,44219.62182,932,212,52.45,52.99,0.0186,0.54,22,0.8604,1.055,582.9,583.1,584.4,593.5,616.8,656,710.2,795.4,882.5,1015,1156,1251,1338,1417,1475,1484,1486,1487,1487,1487,1486,1482,1448,1337,1146,901.5,623.6,339.8,110.6,32.79,33.43,39.81,39.81,15.66,7.64,12.24,25.95,31.74,31.69,21.18,98,98,98,98,98,98,98,98,9.23,8.36,7.78,7.42,7.24,7.19,7.25,7.38,7.57,7.78,7.98,8.12,8.15,8.01,7.67,7.07,6.22,5.15,3.93,2.65,1.44,0.66,0.74,0.87,1.09,0.82,0.49,0.72,1.08,1.18,1.43,1.99,0,0.75,1.57,2.47,3.46,4.55,5.74,7.04,8.47,10.04,11.76,13.64,15.71,17.98,20.46,23.19,26.18,29.45,33.05,36.99,41.31,46.05,51.25,56.94,63.19,70.04,77.55,85.79,94.83,104.73,115.59,127.5,140.56,154.88,170.58,187.8,206.68,227.39,250.1,275,0.75,1.57,2.47,3.46,4.55,5.74,7.04,8.47,10.04,11.76,13.64,15.71,17.98,20.46,23.19,26.18,29.45,33.05,36.99,41.31,46.05,51.25,56.94,63.19,70.04,77.55,85.79,94.83,104.73,115.59,127.5,140.56,154.88,170.58,187.8,206.68,227.39,250.1,275,412.5,221.132,275.033,103201
20882,103200,715196.1,468304.6,44219.62228,972,203.9,55.17,54.46,0.0165,-0.71,34,1.948,1.055,229.7,212.1,135.3,69.95,33.01,29.11,29.3,52.41,116.8,167.5,255,354.4,463.8,586.4,713.3,829.8,934.9,1017,1055,1060,1060,1060,1059,1055,1016,889.1,716.5,520.3,320.1,149.9,45.92,31.89,32.63,32.63,11.39,10.51,16.61,33.78,53.2,73.82,4.55,3.01,2.3,1.86,1.39,1.15,1.19,1.69,2.33,2.8,3.2,3.51,3.76,3.96,4.11,4.21,4.26,4.25,4.21,4.13,4.04,3.95,3.86,3.76,3.61,3.38,3.06,2.65,2.15,1.54,0.9,0.8,0.88,1.08,0.7,0.65,0.9,1.26,1.7,2.61,0,0.75,1.57,2.47,3.46,4.55,5.74,7.04,8.47,10.04,11.76,13.64,15.71,17.98,20.46,23.19,26.18,29.45,33.05,36.99,41.31,46.05,51.25,56.94,63.19,70.04,77.55,85.79,94.83,104.73,115.59,127.5,140.56,154.88,170.58,187.8,206.68,227.39,250.1,275,0.75,1.57,2.47,3.46,4.55,5.74,7.04,8.47,10.04,11.76,13.64,15.71,17.98,20.46,23.19,26.18,29.45,33.05,36.99,41.31,46.05,51.25,56.94,63.19,70.04,77.55,85.79,94.83,104.73,115.59,127.5,140.56,154.88,170.58,187.8,206.68,227.39,250.1,275,412.5,209.972,233.256,103201
20922,103200,716297.5,467829.8,44219.62274,1012,203.9,44.06,44.3,0.0208,0.24,34,1.947,1.055,182.2,162.6,124.5,78.06,62.55,62.55,62.8,102.4,199.1,332.4,491.9,676.6,887.8,1118,1365,1617,1864,2093,2262,2340,2347,2348,2347,2345,2332,2170,1874,1452,946.2,449.3,91.92,28.99,38.6,42.22,26.85,7.8,14.09,38.41,47.24,47.19,3.45,2.22,1.85,1.69,1.54,1.4,1.39,1.81,2.44,3.05,3.54,3.92,4.19,4.37,4.49,4.56,4.6,4.6,4.59,4.55,4.52,4.49,4.47,4.43,4.35,4.17,3.86,3.38,2.75,1.96,1.06,0.52,0.81,0.88,0.87,0.39,0.69,1.25,1.3,0.92,0,0.75,1.57,2.47,3.46,4.55,5.74,7.04,8.47,10.04,11.76,13.64,15.71,17.98,20.46,23.19,26.18,29.45,33.05,36.99,41.31,46.05,51.25,56.94,63.19,70.04,77.55,85.79,94.83,104.73,115.59,127.5,140.56,154.88,170.58,187.8,206.68,227.39,250.1,275,0.75,1.57,2.47,3.46,4.55,5.74,7.04,8.47,10.04,11.76,13.64,15.71,17.98,20.46,23.19,26.18,29.45,33.05,36.99,41.31,46.05,51.25,56.94,63.19,70.04,77.55,85.79,94.83,104.73,115.59,127.5,140.56,154.88,170.58,187.8,206.68,227.39,250.1,275,412.5,230.916,261.608,103201
20962,103200,717367.6,467446.6,44219.62321,1052,206.7,26.82,26.25,0.036,-0.57,17,1.278,1.055,280,279.9,279.9,279.9,280.1,281,352.6,466.4,559.3,734.7,950,1200,1391,1541,1741,1896,1982,2012,2015,2016,2017,2017,2017,2014,1935,1900,1654,1377,1142,675.4,289,61.38,41.37,51.81,54.8,22.84,7.19,27.16,60.31,160.9,98,98,8.9,6.67,5.26,4.49,4.3,4.52,5.03,5.79,6.71,7.73,8.77,9.77,98,98,98,98,98,98,98,98,98,9.24,8.1,6.92,5.72,4.58,3.53,2.54,1.66,0.85,0.63,0.85,0.95,0.71,0.25,1.09,1.31,1.61,0,0.75,1.57,2.47,3.46,4.55,5.74,7.04,8.47,10.04,11.76,13.64,15.71,17.98,20.46,23.19,26.18,29.45,33.05,36.99,41.31,46.05,51.25,56.94,63.19,70.04,77.55,85.79,94.83,104.73,115.59,127.5,140.56,154.88,170.58,187.8,206.68,227.39,250.1,275,0.75,1.57,2.47,3.46,4.55,5.74,7.04,8.47,10.04,11.76,13.64,15.71,17.98,20.46,23.19,26.18,29.45,33.05,36.99,41.31,46.05,51.25,56.94,63.19,70.04,77.55,85.79,94.83,104.73,115.59,127.5,140.56,154.88,170.58,187.8,206.68,227.39,250.1,275,412.5,229.522,238.048,103201
21004,103300,716961.3,466703.6,44219.62507,1092,203.8,35.66,33.93,0.0261,-1.73,10,1.497,1.055,199.6,198.4,163.6,112.4,74.18,67.95,68.32,121.8,238.4,397.9,596.9,857.6,1168,1483,1850,2273,2697,3066,3359,3513,3587,3590,3590,3588,3572,3338,2860,2214,1591,1007,528.4,204.9,110.8,110.8,116.5,155.2,186.6,198.2,198.9,199.1,3.2,2.14,1.9,1.82,1.59,1.34,1.31,1.81,2.48,3.09,3.58,3.95,4.24,4.49,4.75,5.07,5.47,6,6.69,7.6,8.79,98,98,98,98,98,98,98,98,98,98,98,98,98,98,98,98,98,98,98,0,0.75,1.57,2.47,3.46,4.55,5.74,7.04,8.47,10.04,11.76,13.64,15.71,17.98,20.46,23.19,26.18,29.45,33.05,36.99,41.31,46.05,51.25,56.94,63.19,70.04,77.55,85.79,94.83,104.73,115.59,127.5,140.56,154.88,170.58,187.8,206.68,227.39,250.1,275,0.75,1.57,2.47,3.46,4.55,5.74,7.04,8.47,10.04,11.76,13.64,15.71,17.98,20.46,23.19,26.18,29.45,33.05,36.99,41.31,46.05,51.25,56.94,63.19,70.04,77.55,85.79,94.83,104.73,115.59,127.5,140.56,154.88,170.58,187.8,206.68,227.39,250.1,275,412.5,12.133,20.535,103301
21046,103300,715931.8,467151.8,44219.62561,1132,203,44.2,46.44,0.0216,2.24,32,1.838,1.055,388.2,374.6,275.6,164.6,81.54,39.34,35.9,37.11,74.42,152.1,272.7,428,603.9,795.5,982.8,1200,1406,1595,1725,1788,1788,1787,1785,1773,1731,1547,1269,921.9,612,299.5,91.42,34.67,35.19,39.5,28.3,8.63,12.9,34.28,54.31,77.47,5.26,3.55,2.75,2.31,1.87,1.33,1.13,1.2,1.74,2.4,3.02,3.55,3.95,4.25,4.46,4.6,4.69,4.72,4.71,4.67,4.61,4.55,4.48,4.39,4.24,4,3.64,3.16,2.58,1.89,1.16,0.69,0.81,0.92,0.96,0.47,0.67,1.23,1.37,1.32,0,0.75,1.57,2.47,3.46,4.55,5.74,7.04,8.47,10.04,11.76,13.64,15.71,17.98,20.46,23.19,26.18,29.45,33.05,36.99,41.31,46.05,51.25,56.94,63.19,70.04,77.55,85.79,94.83,104.73,115.59,127.5,140.56,154.88,170.58,187.8,206.68,227.39,250.1,275,0.75,1.57,2.47,3.46,4.55,5.74,7.04,8.47,10.04,11.76,13.64,15.71,17.98,20.46,23.19,26.18,29.45,33.05,36.99,41.31,46.05,51.25,56.94,63.19,70.04,77.55,85.79,94.83,104.73,115.59,127.5,140.56,154.88,170.58,187.8,206.68,227.39,250.1,275,412.5,222.289,242.267,103301
21086,103300,715060.4,467518.4,44219.62608,1172,203.7,47.41,48.43,0.02,1.02,32,1.771,1.055,210.1,209.4,165.4,107,72.15,70.54,70.55,70.77,99.99,163.8,231.2,309.1,397.3,496.8,603.9,712.9,815.2,902,957.3,966,966.5,966.4,965.8,962.6,904.3,753.8,569.2,367.6,203.4,83.7,43.5,45.16,46.3,45.31,14.78,9.96,17.8,40.92,58.55,101.6,3.67,2.42,2,1.84,1.67,1.56,1.49,1.53,1.82,2.23,2.57,2.83,3.03,3.19,3.32,3.43,3.5,3.53,3.51,3.45,3.38,3.3,3.22,3.12,2.97,2.73,2.4,1.99,1.54,1.06,0.77,0.88,0.94,1.08,0.6,0.54,0.86,1.28,1.39,1.52,0,0.75,1.57,2.47,3.46,4.55,5.74,7.04,8.47,10.04,11.76,13.64,15.71,17.98,20.46,23.19,26.18,29.45,33.05,36.99,41.31,46.05,51.25,56.94,63.19,70.04,77.55,85.79,94.83,104.73,115.59,127.5,140.56,154.88,170.58,187.8,206.68,227.39,250.1,275,0.75,1.57,2.47,3.46,4.55,5.74,7.04,8.47,10.04,11.76,13.64,15.71,17.98,20.46,23.19,26.18,29.45,33.05,36.99,41.31,46.05,51.25,56.94,63.19,70.04,77.55,85.79,94.83,104.73,115.59,127.5,140.56,154.88,170.58,187.8,206.68,227.39,250.1,275,412.5,217.025,236.19,103301
